seed,pool,organism,genus,identity,coverage,tier,in_cyanorak,is_mag,keep,n_papers
DEH24_02300,alt,Colwellia psychrerythraea (strain 34H / ATCC BAA-681),Colwellia,82,59,out,False,False,False,1
DEH24_02300,alt,Ferrimonas balearica (strain DSM 9799 / CCM 4581 / KCTC 23876 / PAT),Ferrimonas,84,59,out,False,False,False,1
DEH24_02300,alt,Dickeya chrysanthemi (strain Ech1591),Dickeya,79,59,out,False,False,False,1
DEH24_02300,alt,Yersinia pestis CO92,Yersinia,78,59,other_proteo,False,False,False,4
DEH24_02300,alt,Klebsiella pneumoniae subsp. pneumoniae (strain ATCC 700721 / MGH 78578),Klebsiella,78,59,other_proteo,False,False,False,2
DEH24_02300,alt,Escherichia coli K-12 substr. MG1655,Escherichia,77,59,other_proteo,False,False,False,28
DEH24_02300,alt,Salmonella enterica subsp. enterica serovar Typhimurium,Salmonella,77,59,other_proteo,False,False,False,2
DEH24_02300,alt,Commelina communis,Commelina,80,59,out,False,False,False,1
DEH24_02300,alt,Serratia plymuthica S13,Serratia,76,59,other_proteo,False,False,False,2
DEH24_02300,alt,Shewanella baltica (strain OS223),Shewanella,79,59,kg_genus,False,False,True,1
DEH24_02300,alt,Edwardsiella ictaluri 93-146,Edwardsiella,77,59,out,False,False,False,1
DEH24_02300,alt,Vibrio parahaemolyticus serotype O3:K6 (strain RIMD 2210633),Vibrio,79,59,other_proteo,False,False,False,1
DEH24_02300,alt,Vibrio cholerae serotype O1 (strain ATCC 39315 / El Tor Inaba N16961),Vibrio,79,59,other_proteo,False,False,False,3
DEH24_02300,alt,Proteus mirabilis HI4320,Proteus,75,59,other_proteo,False,False,False,1
DEH24_02300,alt,Haemophilus influenzae 86-028NP,Haemophilus,75,59,other_proteo,False,False,False,3
DEH24_02300,alt,Laribacter hongkongensis (strain HLHK9),Laribacter,77,58,out,False,False,False,1
DEH24_02300,alt,Pseudomonas citronellolis,Pseudomonas,75,59,kg_genus,False,False,True,1
DEH24_02300,alt,Neisseria meningitidis MC58,Neisseria,75,59,other_proteo,False,False,False,1
DEH24_02300,alt,Neisseria meningitidis WUE 2594,Neisseria,75,59,other_proteo,False,False,False,2
DEH24_02300,alt,Acidovorax ebreus (strain TPSY),Acidovorax,73,58,out,False,False,False,1
DEH24_02300,alt,Bordetella pertussis (strain ATCC 9797 / DSM 5571 / CCUG 30873 / LMG 14455 / NCTC 10739 / 18323),Bordetella,69,58,other_proteo,False,False,False,2
DEH24_02300,alt,Thiomicrospira cyclica (strain DSM 14477 / JCM 11371 / ALM1),Thiomicrospira,70,59,other_proteo,False,False,False,1
DEH24_02300,alt,Variovorax paradoxus (strain S110),Variovorax,72,58,out,False,False,False,1
DEH24_02300,alt,Burkholderia pseudomallei 1710b,Burkholderia,69,57,other_proteo,False,False,False,2
DEH24_02300,alt,Thiobacillus denitrificans (strain ATCC 25259 / T1),Thiobacillus,69,58,other_proteo,False,False,False,1
DEH24_02300,alt,Burkholderia thailandensis E264,Burkholderia,69,57,other_proteo,False,False,False,2
DEH24_02300,alt,Methylobacillus flagellatus KT,Methylobacillus,69,58,out,False,False,False,1
DEH24_02300,alt,Acinetobacter sp. ADP1,Acinetobacter,69,58,other_proteo,False,False,False,1
DEH24_02300,alt,Pseudomonas aeruginosa PAO1,Pseudomonas,69,59,kg_genus,False,False,True,9
DEH24_02300,alt,Acinetobacter baumannii (strain ATCC 19606 / DSM 30007 / JCM 6841 / CCUG 19606 / CIP 70.34 / NBRC 109757 / NCIMB 12457 / NCTC 12156 / 81),Acinetobacter,68,58,other_proteo,False,False,False,1
DEH24_02300,alt,Burkholderia cenocepacia HI2424,Burkholderia,68,57,other_proteo,False,False,False,1
DEH24_02300,alt,Acinetobacter bohemicus,Acinetobacter,67,58,other_proteo,False,False,False,1
DEH24_02300,alt,Pseudomonas putida KT2440,Pseudomonas,71,58,kg_genus,False,False,True,3
DEH24_02300,alt,Psychrobacter sp. PRwf-1,Psychrobacter,68,58,out,False,False,False,1
DEH24_02300,alt,Ilyobacter polytropus (strain ATCC 51220 / DSM 2926 / LMG 16218 / CuHBu1),Ilyobacter,64,59,out,False,False,False,1
DEH24_02300,alt,Legionella pneumophila subsp. pneumophila str. Philadelphia 1,Legionella,63,53,other_proteo,False,False,False,1
DEH24_02300,alt,Arcobacter nitrofigilis (strain ATCC 33309 / DSM 7299 / CCUG 15893 / LMG 7604 / NCTC 12251 / CI),Arcobacter,60,59,out,False,False,False,1
DEH24_02300,alt,Francisella tularensis subsp. holarctica FTA,Francisella,58,58,other_proteo,False,False,False,1
DEH24_02300,alt,Calditerrivibrio nitroreducens (strain DSM 19672 / NBRC 101217 / Yu37-1),Calditerrivibrio,57,58,out,False,False,False,1
DEH24_02300,alt,Trypanosoma brucei brucei (strain 927/4 GUTat10.1),Trypanosoma,58,57,out,False,False,False,0
DEH24_02300,alt,Trypanosoma brucei,Trypanosoma,57,57,out,False,False,False,1
DEH24_02300,alt,Geobacillus stearothermophilus (Bacillus stearothermophilus),Geobacillus,53,58,out,False,False,False,4
DEH24_02300,alt,Shouchella miscanthi,Shouchella,53,58,out,False,False,False,1
DEH24_02300,alt,Lachnospira eligens (strain ATCC 27750 / DSM 3376 / VPI C15-48 / C15-B4),Lachnospira,54,58,out,False,False,False,1
DEH24_02300,alt,Selenomonas sputigena (strain ATCC 35185 / DSM 20758 / CCUG 44933 / VPI D19B-28),Selenomonas,56,58,out,False,False,False,1
DEH24_02300,alt,Bacillus cereus (strain ATCC 14579 / DSM 31 / CCUG 7414 / JCM 2152 / NBRC 15305 / NCIMB 9373 / NCTC 2599 / NRRL B-3711),Bacillus,54,58,out,False,False,False,2
DEH24_02300,alt,Brevibacillus brevis (strain 47 / JCM 6285 / NBRC 100599),Brevibacillus,53,58,out,False,False,False,1
DEH24_02300,alt,Bacillus thuringiensis DB27,Bacillus,53,58,out,False,False,False,1
DEH24_02300,alt,Bacillus anthracis str. Ames,Bacillus,53,58,out,False,False,False,3
DEH24_02300,alt,Leptonema illini DSM 21528,Leptonema,55,66,out,False,False,False,1
DEH24_02300,alt,Thermovirga lienii (strain ATCC BAA-1197 / DSM 17291 / Cas60314),Thermovirga,52,58,out,False,False,False,1
DEH24_02300,alt,Sporosarcina globispora (Bacillus globisporus),Sporosarcina,51,58,out,False,False,False,0
DEH24_02300,alt,Staphylococcus aureus subsp. aureus N315,Staphylococcus,55,58,out,False,False,False,7
DEH24_02300,alt,Pelosinus fermentans B4,Pelosinus,54,58,out,False,False,False,1
DEH24_02300,alt,Leptospira biflexa serovar Patoc strain 'Patoc 1 (Paris)',Leptospira,52,67,out,False,False,False,2
DEH24_02300,alt,Hippea maritima (strain ATCC 700847 / DSM 10411 / MH2),Hippea,54,59,out,False,False,False,1
DEH24_02300,alt,Staphylococcus carnosus (strain TM300),Staphylococcus,54,58,out,False,False,False,1
DEH24_02300,alt,Jeotgalibacillus marinus,Jeotgalibacillus,53,58,out,False,False,False,0
DEH24_02300,alt,Clostridium difficile R20291,Clostridium,53,57,out,False,False,False,1
DEH24_02300,alt,Mesorhizobium japonicum (strain LMG 29417 / CECT 9101 / MAFF 303099),Mesorhizobium,58,62,out,False,False,False,1
DEH24_02300,alt,Syntrophobotulus glycolicus (strain DSM 8271 / FlGlyR),Syntrophobotulus,54,58,out,False,False,False,1
DEH24_02300,alt,Clostridium difficile 630,Clostridium,53,58,out,False,False,False,1
DEH24_02300,alt,Mesorhizobium opportunistum (strain LMG 24607 / HAMBI 3007 / WSM2075),Mesorhizobium,58,61,out,False,False,False,1
DEH24_02300,alt,Bacillus licheniformis (strain ATCC 14580 / DSM 13 / JCM 2505 / CCUG 7422 / NBRC 12200 / NCIMB 9375 / NCTC 10341 / NRRL NRS-1264 / Gibson 46),Bacillus,50,58,out,False,False,False,1
DEH24_02300,alt,Clostridium perfringens str. 13,Clostridium,50,57,out,False,False,False,1
DEH24_02300,alt,Aminomonas paucivorans DSM 12260,Aminomonas,54,58,out,False,False,False,1
DEH24_02300,alt,Clostridium botulinum (strain Hall / ATCC 3502 / NCTC 13319 / Type A),Clostridium,53,58,out,False,False,False,1
DEH24_02300,alt,Brucella melitensis 16M,Brucella,54,63,other_proteo,False,False,False,1
DEH24_02300,alt,Brucella melitensis biovar Abortus 2308,Brucella,54,63,other_proteo,False,False,False,1
DEH24_02300,alt,Staphylococcus epidermidis ATCC 12228,Staphylococcus,53,58,out,False,False,False,5
DEH24_02300,alt,Sinorhizobium meliloti 1021,Sinorhizobium,54,64,other_proteo,False,False,False,3
DEH24_02300,alt,Listeria monocytogenes serovar 1/2a (strain ATCC BAA-679 / EGD-e),Listeria,51,58,out,False,False,False,7
DEH24_02300,alt,Leptospira interrogans serovar Copenhageni str. Fiocruz L1-130,Leptospira,54,65,out,False,False,False,3
DEH24_02300,alt,Cryptococcus neoformans H99,Cryptococcus,51,46,out,False,False,False,1
DEH24_02300,alt,Geotalea daltonii (strain DSM 22248 / JCM 15807 / FRC-32),Geotalea,52,58,out,False,False,False,1
DEH24_02300,alt,Mycobacterium abscessus ATCC 19977,Mycobacterium,55,68,out,False,False,False,1
DEH24_02300,alt,Listeria monocytogenes serotype 4b (strain CLIP80459),Listeria,50,58,out,False,False,False,2
DEH24_02300,alt,Kyrpidia tusciae (strain DSM 2912 / NBRC 15312 / T2),Kyrpidia,50,58,out,False,False,False,1
DEH24_02300,alt,Corynebacterium pseudotuberculosis 1002,Corynebacterium,53,68,out,False,False,False,1
DEH24_02300,alt,Saccharomyces cerevisiae (strain ATCC 204508 / S288c),Saccharomyces,50,57,out,False,False,False,12
DEH24_02300,alt,Lactococcus lactis subsp. lactis Il1403,Lactococcus,52,58,out,False,False,False,2
DEH24_02300,alt,Phaeodactylum tricornutum (strain CCAP 1055/1),Phaeodactylum,53,40,out,False,False,False,1
DEH24_02300,alt,Roseicella frigidaeris,Roseicella,50,56,out,False,False,False,1
DEH24_02300,alt,Methylorubrum extorquens (strain PA1),Methylorubrum,51,62,out,False,False,False,1
DEH24_02300,alt,Bacillus subtilis (strain 168),Bacillus,52,58,out,False,False,False,5
DEH24_02300,alt,Corynebacterium glutamicum ATCC 13032,Corynebacterium,52,68,out,False,False,False,2
DEH24_02300,alt,Enterococcus faecalis,Enterococcus,51,58,out,False,False,False,0
DEH24_02300,alt,Commelina communis,Commelina,49,57,out,False,False,False,1
DEH24_02300,alt,Pediculus humanus subsp. corporis,Pediculus,49,52,out,False,False,False,1
DEH24_02300,alt,Schizosaccharomyces pombe (strain 972 / ATCC 24843) (Fission yeast),Schizosaccharomyces,50,57,out,False,False,False,0
DEH24_02300,alt,Methylocella silvestris (strain DSM 15510 / CIP 108128 / LMG 27833 / NCIMB 13906 / BL2),Methylocella,50,64,out,False,False,False,1
DEH24_02300,alt,Turneriella parva (strain ATCC BAA-1111 / DSM 21527 / NCTC 11395 / H),Turneriella,49,63,out,False,False,False,1
DEH24_02300,alt,Lactiplantibacillus pentosus,Lactiplantibacillus,52,58,out,False,False,False,1
DEH24_02300,alt,Acinetobacter baumannii ATCC 17978,Acinetobacter,65,51,other_proteo,False,False,False,2
DEH24_02300,alt,Neurospora crassa (strain ATCC 24698 / 74-OR23-1A / CBS 708.71 / DSM 1257 / FGSC 987),Neurospora,48,45,out,False,False,False,0
DEH24_02300,alt,Candida utilis,Candida,47,58,out,False,False,False,1
DEH24_02300,alt,Tribolium castaneum,Tribolium,49,51,out,False,False,False,1
DEH24_02300,alt,Aspergillus fumigatus (strain ATCC MYA-4609 / CBS 101355 / FGSC A1100 / Af293),Aspergillus,48,49,out,False,False,False,2
DEH24_02300,alt,Toxoplasma gondii ME49,Toxoplasma,47,49,out,False,False,False,2
DEH24_02300,alt,Aedes aegypti,Aedes,49,51,out,False,False,False,1
DEH24_02300,alt,Pseudothermotoga thermarum DSM 5069,Pseudothermotoga,47,57,out,False,False,False,1
DEH24_02300,alt,Xanthomonas citri pv. aurantifolii str. ICPB 11122,Xanthomonas,48,66,other_proteo,False,False,False,4
DEH24_02300,alt,Synechocystis sp. PCC 6803,Synechocystis,53,65,cyano,False,False,False,2
DEH24_02300,alt,Scleropages formosus,Scleropages,48,54,out,False,False,False,1
DEH24_02300,alt,Fusarium verticillioides 7600,Fusarium,47,49,out,False,False,False,1
DEH24_02300,alt,Emericella nidulans (strain FGSC A4 / ATCC 38163 / CBS 112.46 / NRRL 194 / M139) (Aspergillus nidulans),Emericella,48,49,out,False,False,False,0
DEH24_02300,alt,Danio rerio,Danio,48,52,out,False,False,False,1
DEH24_02300,alt,Lactobacillus plantarum WCFS1,Lactobacillus,50,58,out,False,False,False,3
DEH24_02300,alt,Clostridium cellulovorans 743B,Clostridium,50,58,out,False,False,False,1
DEH24_02300,alt,Komagataella phaffii GS115,Komagataella,46,50,out,False,True,False,1
DEH24_02300,alt,Danio rerio,Danio,48,54,out,False,False,False,3
DEH24_02300,alt,Danio rerio (Zebrafish) (Brachydanio rerio),Danio,48,52,out,False,False,False,1
DEH24_02300,alt,Streptomyces coelicolor A3(2),Streptomyces,48,58,out,False,False,False,1
DEH24_02300,alt,Cyanobacterium aponinum (strain PCC 10605),Cyanobacterium,48,66,out,False,False,False,1
DEH24_02300,alt,Corynebacterium diphtheriae NCTC 13129,Corynebacterium,51,68,out,False,False,False,3
DEH24_02300,alt,Bos taurus,Bos,45,52,out,False,False,False,2
DEH24_02300,alt,Stanieria cyanosphaera (strain ATCC 29371 / PCC 7437),Stanieria,46,66,out,False,False,False,1
DEH24_02300,alt,Gallus gallus,Gallus,45,52,out,False,False,False,2
DEH24_02300,alt,Oryctolagus cuniculus,Oryctolagus,45,54,out,False,False,False,1
DEH24_02300,alt,Ruegeria pomeroyi DSS-3,Ruegeria,50,53,kg_genus,False,False,True,1
DEH24_02300,alt,Silicibacter pomeroyi DSS-3,Silicibacter,50,55,out,False,False,False,1
DEH24_02300,alt,Bartonella australis (strain Aust/NH1),Bartonella,46,64,other_proteo,False,False,False,1
DEH24_02300,alt,Homo sapiens,Homo,45,54,out,False,False,False,1
DEH24_02300,alt,Homo sapiens,Homo,45,54,out,False,False,False,3
DEH24_02300,alt,Homo sapiens (Human),Homo,45,53,out,False,False,False,9
DEH24_02300,alt,Xylella fastidiosa 9a5c,Xylella,48,66,other_proteo,False,False,False,0
DEH24_02300,alt,Xylella fastidiosa,Xylella,47,51,other_proteo,False,False,False,3
DEH24_02300,alt,Setaria italica,Setaria,45,43,out,False,False,False,1
DEH24_02300,alt,Mycobacterium avium subsp. paratuberculosis K-10,Mycobacterium,49,68,out,False,False,False,4
DEH24_02300,alt,Xenopus tropicalis,Xenopus,48,54,out,False,False,False,1
DEH24_02300,alt,Streptococcus pneumoniae,Streptococcus,47,59,out,False,False,False,6
DEH24_02300,alt,Oryza sativa subsp. japonica,Oryza,45,43,out,False,False,False,1
DEH24_02300,alt,Oryza sativa subsp. japonica,Oryza,43,51,out,False,False,False,3
DEH24_02300,alt,Filifactor alocis,Filifactor,47,58,out,False,False,False,1
DEH24_02300,alt,Capsicum annuum,Capsicum,43,51,out,False,False,False,1
DEH24_02300,alt,Talaromyces marneffei (Penicillium marneffei),Talaromyces,47,46,out,False,False,False,0
DEH24_02300,alt,Mycobacterium tuberculosis (strain ATCC 25618 / H37Rv),Mycobacterium,47,68,out,False,False,False,12
DEH24_02300,alt,Aspergillus niger (strain ATCC MYA-4892 / CBS 513.88 / FGSC A1513),Aspergillus,47,49,out,False,False,False,2
DEH24_02300,alt,Hordeum vulgare subsp. vulgare,Hordeum,43,52,out,False,False,False,1
DEH24_02300,alt,Zea mays,Zea,43,52,out,False,False,False,1
DEH24_02300,alt,Juglans regia,Juglans,43,51,out,False,False,False,1
DEH24_02300,alt,Streptococcus gordonii (strain Challis / ATCC 35105 / BCRC 15272 / CH1 / DL1 / V288),Streptococcus,47,59,out,False,False,False,3
DEH24_02300,alt,Mus musculus (Mouse),Mus,45,53,out,False,False,False,9
DEH24_02300,alt,Mus musculus,Mus,45,54,out,False,False,False,8
DEH24_02300,alt,Mycobacterium smegmatis str. MC2 155,Mycobacterium,49,68,out,False,False,False,1
DEH24_02300,alt,Rattus norvegicus,Rattus,45,54,out,False,False,False,2
DEH24_02300,alt,Rattus norvegicus,Rattus,45,53,out,False,False,False,5
DEH24_02300,alt,Rattus norvegicus,Rattus,45,53,out,False,False,False,1
DEH24_02300,alt,Zea mays,Zea,44,44,out,False,False,False,1
DEH24_02300,alt,Zea mays (Maize),Zea,44,56,out,False,False,False,2
DEH24_02300,alt,Arabidopsis thaliana (Mouse-ear cress),Arabidopsis,44,21,out,False,False,False,11
DEH24_02300,alt,Plasmodium falciparum (isolate 3D7),Plasmodium,43,52,out,False,False,False,6
DEH24_02300,alt,Streptococcus suis (strain 05ZYH33),Streptococcus,47,59,out,False,False,False,3
DEH24_02300,alt,Pseudanabaena biceps PCC 7429,Pseudanabaena,43,68,out,False,False,False,1
DEH24_02300,alt,Botryotinia fuckeliana (strain B05.10),Botryotinia,48,46,out,False,False,False,1
DEH24_02300,alt,Aquifex aeolicus,Aquifex,46,61,out,False,False,False,1
DEH24_02300,alt,Arabidopsis thaliana (Mouse-ear cress),Arabidopsis,42,50,out,False,False,False,6
DEH24_02300,alt,Oryza sativa subsp. japonica,Oryza,42,52,out,False,False,False,1
DEH24_02300,alt,Cordyceps militaris CM01,Cordyceps,45,49,out,False,False,False,2
DEH24_02300,alt,Arabidopsis thaliana,Arabidopsis,41,51,out,False,False,False,14
DEH24_02300,alt,Homo sapiens,Homo,45,78,out,False,False,False,1
DEH24_02300,alt,Paracoccus denitrificans,Paracoccus,52,56,other_proteo,False,False,False,1
DEH24_02300,alt,Arabidopsis thaliana,Arabidopsis,41,66,out,False,False,False,1
DEH24_02300,alt,Streptococcus pyogenes M1 GAS,Streptococcus,47,59,out,False,False,False,1
DEH24_02300,alt,Populus trichocarpa,Populus,41,50,out,False,False,False,1
DEH24_02300,alt,Halanaerobium praevalens (strain ATCC 33744 / DSM 2228 / GSL),Halanaerobium,49,58,out,False,False,False,1
DEH24_02300,alt,Arabidopsis thaliana (Mouse-ear cress),Arabidopsis,44,44,out,False,False,False,11
DEH24_02300,alt,Streptococcus pyogenes serotype M6 (strain ATCC BAA-946 / MGAS10394),Streptococcus,47,59,out,False,False,False,0
DEH24_02300,alt,Streptococcus pyogenes MGAS6180,Streptococcus,47,59,out,False,False,False,1
DEH24_02300,alt,Populus euphratica,Populus,42,21,out,False,False,False,1
DEH24_02300,alt,Streptococcus agalactiae serotype V (strain ATCC BAA-611 / 2603 V/R),Streptococcus,46,59,out,False,False,False,3
DEH24_02300,alt,Crinalium epipsammum PCC 9333,Crinalium,45,66,out,False,False,False,1
DEH24_02300,alt,Hydrogenobacter thermophilus TK-6,Hydrogenobacter,49,59,out,False,False,False,2
DEH24_02300,alt,Rhodothermus marinus (strain ATCC 43812 / DSM 4252 / R-10),Rhodothermus,45,59,out,False,False,False,1
DEH24_02300,alt,Lacticaseibacillus rhamnosus GG,Lacticaseibacillus,48,57,out,False,False,False,1
DEH24_02300,alt,Treponema pallidum (strain Nichols),Treponema,47,59,out,False,False,False,3
DEH24_02300,alt,Streptococcus thermophilus LMD-9,Streptococcus,46,57,out,False,False,False,1
DEH24_02300,alt,Acidithiobacillus ferrivorans SS3,Acidithiobacillus,47,56,other_proteo,False,False,False,1
DEH24_02300,alt,Babesia bovis T2Bo,Babesia,46,48,out,False,False,False,1
DEH24_02300,alt,Gardnerella vaginalis (strain ATCC 14019 / 317),Gardnerella,42,68,out,False,False,False,1
DEH24_02300,alt,Ktedonobacter racemifer DSM 44963,Ktedonobacter,46,57,out,False,False,False,1
DEH24_02300,alt,Caenorhabditis elegans,Caenorhabditis,42,50,out,False,False,False,1
DEH24_02300,alt,Winmispira thermophila (strain ATCC 49972 / DSM 6192 / RI 19.B1),Winmispira,45,59,out,False,False,False,1
DEH24_02300,alt,Sphingobium chlorophenolicum L-1,Sphingobium,49,56,out,False,False,False,1
DEH24_02300,alt,Coriobacterium glomerans (strain ATCC 49209 / DSM 20642 / JCM 10262 / PW2),Coriobacterium,58,45,out,False,False,False,1
DEH24_02300,alt,Trypanosoma cruzi (strain CL Brener),Trypanosoma,42,47,out,False,False,False,1
DEH24_02300,alt,Trypanosoma cruzi,Trypanosoma,42,47,out,False,False,False,1
DEH24_02300,alt,Chlamydomonas reinhardtii,Chlamydomonas,44,47,out,False,False,False,1
DEH24_02300,alt,Zymomonas mobilis subsp. mobilis ZM4,Zymomonas,47,56,out,False,False,False,3
DEH24_02300,alt,Thermotoga neapolitana,Thermotoga,42,56,out,False,False,False,1
DEH24_02300,alt,Lactobacillus johnsonii (strain FI9785),Lactobacillus,45,58,out,False,False,False,1
DEH24_02300,alt,Bifidobacterium longum subsp. longum BBMN68,Bifidobacterium,43,66,out,False,False,False,2
DEH24_02300,alt,Lactobacillus johnsonii N6.2,Lactobacillus,45,58,out,False,False,False,1
DEH24_02300,alt,Cyclobacterium marinum (strain ATCC 25205 / DSM 745 / LMG 13164 / NCIMB 1802),Cyclobacterium,43,65,out,False,False,False,1
DEH24_02300,alt,Porphyromonas gingivalis W83,Porphyromonas,42,63,out,False,False,False,2
DEH24_02300,alt,Bifidobacterium catenulatum subsp. puerorum PV20-2,Bifidobacterium,43,66,out,False,False,False,1
DEH24_02300,alt,Marivirga tractuosa (strain ATCC 23168 / DSM 4126 / NBRC 15989 / NCIMB 1408 / VKM B-1430 / H-43),Marivirga,43,64,out,False,False,False,1
DEH24_02300,alt,Leadbetterella byssophila (strain DSM 17132 / JCM 16389 / KACC 11308 / NBRC 106382 / 4M15),Leadbetterella,41,65,out,False,False,False,1
DEH24_02300,alt,Micrococcus luteus (strain ATCC 4698 / DSM 20030 / JCM 1464 / CCM 169 / CCUG 5858 / IAM 1056 / NBRC 3333 / NCIMB 9278 / NCTC 2665 / VKM Ac-2230),Micrococcus,44,60,out,False,False,False,1
DEH24_02300,alt,Bacteroides coprosuis DSM 18011,Bacteroides,42,65,out,False,False,False,1
DEH24_02300,alt,Phytophthora infestans T30-4,Phytophthora,46,15,out,False,False,False,1
DEH24_02300,alt,Arcanobacterium haemolyticum (strain ATCC 9345 / DSM 20595 / CCM 5947 / CCUG 17215 / LMG 16163 / NBRC 15585 / NCTC 8452 / 11018),Arcanobacterium,42,63,out,False,False,False,1
DEH24_02300,alt,Bifidobacterium pseudolongum PV8-2,Bifidobacterium,43,64,out,False,False,False,1
DEH24_02300,alt,Mucilaginibacter paludis DSM 18603,Mucilaginibacter,42,63,out,False,False,False,1
DEH24_02300,alt,Schistosoma japonicum,Schistosoma,42,53,out,False,False,False,1
DEH24_02300,alt,Pseudopedobacter saltans (strain ATCC 51119 / DSM 12145 / JCM 21818 / CCUG 39354 / LMG 10337 / NBRC 100064 / NCIMB 13643),Pseudopedobacter,41,63,out,False,False,False,1
DEH24_02300,alt,Caulobacter crescentus NA1000,Caulobacter,42,64,other_proteo,False,False,False,1
DEH24_02300,alt,Schistosoma mansoni (Blood fluke),Schistosoma,40,52,out,False,False,False,0
DEH24_02300,alt,Zobellia galactanivorans,Zobellia,40,33,out,False,False,False,1
DEH24_02300,alt,Frankia alni ACN14a,Frankia,45,64,out,False,False,False,1
DEH24_02300,alt,Oenococcus oeni PSU-1,Oenococcus,42,65,out,False,False,False,1
DEH24_02300,alt,Haliscomenobacter hydrossis (strain ATCC 27775 / DSM 1100 / LMG 10767 / O),Haliscomenobacter,43,65,out,False,False,False,1
DEH24_02300,alt,Fluviicola taffensis (strain DSM 16823 / NCIMB 13979 / RW262),Fluviicola,39,65,out,False,False,False,1
DEH24_02300,alt,Bos taurus (Bovine),Bos,40,56,out,False,False,False,0
DEH24_02300,alt,Homo sapiens (Human),Homo,39,56,out,False,False,False,8
DEH24_02300,alt,Intrasporangium calvum (strain ATCC 23552 / DSM 43043 / JCM 3097 / NBRC 12989 / NCIMB 10167 / NRRL B-3866 / 7 KIP),Intrasporangium,41,64,out,False,False,False,1
DEH24_02300,alt,Borrelia hermsii DAH,Borrelia,39,60,out,False,False,False,1
DEH24_02300,alt,Rubinisphaera brasiliensis (strain ATCC 49424 / DSM 5305 / JCM 21570 / IAM 15109 / NBRC 103401 / IFAM 1448),Rubinisphaera,37,57,out,False,False,False,1
DEH24_02300,alt,Leishmania major,Leishmania,40,46,out,False,False,False,1
DEH24_02300,alt,Drosophila melanogaster (Fruit fly),Drosophila,43,58,out,False,False,False,1
DEH24_02300,alt,Chlamydia pneumoniae J138,Chlamydia,39,57,out,False,False,False,1
DEH24_02300,alt,Mus musculus,Mus,39,56,out,False,False,False,5
DEH24_02300,alt,Riemerella anatipestifer (strain ATCC 11845 / DSM 15868 / JCM 9532 / NCTC 11014),Riemerella,39,64,out,False,False,False,2
DEH24_02300,alt,Borrelia turicatae 91E135,Borrelia,40,60,out,False,False,False,2
DEH24_02300,alt,Mus musculus,Mus,39,67,out,False,False,False,1
DEH24_02300,alt,Megalodesulfovibrio gigas,Megalodesulfovibrio,42,56,out,False,False,False,0
DEH24_02300,alt,Odoribacter splanchnicus (strain ATCC 29572 / DSM 20712 / CIP 104287 / JCM 15291 / NCTC 10825 / 1651/6),Odoribacter,40,65,out,False,False,False,1
DEH24_02300,alt,Rattus norvegicus,Rattus,38,56,out,False,False,False,1
DEH24_02300,alt,Maridesulfovibrio salexigens (strain ATCC 14822 / DSM 2638 / NCIMB 8403 / VKM B-1763),Maridesulfovibrio,43,56,out,False,False,False,1
DEH24_02300,alt,Deinococcus maricopensis (strain DSM 21211 / LMG 22137 / NRRL B-23946 / LB-34),Deinococcus,42,63,out,False,False,False,1
DEH24_02300,alt,Mycoplasma mycoides subsp. mycoides SC str. Gladysdale,Mycoplasma,37,59,out,False,False,False,1
DEH24_02300,alt,Trypanosoma brucei brucei (strain 927/4 GUTat10.1),Trypanosoma,39,58,out,False,False,False,0
DEH24_16585,alt,Flavobacterium tructae,Flavobacterium,78,99,out,False,False,False,1
DEH24_16585,alt,Dinoroseobacter shibae DFL-12,Dinoroseobacter,79,98,other_proteo,False,False,False,0
DEH24_16585,alt,Agrobacterium tumefaciens str. C58 (Cereon),Agrobacterium,78,98,other_proteo,False,False,False,1
DEH24_16585,alt,Ralstonia solanacearum GMI1000,Ralstonia,33,96,other_proteo,False,False,False,1
DEH24_16585,alt,Pseudomonas aeruginosa (strain ATCC 15692 / DSM 22644 / CIP 104116 / JCM 14847 / LMG 12228 / 1C / PRS 101 / PAO1),Pseudomonas,32,96,kg_genus,False,False,False,15
DEH24_16585,alt,Xanthomonas oryzae pv. oryzae PXO99A,Xanthomonas,31,97,other_proteo,False,False,False,1
DEH24_16585,alt,Xanthomonas axonopodis pv. citri str. 306,Xanthomonas,31,97,other_proteo,False,False,False,1
DEH24_16585,alt,Chromobacterium violaceum (strain ATCC 12472 / DSM 30191 / JCM 1249 / CCUG 213 / NBRC 12614 / NCIMB 9131 / NCTC 9757 / MK),Chromobacterium,31,96,out,False,False,False,1
DEH24_16585,alt,Xanthomonas oryzae pv. oryzae KACC10331,Xanthomonas,31,97,other_proteo,False,False,False,1
DEH24_16585,alt,Bordetella bronchiseptica RB50,Bordetella,31,96,other_proteo,False,False,False,1
DEH24_16585,alt,Bordetella pertussis Tohama I,Bordetella,31,96,other_proteo,False,False,False,3
DEH24_16585,alt,Taylorella equigenitalis MCE9,Taylorella,32,96,out,False,False,False,1
DEH24_16585,alt,Pseudomonas putida KT2440,Pseudomonas,32,96,kg_genus,False,False,False,6
DEH24_16585,alt,Pseudomonas fluorescens SBW25,Pseudomonas,32,96,kg_genus,True,False,False,1
DEH24_16585,alt,Taylorella asinigenitalis MCE3,Taylorella,31,96,out,False,False,False,1
DEH24_16585,alt,Alcanivorax borkumensis SK2,Alcanivorax,32,96,out,False,False,False,1
DEH24_16585,alt,Cupriavidus necator H16,Cupriavidus,30,96,other_proteo,False,False,False,3
DEH24_16585,alt,Pseudomonas brassicacearum,Pseudomonas,32,96,kg_genus,False,False,False,1
DEH24_16585,alt,Pseudomonas fluorescens Pf-5,Pseudomonas,32,96,kg_genus,False,False,False,1
DEH24_16585,alt,Synechococcus elongatus PCC 7942,Synechococcus,31,97,cyano,False,False,False,2
DEH24_16585,alt,Pseudomonas syringae pv. phaseolicola 1448A,Pseudomonas,32,96,kg_genus,False,False,False,1
DEH24_16585,alt,Yersinia pseudotuberculosis YPIII,Yersinia,33,96,other_proteo,False,False,False,4
DEH24_16585,alt,Yersinia enterocolitica subsp. palearctica 105.5R(r),Yersinia,33,96,other_proteo,False,False,False,1
DEH24_16585,alt,Campylobacter jejuni subsp. jejuni 81-176,Campylobacter,32,97,other_proteo,False,False,False,1
DEH24_16585,alt,Nostoc sp. PCC 7120,Nostoc,31,97,cyano,False,False,False,2
DEH24_16585,alt,Aliivibrio fischeri ES114,Aliivibrio,32,96,other_proteo,False,False,False,1
DEH24_16585,alt,Xenorhabdus nematophila ATCC 19061,Xenorhabdus,33,96,out,False,False,False,1
DEH24_16585,alt,Campylobacter jejuni subsp. jejuni IA3902,Campylobacter,32,97,other_proteo,False,False,False,10
DEH24_16585,alt,Xylella fastidiosa 9a5c,Xylella,31,97,other_proteo,False,False,False,1
DEH24_16585,alt,Acinetobacter baumannii,Acinetobacter,32,96,other_proteo,False,False,False,4
DEH24_16585,alt,Ralstonia metallidurans CH34,Ralstonia,31,96,other_proteo,False,False,False,2
DEH24_16585,alt,Vibrio parahaemolyticus,Vibrio,32,96,other_proteo,False,False,False,2
DEH24_16585,alt,Helicobacter bizzozeronii CIII-1,Helicobacter,31,97,other_proteo,False,False,False,1
DEH24_16585,alt,Cyanothece sp. ATCC 51142,Cyanothece,30,98,cyano,False,False,False,2
DEH24_16585,alt,Crocosphaera subtropica ATCC 51142,Crocosphaera,30,97,cyano,False,False,False,2
DEH24_16585,alt,Histophilus somni 2336,Histophilus,31,97,out,False,False,False,1
DEH24_16585,alt,Vibrio angustum S14,Vibrio,32,96,other_proteo,False,False,False,1
DEH24_16585,alt,Helicobacter pylori J99,Helicobacter,31,96,other_proteo,False,False,False,1
DEH24_16585,alt,Klebsiella pneumoniae MRSN 1319,Klebsiella,32,97,other_proteo,False,False,False,1
DEH24_16585,alt,Klebsiella pneumoniae,Klebsiella,32,97,other_proteo,False,False,False,1
DEH24_16585,alt,Gloeothece verrucosa PCC 7822,Gloeothece,31,97,cyano,False,False,False,1
DEH24_16585,alt,Shigella flexneri 2a str. 301,Shigella,32,97,out,False,False,False,1
DEH24_16585,alt,Aeromonas hydrophila NJ-35,Aeromonas,31,96,out,False,False,False,1
DEH24_16585,alt,Escherichia coli K-12 substr. MG1655,Escherichia,32,97,other_proteo,False,False,False,6
DEH24_16585,alt,Asphaltum punjabianum,Asphaltum,32,97,out,False,False,False,0
DEH24_16585,alt,Escherichia coli O157:H7,Escherichia,32,97,other_proteo,False,False,False,2
DEH24_16585,alt,Helicobacter pylori 26695,Helicobacter,31,96,other_proteo,False,False,False,8
DEH24_16585,alt,Salmonella typhimurium (strain LT2 / SGSC1412 / ATCC 700720),Salmonella,33,97,other_proteo,False,False,False,6
DEH24_16585,alt,Escherichia coli CFT073,Escherichia,32,97,other_proteo,False,False,False,3
DEH24_16585,alt,Helicobacter pylori (strain ATCC 700392 / 26695),Helicobacter,31,96,other_proteo,False,False,False,2
DEH24_16585,alt,Vibrio campbellii ATCC BAA-1116,Vibrio,32,96,other_proteo,False,False,False,1
DEH24_16585,alt,Enterobacter sp. LU1,Enterobacter,32,97,other_proteo,False,False,False,1
DEH24_16585,alt,Helicobacter pylori G27,Helicobacter,31,96,other_proteo,False,False,False,1
DEH24_16585,alt,Vibrio fischeri ES114,Vibrio,31,95,other_proteo,False,False,False,1
DEH24_16585,alt,Vibrio cholerae O1 biovar eltor str. N16961,Vibrio,32,96,other_proteo,False,False,False,5
DEH24_16585,alt,Prochlorococcus marinus str. SS120,Prochlorococcus,30,96,cyano,True,False,False,1
DEH24_16585,alt,Neisseria meningitidis serogroup C / serotype 2a (strain ATCC 700532 / DSM 15464 / FAM18),Neisseria,30,97,other_proteo,False,False,False,2
DEH24_16585,alt,Salmonella enterica subsp. enterica serovar Paratyphi A str. ATCC 9150,Salmonella,32,97,other_proteo,False,False,False,1
DEH24_16585,alt,Aeromonas salmonicida subsp. salmonicida A449,Aeromonas,32,96,out,False,False,False,2
DEH24_16585,alt,Synechocystis sp. PCC 6803,Synechocystis,30,97,cyano,False,False,False,7
DEH24_16585,alt,Neisseria meningitidis MC58,Neisseria,30,97,other_proteo,False,False,False,6
DEH24_16585,alt,Neisseria gonorrhoeae FA 1090,Neisseria,30,97,other_proteo,False,False,False,1
DEH24_16585,alt,Rahnella aceris,Rahnella,32,96,out,False,False,False,1
DEH24_16585,alt,Salmonella typhi,Salmonella,32,97,other_proteo,False,False,False,1
DEH24_16585,alt,Synechococcus sp. PCC 7002,Synechococcus,31,97,cyano,False,False,False,1
DEH24_16585,alt,Haemophilus somnus 2336,Haemophilus,31,93,other_proteo,False,False,False,1
DEH24_16585,alt,Burkholderia cenocepacia,Burkholderia,30,96,other_proteo,False,False,False,5
DEH24_16585,alt,Synechococcus sp. WH 8102,Synechococcus,30,96,cyano,True,False,False,1
DEH24_16585,alt,Burkholderia contaminans,Burkholderia,30,96,other_proteo,False,False,False,1
DEH24_16585,alt,Sodalis glossinidius str. 'morsitans',Sodalis,31,97,other_proteo,False,False,False,1
DEH24_16585,alt,Phaeodactylum tricornutum (strain CCAP 1055/1),Phaeodactylum,32,91,out,False,False,False,2
DEH24_16585,alt,Acinetobacter sp. ADP1,Acinetobacter,31,97,other_proteo,False,False,False,1
DEH24_16585,alt,Shewanella baltica OS678,Shewanella,31,92,kg_genus,False,False,False,1
DEH24_16585,alt,Salmonella enterica subsp. enterica serovar Paratyphi C strain RKS4594,Salmonella,33,92,other_proteo,False,False,False,0
DEH24_16585,alt,Commelina communis,Commelina,31,96,out,False,False,False,5
DEH24_16585,alt,Geobacter sulfurreducens PCA,Geobacter,31,96,other_proteo,False,False,False,5
DEH24_16585,alt,Geobacter bemidjiensis Bem,Geobacter,31,96,other_proteo,False,False,False,1
DEH24_16585,alt,Deinococcus radiodurans R1,Deinococcus,25,38,out,False,False,False,4
DEH24_16585,alt,Haloarcula marismortui ATCC 43049,Haloarcula,23,54,out,False,False,False,1
DEH24_16585,alt,Gottschalkia acidurici 9a,Gottschalkia,24,54,out,False,False,False,1
DEH24_16585,alt,Dehalococcoides ethenogenes 195,Dehalococcoides,24,50,out,False,False,False,1
DEH24_16585,alt,Sulfolobus solfataricus P2,Sulfolobus,21,41,out,False,False,False,1
DEH24_16585,alt,Archaeoglobus fulgidus DSM 4304,Archaeoglobus,25,52,out,False,False,False,1
DEH24_16585,alt,Sulfolobus acidocaldarius DSM 639,Sulfolobus,22,41,out,False,False,False,1
DEH24_16585,alt,Aquifex aeolicus (strain VF5),Aquifex,24,38,out,False,False,False,2
DEH24_16585,alt,Thermus thermophilus HB27,Thermus,23,41,out,False,False,False,1
DEH24_16585,alt,Thermus thermophilus (strain ATCC BAA-163 / DSM 7039 / HB27),Thermus,23,41,out,False,False,False,0
DEH24_16585,alt,Methanocaldococcus jannaschii (strain ATCC 43067 / DSM 2661 / JAL-1 / JCM 10045 / NBRC 100440),Methanocaldococcus,22,50,out,False,False,False,6
DEH24_16585,alt,Aspergillus fumigatus (strain ATCC MYA-4609 / CBS 101355 / FGSC A1100 / Af293) (Neosartorya fumigata),Aspergillus,25,36,out,False,False,False,0
DEH24_16585,alt,Pyrococcus abyssi (strain GE5 / Orsay),Pyrococcus,25,40,out,False,False,False,1
DEH24_16585,alt,Desulfurobacterium thermolithotrophum,Desulfurobacterium,22,53,out,False,False,False,1
DEH24_16585,alt,Thermus thermophilus HB8,Thermus,23,41,out,False,False,False,1
DEH24_16585,alt,Ferroglobus placidus DSM 10642,Ferroglobus,22,50,out,False,False,False,1
DEH24_16585,alt,Clostridium acetobutylicum ATCC 824,Clostridium,23,38,out,False,False,False,5
DEH24_16585,alt,Pyrococcus furiosus DSM 3638,Pyrococcus,24,40,out,False,False,False,3
DEH24_16585,alt,Alternaria alternata (Alternaria rot fungus) (Torula alternata),Alternaria,22,50,out,False,False,False,0
DEH24_16585,alt,Alternaria alternata (Alternaria rot fungus) (Torula alternata),Alternaria,22,50,out,False,False,False,0
DEH24_16585,alt,Syntrophobacter fumaroxidans MPOB,Syntrophobacter,22,50,out,False,False,False,1
DEH24_16585,alt,Clostridium difficile R20291,Clostridium,25,40,out,False,False,False,1
DEH24_16585,alt,Clostridium difficile 630,Clostridium,25,40,out,False,False,False,2
DEH24_16585,alt,Caldicellulosiruptor saccharolyticus (strain ATCC 43494 / DSM 8903 / Tp8T 6331),Caldicellulosiruptor,22,50,out,False,False,False,2
DEH24_16585,alt,Acetivibrio thermocellus DSM 1313,Acetivibrio,24,43,out,False,False,False,1
DEH24_16585,alt,Leptospira interrogans serogroup Icterohaemorrhagiae serovar Lai (strain 56601),Leptospira,24,40,out,False,False,False,1
DEH24_16585,alt,Clostridium autoethanogenum DSM 10061,Clostridium,26,25,out,False,False,False,1
DEH24_16585,alt,Glarea lozoyensis (strain ATCC 20868 / MF5171),Glarea,21,58,out,False,False,False,0
DEH24_16585,alt,Acidaminococcus fermentans DSM 20731,Acidaminococcus,22,34,out,False,False,False,1
DEH24_16585,alt,Cryptococcus neoformans var. neoformans JEC21,Cryptococcus,24,50,out,False,False,False,1
DEH24_16585,alt,Aspergillus rugulosus,Aspergillus,22,50,out,False,False,False,0
DEH24_16585,alt,Promethearchaeum syntrophicum,Promethearchaeum,21,50,out,False,False,False,1
DEH24_16585,alt,Clostridium autoethanogenum DSM 10061,Clostridium,22,50,out,False,False,False,1
DEH24_16585,alt,Geobacter sulfurreducens PCA,Geobacter,24,23,other_proteo,False,False,False,4
DEH24_16585,alt,Desulfohalobium retbaense DSM 5692,Desulfohalobium,25,26,out,False,False,False,1
DEH24_16585,alt,Cryptococcus neoformans var. grubii serotype A,Cryptococcus,24,50,out,False,False,False,5
DEH24_16585,alt,Nitratidesulfovibrio vulgaris (strain ATCC 29579 / DSM 644 / CCUG 34227 / NCIMB 8303 / VKM B-1760 / Hildenborough),Nitratidesulfovibrio,24,23,out,False,False,False,1
DEH24_16585,alt,Mycobacterium smegmatis str. MC2 155,Mycobacterium,24,25,out,False,False,False,3
EZ55_00751,alt,Coxiella burnetii RSA 493,Coxiella,45,91,out,False,False,False,5
EZ55_00751,alt,Coxiella burnetii RSA 493,Coxiella,45,91,out,False,False,False,1
EZ55_00751,alt,Pseudomonas aeruginosa PAO1,Pseudomonas,44,98,kg_genus,False,False,False,15
EZ55_00751,alt,Yersinia enterocolitica subsp. enterocolitica 8081,Yersinia,42,97,other_proteo,False,False,False,2
EZ55_00751,alt,Yersinia enterocolitica subsp. palearctica 105.5R(r),Yersinia,42,97,other_proteo,False,False,False,1
EZ55_00751,alt,Yersinia enterocolitica subsp. enterocolitica 8081,Yersinia,42,97,other_proteo,False,False,False,1
EZ55_00751,alt,Dickeya zeae,Dickeya,41,97,out,False,False,False,1
EZ55_00751,alt,Pseudomonas syringae pv. tomato str. DC3000,Pseudomonas,39,97,kg_genus,False,False,False,1
EZ55_00751,alt,Caulobacter crescentus NA1000,Caulobacter,39,97,other_proteo,False,False,False,1
EZ55_00751,alt,Caulobacter crescentus CB15,Caulobacter,39,95,other_proteo,False,False,False,2
EZ55_00751,alt,Xenorhabdus nematophila ATCC 19061,Xenorhabdus,40,97,out,False,False,False,1
EZ55_00751,alt,Pseudomonas syringae pv. phaseolicola 1448A,Pseudomonas,39,98,kg_genus,False,False,False,1
EZ55_00751,alt,Shigella flexneri 2a,Shigella,38,97,out,False,False,False,1
EZ55_00751,alt,Vibrio parahaemolyticus RIMD 2210633,Vibrio,39,96,other_proteo,False,False,False,4
EZ55_00751,alt,Burkholderia cenocepacia J2315,Burkholderia,37,95,other_proteo,False,False,False,1
EZ55_00751,alt,Cupriavidus necator (strain ATCC 17699 / DSM 428 / KCTC 22496 / NCIMB 10442 / H16 / Stanier 337),Cupriavidus,37,99,other_proteo,False,False,False,1
EZ55_00751,alt,Klebsiella pneumoniae subsp. pneumoniae HS11286,Klebsiella,36,96,other_proteo,False,False,False,9
EZ55_00751,alt,Bradyrhizobium japonicum USDA 110,Bradyrhizobium,42,80,other_proteo,False,False,False,1
EZ55_00751,alt,Pseudomonas putida KT2440,Pseudomonas,36,94,kg_genus,False,False,False,3
EZ55_00751,alt,Pseudomonas lutea,Pseudomonas,34,90,kg_genus,False,False,False,1
EZ55_00751,alt,Nitrosococcus oceani,Nitrosococcus,51,42,out,False,False,False,1
EZ55_00751,alt,Shigella flexneri 2a str. 301,Shigella,50,32,out,False,False,False,2
EZ55_00751,alt,Wolbachia endosymbiont of Drosophila melanogaster,Wolbachia,28,82,out,False,False,False,1
EZ55_00751,alt,Mesorhizobium loti MAFF303099,Mesorhizobium,26,72,out,False,False,False,1
EZ55_00751,alt,Haloferax volcanii DS2,Haloferax,21,96,out,False,False,False,8
EZ55_00751,alt,Haloferax volcanii DS2,Haloferax,21,96,out,False,False,False,1
EZ55_00751,alt,Sulfolobus solfataricus P2,Sulfolobus,24,84,out,False,False,False,1
EZ55_00751,alt,Thermus thermophilus HB8,Thermus,23,92,out,False,False,False,1
EZ55_00751,alt,Corynebacterium jeikeium K411,Corynebacterium,31,41,out,False,False,False,1
EZ55_00751,alt,Thermus thermophilus HB8,Thermus,23,92,out,False,False,False,1
EZ55_00751,alt,Corynebacterium pseudotuberculosis Cp162,Corynebacterium,27,38,out,False,False,False,1
EZ55_00751,alt,Leptospira santarosai serovar Arenal str. MAVJ 401,Leptospira,26,42,out,False,False,False,1
EZ55_00751,alt,Streptococcus suis P1/7,Streptococcus,24,78,out,False,False,False,1
EZ55_00751,alt,Thermus thermophilus HB27,Thermus,24,92,out,False,False,False,1
EZ55_00751,alt,Mycobacterium avium 104,Mycobacterium,26,77,out,False,False,False,2
EZ55_00751,alt,Enterococcus faecium DO,Enterococcus,27,37,out,False,False,False,1
EZ55_00751,alt,Frankia sp. CcI3,Frankia,24,47,out,False,False,False,1
EZ55_00751,alt,Frankia sp. CcI3,Frankia,24,47,out,False,False,False,1
EZ55_00751,alt,Corynebacterium glutamicum ATCC 13032,Corynebacterium,27,42,out,False,False,False,1
EZ55_00751,alt,Mycobacterium avium subsp. hominissuis TH135,Mycobacterium,24,83,out,False,False,False,2
EZ55_00751,alt,Mesorhizobium loti MAFF303099,Mesorhizobium,31,28,out,False,False,False,1
EZ55_00751,alt,Mycobacterium bovis BCG str. Pasteur 1173P2,Mycobacterium,25,46,out,False,False,False,1
EZ55_00751,alt,Mycobacterium tuberculosis H37Rv,Mycobacterium,23,74,out,False,False,False,5
EZ55_00751,alt,Mycobacterium smegmatis str. MC2 155,Mycobacterium,25,35,out,False,False,False,1
EZ55_00751,alt,Mycobacterium smegmatis str. MC2 155,Mycobacterium,25,35,out,False,False,False,1
EZ55_00751,alt,Desulfitobacterium hafniense DCB-2,Desulfitobacterium,32,29,out,False,False,False,1
EZ55_00751,alt,Streptococcus suis P1/7,Streptococcus,29,26,out,False,False,False,1
EZ55_00751,alt,Mycobacterium tuberculosis H37Rv,Mycobacterium,25,46,out,False,False,False,4
EZ55_00751,alt,Leptospira borgpetersenii serovar Hardjo-bovis str. JB197,Leptospira,26,28,out,False,False,False,1
EZ55_00751,alt,Leptospira borgpetersenii serovar Hardjo-bovis str. JB197,Leptospira,26,28,out,False,False,False,1
EZ55_00751,alt,Leptospira borgpetersenii serovar Hardjo-bovis str. JB197,Leptospira,26,28,out,False,False,False,1
EZ55_00751,alt,Mycobacterium bovis AF2122/97,Mycobacterium,25,46,out,False,False,False,1
EZ55_00751,alt,Leptospira borgpetersenii serovar Hardjo-bovis str. JB197,Leptospira,26,28,out,False,False,False,1
EZ55_00751,alt,Leptospira borgpetersenii serovar Hardjo-bovis str. JB197,Leptospira,26,30,out,False,False,False,1
EZ55_00751,alt,Streptomyces clavuligerus,Streptomyces,22,64,out,False,False,False,1
EZ55_00751,alt,Bordetella pertussis Tohama I,Bordetella,29,43,other_proteo,False,False,False,1
EZ55_00751,alt,Saccharopolyspora erythraea NRRL 2338,Saccharopolyspora,22,75,out,False,False,False,1
EZ55_00751,alt,Mycobacterium tuberculosis CDC1551,Mycobacterium,23,72,out,False,False,False,2
EZ55_00751,alt,Burkholderia pseudomallei K96243,Burkholderia,26,77,other_proteo,False,False,False,1
EZ55_00751,alt,Bordetella pertussis Tohama I,Bordetella,29,43,other_proteo,False,False,False,1
EZ55_00751,alt,Staphylococcus epidermidis RP62A,Staphylococcus,26,44,out,False,False,False,1
EZ55_00751,alt,Staphylococcus epidermidis RP62A,Staphylococcus,26,44,out,False,False,False,2
EZ55_00751,alt,Staphylococcus aureus subsp. aureus USA300_FPR3757,Staphylococcus,26,44,out,False,False,False,1
EZ55_00751,alt,Staphylococcus epidermidis ATCC 12228,Staphylococcus,26,44,out,False,False,False,1
EZ55_00751,alt,Staphylococcus epidermidis RP62A,Staphylococcus,26,44,out,False,False,False,2
EZ55_00751,alt,Leptospira borgpetersenii serovar Hardjo-bovis str. JB197,Leptospira,26,26,out,False,False,False,1
EZ55_00751,alt,Streptomyces coelicolor A3(2),Streptomyces,27,19,out,False,False,False,1
EZ55_00751,alt,Shigella flexneri 2a str. 2457T,Shigella,25,84,out,False,False,False,1
EZ55_00751,alt,Mycobacterium avium,Mycobacterium,29,37,out,False,False,False,1
EZ55_01060,alt,Shewanella oneidensis MR-1,Shewanella,64,99,kg_genus,False,False,True,2
EZ55_01060,alt,Shewanella oneidensis MR-1,Shewanella,52,99,kg_genus,False,False,True,3
EZ55_01060,alt,Pseudoalteromonas haloplanktis TAC125,Pseudoalteromonas,52,99,out,False,False,False,1
EZ55_01060,alt,Xylella fastidiosa 9a5c,Xylella,51,99,other_proteo,False,False,False,1
EZ55_01060,alt,Xylella fastidiosa (strain Temecula1 / ATCC 700964),Xylella,52,94,other_proteo,False,False,False,3
EZ55_01060,alt,Xanthomonas campestris pv. campestris str. 8004,Xanthomonas,52,94,other_proteo,False,False,False,1
EZ55_01060,alt,Asaia bogorensis NBRC 16594,Asaia,48,94,other_proteo,False,False,False,1
EZ55_01060,alt,Capnocytophaga canimorsus Cc5,Capnocytophaga,46,99,out,False,False,False,1
EZ55_01060,alt,Leishmania donovani,Leishmania,47,93,out,False,False,False,0
EZ55_01060,alt,Leishmania infantum,Leishmania,47,94,out,False,False,False,2
EZ55_01060,alt,Astrosporangium hypotensionis,Astrosporangium,48,89,out,False,False,False,0
EZ55_01060,alt,Porphyromonas gingivalis ATCC 33277,Porphyromonas,46,93,out,False,False,False,5
EZ55_01060,alt,Escherichia coli K-12 substr. MG1655,Escherichia,46,93,other_proteo,False,False,False,4
EZ55_01060,alt,Escherichia coli,Escherichia,46,93,other_proteo,False,False,False,1
EZ55_01060,alt,Porphyromonas gingivalis W83,Porphyromonas,46,93,out,False,False,False,2
EZ55_01060,alt,Shigella flexneri 5a str. M90T,Shigella,46,93,out,False,False,False,1
EZ55_01060,alt,Salmonella enterica subsp. enterica serovar Enteritidis str. P125109,Salmonella,45,94,other_proteo,False,False,False,1
EZ55_01060,alt,Salmonella typhimurium (strain LT2 / SGSC1412 / ATCC 700720),Salmonella,45,94,other_proteo,False,False,False,3
EZ55_01060,alt,Sinorhizobium meliloti 1021,Sinorhizobium,41,93,other_proteo,False,False,False,1
EZ55_01060,alt,Brucella melitensis biovar Abortus 2308,Brucella,42,92,other_proteo,False,False,False,3
EZ55_01060,alt,Corynebacterium glutamicum ATCC 13032,Corynebacterium,44,93,out,False,False,False,2
EZ55_01060,alt,Bradyrhizobium japonicum USDA 110,Bradyrhizobium,40,95,other_proteo,False,False,False,1
EZ55_01060,alt,Bdellovibrio bacteriovorus (strain ATCC 15356 / DSM 50701 / NCIMB 9529 / HD100),Bdellovibrio,38,94,out,False,False,False,1
EZ55_01060,alt,Porphyromonas gingivalis W83,Porphyromonas,37,93,out,False,False,False,1
EZ55_01060,alt,Porphyromonas gingivalis ATCC 33277,Porphyromonas,36,93,out,False,False,False,1
EZ55_01060,alt,Escherichia coli K-12 substr. MG1655,Escherichia,35,94,other_proteo,False,False,False,8
EZ55_01060,alt,Salmonella enterica subsp. enterica serovar Enteritidis str. P125109,Salmonella,34,94,other_proteo,False,False,False,2
EZ55_01060,alt,Salmonella enterica subsp. enterica serovar Typhimurium str. D23580,Salmonella,34,94,other_proteo,False,False,False,2
EZ55_01060,alt,Salmonella typhimurium LT2,Salmonella,34,94,other_proteo,False,False,False,4
EZ55_01060,alt,Photobacterium damselae subsp. damselae CIP 102761,Photobacterium,33,94,other_proteo,False,False,False,2
EZ55_01060,alt,Pasteurella multocida subsp. multocida str. Pm70,Pasteurella,33,93,other_proteo,False,False,False,1
EZ55_01060,alt,Haemophilus influenzae Rd KW20,Haemophilus,32,94,other_proteo,False,False,False,1
EZ55_01060,alt,Proteus mirabilis HI4320,Proteus,32,94,other_proteo,False,False,False,1
EZ55_01060,alt,Haemophilus influenzae (strain ATCC 51907 / DSM 11121 / KW20 / Rd),Haemophilus,32,94,other_proteo,False,False,False,1
EZ55_01060,alt,Shewanella oneidensis MR-1,Shewanella,33,93,kg_genus,False,False,False,1
EZ55_01060,alt,Photorhabdus luminescens subsp. laumondii TTO1,Photorhabdus,32,94,out,False,False,False,1
EZ55_01060,alt,Yersinia pseudotuberculosis IP 32953,Yersinia,33,94,other_proteo,False,False,False,1
EZ55_01060,alt,Yersinia pestis KIM,Yersinia,32,94,other_proteo,False,False,False,2
EZ55_01060,alt,Vibrio cholerae O1 biovar eltor str. N16961,Vibrio,32,94,other_proteo,False,False,False,2
EZ55_01060,alt,Vibrio parahaemolyticus RIMD 2210633,Vibrio,32,94,other_proteo,False,False,False,1
EZ55_01060,alt,Burkholderia pseudomallei K96243,Burkholderia,33,92,other_proteo,False,False,False,1
EZ55_01060,alt,Burkholderia cenocepacia J2315,Burkholderia,33,94,other_proteo,False,False,False,2
EZ55_01060,alt,Aeromonas salmonicida subsp. salmonicida A449,Aeromonas,31,92,out,False,False,False,1
EZ55_01060,alt,Haemophilus ducreyi 35000HP,Haemophilus,31,93,other_proteo,False,False,False,1
EZ55_01060,alt,Pseudomonas aeruginosa PAO1,Pseudomonas,32,94,kg_genus,False,False,False,3
EZ55_01060,alt,Neisseria meningitidis MC58,Neisseria,33,92,other_proteo,False,False,False,2
EZ55_01060,alt,Pseudomonas putida KT2440,Pseudomonas,32,94,kg_genus,False,False,False,4
EZ55_01060,alt,Synechocystis sp. PCC 6803,Synechocystis,32,93,cyano,False,False,False,1
EZ55_01060,alt,Neisseria gonorrhoeae FA 1090,Neisseria,32,92,other_proteo,False,False,False,1
EZ55_01060,alt,Arabidopsis thaliana (Mouse-ear cress),Arabidopsis,30,85,out,False,False,False,10
EZ55_01060,alt,Arabidopsis thaliana,Arabidopsis,30,84,out,False,False,False,3
EZ55_01060,alt,Deinococcus radiodurans R1,Deinococcus,32,94,out,False,False,False,3
EZ55_01060,alt,Citrus clementina,Citrus,30,84,out,False,False,False,1
EZ55_01060,alt,Coxiella burnetii RSA 493,Coxiella,29,92,out,False,False,False,1
EZ55_01060,alt,Acinetobacter sp. ADP1,Acinetobacter,31,92,other_proteo,False,False,False,1
EZ55_01060,alt,Nostoc sp. PCC 7120,Nostoc,31,93,cyano,False,False,False,1
EZ55_01060,alt,Oryza sativa subsp. japonica,Oryza,30,88,out,False,False,False,1
EZ55_01060,alt,Deinococcus geothermalis DSM 11300,Deinococcus,31,95,out,False,False,False,1
EZ55_01060,alt,Arabidopsis thaliana (Mouse-ear cress),Arabidopsis,29,94,out,False,False,False,11
EZ55_01060,alt,Zea mays,Zea,30,87,out,False,False,False,1
EZ55_01060,alt,Aliivibrio salmonicida LFI1238,Aliivibrio,30,94,other_proteo,False,False,False,1
EZ55_01060,alt,Phaseolus vulgaris,Phaseolus,29,87,out,False,False,False,1
EZ55_01060,alt,Phaeodactylum tricornutum (strain CCAP 1055/1),Phaeodactylum,31,93,out,False,False,False,1
EZ55_01060,alt,Burkholderia pseudomallei K96243,Burkholderia,29,93,other_proteo,False,False,False,1
EZ55_01060,alt,Entamoeba histolytica HM-1:IMSS,Entamoeba,28,99,out,False,False,False,1
EZ55_01060,alt,Burkholderia thailandensis E264,Burkholderia,29,93,other_proteo,False,False,False,2
EZ55_01060,alt,Acinetobacter sp. neg1,Acinetobacter,29,92,other_proteo,False,False,False,1
EZ55_01060,alt,Phytophthora infestans T30-4,Phytophthora,29,93,out,False,False,False,3
EZ55_01060,alt,Entamoeba histolytica HM-1:IMSS,Entamoeba,28,91,out,False,False,False,1
EZ55_01060,alt,Acinetobacter baumannii ATCC 17978,Acinetobacter,35,58,other_proteo,False,False,False,1
EZ55_01060,alt,Leptospira interrogans serovar Copenhageni,Leptospira,31,78,out,False,False,False,0
EZ55_01060,alt,Phytophthora nicotianae INRA-310,Phytophthora,29,88,out,False,False,False,1
EZ55_01060,alt,Nocardia cyriacigeorgica GUH-2,Nocardia,29,7,out,False,False,False,1
EZ55_01060,alt,Mus musculus (Mouse),Mus,31,81,out,False,False,False,4
EZ55_01060,alt,Mus musculus,Mus,31,81,out,False,False,False,6
EZ55_01060,alt,Phytophthora infestans T30-4,Phytophthora,28,88,out,False,False,False,1
EZ55_01060,alt,Rattus norvegicus (Rat),Rattus,30,81,out,False,False,False,8
EZ55_01060,alt,Homo sapiens (Human),Homo,30,81,out,False,False,False,16
EZ55_01060,alt,Oncorhynchus mykiss,Oncorhynchus,29,81,out,False,False,False,1
EZ55_01060,alt,Sus scrofa (Pig),Sus,31,81,out,False,False,False,0
EZ55_01060,alt,Bos taurus,Bos,30,88,out,False,False,False,2
EZ55_01060,alt,Bos taurus,Bos,30,88,out,False,False,False,0
EZ55_01060,alt,Dictyostelium discoideum AX4,Dictyostelium,27,91,out,False,False,False,1
EZ55_01060,alt,Rattus norvegicus (Rat),Rattus,29,81,out,False,False,False,4
EZ55_01060,alt,Colletotrichum lupini,Colletotrichum,27,65,out,False,False,False,1
EZ55_01060,alt,Mus musculus,Mus,29,87,out,False,False,False,6
EZ55_01060,alt,Coprinopsis cinerea okayama7#130,Coprinopsis,30,87,out,False,False,False,1
EZ55_01060,alt,Leishmania braziliensis,Leishmania,28,76,out,False,False,False,1
EZ55_01060,alt,Exophiala dermatitidis NIH/UT8656,Exophiala,26,86,out,False,False,False,1
EZ55_01060,alt,Homo sapiens,Homo,28,87,out,False,False,False,14
EZ55_01060,alt,Mus musculus,Mus,28,77,out,False,False,False,6
EZ55_01060,alt,Naegleria gruberi,Naegleria,28,77,out,False,False,False,1
EZ55_01060,alt,Sus scrofa (Pig),Sus,28,87,out,False,False,False,0
EZ55_01060,alt,Mus musculus,Mus,30,74,out,False,False,False,1
EZ55_01060,alt,Aspergillus fischeri NRRL 181,Aspergillus,26,79,out,False,False,False,1
EZ55_01060,alt,Bos taurus,Bos,28,87,out,False,False,False,2
EZ55_01060,alt,Saccharomyces cerevisiae (strain ATCC 204508 / S288c) (Baker's yeast),Saccharomyces,27,78,out,False,False,False,7
EZ55_01060,alt,Aspergillus niger,Aspergillus,26,87,out,False,False,False,1
EZ55_01060,alt,Trichophyton rubrum CBS 118892,Trichophyton,25,88,out,False,False,False,2
EZ55_01060,alt,Acinetobacter baumannii ATCC 17978,Acinetobacter,28,79,other_proteo,False,False,False,1
EZ55_01060,alt,Acinetobacter baumannii AYE,Acinetobacter,28,79,other_proteo,False,False,False,2
EZ55_01060,alt,Acinetobacter baumannii ACICU,Acinetobacter,29,74,other_proteo,False,False,False,1
EZ55_01060,alt,Schistosoma mansoni,Schistosoma,29,73,out,False,False,False,2
EZ55_01060,alt,Neurospora crassa OR74A,Neurospora,27,65,out,False,False,False,1
EZ55_01060,alt,Aspergillus niger,Aspergillus,25,79,out,False,False,False,1
EZ55_01060,alt,Aspergillus oryzae RIB40,Aspergillus,24,87,out,False,False,False,2
EZ55_01060,alt,Aspergillus terreus NIH2624,Aspergillus,26,87,out,False,False,False,1
EZ55_01060,alt,Paracoccidioides lutzii Pb01,Paracoccidioides,26,87,out,False,False,False,1
EZ55_01060,alt,Aspergillus fumigatus Af293,Aspergillus,26,66,out,False,False,False,1
EZ55_01060,alt,Aspergillus fumigatus Af293,Aspergillus,27,71,out,False,False,False,3
EZ55_01060,alt,Paracoccidioides brasiliensis Pb18,Paracoccidioides,26,87,out,False,False,False,1
EZ55_01060,alt,Mus musculus,Mus,29,72,out,False,False,False,1
EZ55_01060,alt,Ajellomyces capsulatus (strain G186AR / H82 / ATCC MYA-2454 / RMSCC 2432),Ajellomyces,27,87,out,False,False,False,1
EZ55_01060,alt,Aspergillus niger,Aspergillus,27,64,out,False,False,False,1
EZ55_01060,alt,Arabidopsis thaliana (Mouse-ear cress),Arabidopsis,24,78,out,False,False,False,6
EZ55_01060,alt,Leishmania infantum,Leishmania,26,75,out,False,False,False,1
EZ55_01060,alt,Arabidopsis thaliana,Arabidopsis,24,76,out,False,False,False,8
EZ55_01060,alt,Mus musculus,Mus,23,91,out,False,False,False,2
EZ55_01060,alt,Schizosaccharomyces pombe,Schizosaccharomyces,26,73,out,False,False,False,1
EZ55_01060,alt,Homo sapiens (Human),Homo,23,92,out,False,False,False,14
EZ55_01060,alt,Rattus norvegicus,Rattus,24,91,out,False,False,False,1
EZ55_01060,alt,Drosophila melanogaster,Drosophila,24,76,out,False,False,False,1
EZ55_01060,alt,Saccharomyces cerevisiae (strain ATCC 204508 / S288c) (Baker's yeast),Saccharomyces,24,72,out,False,False,False,2
EZ55_01060,alt,Exophiala dermatitidis NIH/UT8656,Exophiala,25,58,out,False,False,False,1
EZ55_01060,alt,Saccharomyces cerevisiae,Saccharomyces,22,72,out,False,False,False,6
EZ55_01060,alt,Mus musculus,Mus,22,72,out,False,False,False,0
EZ55_01060,alt,Aspergillus niger,Aspergillus,22,88,out,False,False,False,1
EZ55_01060,alt,Pleurotus djamor,Pleurotus,23,66,out,False,False,False,1
EZ55_01060,alt,Schizophyllum commune (Split gill fungus),Schizophyllum,23,73,out,False,False,False,0
EZ55_01060,alt,Diaporthe leptostromiformis (Lupinosis disease fungus) (Phomopsis leptostromiformis),Diaporthe,22,54,out,False,False,False,0
EZ55_01060,alt,Diaporthe leptostromiformis (Lupinosis disease fungus) (Phomopsis leptostromiformis),Diaporthe,23,78,out,False,False,False,0
EZ55_01060,alt,Rattus norvegicus,Rattus,29,30,out,False,False,False,1
EZ55_01060,alt,Coprinellus disseminatus,Coprinellus,23,68,out,False,False,False,1
EZ55_01060,alt,Trypanosoma brucei,Trypanosoma,23,58,out,False,False,False,0
DEH24_14130,alt,Pseudoalteromonas lipolytica SCSIO 04301,Pseudoalteromonas,82,98,out,False,False,False,1
DEH24_14130,alt,Aeromonas hydrophila NJ-35,Aeromonas,79,100,out,False,False,False,1
DEH24_14130,alt,Pseudoalteromonas sp. SM9913,Pseudoalteromonas,78,98,out,False,False,False,1
DEH24_14130,alt,Shewanella oneidensis MR-1,Shewanella,80,99,kg_genus,False,False,True,3
DEH24_14130,alt,Shewanella putrefaciens,Shewanella,80,99,kg_genus,False,False,True,1
DEH24_14130,alt,Vibrio cholerae O1 biovar eltor str. N16961,Vibrio,81,86,other_proteo,False,False,False,8
DEH24_14130,alt,Shewanella algae,Shewanella,79,99,kg_genus,False,False,True,1
DEH24_14130,alt,Vibrio parahaemolyticus RIMD 2210633,Vibrio,82,91,other_proteo,False,False,False,4
DEH24_14130,alt,Aliivibrio fischeri ES114,Aliivibrio,81,92,other_proteo,False,False,False,1
DEH24_14130,alt,Vibrio mimicus VM603,Vibrio,80,91,other_proteo,False,False,False,2
DEH24_14130,alt,Vibrio anguillarum 775,Vibrio,81,91,other_proteo,False,False,False,2
DEH24_14130,alt,Pseudomonas putida KT2440,Pseudomonas,76,98,kg_genus,False,False,True,1
DEH24_14130,alt,Vibrio salmonicida LFI1238,Vibrio,78,93,other_proteo,False,False,False,1
DEH24_14130,alt,Pseudomonas aeruginosa (strain ATCC 15692 / DSM 22644 / CIP 104116 / JCM 14847 / LMG 12228 / 1C / PRS 101 / PAO1),Pseudomonas,77,95,kg_genus,False,False,True,9
DEH24_14130,alt,Pseudomonas fluorescens Pf0-1,Pseudomonas,72,99,kg_genus,False,False,True,1
DEH24_14130,alt,Thalassolituus oleivorans MIL-1,Thalassolituus,76,94,out,False,False,False,1
DEH24_14130,alt,Pseudomonas syringae pv. actinidiae str. Shaanxi_M228,Pseudomonas,77,90,kg_genus,False,False,True,2
DEH24_14130,alt,Thioalkalivibrio sp. K90mix,Thioalkalivibrio,62,89,other_proteo,False,False,False,1
DEH24_14130,alt,Archaeoglobus fulgidus DSM 4304,Archaeoglobus,46,90,out,False,False,False,1
DEH24_14130,alt,Archaeoglobus profundus DSM 5631,Archaeoglobus,47,88,out,False,False,False,1
DEH24_14130,alt,Tepidanaerobacter acetatoxydans Re1,Tepidanaerobacter,45,90,out,False,False,False,1
DEH24_14130,alt,Methanosarcina mazei Goe1,Methanosarcina,38,95,out,False,False,False,1
DEH24_14130,alt,Methanosarcina acetivorans C2A,Methanosarcina,36,87,out,False,False,False,2
DEH24_14130,alt,Aeromonas hydrophila NJ-35,Aeromonas,39,76,out,False,False,False,2
DEH24_14130,alt,Vibrio anguillarum,Vibrio,41,76,other_proteo,False,False,False,1
DEH24_14130,alt,Desulfovibrio vulgaris Hildenborough,Desulfovibrio,43,77,other_proteo,False,False,False,3
DEH24_14130,alt,Desulfovibrio desulfuricans G20,Desulfovibrio,41,97,other_proteo,False,False,False,1
DEH24_14130,alt,Shewanella algae,Shewanella,34,84,kg_genus,False,False,False,1
DEH24_14130,alt,Shewanella algae,Shewanella,34,84,kg_genus,False,False,False,1
DEH24_14130,alt,Burkholderia multivorans ATCC 17616,Burkholderia,35,83,other_proteo,False,False,False,1
DEH24_14130,alt,Burkholderia thailandensis E264,Burkholderia,35,83,other_proteo,False,False,False,1
DEH24_14130,alt,Desulfotignum phosphitoxidans DSM 13687,Desulfotignum,38,84,out,False,False,False,1
DEH24_14130,alt,Geobacter sulfurreducens PCA,Geobacter,34,88,other_proteo,False,False,False,1
DEH24_14130,alt,Pseudomonas syringae pv. tomato str. DC3000,Pseudomonas,37,81,kg_genus,False,False,False,2
DEH24_14130,alt,Burkholderia cenocepacia J2315,Burkholderia,34,85,other_proteo,False,False,False,3
DEH24_14130,alt,Xanthomonas oryzae pv. oryzae PXO99A,Xanthomonas,37,87,other_proteo,False,False,False,2
DEH24_14130,alt,Stenotrophomonas maltophilia,Stenotrophomonas,35,97,out,False,False,False,1
DEH24_14130,alt,Burkholderia pseudomallei,Burkholderia,34,83,other_proteo,False,False,False,3
DEH24_14130,alt,Thermoanaerobacter tengcongensis MB4,Thermoanaerobacter,37,90,out,False,False,False,1
DEH24_14130,alt,Xanthomonas campestris pv. campestris str. ATCC 33913,Xanthomonas,36,87,other_proteo,False,False,False,3
DEH24_14130,alt,Methanosarcina acetivorans C2A,Methanosarcina,36,79,out,False,False,False,1
DEH24_14130,alt,Thermoanaerobacter tengcongensis MB4,Thermoanaerobacter,38,31,out,False,False,False,1
DEH24_14130,alt,Clostridium beijerincki NCIMB 8052,Clostridium,37,91,out,False,False,False,1
DEH24_14130,alt,Brachyspira hyodysenteriae WA1,Brachyspira,33,89,out,False,False,False,1
DEH24_14130,alt,Sinorhizobium meliloti,Sinorhizobium,32,93,other_proteo,False,False,False,3
DEH24_14130,alt,Agrobacterium tumefaciens 5A,Agrobacterium,35,84,other_proteo,False,False,False,1
DEH24_14130,alt,Xanthomonas campestris pv. campestris str. 8004,Xanthomonas,36,83,other_proteo,False,False,False,1
DEH24_14130,alt,Pantoea agglomerans,Pantoea,35,84,other_proteo,False,False,False,1
DEH24_14130,alt,Treponema denticola ATCC 35405,Treponema,33,93,out,False,False,False,1
DEH24_14130,alt,Herbaspirillum seropedicae SmR1,Herbaspirillum,32,96,out,False,False,False,1
DEH24_14130,alt,Proteus mirabilis HI4320,Proteus,36,86,other_proteo,False,False,False,3
DEH24_14130,alt,Thermococcus kodakaraensis KOD1,Thermococcus,38,86,out,False,False,False,1
DEH24_14130,alt,Methanosarcina mazei Goe1,Methanosarcina,35,76,out,False,False,False,1
DEH24_14130,alt,Bordetella bronchiseptica RB50,Bordetella,32,94,other_proteo,False,False,False,1
DEH24_14130,alt,Enterobacter sp. HSTU-ASh6,Enterobacter,35,83,other_proteo,False,False,False,1
DEH24_14130,alt,Ethanoligenens harbinense YUAN-3,Ethanoligenens,37,92,out,False,False,False,1
DEH24_14130,alt,Escherichia coli K-12 substr. MG1655,Escherichia,35,86,other_proteo,False,False,False,28
DEH24_14130,alt,Yersinia pseudotuberculosis YPIII,Yersinia,34,88,other_proteo,False,False,False,3
DEH24_14130,alt,Yersinia pestis CO92,Yersinia,34,88,other_proteo,False,False,False,1
DEH24_14130,alt,Phenylobacterium zucineum HLK1,Phenylobacterium,33,94,out,False,False,False,1
DEH24_14130,alt,Agrobacterium tumefaciens str. C58 (Cereon),Agrobacterium,30,91,other_proteo,False,False,False,3
DEH24_14130,alt,Escherichia coli O157:H7 EDL933,Escherichia,34,86,other_proteo,False,False,False,1
DEH24_14130,alt,Rhizobium sp. NGR234,Rhizobium,32,91,other_proteo,False,False,False,1
DEH24_14130,alt,Sinorhizobium fredii HH103,Sinorhizobium,31,91,other_proteo,False,False,False,1
DEH24_14130,alt,Yersinia enterocolitica subsp. enterocolitica 8081,Yersinia,33,88,other_proteo,False,False,False,1
DEH24_14130,alt,Nitrosomonas europaea ATCC 19718,Nitrosomonas,35,84,other_proteo,False,False,False,1
DEH24_14130,alt,Sinorhizobium meliloti 1021,Sinorhizobium,28,91,other_proteo,False,False,False,3
DEH24_14130,alt,Geobacter sulfurreducens PCA,Geobacter,32,93,other_proteo,False,False,False,1
DEH24_14130,alt,Geobacter anodireducens,Geobacter,35,78,other_proteo,False,False,False,1
DEH24_14130,alt,Cronobacter sakazakii (strain ATCC BAA-894),Cronobacter,33,86,out,False,False,False,1
DEH24_14130,alt,Thermoanaerobacter tengcongensis MB4,Thermoanaerobacter,34,83,out,False,False,False,2
DEH24_14130,alt,Helicobacter suis HS5,Helicobacter,31,85,other_proteo,False,False,False,1
DEH24_14130,alt,Thermoanaerobacter tengcongensis,Thermoanaerobacter,35,80,out,False,False,False,0
DEH24_14130,alt,Salmonella enterica subsp. enterica serovar Typhimurium str. SL1344,Salmonella,33,83,other_proteo,False,False,False,4
DEH24_14130,alt,Halalkalibacterium halodurans (strain ATCC BAA-125 / DSM 18197 / FERM 7344 / JCM 9153 / C-125),Halalkalibacterium,35,86,out,False,False,False,1
DEH24_14130,alt,Clostridium beijerincki NCIMB 8052,Clostridium,33,89,out,False,False,False,1
DEH24_14130,alt,Borrelia burgdorferi B31,Borrelia,35,83,out,False,False,False,9
DEH24_14130,alt,Leptospira interrogans serovar lai str. 56601,Leptospira,34,83,out,False,False,False,2
DEH24_14130,alt,Thermotoga maritima MSB8,Thermotoga,32,90,out,True,False,False,2
DEH24_14130,alt,Rhodobacter capsulatus (strain ATCC BAA-309 / NBRC 16581 / SB1003),Rhodobacter,32,85,out,True,False,False,1
DEH24_14130,alt,Vibrio cholerae O1 biovar eltor str. N16961,Vibrio,34,28,other_proteo,False,False,False,8
DEH24_14130,alt,Burkholderia pseudomallei K96243,Burkholderia,35,79,other_proteo,False,False,False,1
DEH24_14130,alt,Shewanella oneidensis MR-1,Shewanella,29,82,kg_genus,False,False,False,2
DEH24_14130,alt,Xanthomonas axonopodis pv. citri str. 306,Xanthomonas,32,84,other_proteo,False,False,False,2
DEH24_14130,alt,Vibrio cholerae O1 biovar eltor str. N16961,Vibrio,32,89,other_proteo,False,False,False,8
DEH24_14130,alt,Oleidesulfovibrio alaskensis G20,Oleidesulfovibrio,32,87,out,False,False,False,1
DEH24_14130,alt,Xanthomonas oryzae pv. oryzae KACC10331,Xanthomonas,37,79,other_proteo,False,False,False,1
DEH24_14130,alt,Brachyspira hyodysenteriae WA1,Brachyspira,37,73,out,False,False,False,1
DEH24_14130,alt,Clostridium acetobutylicum ATCC 824,Clostridium,32,95,out,False,False,False,1
DEH24_14130,alt,Xanthomonas campestris pv. campestris str. 8004,Xanthomonas,32,82,other_proteo,False,False,False,1
DEH24_14130,alt,Phenylobacterium zucineum HLK1,Phenylobacterium,29,93,out,False,False,False,1
DEH24_14130,alt,Geobacter sulfurreducens PCA,Geobacter,34,88,other_proteo,False,False,False,1
DEH24_14130,alt,Thermococcus eurythermalis,Thermococcus,37,85,out,False,False,False,1
DEH24_14130,alt,Helicobacter pylori (strain ATCC 700392 / 26695) (Campylobacter pylori),Helicobacter,34,65,other_proteo,False,False,False,10
DEH24_14130,alt,Vibrio anguillarum,Vibrio,31,83,other_proteo,False,False,False,1
DEH24_14130,alt,Clostridium acetobutylicum ATCC 824,Clostridium,31,88,out,False,False,False,2
DEH24_14130,alt,Clostridium difficile 630,Clostridium,34,83,out,False,False,False,2
DEH24_14130,alt,Bradyrhizobium japonicum USDA 110,Bradyrhizobium,33,84,other_proteo,False,False,False,2
DEH24_14130,alt,Campylobacter jejuni subsp. jejuni PT14,Campylobacter,31,82,other_proteo,False,False,False,10
DEH24_14130,alt,Xanthomonas oryzae pv. oryzae PXO99A,Xanthomonas,32,84,other_proteo,False,False,False,4
DEH24_14130,alt,Caulobacter crescentus CB15,Caulobacter,25,93,other_proteo,False,False,False,2
DEH24_14130,alt,Actinosynnema pretiosum,Actinosynnema,36,81,out,False,False,False,1
DEH24_14130,alt,Bacillus subtilis (strain 168),Bacillus,35,85,out,False,False,False,1
DEH24_14130,alt,Phenylobacterium zucineum HLK1,Phenylobacterium,35,73,out,False,False,False,1
DEH24_14130,alt,Caulobacter crescentus NA1000,Caulobacter,32,80,other_proteo,False,False,False,1
DEH24_14130,alt,Caulobacter crescentus CB15,Caulobacter,32,85,other_proteo,False,False,False,1
DEH24_14130,alt,Vibrio vulnificus MO6-24/O,Vibrio,35,83,other_proteo,False,False,False,1
DEH24_14130,alt,Methanococcus maripaludis S2,Methanococcus,31,88,out,False,False,False,2
DEH24_14130,alt,Vibrio cholerae O1 biovar eltor str. N16961,Vibrio,34,76,other_proteo,False,False,False,8
DEH24_14130,alt,Agrobacterium tumefaciens str. C58 (Cereon),Agrobacterium,23,95,other_proteo,False,False,False,3
DEH24_14130,alt,Shewanella oneidensis MR-1,Shewanella,30,83,kg_genus,False,False,False,2
DEH24_14130,alt,Treponema denticola ATCC 35405,Treponema,32,32,out,False,False,False,4
DEH24_14130,alt,Desulfocapsa sulfexigens DSM 10523,Desulfocapsa,31,89,out,False,False,False,1
DEH24_14130,alt,Borrelia burgdorferi B31,Borrelia,28,81,out,False,False,False,4
DEH24_14130,alt,Leptospira interrogans serovar Manilae,Leptospira,32,89,out,False,False,False,1
DEH24_14130,alt,Actinoplanes missouriensis 431,Actinoplanes,33,81,out,False,False,False,1
DEH24_14130,alt,Brachyspira pilosicoli 95/1000,Brachyspira,35,58,out,False,False,False,1
DEH24_14130,alt,Thermoanaerobacter tengcongensis MB4,Thermoanaerobacter,37,73,out,False,False,False,1
DEH24_14130,alt,Clostridium difficile 630,Clostridium,32,86,out,False,False,False,1
DEH24_14130,alt,Borrelia burgdorferi B31,Borrelia,31,34,out,False,False,False,8
DEH24_14130,alt,Desulfotignum phosphitoxidans DSM 13687,Desulfotignum,38,77,out,False,False,False,1
DEH24_14130,alt,Salmonella enterica subsp. enterica serovar Typhi Ty2,Salmonella,32,83,other_proteo,False,False,False,1
DEH24_14130,alt,Treponema pallidum subsp. pallidum str. Nichols,Treponema,29,30,out,False,False,False,1
DEH24_14130,alt,Bacillus pumilus (strain SAFR-032),Bacillus,30,81,out,False,False,False,1
DEH24_14130,alt,Bradyrhizobium japonicum USDA 110,Bradyrhizobium,31,84,other_proteo,False,False,False,2
DEH24_14130,alt,Laribacter hongkongensis HLHK9,Laribacter,30,96,out,False,False,False,1
DEH24_14130,alt,Clostridium beijerincki NCIMB 8052,Clostridium,31,81,out,False,False,False,2
DEH24_14130,alt,Stenotrophomonas maltophilia K279a,Stenotrophomonas,34,44,out,False,False,False,6
DEH24_14130,alt,Stenotrophomonas maltophilia,Stenotrophomonas,34,44,out,False,False,False,2
DEH24_14130,alt,Vibrio cholerae O1 biovar eltor str. N16961,Vibrio,34,49,other_proteo,False,False,False,4
DEH24_14130,alt,Agrobacterium tumefaciens 5A,Agrobacterium,31,73,other_proteo,False,False,False,1
DEH24_14130,alt,Clostridium beijerincki NCIMB 8052,Clostridium,27,88,out,False,False,False,1
DEH24_14130,alt,Vibrio anguillarum,Vibrio,32,76,other_proteo,False,False,False,1
DEH24_14130,alt,Azospirillum brasilense,Azospirillum,32,80,out,False,False,False,1
DEH24_14130,alt,Brachyspira hyodysenteriae WA1,Brachyspira,32,59,out,False,False,False,2
DEH24_14130,alt,Pseudomonas aeruginosa PAO1,Pseudomonas,30,93,kg_genus,False,False,False,11
DEH24_14130,alt,Polymorphum gilvum SL003B-26A1,Polymorphum,32,90,out,False,False,False,1
DEH24_14130,alt,Bradyrhizobium japonicum USDA 110,Bradyrhizobium,31,90,other_proteo,False,False,False,2
DEH24_14130,alt,Clostridium beijerincki NCIMB 8052,Clostridium,28,85,out,False,False,False,1
DEH24_14130,alt,Stenotrophomonas maltophilia R551-3,Stenotrophomonas,33,44,out,False,False,False,1
DEH24_14130,alt,Xanthomonas campestris pv. campestris str. 8004,Xanthomonas,34,33,other_proteo,False,False,False,1
DEH24_14130,alt,Oceanobacillus iheyensis (strain DSM 14371 / CIP 107618 / JCM 11309 / KCTC 3954 / HTE831),Oceanobacillus,33,83,out,False,False,False,1
DEH24_14130,alt,Clostridium beijerinckii NRRL B-598,Clostridium,27,88,out,False,False,False,1
DEH24_14130,alt,Xanthomonas campestris pv. vesicatoria str. 85-10,Xanthomonas,33,44,other_proteo,False,False,False,1
DEH24_14130,alt,Xanthomonas campestris pv. campestris str. 8004,Xanthomonas,35,44,other_proteo,False,False,False,1
DEH24_14130,alt,Erythrobacter sp. 3-20A1M,Erythrobacter,26,82,out,False,False,False,1
DEH24_14130,alt,Xanthomonas oryzae pv. oryzae KACC10331,Xanthomonas,33,44,other_proteo,False,False,False,3
DEH24_14130,alt,Vibrio parahaemolyticus RIMD 2210633,Vibrio,32,49,other_proteo,False,False,False,4
DEH24_14130,alt,Bacillus amyloliquefaciens,Bacillus,34,81,out,False,False,False,0
DEH24_14130,alt,Vitis vinifera,Vitis,32,84,out,False,False,False,1
DEH24_14130,alt,Caulobacter crescentus CB15,Caulobacter,33,83,other_proteo,False,False,False,2
DEH24_14130,alt,Xanthomonas oryzae pv. oryzae KACC10331,Xanthomonas,32,40,other_proteo,False,False,False,2
DEH24_14130,alt,Methanospirillum hungatei JF-1,Methanospirillum,30,75,out,False,False,False,1
DEH24_14130,alt,Shewanella oneidensis MR-1,Shewanella,31,49,kg_genus,False,False,False,2
DEH24_14130,alt,Azorhizobium caulinodans ORS 571,Azorhizobium,31,83,out,False,False,False,1
DEH24_14130,alt,Bdellovibrio bacteriovorus HD100,Bdellovibrio,30,28,out,False,False,False,1
DEH24_14130,alt,Pseudomonas putida KT2440,Pseudomonas,31,49,kg_genus,False,False,False,2
DEH24_14130,alt,Oceanobacillus iheyensis (strain DSM 14371 / CIP 107618 / JCM 11309 / KCTC 3954 / HTE831),Oceanobacillus,28,75,out,False,False,False,1
DEH24_14130,alt,Caulobacter crescentus CB15,Caulobacter,31,91,other_proteo,False,False,False,4
DEH24_14130,alt,Vibrio anguillarum,Vibrio,31,49,other_proteo,False,False,False,1
DEH24_14130,alt,Clostridium novyi,Clostridium,26,90,out,False,False,False,1
DEH24_14130,alt,Pseudomonas putida KT2440,Pseudomonas,32,68,kg_genus,False,False,False,2
DEH24_14130,alt,Haloferax volcanii DS2,Haloferax,32,80,out,False,False,False,1
DEH24_14130,alt,Haloferax volcanii DS2,Haloferax,32,80,out,False,False,False,2
DEH24_14130,alt,Haloferax volcanii,Haloferax,28,44,out,False,False,False,1
DEH24_14130,alt,Vibrio vulnificus YJ016,Vibrio,31,85,other_proteo,False,False,False,1
DEH24_14130,alt,Acidithiobacillus caldus,Acidithiobacillus,36,32,other_proteo,False,False,False,1
DEH24_14130,alt,Pseudomonas aeruginosa UCBPP-PA14,Pseudomonas,31,49,kg_genus,False,False,False,3
DEH24_14130,alt,Pseudomonas aeruginosa PAO1,Pseudomonas,31,49,kg_genus,False,False,False,9
DEH24_14130,alt,Shewanella putrefaciens,Shewanella,31,49,kg_genus,False,False,False,1
DEH24_14130,alt,Clostridium acetobutylicum ATCC 824,Clostridium,30,85,out,False,False,False,1
DEH24_14130,alt,Pseudomonas donghuensis,Pseudomonas,29,49,kg_genus,False,False,False,1
DEH24_14130,alt,Thioalkalivibrio sp. K90mix,Thioalkalivibrio,30,49,other_proteo,False,False,False,1
DEH24_14130,alt,Pseudomonas syringae pv. tomato str. DC3000,Pseudomonas,30,49,kg_genus,False,False,False,1
DEH24_14130,alt,Bacillus subtilis (strain 168),Bacillus,29,47,out,False,False,False,1
DEH24_14130,alt,Photobacterium damselae subsp. damselae CIP 102761,Photobacterium,33,49,other_proteo,False,False,False,2
DEH24_14130,alt,Stenotrophomonas maltophilia R551-3,Stenotrophomonas,31,32,out,False,False,False,1
DEH24_14130,alt,Bacillus cereus biovar anthracis str. CI,Bacillus,28,45,out,False,False,False,1
DEH24_14130,alt,Shewanella putrefaciens,Shewanella,27,38,kg_genus,False,False,False,1
DEH24_14130,alt,Bacillus cereus ATCC 14579,Bacillus,28,45,out,False,False,False,7
DEH24_14130,alt,Periweissella beninensis,Periweissella,33,83,out,False,False,False,1
DEH24_14130,alt,Pseudomonas fluorescens Pf-5,Pseudomonas,29,49,kg_genus,False,False,False,1
DEH24_14130,alt,Vibrio salmonicida LFI1238,Vibrio,26,44,other_proteo,False,False,False,1
DEH24_14130,alt,Pseudomonas ogarae,Pseudomonas,29,49,kg_genus,False,False,False,1
DEH24_14130,alt,Shewanella putrefaciens,Shewanella,26,45,kg_genus,False,False,False,1
DEH24_14130,alt,Acidithiobacillus thiooxidans,Acidithiobacillus,35,30,other_proteo,False,False,False,1
DEH24_14130,alt,Shewanella oneidensis MR-1,Shewanella,26,45,kg_genus,False,False,False,1
DEH24_14130,alt,Aeromonas hydrophila subsp. hydrophila ATCC 7966,Aeromonas,29,50,out,False,False,False,1
DEH24_14130,alt,Vibrio cholerae O1 biovar eltor str. N16961,Vibrio,28,40,other_proteo,False,False,False,2
DEH24_14130,alt,Listeria monocytogenes serovar 1/2a (strain ATCC BAA-679 / EGD-e),Listeria,29,45,out,False,False,False,12
DEH24_14130,alt,Laribacter hongkongensis HLHK9,Laribacter,30,46,out,False,False,False,1
DEH24_14130,alt,Laribacter hongkongensis HLHK9,Laribacter,30,44,out,False,False,False,1
DEH24_14130,alt,Pseudomonas stutzeri A1501,Pseudomonas,29,42,kg_genus,False,False,False,1
DEH24_14130,alt,Pseudomonas fluorescens Pf-5,Pseudomonas,27,46,kg_genus,False,False,False,1
DEH24_14130,alt,Myxococcus xanthus DK 1622,Myxococcus,29,81,out,False,False,False,1
DEH24_14130,alt,Bacillus amyloliquefaciens,Bacillus,29,46,out,False,False,False,0
DEH24_14130,alt,Vitis vinifera,Vitis,26,37,out,False,False,False,2
DEH24_14130,alt,Shewanella putrefaciens,Shewanella,29,44,kg_genus,False,False,False,1
DEH24_14130,alt,Laribacter hongkongensis HLHK9,Laribacter,29,44,out,False,False,False,1
DEH24_14130,alt,Laribacter hongkongensis HLHK9,Laribacter,29,41,out,False,False,False,1
DEH24_14130,alt,Laribacter hongkongensis HLHK9,Laribacter,29,41,out,False,False,False,1
DEH24_14130,alt,Vibrio parahaemolyticus RIMD 2210633,Vibrio,23,39,other_proteo,False,False,False,1
DEH24_14130,alt,Vibrio parahaemolyticus RIMD 2210633,Vibrio,27,40,other_proteo,False,False,False,1
DEH24_14130,alt,Myxococcus xanthus,Myxococcus,27,93,out,False,False,False,2
DEH24_14130,alt,Helicobacter pylori J99,Helicobacter,33,42,other_proteo,False,False,False,1
DEH24_14130,alt,Campylobacter jejuni RM1221,Campylobacter,26,47,other_proteo,False,False,False,8
DEH24_14130,alt,Campylobacter jejuni subsp. jejuni 81-176,Campylobacter,26,47,other_proteo,False,False,False,2
DEH24_14130,alt,Halalkalibacterium halodurans (strain ATCC BAA-125 / DSM 18197 / FERM 7344 / JCM 9153 / C-125),Halalkalibacterium,27,46,out,False,False,False,1
DEH24_14130,alt,Vibrio anguillarum,Vibrio,30,31,other_proteo,False,False,False,1
DEH24_14130,alt,Vibrio alginolyticus,Vibrio,22,38,other_proteo,False,False,False,1
DEH24_14130,alt,Pseudomonas syringae pv. tomato str. DC3000,Pseudomonas,27,46,kg_genus,False,False,False,1
DEH24_14130,alt,Helicobacter pylori G27,Helicobacter,32,42,other_proteo,False,False,False,1
DEH24_14130,alt,Vibrio anguillarum,Vibrio,22,39,other_proteo,False,False,False,1
DEH24_14130,alt,Pseudomonas syringae pv. syringae,Pseudomonas,27,47,kg_genus,False,False,False,1
DEH24_14130,alt,Thermotoga maritima (strain ATCC 43589 / DSM 3109 / JCM 10099 / NBRC 100826 / MSB8),Thermotoga,26,85,out,True,False,False,5
DEH24_14130,alt,Vibrio cholerae O1 biovar eltor str. N16961,Vibrio,23,38,other_proteo,False,False,False,3
DEH24_14130,alt,Thermosynechococcus sp. CL-1,Thermosynechococcus,33,74,cyano,False,False,False,1
DEH24_14130,alt,Helicobacter pylori (strain ATCC 700392 / 26695) (Campylobacter pylori),Helicobacter,32,42,other_proteo,False,False,False,8
DEH24_14130,alt,Methanonatronarchaeum thermophilum,Methanonatronarchaeum,27,83,out,False,False,False,1
DEH24_14130,alt,Pseudoalteromonas sp. RW-H-Ap-1,Pseudoalteromonas,24,42,out,False,False,False,1
DEH24_14130,alt,Vibrio mimicus VM603,Vibrio,22,38,other_proteo,False,False,False,1
DEH24_14130,alt,Vibrio cholerae O1 biovar eltor str. N16961,Vibrio,23,47,other_proteo,False,False,False,5
DEH24_14130,alt,Acinetobacter baumannii,Acinetobacter,21,90,other_proteo,False,False,False,1
DEH24_14130,alt,Pseudomonas putida KT2440,Pseudomonas,27,47,kg_genus,False,False,False,3
DEH24_14130,alt,Desulfovibrio vulgaris Hildenborough,Desulfovibrio,27,41,other_proteo,False,False,False,1
DEH24_14130,alt,Periweissella ghanensis,Periweissella,28,75,out,False,False,False,1
DEH24_14130,alt,Halalkalibacterium halodurans (strain ATCC BAA-125 / DSM 18197 / FERM 7344 / JCM 9153 / C-125),Halalkalibacterium,23,49,out,False,False,False,1
DEH24_14130,alt,Pseudomonas fluorescens,Pseudomonas,27,89,kg_genus,False,False,False,1
DEH24_14130,alt,Desulfocapsa sulfexigens DSM 10523,Desulfocapsa,26,21,out,False,False,False,1
DEH24_14130,alt,Pseudomonas syringae pv. phaseolicola 1448A,Pseudomonas,25,66,kg_genus,False,False,False,1
DEH24_14130,alt,Shouchella clausii (strain KSM-K16),Shouchella,28,46,out,False,False,False,1
DEH24_14130,alt,Periweissella ghanensis,Periweissella,21,90,out,False,False,False,1
DEH24_14130,alt,Periweissella fabalis,Periweissella,27,75,out,False,False,False,1
DEH24_14130,alt,Vibrio vulnificus YJ016,Vibrio,23,41,other_proteo,False,False,False,1
DEH24_14130,alt,Pseudomonas fluorescens SBW25,Pseudomonas,31,65,kg_genus,True,False,False,2
DEH24_14130,alt,Vibrio anguillarum,Vibrio,24,48,other_proteo,False,False,False,1
DEH24_14130,alt,Synechococcus elongatus PCC 7942,Synechococcus,28,83,cyano,False,False,False,1
DEH24_14130,alt,Pseudomonas syringae pv. tomato str. DC3000,Pseudomonas,25,57,kg_genus,False,False,False,1
DEH24_14130,alt,Pseudomonas fluorescens SBW25,Pseudomonas,27,80,kg_genus,True,False,False,1
DEH24_14130,alt,Pseudomonas putida KT2440,Pseudomonas,28,89,kg_genus,False,False,False,3
DEH24_14130,alt,Shouchella clausii (strain KSM-K16),Shouchella,26,85,out,False,False,False,1
DEH24_14130,alt,Erwinia pyrifoliae DSM 12163,Erwinia,27,47,other_proteo,False,False,False,1
DEH24_14130,alt,Pseudomonas fluorescens,Pseudomonas,30,65,kg_genus,False,False,False,1
DEH24_14130,alt,Synechococcus elongatus PCC 7942,Synechococcus,26,81,cyano,False,False,False,1
DEH24_14130,alt,Synechocystis sp. PCC 6803,Synechocystis,27,72,cyano,False,False,False,4
DEH24_14130,alt,Helicobacter suis HS5,Helicobacter,29,41,other_proteo,False,False,False,1
DEH24_14130,alt,Azospirillum brasilense,Azospirillum,48,9,out,False,False,False,1
DEH24_14130,alt,Helicobacter pylori G27,Helicobacter,22,43,other_proteo,False,False,False,1
DEH24_14130,alt,Pseudomonas aeruginosa PAO1,Pseudomonas,26,70,kg_genus,False,False,False,8
DEH24_14130,alt,Periweissella fabalis,Periweissella,19,90,out,False,False,False,1
ACZ81_05680,alt,Aeromonas hydrophila subsp. hydrophila ATCC 7966,Aeromonas,42,77,out,False,False,False,2
ACZ81_05680,alt,Pseudomonas chlororaphis,Pseudomonas,31,87,kg_genus,False,False,False,1
ACZ81_05680,alt,Salmonella enterica subsp. enterica serovar Gallinarum str. 287/91,Salmonella,31,89,other_proteo,False,False,False,1
ACZ81_05680,alt,Yersinia ruckeri,Yersinia,32,87,other_proteo,False,False,False,1
ACZ81_05680,alt,Salmonella choleraesuis (strain SC-B67),Salmonella,32,87,other_proteo,False,False,False,6
ACZ81_05680,alt,Pseudomonas syringae pv. phaseolicola 1448A,Pseudomonas,34,75,kg_genus,False,False,False,1
ACZ81_05680,alt,Photorhabdus laumondii subsp. laumondii (strain DSM 15139 / CIP 105565 / TT01) (Photorhabdus luminescens subsp. laumondii),Photorhabdus,32,87,out,False,False,False,0
ACZ81_05680,alt,Klebsiella pneumoniae,Klebsiella,31,85,other_proteo,False,False,False,4
ACZ81_05680,alt,Salmonella enterica subsp. enterica serovar Typhimurium str. LT2,Salmonella,31,87,other_proteo,False,False,False,6
ACZ81_05680,alt,Salmonella typhimurium (strain LT2 / SGSC1412 / ATCC 700720),Salmonella,31,87,other_proteo,False,False,False,12
ACZ81_05680,alt,Pseudomonas aeruginosa (strain ATCC 15692 / DSM 22644 / CIP 104116 / JCM 14847 / LMG 12228 / 1C / PRS 101 / PAO1),Pseudomonas,29,85,kg_genus,False,False,False,7
ACZ81_05680,alt,Pseudomonas putida KT2440,Pseudomonas,30,87,kg_genus,False,False,False,1
ACZ81_05680,alt,Yersinia pseudotuberculosis serotype I (strain IP32953),Yersinia,29,87,other_proteo,False,False,False,19
ACZ81_05680,alt,Candidatus Blochmannia floridanus,Candidatus,30,87,other_proteo,False,True,False,1
ACZ81_05680,alt,Serratia sp. (strain ATCC 39006) (Prodigiosinella confusarubida),Serratia,30,94,other_proteo,False,False,False,1
ACZ81_05680,alt,Escherichia coli UTI89,Escherichia,31,87,other_proteo,False,False,False,1
ACZ81_05680,alt,Escherichia coli CFT073,Escherichia,31,87,other_proteo,False,False,False,1
ACZ81_05680,alt,Yersinia enterocolitica,Yersinia,29,87,other_proteo,False,False,False,0
ACZ81_05680,alt,Oxalobacter paraformigenes,Oxalobacter,37,64,out,False,False,False,1
ACZ81_05680,alt,Dickeya dadantii 3937,Dickeya,30,95,out,False,False,False,2
ACZ81_05680,alt,Vibrio parahaemolyticus RIMD 2210633,Vibrio,30,84,other_proteo,False,False,False,1
ACZ81_05680,alt,Oxalobacter formigenes OXCC13,Oxalobacter,30,84,out,False,False,False,1
ACZ81_05680,alt,Pseudomonas syringae pv. tomato str. DC3000,Pseudomonas,33,75,kg_genus,False,False,False,1
ACZ81_05680,alt,Escherichia coli K-12 substr. MG1655,Escherichia,30,87,other_proteo,False,False,False,15
ACZ81_05680,alt,Escherichia coli,Escherichia,30,87,other_proteo,False,False,False,0
ACZ81_05680,alt,Bordetella bronchiseptica RB50,Bordetella,33,68,other_proteo,False,False,False,1
ACZ81_05680,alt,Pectobacterium atrosepticum SCRI1043,Pectobacterium,30,95,out,False,False,False,2
ACZ81_05680,alt,Pectobacterium carotovorum subsp. carotovorum (Erwinia carotovora subsp. carotovora),Pectobacterium,30,95,out,False,False,False,1
ACZ81_05680,alt,Pectobacterium parmentieri,Pectobacterium,30,95,out,False,False,False,1
ACZ81_05680,alt,Xanthomonas axonopodis pv. citri str. 306,Xanthomonas,28,85,other_proteo,False,False,False,1
ACZ81_05680,alt,Burkholderia cenocepacia J2315,Burkholderia,35,76,other_proteo,False,False,False,0
ACZ81_05680,alt,Burkholderia,Burkholderia,29,88,other_proteo,False,False,False,2
ACZ81_05680,alt,Pseudomonas fluorescens Pf-5,Pseudomonas,31,78,kg_genus,False,False,False,1
ACZ81_05680,alt,Xanthomonas campestris pv. campestris str. ATCC 33913,Xanthomonas,29,91,other_proteo,False,False,False,1
ACZ81_05680,alt,Klebsiella pneumoniae subsp. pneumoniae,Klebsiella,28,84,other_proteo,False,False,False,1
ACZ81_05680,alt,Pseudomonas syringae pv. phaseolicola 1448A,Pseudomonas,31,71,kg_genus,False,False,False,2
ACZ81_05680,alt,Xanthomonas euroxanthea,Xanthomonas,29,77,other_proteo,False,False,False,1
ACZ81_05680,alt,Mesorhizobium loti MAFF303099,Mesorhizobium,31,71,out,False,False,False,1
ACZ81_05680,alt,Pseudomonas putida KT2440,Pseudomonas,28,87,kg_genus,False,False,False,5
ACZ81_05680,alt,Pseudomonas syringae pv. tomato str. DC3000,Pseudomonas,31,71,kg_genus,False,False,False,1
ACZ81_05680,alt,Klebsiella pneumoniae subsp. pneumoniae,Klebsiella,27,81,other_proteo,False,False,False,1
ACZ81_05680,alt,Desulfovibrio vulgaris Hildenborough,Desulfovibrio,26,85,other_proteo,False,False,False,3
ACZ81_05680,alt,Rhodobacter sphaeroides 2.4.1,Rhodobacter,28,77,out,False,False,False,1
ACZ81_05680,alt,Mycobacterium smegmatis str. MC2 155,Mycobacterium,28,65,out,False,False,False,1
ACZ81_05680,alt,Bacillus subtilis subsp. subtilis str. 168,Bacillus,27,79,out,False,False,False,1
ACZ81_05680,alt,Burkholderia thailandensis E264,Burkholderia,28,75,other_proteo,False,False,False,0
ACZ81_05680,alt,Burkholderia,Burkholderia,24,89,other_proteo,False,False,False,0
ACZ81_05680,alt,Burkholderia,Burkholderia,28,75,other_proteo,False,False,False,0
ACZ81_05680,alt,Burkholderia,Burkholderia,28,71,other_proteo,False,False,False,1
ACZ81_05680,alt,Desulfovibrio vulgaris Hildenborough,Desulfovibrio,25,52,other_proteo,False,False,False,2
ACZ81_05680,alt,Oxalobacter paraformigenes,Oxalobacter,22,92,out,False,False,False,1
ACZ81_05680,alt,Bacteroides fragilis 638R,Bacteroides,30,73,out,False,False,False,1
ACZ81_05680,alt,Streptococcus agalactiae 2603V/R,Streptococcus,32,58,out,False,False,False,1
ACZ81_05680,alt,Magnetospirillum magneticum AMB-1,Magnetospirillum,32,57,out,False,True,False,1
ACZ81_05680,alt,Lactobacillus acidophilus NCFM,Lactobacillus,27,77,out,False,False,False,2
ACZ81_05680,alt,Mycobacterium marinum M,Mycobacterium,30,50,out,False,False,False,1
ACZ81_05680,alt,Sinorhizobium meliloti 1021,Sinorhizobium,22,84,other_proteo,False,False,False,2
ACZ81_05680,alt,Streptococcus agalactiae NEM316,Streptococcus,32,56,out,False,False,False,3
ACZ81_05680,alt,Mycobacterium tuberculosis H37Rv,Mycobacterium,28,53,out,False,False,False,6
ACZ81_05680,alt,Streptococcus gallolyticus subsp. gallolyticus ATCC BAA-2069,Streptococcus,36,50,out,False,False,False,1
ACZ81_05680,alt,Sinorhizobium meliloti 1021,Sinorhizobium,27,76,other_proteo,False,False,False,1
ACZ81_05680,alt,Clostridium beijerincki NCIMB 8052,Clostridium,34,44,out,False,False,False,1
ACZ81_05680,alt,Burkholderia pseudomallei K96243,Burkholderia,27,62,other_proteo,False,False,False,0
ACZ81_05680,alt,Burkholderia,Burkholderia,28,32,other_proteo,False,False,False,1
ACZ81_05680,alt,Novosphingobium aromaticivorans DSM 12444,Novosphingobium,23,87,out,False,False,False,2
ACZ81_05680,alt,Enterobacter sakazakii ATCC BAA-894,Enterobacter,25,81,other_proteo,False,False,False,1
ACZ81_05680,alt,Clostridium difficile 630,Clostridium,28,61,out,False,False,False,1
ACZ81_05680,alt,Zymomonas mobilis subsp. mobilis ZM4,Zymomonas,24,79,out,False,False,False,2
ACZ81_05680,alt,Bordetella petrii (strain ATCC BAA-461 / DSM 12804 / CCUG 43448 / CIP 107267 / Se-1111R),Bordetella,27,69,other_proteo,False,False,False,1
ACZ81_05680,alt,Corynebacterium diphtheriae NCTC 13129,Corynebacterium,26,90,out,False,False,False,1
ACZ81_05680,alt,Methanosarcina acetivorans C2A,Methanosarcina,32,52,out,False,False,False,1
ACZ81_05680,alt,Escherichia coli CFT073,Escherichia,21,69,other_proteo,False,False,False,3
ACZ81_05680,alt,Clostridioides difficile 630,Clostridioides,26,66,out,False,False,False,2
ACZ81_05680,alt,Ralstonia solanacearum,Ralstonia,25,76,other_proteo,False,False,False,1
ACZ81_05680,alt,Clostridium ljungdahlii DSM 13528,Clostridium,25,77,out,False,False,False,1
ACZ81_05680,alt,Streptococcus gallolyticus UCN34,Streptococcus,28,54,out,False,False,False,0
ACZ81_05680,alt,Mycobacterium marinum M,Mycobacterium,25,68,out,False,False,False,1
ACZ81_05680,alt,Lactobacillus plantarum WCFS1,Lactobacillus,26,53,out,False,False,False,1
ACZ81_05680,alt,Burkholderia cenocepacia J2315,Burkholderia,32,58,other_proteo,False,False,False,0
ACZ81_05680,alt,Burkholderia,Burkholderia,28,31,other_proteo,False,False,False,2
ACZ81_05680,alt,Streptococcus thermophilus CNRZ1066,Streptococcus,25,58,out,False,False,False,1
ACZ81_05680,alt,Listeria monocytogenes EGD-e,Listeria,26,83,out,False,False,False,2
ACZ81_05680,alt,Sinorhizobium meliloti 1021,Sinorhizobium,25,77,other_proteo,False,False,False,1
ACZ81_05680,alt,Listeria monocytogenes str. 4b F2365,Listeria,32,64,out,False,False,False,1
ACZ81_05680,alt,Methanosarcina acetivorans C2A,Methanosarcina,28,78,out,False,False,False,1
ACZ81_05680,alt,Bacillus cereus ATCC 14579,Bacillus,24,74,out,False,False,False,1
ACZ81_05680,alt,Burkholderia thailandensis E264,Burkholderia,26,62,other_proteo,False,False,False,0
ACZ81_05680,alt,Burkholderia,Burkholderia,27,87,other_proteo,False,False,False,4
ACZ81_05680,alt,Mycobacterium abscessus ATCC 19977,Mycobacterium,21,77,out,False,False,False,4
ACZ81_05680,alt,Lacticaseibacillus rhamnosus GG,Lacticaseibacillus,27,47,out,False,False,False,1
ACZ81_05680,alt,Ruegeria pomeroyi DSS-3,Ruegeria,30,77,kg_genus,False,False,False,1
ACZ81_05680,alt,Rhizobium tropici CIAT 899,Rhizobium,20,88,other_proteo,False,False,False,1
ACZ81_05680,alt,Bradyrhizobium diazoefficiens USDA 110,Bradyrhizobium,31,54,other_proteo,False,False,False,2
EZ55_02117,alt,Riemerella anatipestifer RA-YM,Riemerella,26,90,out,False,False,False,1
EZ55_02117,alt,Riemerella anatipestifer ATCC 11845 = DSM 15868,Riemerella,26,92,out,False,False,False,2
EZ55_02117,alt,Riemerella anatipestifer RA-CH-1,Riemerella,26,90,out,False,False,False,2
EZ55_02117,alt,Bizionia argentinensis JUB59,Bizionia,26,81,out,False,False,False,1
EZ55_02117,alt,Flavobacterium columnare,Flavobacterium,25,82,out,False,False,False,1
EZ55_02117,alt,Pseudomonas paraeruginosa,Pseudomonas,26,91,kg_genus,False,False,False,1
EZ55_02117,alt,Caulobacter crescentus NA1000,Caulobacter,25,85,other_proteo,False,False,False,10
EZ55_02117,alt,Piscirickettsia salmonis,Piscirickettsia,25,87,out,False,False,False,1
EZ55_02117,alt,Herbaspirillum seropedicae SmR1,Herbaspirillum,24,98,out,False,False,False,1
EZ55_02117,alt,Vibrio alginolyticus,Vibrio,25,94,other_proteo,False,False,False,1
EZ55_02117,alt,Pseudomonas fluorescens,Pseudomonas,24,76,kg_genus,False,False,False,1
EZ55_02117,alt,Pseudomonas fragi,Pseudomonas,23,80,kg_genus,False,False,False,1
EZ55_02117,alt,Vibrio parahaemolyticus RIMD 2210633,Vibrio,24,94,other_proteo,False,False,False,8
EZ55_02117,alt,Xanthomonas campestris pv. campestris str. ATCC 33913,Xanthomonas,24,90,other_proteo,False,False,False,3
EZ55_02117,alt,Shewanella piezotolerans WP3,Shewanella,23,88,kg_genus,False,False,False,1
EZ55_02117,alt,Xanthomonas arboricola pv. juglandis,Xanthomonas,24,90,other_proteo,False,False,False,1
EZ55_02117,alt,Pseudomonas fluorescens FW300-N2E2,Pseudomonas,25,75,kg_genus,False,False,False,0
EZ55_02117,alt,Xanthomonas axonopodis pv. citri str. 306,Xanthomonas,23,89,other_proteo,False,False,False,1
EZ55_02117,alt,Xanthomonas oryzae pv. oryzicola BLS256,Xanthomonas,23,97,other_proteo,False,False,False,2
EZ55_02117,alt,Pseudoalteromonas haloplanktis TAC125,Pseudoalteromonas,23,97,out,False,False,False,1
EZ55_02117,alt,Pseudomonas syringae pv. syringae B728a,Pseudomonas,22,87,kg_genus,False,False,False,1
EZ55_02117,alt,Pseudomonas simiae WCS417,Pseudomonas,24,77,kg_genus,False,False,False,0
EZ55_02117,alt,Pseudomonas syringae pv. tomato str. DC3000,Pseudomonas,23,87,kg_genus,False,False,False,6
EZ55_02117,alt,Xanthomonas oryzae pv. oryzae KACC10331,Xanthomonas,22,97,other_proteo,False,False,False,2
EZ55_02117,alt,Pseudomonas savastanoi pv. savastanoi NCPPB 3335,Pseudomonas,22,87,kg_genus,False,False,False,1
EZ55_02117,alt,Pseudomonas syringae pv. phaseolicola 1448A,Pseudomonas,22,90,kg_genus,False,False,False,1
EZ55_02117,alt,Pectobacterium versatile,Pectobacterium,22,79,out,False,False,False,1
EZ55_02117,alt,Pseudomonas putida KT2440,Pseudomonas,24,62,kg_genus,False,False,False,3
EZ55_02117,alt,Escherichia coli K-12 substr. MG1655,Escherichia,21,80,other_proteo,False,False,False,22
EZ55_02117,alt,Klebsiella pneumoniae IS43,Klebsiella,22,88,other_proteo,False,False,False,1
EZ55_02117,alt,Pseudomonas aeruginosa,Pseudomonas,21,87,kg_genus,False,False,False,11
EZ55_02117,alt,Pseudomonas aeruginosa UCBPP-PA14,Pseudomonas,21,87,kg_genus,False,False,False,1
EZ55_02117,alt,Pseudomonas aeruginosa PAK,Pseudomonas,21,87,kg_genus,False,False,False,1
EZ55_02117,alt,Pseudomonas aeruginosa PAK,Pseudomonas,23,79,kg_genus,False,False,False,1
EZ55_02117,alt,Pseudomonas aeruginosa PAO1,Pseudomonas,23,79,kg_genus,False,False,False,10
EZ55_02117,alt,Stenotrophomonas maltophilia K279a,Stenotrophomonas,23,92,out,False,False,False,4
EZ55_02117,alt,Stenotrophomonas maltophilia K279a,Stenotrophomonas,23,92,out,False,False,False,1
EZ55_02117,alt,Ralstonia metallidurans CH34,Ralstonia,20,97,other_proteo,False,False,False,1
EZ55_02117,alt,Ralstonia metallidurans CH34,Ralstonia,21,95,other_proteo,False,False,False,2
EZ55_02117,alt,Cupriavidus metallidurans CH34,Cupriavidus,21,97,other_proteo,False,False,False,2
EZ55_02117,alt,Cupriavidus metallidurans CH34,Cupriavidus,20,97,other_proteo,False,False,False,1
EZ55_02117,alt,Xanthomonas albilineans,Xanthomonas,21,87,other_proteo,False,False,False,2
EZ55_02117,alt,Leptospira biflexa serovar Patoc strain 'Patoc 1 (Paris)',Leptospira,22,56,out,False,False,False,1
EZ55_02117,alt,Pectobacterium versatile,Pectobacterium,23,96,out,False,False,False,1
EZ55_02117,alt,Nitrosomonas europaea ATCC 19718,Nitrosomonas,24,59,other_proteo,False,False,False,1
EZ55_02117,alt,Yersinia pestis KIM,Yersinia,22,95,other_proteo,False,False,False,3
EZ55_02117,alt,Acinetobacter baumannii,Acinetobacter,22,83,other_proteo,False,False,False,1
EZ55_02117,alt,Vibrio anguillarum,Vibrio,22,84,other_proteo,False,False,False,1
EZ55_02117,alt,Acinetobacter baumannii MDR-ZJ06,Acinetobacter,21,83,other_proteo,False,False,False,1
EZ55_02117,alt,Pseudomonas putida KT2440,Pseudomonas,23,45,kg_genus,False,False,False,1
EZ55_02117,alt,Vibrio parahaemolyticus RIMD 2210633,Vibrio,22,85,other_proteo,False,False,False,2
EZ55_02117,alt,Pseudomonas fulva,Pseudomonas,23,44,kg_genus,False,False,False,1
EZ55_02117,alt,Leptospira interrogans serogroup Icterohaemorrhagiae serovar copenhageni (strain Fiocruz L1-130),Leptospira,23,28,out,False,False,False,10
EZ55_02117,alt,Leptospira interrogans serovar lai str. 56601,Leptospira,23,28,out,False,False,False,2
EZ55_02117,alt,Acinetobacter baumannii (strain ATCC 19606 / DSM 30007 / JCM 6841 / CCUG 19606 / CIP 70.34 / NBRC 109757 / NCIMB 12457 / NCTC 12156 / 81),Acinetobacter,21,83,other_proteo,False,False,False,2
EZ55_02117,alt,Rhizobium sp. NGR234,Rhizobium,23,80,other_proteo,False,False,False,1
EZ55_02117,alt,Vibrio parahaemolyticus BB22OP,Vibrio,22,85,other_proteo,False,False,False,1
EZ55_02117,alt,Vibrio parahaemolyticus,Vibrio,26,40,other_proteo,False,False,False,1
EZ55_02117,alt,Leptospira interrogans serovar Manilae,Leptospira,23,28,out,False,False,False,1
EZ55_02117,alt,Acinetobacter baumannii ATCC 17978,Acinetobacter,21,83,other_proteo,False,False,False,5
EZ55_02117,alt,Pelobacter carbinolicus str. DSM 2380,Pelobacter,27,34,out,False,False,False,1
EZ55_02117,alt,Alcanivorax borkumensis SK2,Alcanivorax,23,40,out,False,False,False,1
EZ55_02117,alt,Fusobacterium animalis 7_1,Fusobacterium,22,87,out,False,False,False,1
EZ55_02117,alt,Flavobacterium columnare,Flavobacterium,21,77,out,False,False,False,1
EZ55_02117,alt,Pseudomonas putida KT2440,Pseudomonas,26,34,kg_genus,False,False,False,1
EZ55_02117,alt,Shewanella oneidensis MR-1,Shewanella,23,95,kg_genus,False,False,False,4
EZ55_02117,alt,Vibrio salmonicida LFI1238,Vibrio,23,66,other_proteo,False,False,False,2
EZ55_02117,alt,Vibrio cholerae PS15,Vibrio,24,40,other_proteo,False,False,False,1
EZ55_02117,alt,Undibacterium sp. Jales W-56,Undibacterium,24,48,out,False,False,False,1
EZ55_02117,alt,Vibrio cholerae O1 biovar eltor str. N16961,Vibrio,25,40,other_proteo,False,False,False,8
EZ55_02117,alt,Pseudomonas aeruginosa,Pseudomonas,23,41,kg_genus,False,False,False,1
EZ55_02117,alt,Pseudomonas aeruginosa (strain UCBPP-PA14),Pseudomonas,23,41,kg_genus,False,False,False,3
EZ55_02117,alt,Methylobacterium mesophilicum SR1.6/6,Methylobacterium,26,26,out,False,False,False,1
EZ55_02117,alt,Pseudomonas brassicacearum,Pseudomonas,25,39,kg_genus,False,False,False,1
EZ55_02117,alt,Pseudomonas aeruginosa (strain ATCC 15692 / DSM 22644 / CIP 104116 / JCM 14847 / LMG 12228 / 1C / PRS 101 / PAO1),Pseudomonas,23,41,kg_genus,False,False,False,11
EZ55_02117,alt,Escherichia coli O157:H7 EDL933,Escherichia,25,40,other_proteo,False,False,False,3
EZ55_02117,alt,Pectobacterium versatile,Pectobacterium,22,93,out,False,False,False,1
EZ55_02117,alt,Bacteroides fragilis YCH46,Bacteroides,24,37,out,False,False,False,1
EZ55_02117,alt,Pseudomonas chlororaphis subsp. aureofaciens 30-84,Pseudomonas,20,43,kg_genus,False,False,False,1
EZ55_02117,alt,Xanthomonas axonopodis pv. citri str. 306,Xanthomonas,23,85,other_proteo,False,False,False,1
EZ55_02117,alt,Helicobacter pylori J99,Helicobacter,22,61,other_proteo,False,False,False,6
EZ55_02117,alt,Stenotrophomonas maltophilia K279a,Stenotrophomonas,23,78,out,False,False,False,2
EZ55_02117,alt,Escherichia coli,Escherichia,25,40,other_proteo,False,False,False,9
EZ55_02117,alt,Bordetella bronchiseptica RB50,Bordetella,24,32,other_proteo,False,False,False,3
EZ55_02117,alt,Fusobacterium polymorphum ATCC 10953,Fusobacterium,22,51,out,False,False,False,2
EZ55_02117,alt,Agrobacterium tumefaciens 5A,Agrobacterium,25,37,other_proteo,False,False,False,1
EZ55_02117,alt,Bordetella pertussis (strain Tohama I / ATCC BAA-589 / NCTC 13251),Bordetella,24,32,other_proteo,False,False,False,7
EZ55_02117,alt,Agrobacterium tumefaciens str. C58 (Cereon),Agrobacterium,23,38,other_proteo,False,False,False,2
EZ55_02117,alt,Helicobacter pylori G27,Helicobacter,22,61,other_proteo,False,False,False,2
EZ55_02117,alt,Pseudomonas ogarae,Pseudomonas,24,44,kg_genus,False,False,False,1
EZ55_02117,alt,Escherichia coli,Escherichia,24,43,other_proteo,False,False,False,1
EZ55_02117,alt,Bordetella parapertussis 12822,Bordetella,23,32,other_proteo,False,False,False,1
EZ55_02117,alt,Pseudomonas aeruginosa UCBPP-PA14,Pseudomonas,25,44,kg_genus,False,False,False,3
EZ55_02117,alt,Pseudomonas aeruginosa (strain ATCC 15692 / DSM 22644 / CIP 104116 / JCM 14847 / LMG 12228 / 1C / PRS 101 / PAO1),Pseudomonas,25,44,kg_genus,False,False,False,2
EZ55_02117,alt,Pseudomonas aeruginosa,Pseudomonas,27,28,kg_genus,False,False,False,8
EZ55_02117,alt,Pseudomonas aeruginosa,Pseudomonas,23,64,kg_genus,False,False,False,1
EZ55_02117,alt,Pseudomonas aeruginosa UCBPP-PA14,Pseudomonas,27,28,kg_genus,False,False,False,1
EZ55_02117,alt,Pseudomonas aeruginosa M18,Pseudomonas,27,28,kg_genus,False,False,False,1
EZ55_02117,alt,Riemerella anatipestifer ATCC 11845 = DSM 15868,Riemerella,20,42,out,False,False,False,1
EZ55_02117,alt,Escherichia coli CFT073,Escherichia,23,43,other_proteo,False,False,False,8
EZ55_02117,alt,Cupriavidus metallidurans CH34,Cupriavidus,22,90,other_proteo,False,False,False,1
EZ55_02117,alt,Xanthomonas campestris pv. campestris str. 8004,Xanthomonas,26,28,other_proteo,False,False,False,5
EZ55_02117,alt,Cupriavidus metallidurans (strain ATCC 43123 / DSM 2839 / NBRC 102507 / CH34),Cupriavidus,22,87,other_proteo,False,False,False,1
EZ55_02117,alt,Pseudomonas fluorescens,Pseudomonas,25,43,kg_genus,False,False,False,1
EZ55_02117,alt,Pseudomonas brassicacearum,Pseudomonas,23,44,kg_genus,False,False,False,1
EZ55_02117,alt,Pseudomonas putida KT2440,Pseudomonas,25,33,kg_genus,False,False,False,3
EZ55_02117,alt,Rhodopseudomonas palustris CGA009,Rhodopseudomonas,22,77,other_proteo,False,False,False,1
EZ55_02117,alt,Pseudomonas syringae pv. tomato str. DC3000,Pseudomonas,23,39,kg_genus,False,False,False,1
EZ55_02117,alt,Riemerella anatipestifer RA-YM,Riemerella,20,42,out,False,False,False,1
EZ55_02117,alt,Klebsiella pneumoniae IS43,Klebsiella,22,88,other_proteo,False,False,False,1
EZ55_02117,alt,Escherichia coli O157:H7 EDL933,Escherichia,23,43,other_proteo,False,False,False,12
EZ55_02117,alt,Escherichia coli,Escherichia,23,43,other_proteo,False,False,False,1
EZ55_02117,alt,Escherichia coli,Escherichia,23,43,other_proteo,False,False,False,1
EZ55_02117,alt,Erwinia amylovora CFBP1430,Erwinia,22,43,other_proteo,False,False,False,2
EZ55_02117,alt,Sphingomonas wittichii RW1,Sphingomonas,26,29,other_proteo,False,False,False,1
EZ55_02117,alt,Xanthomonas axonopodis pv. citri str. 306,Xanthomonas,21,79,other_proteo,False,False,False,1
EZ55_02117,alt,Pseudomonas brassicacearum,Pseudomonas,25,32,kg_genus,False,False,False,1
EZ55_02117,alt,Avibacterium paragallinarum,Avibacterium,20,80,out,False,False,False,1
EZ55_02117,alt,Actinobacillus pleuropneumoniae L20,Actinobacillus,21,78,other_proteo,False,False,False,2
EZ55_02117,alt,Myxococcus xanthus DK 1622,Myxococcus,26,19,out,False,False,False,1
EZ55_02117,alt,Vibrio anguillarum,Vibrio,26,38,other_proteo,False,False,False,1
EZ55_02117,alt,Alteromonas macleodii ATCC 27126,Alteromonas,30,33,kg_genus,False,False,False,1
EZ55_02117,alt,Klebsiella pneumoniae 30684/NJST258_2,Klebsiella,23,41,other_proteo,False,False,False,1
EZ55_02117,alt,Nostoc sp. PCC 7120,Nostoc,26,31,cyano,False,False,False,2
EZ55_02117,alt,Trichormus variabilis ATCC 29413,Trichormus,23,34,cyano,False,False,False,1
EZ55_02117,alt,Vibrio parahaemolyticus,Vibrio,22,66,other_proteo,False,False,False,4
EZ55_02117,alt,Pseudomonas ogarae,Pseudomonas,22,87,kg_genus,False,False,False,1
EZ55_02117,alt,Acinetobacter baumannii ATCC 17978,Acinetobacter,25,40,other_proteo,False,False,False,6
EZ55_02117,alt,Ensifer sp. M14,Ensifer,26,32,out,False,False,False,1
EZ55_02117,alt,Vibrio parahaemolyticus RIMD 2210633,Vibrio,24,41,other_proteo,False,False,False,2
EZ55_02117,alt,Riemerella anatipestifer RA-CH-1,Riemerella,20,42,out,False,False,False,4
EZ55_02117,alt,Pseudomonas aeruginosa,Pseudomonas,23,32,kg_genus,False,False,False,24
EZ55_02117,alt,Shewanella oneidensis MR-1,Shewanella,28,19,kg_genus,False,False,False,11
EZ55_02117,alt,Acinetobacter baumannii DU202,Acinetobacter,25,40,other_proteo,False,False,False,1
EZ55_02117,alt,Azotobacter chroococcum NCIMB 8003,Azotobacter,32,16,out,False,False,False,1
EZ55_02117,alt,Allochromatium vinosum DSM 180,Allochromatium,29,25,other_proteo,False,False,False,1
EZ55_02117,alt,Sphingobium sp. SYK-6,Sphingobium,24,30,out,False,False,False,3
EZ55_02117,alt,Shewanella oneidensis MR-1,Shewanella,28,19,kg_genus,False,False,False,10
ACZ81_12890,alt,Vibrio cholerae O1 biovar eltor str. N16961,Vibrio,66,97,other_proteo,False,False,False,3
ACZ81_12890,alt,Pseudomonas stutzeri RCH2,Pseudomonas,61,100,kg_genus,False,False,True,0
ACZ81_12890,alt,Stutzerimonas stutzeri A1501,Stutzerimonas,61,100,out,False,False,False,1
ACZ81_12890,alt,Stutzerimonas kunmingensis,Stutzerimonas,60,100,out,False,False,False,1
ACZ81_12890,alt,Stutzerimonas kunmingensis,Stutzerimonas,60,100,out,False,False,False,1
ACZ81_12890,alt,Rhodopirellula baltica (strain DSM 10527 / NCIMB 13988 / SH1),Rhodopirellula,49,96,out,False,False,False,1
ACZ81_12890,alt,Paracoccus denitrificans PD1222,Paracoccus,50,93,other_proteo,False,False,False,2
ACZ81_12890,alt,Glutamicibacter arilaitensis Re117,Glutamicibacter,50,92,out,False,False,False,1
ACZ81_12890,alt,Desulfitobacterium hafniense Y51,Desulfitobacterium,44,87,out,False,False,False,1
ACZ81_12890,alt,Dethiobacter alkaliphilus AHT 1,Dethiobacter,47,98,out,False,False,False,1
ACZ81_12890,alt,Desulfohalobium retbaense DSM 5692,Desulfohalobium,44,97,out,False,False,False,1
ACZ81_12890,alt,Desulfovibrio desulfuricans G20,Desulfovibrio,45,92,other_proteo,False,False,False,4
ACZ81_12890,alt,Nitratidesulfovibrio vulgaris (strain ATCC 29579 / DSM 644 / CCUG 34227 / NCIMB 8303 / VKM B-1760 / Hildenborough),Nitratidesulfovibrio,44,95,out,False,False,False,9
ACZ81_12890,alt,Desulfovibrio vulgaris Hildenborough,Desulfovibrio,43,95,other_proteo,False,False,False,8
ACZ81_12890,alt,Shewanella algae,Shewanella,41,96,kg_genus,False,False,False,1
ACZ81_12890,alt,Shewanella sp. ANA-3,Shewanella,41,95,kg_genus,False,False,False,0
ACZ81_12890,alt,Haloferax volcanii DS2,Haloferax,40,98,out,False,False,False,3
ACZ81_12890,alt,Shewanella oneidensis MR-1,Shewanella,40,95,kg_genus,False,False,False,11
ACZ81_12890,alt,Bilophila wadsworthia,Bilophila,43,96,out,False,False,False,3
ACZ81_12890,alt,Archaeoglobus fulgidus DSM 4304,Archaeoglobus,38,94,out,False,False,False,3
ACZ81_12890,alt,Staphylococcus xylosus,Staphylococcus,37,97,out,False,False,False,2
ACZ81_12890,alt,Staphylococcus pseudintermedius,Staphylococcus,38,97,out,False,False,False,1
ACZ81_12890,alt,Haloferax volcanii DS2,Haloferax,35,98,out,False,False,False,1
ACZ81_12890,alt,Neisseria meningitidis MC58,Neisseria,34,94,other_proteo,False,False,False,8
ACZ81_12890,alt,Neisseria meningitidis FAM18,Neisseria,34,94,other_proteo,False,False,False,1
ACZ81_12890,alt,Neisseria gonorrhoeae MS11,Neisseria,34,94,other_proteo,False,False,False,1
ACZ81_12890,alt,Neisseria gonorrhoeae FA 1090,Neisseria,34,94,other_proteo,False,False,False,7
ACZ81_12890,alt,Neisseria gonorrhoeae,Neisseria,31,96,other_proteo,False,False,False,1
ACZ81_12890,alt,Photobacterium profundum SS9,Photobacterium,31,94,other_proteo,False,False,False,1
ACZ81_12890,alt,Acetobacterium woodii DSM 1030,Acetobacterium,30,95,out,False,False,False,4
ACZ81_12890,alt,Tepidanaerobacter acetatoxydans Re1,Tepidanaerobacter,31,90,out,False,False,False,1
ACZ81_12890,alt,Clostridium ljungdahlii DSM 13528,Clostridium,28,100,out,False,False,False,2
ACZ81_12890,alt,Clostridium tyrobutyricum,Clostridium,30,100,out,False,False,False,1
ACZ81_12890,alt,Actinobacillus pleuropneumoniae L20,Actinobacillus,31,96,other_proteo,False,False,False,1
ACZ81_12890,alt,Actinobacillus pleuropneumoniae serovar 1 str. 4074,Actinobacillus,31,96,other_proteo,False,False,False,1
ACZ81_12890,alt,Haemophilus influenzae 86-028NP,Haemophilus,31,93,other_proteo,False,False,False,1
ACZ81_12890,alt,Aliiglaciecola sp. LCG003,Aliiglaciecola,33,92,out,False,False,False,1
ACZ81_12890,alt,Haemophilus influenzae Rd KW20,Haemophilus,31,93,other_proteo,False,False,False,8
ACZ81_12890,alt,Borrelia burgdorferi B31,Borrelia,28,96,out,False,False,False,9
ACZ81_12890,alt,Haemophilus influenzae R2846,Haemophilus,32,88,other_proteo,False,False,False,1
ACZ81_12890,alt,Eubacterium maltosivorans,Eubacterium,28,94,out,False,False,False,1
ACZ81_12890,alt,Desulfovibrio vulgaris Hildenborough,Desulfovibrio,30,98,other_proteo,False,False,False,7
ACZ81_12890,alt,Acinetobacter baumannii MDR-ZJ06,Acinetobacter,28,91,other_proteo,False,False,False,1
ACZ81_12890,alt,Acinetobacter baumannii AB0057,Acinetobacter,28,91,other_proteo,False,False,False,3
ACZ81_12890,alt,Acinetobacter baumannii,Acinetobacter,28,91,other_proteo,False,False,False,2
ACZ81_12890,alt,Clostridium perfringens str. 13,Clostridium,28,93,out,False,False,False,1
ACZ81_12890,alt,Clostridium beijerincki NCIMB 8052,Clostridium,28,92,out,False,False,False,1
ACZ81_12890,alt,Borrelia duttonii Ly,Borrelia,28,92,out,False,False,False,1
ACZ81_12890,alt,Desulfovibrio vulgaris Hildenborough,Desulfovibrio,28,91,other_proteo,False,False,False,7
ACZ81_12890,alt,Cronobacter sakazakii ATCC BAA-894,Cronobacter,28,97,out,False,False,False,1
ACZ81_12890,alt,Pseudomonas putida KT2440,Pseudomonas,28,97,kg_genus,False,False,False,4
ACZ81_12890,alt,Acinetobacter sp. ADP1,Acinetobacter,27,97,other_proteo,False,False,False,1
ACZ81_12890,alt,Bacillus subtilis (strain 168),Bacillus,28,91,out,False,False,False,7
ACZ81_12890,alt,Thermodesulfovibrio sp. N1,Thermodesulfovibrio,27,91,out,False,False,False,1
ACZ81_12890,alt,Salmonella enterica subsp. enterica serovar Typhimurium str. 14028S,Salmonella,27,97,other_proteo,False,False,False,6
ACZ81_12890,alt,Pelotomaculum thermopropionicum SI,Pelotomaculum,28,95,out,False,False,False,1
ACZ81_12890,alt,Salmonella enterica subsp. enterica serovar Kentucky,Salmonella,27,97,other_proteo,False,False,False,1
ACZ81_12890,alt,Campylobacter jejuni subsp. jejuni NCTC 11168,Campylobacter,30,98,other_proteo,False,False,False,11
ACZ81_12890,alt,Bacillus anthracis str. Sterne,Bacillus,29,96,out,False,False,False,2
ACZ81_12890,alt,Heyndrickxia coagulans DSM 1 = ATCC 7050,Heyndrickxia,28,90,out,False,False,False,1
ACZ81_12890,alt,Shewanella oneidensis MR-1,Shewanella,27,97,kg_genus,False,False,False,6
ACZ81_12890,alt,Pseudomonas fluorescens SBW25,Pseudomonas,26,97,kg_genus,True,False,False,1
ACZ81_12890,alt,Pseudomonas simiae WCS417,Pseudomonas,26,97,kg_genus,False,False,False,0
ACZ81_12890,alt,Pseudomonas fluorescens FW300-N2C3,Pseudomonas,27,86,kg_genus,False,False,False,0
ACZ81_12890,alt,Desulfovibrio desulfuricans G20,Desulfovibrio,28,85,other_proteo,False,False,False,2
ACZ81_12890,alt,Shigella flexneri 2a str. 2457T,Shigella,27,97,out,False,False,False,1
ACZ81_12890,alt,Campylobacter jejuni subsp. jejuni 81116,Campylobacter,29,98,other_proteo,False,False,False,1
ACZ81_12890,alt,Escherichia coli O157:H7 str. EDL933,Escherichia,27,97,other_proteo,False,False,False,2
ACZ81_12890,alt,Escherichia coli BW25113,Escherichia,27,97,other_proteo,False,False,False,13
ACZ81_12890,alt,Pseudomonas umsongensis,Pseudomonas,26,97,kg_genus,False,False,False,2
ACZ81_12890,alt,Klebsiella michiganensis M5al,Klebsiella,27,97,other_proteo,False,False,False,0
ACZ81_12890,alt,Helicobacter pylori J99,Helicobacter,28,97,other_proteo,False,False,False,2
ACZ81_12890,alt,Escherichia coli K-12 substr. MG1655,Escherichia,28,97,other_proteo,False,False,False,4
ACZ81_12890,alt,Porphyromonas gingivalis W83,Porphyromonas,27,96,out,False,False,False,4
ACZ81_12890,alt,Brucella melitensis biovar Abortus 2308,Brucella,28,97,other_proteo,False,False,False,4
ACZ81_12890,alt,Helicobacter pylori PMSS1,Helicobacter,28,98,other_proteo,False,False,False,1
ACZ81_12890,alt,Helicobacter pylori 26695,Helicobacter,26,98,other_proteo,False,False,False,8
ACZ81_12890,alt,Lactobacillus acidophilus NCFM,Lactobacillus,25,93,out,False,False,False,1
ACZ81_12890,alt,Desulfovibrio vulgaris Hildenborough,Desulfovibrio,27,98,other_proteo,False,False,False,8
ACZ81_12890,alt,Pseudomonas aeruginosa PAO1,Pseudomonas,27,90,kg_genus,False,False,False,9
ACZ81_12890,alt,Cupriavidus necator H16,Cupriavidus,26,86,other_proteo,False,False,False,1
ACZ81_12890,alt,Bilophila wadsworthia,Bilophila,25,86,out,False,False,False,2
ACZ81_12890,alt,Helicobacter pylori (strain ATCC 700392 / 26695),Helicobacter,28,96,other_proteo,False,False,False,4
ACZ81_12890,alt,Azotobacter vinelandii AvOP,Azotobacter,26,97,out,False,False,False,1
ACZ81_12890,alt,Megasphaera paucivorans,Megasphaera,26,96,out,False,False,False,1
ACZ81_12890,alt,Bacillus subtilis subsp. subtilis str. 168,Bacillus,26,94,out,False,False,False,2
ACZ81_12890,alt,Glutamicibacter arilaitensis Re117,Glutamicibacter,26,93,out,False,False,False,1
ACZ81_12890,alt,Ralstonia solanacearum Po82,Ralstonia,26,90,other_proteo,False,False,False,1
ACZ81_12890,alt,Rhodopseudomonas palustris CGA009,Rhodopseudomonas,27,86,other_proteo,False,False,False,1
ACZ81_12890,alt,Geobacter sulfurreducens PCA,Geobacter,30,54,other_proteo,False,False,False,3
ACZ81_12890,alt,Staphylococcus xylosus,Staphylococcus,26,96,out,False,False,False,1
ACZ81_12890,alt,Megasphaera paucivorans,Megasphaera,26,85,out,False,False,False,1
ACZ81_12890,alt,Sulfolobus solfataricus P2,Sulfolobus,26,88,out,False,False,False,2
ACZ81_12890,alt,Propionibacterium freudenreichii subsp. shermanii CIRM-BIA1,Propionibacterium,27,93,out,False,False,False,1
ACZ81_12890,alt,Propionibacterium freudenreichii subsp. freudenreichii,Propionibacterium,27,93,out,False,False,False,1
ACZ81_12890,alt,Staphylococcus aureus subsp. aureus MW2,Staphylococcus,24,97,out,False,False,False,2
ACZ81_12890,alt,Staphylococcus epidermidis ATCC 12228,Staphylococcus,24,98,out,False,False,False,1
ACZ81_12890,alt,Staphylococcus aureus subsp. aureus MRSA252,Staphylococcus,26,96,out,False,False,False,5
ACZ81_12890,alt,Bacillus cereus ATCC 14579,Bacillus,24,97,out,False,False,False,3
ACZ81_12890,alt,Staphylococcus aureus,Staphylococcus,26,96,out,False,False,False,5
ACZ81_12890,alt,Bordetella bronchiseptica RB50,Bordetella,27,95,other_proteo,False,False,False,1
ACZ81_12890,alt,Staphylococcus aureus subsp. aureus N315,Staphylococcus,24,97,out,False,False,False,7
ACZ81_12890,alt,Stenotrophomonas maltophilia K279a,Stenotrophomonas,32,47,out,False,False,False,1
ACZ81_12890,alt,Staphylococcus aureus subsp. aureus str. Newman,Staphylococcus,24,96,out,False,False,False,12
ACZ81_12890,alt,Propionibacterium acnes KPA171202,Propionibacterium,27,93,out,False,False,False,2
ACZ81_12890,alt,Staphylococcus aureus subsp. aureus USA300_FPR3757,Staphylococcus,24,97,out,False,False,False,3
ACZ81_12890,alt,Staphylococcus aureus,Staphylococcus,24,96,out,False,False,False,1
ACZ81_12890,alt,Corynebacterium diphtheriae NCTC 13129,Corynebacterium,25,96,out,False,False,False,1
ACZ81_12890,alt,Bacillus cereus ATCC 14579,Bacillus,22,93,out,False,False,False,1
ACZ81_12890,alt,Bacillus anthracis str. Ames,Bacillus,29,48,out,False,False,False,2
ACZ81_12890,alt,Dethiobacter alkaliphilus AHT 1,Dethiobacter,35,19,out,False,False,False,1
ACZ81_12890,alt,Desulfovibrio vulgaris Hildenborough,Desulfovibrio,22,93,other_proteo,False,False,False,5
NATL1_02111,pro,Prochlorococcus marinus str. NATL1A,Prochlorococcus,100,100,cyano,True,False,True,1
NATL1_02111,pro,Dolichospermum sp. UHCC 0315A,Dolichospermum,29,89,cyano,False,False,True,1
NATL1_02111,pro,Synechocystis sp. PCC 6803,Synechocystis,34,43,cyano,False,False,True,2
NATL1_02111,pro,Streptococcus pneumoniae R6,Streptococcus,31,42,out,False,False,False,1
NATL1_02111,pro,Streptococcus pyogenes M1 GAS,Streptococcus,33,41,out,False,False,False,1
NATL1_02111,pro,Streptococcus gordonii str. Challis substr. CH1,Streptococcus,30,42,out,False,False,False,1
NATL1_02111,pro,Streptococcus gallolyticus UCN34,Streptococcus,27,55,out,False,False,False,1
NATL1_02111,pro,Bacillus subtilis (strain 168),Bacillus,27,41,out,False,False,False,7
PMM1028,pro,Prochlorococcus marinus sp. MED4,Prochlorococcus,100,100,cyano,True,False,True,1
PMM1135,pro,Prochlorococcus marinus sp. MED4,Prochlorococcus,100,100,cyano,True,False,True,3
PMM1135,pro,Prochlorococcus marinus sp. MED4,Prochlorococcus,91,99,cyano,True,False,True,4
PMM1135,pro,Synechococcus sp. WH 8102,Synechococcus,47,69,cyano,True,False,True,1
PMM1135,pro,Prochlorococcus marinus sp. MED4,Prochlorococcus,57,62,cyano,True,False,True,1
PMM1135,pro,Synechococcus sp. CC9605,Synechococcus,45,70,cyano,True,False,True,1
PMM1135,pro,Prochlorococcus marinus sp. MED4,Prochlorococcus,79,43,cyano,True,False,True,1
PMM1135,pro,Prochlorococcus marinus sp. MED4,Prochlorococcus,72,34,cyano,True,False,True,1
PMM1135,pro,Cyanothece sp. ATCC 51142,Cyanothece,42,68,cyano,False,False,True,1
PMM1135,pro,Prochlorococcus marinus sp. MED4,Prochlorococcus,72,47,cyano,True,False,True,2
PMM1135,pro,Cyanothece sp. ATCC 51142,Cyanothece,42,89,cyano,False,False,True,1
PMM1135,pro,Prochlorococcus marinus sp. MED4,Prochlorococcus,64,49,cyano,True,False,True,3
PMM1135,pro,Prochlorococcus marinus str. MIT 9313,Prochlorococcus,44,66,cyano,True,False,True,1
PMM1135,pro,Synechococcus elongatus (strain ATCC 33912 / PCC 7942 / FACHB-805) (Anacystis nidulans R2),Synechococcus,43,82,cyano,False,False,True,3
PMM1135,pro,Prochlorococcus marinus sp. MED4,Prochlorococcus,72,47,cyano,True,False,True,2
PMM1135,pro,Synechocystis sp. (strain ATCC 27184 / PCC 6803 / Kazusa),Synechocystis,50,77,cyano,False,False,True,8
PMM1135,pro,Nostoc sp. PCC 7120,Nostoc,35,94,cyano,False,False,True,1
PMM1135,pro,Prochlorococcus marinus str. MIT 9313,Prochlorococcus,57,54,cyano,True,False,True,1
PMM1135,pro,Synechocystis sp. (strain ATCC 27184 / PCC 6803 / Kazusa),Synechocystis,48,77,cyano,False,False,True,8
PMM1404,pro,Prochlorococcus marinus sp. MED4,Prochlorococcus,100,100,cyano,True,False,True,1
PMM1404,pro,Prochlorococcus marinus sp. MED4,Prochlorococcus,88,49,cyano,True,False,True,1
PMM1404,pro,Prochlorococcus marinus sp. MED4,Prochlorococcus,92,78,cyano,True,False,True,1
PMM1404,pro,Prochlorococcus marinus sp. MED4,Prochlorococcus,57,62,cyano,True,False,True,3
PMM1404,pro,Prochlorococcus marinus sp. MED4,Prochlorococcus,53,65,cyano,True,False,True,4
PMM1404,pro,Prochlorococcus marinus sp. MED4,Prochlorococcus,73,59,cyano,True,False,True,2
PMM1404,pro,Prochlorococcus marinus sp. MED4,Prochlorococcus,70,59,cyano,True,False,True,2
PMM1404,pro,Prochlorococcus marinus str. MIT 9313,Prochlorococcus,66,57,cyano,True,False,True,1
PMT1742,pro,Nostoc sp. PCC 7120,Nostoc,70,99,cyano,False,False,True,2
PMT1742,pro,Microcystis aeruginosa (strain NIES-843 / IAM M-2473),Microcystis,70,99,cyano,False,False,True,1
PMT1742,pro,Synechocystis sp. PCC 6803,Synechocystis,70,99,cyano,False,False,True,2
PMT1742,pro,Ostreococcus tauri,Ostreococcus,69,100,out,False,False,False,1
PMT1742,pro,Phaeodactylum tricornutum (strain CCAP 1055/1),Phaeodactylum,67,100,out,False,False,False,2
PMT1742,pro,Crocosphaera subtropica ATCC 51142,Crocosphaera,66,99,cyano,False,False,True,1
PMT1742,pro,Lactuca sativa,Lactuca,66,99,out,False,False,False,1
PMT1742,pro,Solanum lycopersicum,Solanum,66,99,out,False,False,False,2
PMT1742,pro,Ruminococcus flavefaciens 007c,Ruminococcus,65,99,out,False,False,False,1
PMT1742,pro,Populus alba,Populus,62,99,out,False,False,False,1
PMT1742,pro,Thermus thermophilus (strain ATCC 27634 / DSM 579 / HB8),Thermus,68,99,out,False,False,False,0
PMT1742,pro,Arabidopsis thaliana,Arabidopsis,62,99,out,False,False,False,1
PMT1742,pro,Arabis hirsuta,Arabis,62,99,out,False,False,False,1
PMT1742,pro,Anthoceros angustus (Hornwort) (Anthoceros formosae),Anthoceros,62,99,out,False,False,False,0
PMT1742,pro,Vitis vinifera,Vitis,61,99,out,False,False,False,1
PMT1742,pro,Streptomyces scabiei (strain 87.22),Streptomyces,67,99,out,False,False,False,1
PMT1742,pro,Clostridium acetobutylicum ATCC 824,Clostridium,65,99,out,False,False,False,1
PMT1742,pro,Corynebacterium glutamicum ATCC 13032,Corynebacterium,68,99,out,False,False,False,1
PMT1742,pro,Streptococcus mutans UA159,Streptococcus,67,99,out,False,False,False,1
PMT1742,pro,Enterococcus faecalis,Enterococcus,69,99,out,False,False,False,0
PMT1742,pro,Commelina communis,Commelina,64,98,out,False,False,False,3
PMT1742,pro,Didierea madagascariensis,Didierea,63,100,out,False,False,False,2
PMT1742,pro,Desulfovibrio vulgaris Hildenborough,Desulfovibrio,65,99,other_proteo,False,False,False,1
PMT1742,pro,Lactococcus lactis subsp. cremoris MG1363,Lactococcus,66,99,out,False,False,False,1
PMT1742,pro,Streptomyces rimosus,Streptomyces,67,99,out,False,False,False,4
PMT1742,pro,Streptococcus pneumoniae R6,Streptococcus,66,99,out,False,False,False,3
PMT1742,pro,Streptococcus agalactiae LMG 14747,Streptococcus,66,99,out,False,False,False,1
PMT1742,pro,Streptococcus sanguinis SK36,Streptococcus,66,99,out,False,False,False,3
PMT1742,pro,Chlamydophila abortus S26/3,Chlamydophila,63,99,out,False,False,False,1
PMT1742,pro,Oryza sativa subsp. japonica,Oryza,61,98,out,False,False,False,1
PMT1742,pro,Staphylococcus epidermidis RP62A,Staphylococcus,65,99,out,False,False,False,3
PMT1742,pro,Zea mays (Maize),Zea,60,98,out,False,False,False,0
PMT1742,pro,Bacillus subtilis (strain 168),Bacillus,66,99,out,False,False,False,2
PMT1742,pro,Deschampsia antarctica,Deschampsia,60,98,out,False,False,False,1
PMT1742,pro,Listeria monocytogenes EGD-e,Listeria,65,99,out,False,False,False,5
PMT1742,pro,Spinacia oleracea (Spinach),Spinacia,61,100,out,False,False,False,1
PMT1742,pro,Staphylococcus aureus subsp. aureus str. Newman,Staphylococcus,65,99,out,False,False,False,6
PMT1742,pro,Commelina communis,Commelina,62,99,out,False,False,False,3
PMT1742,pro,Chlamydia trachomatis D/UW-3/CX,Chlamydia,61,99,out,False,False,False,1
PMT1742,pro,Lactobacillus casei ATCC 334,Lactobacillus,66,99,out,False,False,False,1
PMT1742,pro,Deinococcus radiodurans (strain ATCC 13939 / DSM 20539 / JCM 16871 / CCUG 27074 / LMG 4051 / NBRC 15346 / NCIMB 9279 / VKM B-1422 / R1),Deinococcus,62,90,out,False,False,False,0
PMT1742,pro,Acinetobacter sp. ADP1,Acinetobacter,65,99,other_proteo,False,False,False,1
PMT1742,pro,Fusobacterium nucleatum subsp. nucleatum ATCC 25586,Fusobacterium,61,99,out,False,False,False,1
PMT1742,pro,Triticum aestivum,Triticum,59,98,out,False,False,False,2
PMT1742,pro,Helicobacter pylori 26695,Helicobacter,63,99,other_proteo,False,False,False,6
PMT1742,pro,Acinetobacter baumannii,Acinetobacter,63,99,other_proteo,False,False,False,2
PMT1742,pro,Flavobacterium psychrophilum JIP02/86,Flavobacterium,66,99,out,False,False,False,1
PMT1742,pro,Dinoroseobacter shibae DFL 12,Dinoroseobacter,62,99,other_proteo,False,False,False,1
PMT1742,pro,Limosilactobacillus reuteri,Limosilactobacillus,63,99,out,False,False,False,1
PMT1742,pro,Xanthomonas oryzae pv. oryzae (strain KACC10331 / KXO85),Xanthomonas,63,99,other_proteo,False,False,False,1
PMT1742,pro,Brucella melitensis biovar Abortus 2308,Brucella,63,99,other_proteo,False,False,False,1
PMT1742,pro,Treponema pallidum (strain Nichols),Treponema,63,99,out,False,False,False,1
PMT1742,pro,Lactiplantibacillus plantarum (strain ATCC BAA-793 / NCIMB 8826 / WCFS1),Lactiplantibacillus,63,99,out,False,False,False,4
PMT1742,pro,Pseudomonas aeruginosa (strain ATCC 15692 / DSM 22644 / CIP 104116 / JCM 14847 / LMG 12228 / 1C / PRS 101 / PAO1),Pseudomonas,62,99,kg_genus,False,False,False,5
PMT1742,pro,Lactiplantibacillus pentosus,Lactiplantibacillus,62,99,out,False,False,False,1
PMT1742,pro,Xylella fastidiosa Temecula1,Xylella,63,99,other_proteo,False,False,False,2
PMT1742,pro,Legionella pneumophila subsp. pneumophila str. Philadelphia 1,Legionella,64,100,other_proteo,False,False,False,1
PMT1742,pro,Agrobacterium fabrum (strain C58 / ATCC 33970),Agrobacterium,61,99,other_proteo,False,False,False,1
PMT1742,pro,Pseudomonas syringae pv. syringae B728a,Pseudomonas,61,99,kg_genus,False,False,False,6
PMT1742,pro,Triticum urartu,Triticum,60,61,out,False,False,False,1
PMT1742,pro,Rhizobium johnstonii (strain DSM 114642 / LMG 32736 / 3841),Rhizobium,61,99,other_proteo,False,False,False,1
PMT1742,pro,Sinorhizobium meliloti 1021,Sinorhizobium,61,99,other_proteo,False,False,False,2
PMT1742,pro,Sodalis glossinidius str. 'morsitans',Sodalis,60,98,other_proteo,False,False,False,1
PMT1742,pro,Bradyrhizobium japonicum USDA 110,Bradyrhizobium,61,99,other_proteo,False,False,False,1
PMT1742,pro,Nitrobacter winogradskyi Nb-255,Nitrobacter,61,99,other_proteo,False,False,False,1
PMT1742,pro,Rhodopseudomonas palustris (strain ATCC BAA-98 / CGA009),Rhodopseudomonas,61,99,other_proteo,False,False,False,1
PMT1742,pro,Adiantum capillus-veneris (Maidenhair fern),Adiantum,66,99,out,False,False,False,0
PMT1742,pro,Escherichia coli K-12 substr. MG1655,Escherichia,60,98,other_proteo,False,False,False,17
PMT1742,pro,Mycobacterium smegmatis str. MC2 155,Mycobacterium,69,99,out,False,False,False,1
PMT1742,pro,Neisseria gonorrhoeae FA 1090,Neisseria,62,99,other_proteo,False,False,False,2
PMT1742,pro,Mycobacterium tuberculosis (strain ATCC 25618 / H37Rv),Mycobacterium,68,99,out,False,False,False,9
PMT1742,pro,Shewanella oneidensis MR-1,Shewanella,61,99,kg_genus,False,False,False,2
PMT1742,pro,Francisella tularensis subsp. holarctica OSU18,Francisella,61,99,other_proteo,False,False,False,2
PMT1742,pro,Neisseria meningitidis MC58,Neisseria,62,99,other_proteo,False,False,False,2
PMT1742,pro,Mycobacterium abscessus ATCC 19977,Mycobacterium,67,99,out,False,False,False,1
PMT1742,pro,Porphyromonas gingivalis W83,Porphyromonas,64,100,out,False,False,False,3
PMT1742,pro,Enterobacter cloacae subsp. cloacae ATCC 13047,Enterobacter,59,98,other_proteo,False,False,False,1
PMT1742,pro,Salmonella typhimurium LT2,Salmonella,59,98,other_proteo,False,False,False,3
PMT1742,pro,Yersinia pseudotuberculosis IP 32953,Yersinia,59,98,other_proteo,False,False,False,3
PMT1742,pro,Vibrio fischeri ES114,Vibrio,60,98,other_proteo,False,False,False,1
PMT1742,pro,Vibrio cholerae O1 biovar eltor str. N16961,Vibrio,60,98,other_proteo,False,False,False,1
PMT1742,pro,Haemophilus influenzae Rd KW20,Haemophilus,59,98,other_proteo,False,False,False,3
PMT1742,pro,Paracidovorax citrulli,Paracidovorax,61,99,other_proteo,False,False,False,1
PMT1742,pro,Photobacterium damselae subsp. damselae CIP 102761,Photobacterium,59,98,other_proteo,False,False,False,1
PMT1742,pro,Bifidobacterium longum NCC2705,Bifidobacterium,66,99,out,False,False,False,1
PMT1742,pro,Candidatus Sulcia muelleri str. Hc (Homalodisca coagulata),Candidatus,56,100,other_proteo,False,True,False,3
PMT1742,pro,Erwinia amylovora CFBP1430,Erwinia,58,98,other_proteo,False,False,False,1
PMT1742,pro,Ralstonia metallidurans CH34,Ralstonia,60,99,other_proteo,False,False,False,1
PMT1742,pro,Bordetella pertussis Tohama I,Bordetella,59,99,other_proteo,False,False,False,1
PMT1742,pro,Candidatus Thioglobus autotrophicus,Candidatus,58,99,other_proteo,False,True,False,1
PMT1742,pro,Rickettsia rickettsii str. 'Sheila Smith',Rickettsia,56,99,other_proteo,False,False,False,1
PMT1742,pro,Pirellula sp. 1,Pirellula,64,99,out,False,False,False,1
PMT1742,pro,Geobacter sulfurreducens PCA,Geobacter,59,99,other_proteo,False,False,False,1
PMT1742,pro,Helicobacter pylori J99,Helicobacter,62,99,other_proteo,False,False,False,1
PMT1742,pro,Arabidopsis thaliana (Mouse-ear cress),Arabidopsis,49,69,out,False,False,False,6
PMT1742,pro,Zea mays,Zea,45,71,out,False,False,False,1
PMT1742,pro,Schizosaccharomyces pombe (strain 972 / ATCC 24843) (Fission yeast),Schizosaccharomyces,45,96,out,False,False,False,0
PMT1742,pro,Neurospora crassa (strain ATCC 24698 / 74-OR23-1A / CBS 708.71 / DSM 1257 / FGSC 987),Neurospora,41,90,out,False,False,False,0
PMT1742,pro,Pyrococcus furiosus (strain ATCC 43587 / DSM 3638 / JCM 8422 / Vc1),Pyrococcus,48,79,out,False,False,False,1
PMT1742,pro,Cryptococcus neoformans var. neoformans JEC21,Cryptococcus,40,81,out,False,False,False,1
PMT1742,pro,Arabidopsis thaliana (Mouse-ear cress),Arabidopsis,38,61,out,False,False,False,3
PMT1742,pro,Haloarcula marismortui (strain ATCC 43049 / DSM 3752 / JCM 8966 / VKM B-1809) (Halobacterium marismortui),Haloarcula,38,91,out,False,False,False,2
PMT1742,pro,Saccharolobus solfataricus (strain ATCC 35092 / DSM 1617 / JCM 11322 / P2) (Sulfolobus solfataricus),Saccharolobus,42,87,out,False,False,False,1
PMT1742,pro,Halobacterium salinarum (strain ATCC 700922 / JCM 11081 / NRC-1),Halobacterium,37,91,out,False,False,False,1
PMT1742,pro,Toxoplasma gondii,Toxoplasma,36,100,out,False,False,False,1
PMT1742,pro,Saccharomyces cerevisiae (strain ATCC 204508 / S288c) (Baker's yeast),Saccharomyces,40,88,out,False,False,False,6
PMT1742,pro,Cryptococcus neoformans H99,Cryptococcus,41,81,out,False,False,False,2
PMT1742,pro,Methanococcus maripaludis S2,Methanococcus,37,77,out,False,False,False,2
PMT1742,pro,Trypanosoma cruzi (strain CL Brener),Trypanosoma,35,83,out,False,False,False,1
PMT1742,pro,Trypanosoma brucei gambiense (strain MHOM/CI/86/DAL972),Trypanosoma,35,83,out,False,False,False,1
PMT1742,pro,Schizosaccharomyces pombe (strain 972 / ATCC 24843) (Fission yeast),Schizosaccharomyces,33,84,out,False,False,False,2
PMT1742,pro,Vairimorpha ceranae,Vairimorpha,39,73,out,False,False,False,0
PMT1742,pro,Nosema ceranae,Nosema,40,82,out,False,False,False,2
PMT1742,pro,Leishmania major strain Friedlin,Leishmania,33,83,out,False,False,False,2
PMT1742,pro,Cryptosporidium parvum Iowa II,Cryptosporidium,33,79,out,False,False,False,1
PMT1742,pro,Phytophthora infestans,Phytophthora,34,82,out,False,False,False,2
PMT1742,pro,Entamoeba histolytica HM-1:IMSS,Entamoeba,34,86,out,False,False,False,2
PMT1742,pro,Plasmodium falciparum 3D7,Plasmodium,32,83,out,False,False,False,1
PMT1742,pro,Caenorhabditis elegans,Caenorhabditis,37,69,out,False,False,False,2
PMT1742,pro,Plasmodium berghei ANKA,Plasmodium,34,83,out,False,False,False,1
PMT1742,pro,Aspergillus oryzae RIB40,Aspergillus,36,73,out,False,False,False,1
PMT1742,pro,Cryptococcus neoformans H99,Cryptococcus,34,83,out,False,False,False,2
PMT1742,pro,Methanothermobacter thermautotrophicus (strain ATCC 29096 / DSM 1053 / JCM 10044 / NBRC 100330 / Delta H),Methanothermobacter,39,77,out,False,False,False,1
PMT1742,pro,Brassica campestris,Brassica,36,10,out,False,False,False,1
PMT1742,pro,Ogataea parapolymorpha DL-1,Ogataea,32,77,out,False,False,False,1
PMT1742,pro,Drosophila melanogaster,Drosophila,39,69,out,False,False,False,1
PMT1742,pro,Ixodes scapularis,Ixodes,38,71,out,False,False,False,1
PMT1742,pro,Aspergillus niger,Aspergillus,36,73,out,False,False,False,1
PMT1742,pro,Aspergillus fumigatus Af293,Aspergillus,36,80,out,False,False,False,5
PMT1742,pro,Saccharomyces cerevisiae (strain ATCC 204508 / S288c) (Baker's yeast),Saccharomyces,36,72,out,False,False,False,22
PMT1742,pro,Magallana gigas,Magallana,36,70,out,False,True,False,1
PMT1742,pro,Nicotiana tabacum,Nicotiana,34,81,out,False,False,False,1
PMT1742,pro,Zea mays,Zea,33,91,out,False,False,False,1
PMT1742,pro,Aspergillus fischeri,Aspergillus,36,73,out,False,False,False,0
PMT1742,pro,Oryctolagus cuniculus (Rabbit),Oryctolagus,37,71,out,False,False,False,34
PMT1742,pro,Rattus norvegicus,Rattus,37,71,out,False,False,False,1
PMT1742,pro,Picea mariana,Picea,33,86,out,False,False,False,1
PMT1742,pro,Zea mays,Zea,33,81,out,False,False,False,3
PMT1742,pro,Arabidopsis thaliana,Arabidopsis,33,91,out,False,False,False,3
PMT1742,pro,Arabidopsis thaliana,Arabidopsis,33,81,out,False,False,False,23
PMT1742,pro,Puccinia graminis f. sp. tritici (strain CRL 75-36-700-3 / race SCCL),Puccinia,34,85,out,False,False,False,1
PMT1742,pro,Helianthus annuus,Helianthus,33,81,out,False,False,False,4
PMT1742,pro,Medicago truncatula,Medicago,33,81,out,False,False,False,1
PMT1742,pro,Candida albicans (strain SC5314 / ATCC MYA-2876) (Yeast),Candida,34,72,out,False,False,False,0
PMT1742,pro,Paracoccidioides brasiliensis Pb18,Paracoccidioides,36,80,out,False,False,False,3
PMT1742,pro,Triticum aestivum,Triticum,35,69,out,False,False,False,1
PMT1742,pro,Ctenocephalides felis,Ctenocephalides,41,60,out,False,False,False,1
PMT1742,pro,Syntrichia ruralis,Syntrichia,32,83,out,False,False,False,2
PMT1742,pro,Bos taurus (Bovine),Bos,32,80,out,False,False,False,0
PMT1742,pro,Macaca mulatta,Macaca,31,80,out,False,False,False,1
PMT1742,pro,Homo sapiens (Human),Homo,31,80,out,False,False,False,5
PMT1742,pro,Ichthyophthirius multifiliis,Ichthyophthirius,27,91,out,False,False,False,1
PMT9312_0549,pro,Prochlorococcus marinus subsp. pastoris (strain CCMP1986 / NIES-2087 / MED4),Prochlorococcus,99,100,cyano,True,False,True,0
PMT9312_0549,pro,Prochlorococcus marinus (strain MIT 9313),Prochlorococcus,98,100,cyano,True,False,True,1
PMT9312_0549,pro,Synechococcus sp. (strain WH7803),Synechococcus,98,100,cyano,True,False,True,0
PMT9312_0549,pro,Prochlorococcus marinus sp. MED4,Prochlorococcus,99,95,cyano,True,False,True,3
PMT9312_0549,pro,Thiocapsa bogorovii,Thiocapsa,93,93,other_proteo,False,False,False,1
PMT9312_0549,pro,Hydrogenovibrio crunogenus (strain DSM 25203 / XCL-2) (Thiomicrospira crunogena),Hydrogenovibrio,92,92,other_proteo,False,False,False,0
PMT9312_0549,pro,Prochlorococcus marinus str. MIT 9313,Prochlorococcus,92,43,cyano,True,False,True,1
PMT9312_0549,pro,Hydrogenovibrio crunogenus (strain DSM 25203 / XCL-2) (Thiomicrospira crunogena),Hydrogenovibrio,95,84,other_proteo,False,False,False,0
PMT9312_0549,pro,Thioalkalivibrio sp. K90mix,Thioalkalivibrio,88,89,other_proteo,False,False,False,1
PMT9312_0549,pro,Halothiobacillus neapolitanus (strain ATCC 23641 / DSM 15147 / CIP 104769 / NCIMB 8539 / c2) (Thiobacillus neapolitanus),Halothiobacillus,90,85,other_proteo,False,False,False,2
PMT9312_0549,pro,Halothiobacillus neapolitanus (strain ATCC 23641 / DSM 15147 / CIP 104769 / NCIMB 8539 / c2) (Thiobacillus neapolitanus),Halothiobacillus,90,87,other_proteo,False,False,False,1
PMT9312_0549,pro,Acidithiobacillus ferrooxidans ATCC 23270,Acidithiobacillus,92,78,other_proteo,False,False,False,2
PMT9312_0549,pro,Halothiobacillus neapolitanus (strain ATCC 23641 / DSM 15147 / CIP 104769 / NCIMB 8539 / c2) (Thiobacillus neapolitanus),Halothiobacillus,93,84,other_proteo,False,False,False,1
PMT9312_0549,pro,Acidithiobacillus ferrooxidans ATCC 23270,Acidithiobacillus,92,84,other_proteo,False,False,False,1
PMT9312_0549,pro,Acidihalobacter yilgarnensis,Acidihalobacter,95,82,other_proteo,False,False,False,1
PMT9312_0549,pro,Acidithiobacillus ferrooxidans ATCC 23270,Acidithiobacillus,91,84,other_proteo,False,False,False,3
PMT9312_0549,pro,Clostridium perfringens ATCC 13124,Clostridium,69,83,out,False,False,False,1
PMT9312_0549,pro,Clostridium autoethanogenum DSM 10061,Clostridium,68,83,out,False,False,False,2
PMT9312_0549,pro,Clostridium autoethanogenum DSM 10061,Clostridium,67,83,out,False,False,False,1
PMT9312_0549,pro,Haliangium ochraceum (strain DSM 14365 / JCM 11303 / SMP-2),Haliangium,59,92,out,False,False,False,2
PMT9312_0549,pro,Clostridium ljungdahlii DSM 13528,Clostridium,68,83,out,False,False,False,3
PMT9312_0549,pro,Fusobacterium nucleatum subsp. nucleatum ATCC 23726,Fusobacterium,66,83,out,False,False,False,1
PMT9312_0549,pro,Clostridioides difficile (strain 630) (Peptoclostridium difficile),Clostridioides,67,83,out,False,False,False,6
PMT9312_0549,pro,Proteus mirabilis HI4320,Proteus,57,83,other_proteo,False,False,False,5
PMT9312_0549,pro,Enterococcus faecalis V583,Enterococcus,68,83,out,False,False,False,4
PMT9312_0549,pro,Proteus mirabilis HI4320,Proteus,58,83,other_proteo,False,False,False,2
PMT9312_0549,pro,Proteus mirabilis HI4320,Proteus,57,83,other_proteo,False,False,False,2
PMT9312_0549,pro,Sporomusa malonica,Sporomusa,66,83,out,False,False,False,1
PMT9312_0549,pro,Listeria monocytogenes EGD-e,Listeria,66,83,out,False,False,False,1
PMT9312_0549,pro,Thermosynechococcus vestitus (strain NIES-2133 / IAM M-273 / BP-1),Thermosynechococcus,55,85,cyano,False,False,True,1
PMT9312_0549,pro,Cyanothece sp. ATCC 51142,Cyanothece,55,85,cyano,False,False,True,1
PMT9312_0549,pro,Bilophila wadsworthia 3_1_6,Bilophila,65,80,out,False,False,False,1
PMT9312_0549,pro,Synechocystis sp. (strain ATCC 27184 / PCC 6803 / Kazusa),Synechocystis,54,85,cyano,False,False,True,9
PMT9312_0549,pro,Clostridium phytofermentans ISDg,Clostridium,64,52,out,False,False,False,3
PMT9312_0549,pro,Synechococcus sp. PCC 7002,Synechococcus,54,85,cyano,False,False,True,1
PMT9312_0549,pro,Clostridium kluyveri DSM 555,Clostridium,61,84,out,False,False,False,1
PMT9312_0549,pro,Synechococcus sp. JA-2-3B'a(2-13),Synechococcus,54,85,cyano,False,False,True,1
PMT9312_0549,pro,Synechococcus sp. PCC 7002,Synechococcus,54,79,cyano,False,False,True,1
PMT9312_0549,pro,Acaryochloris marina MBIC11017,Acaryochloris,53,85,cyano,False,False,True,1
PMT9312_0549,pro,Synechococcus sp. JA-2-3B'a(2-13),Synechococcus,54,78,cyano,False,False,True,1
PMT9312_0549,pro,Synechococcus elongatus (strain ATCC 33912 / PCC 7942 / FACHB-805) (Anacystis nidulans R2),Synechococcus,54,85,cyano,False,False,True,7
PMT9312_0549,pro,Nostoc sp. PCC 7120,Nostoc,54,85,cyano,False,False,True,3
PMT9312_0549,pro,Acaryochloris marina MBIC11017,Acaryochloris,53,77,cyano,False,False,True,1
PMT9312_0549,pro,Anabaena variabilis ATCC 29413,Anabaena,53,77,cyano,False,False,True,1
PMT9312_0549,pro,Listeria monocytogenes EGD-e,Listeria,59,88,out,False,False,False,4
PMT9312_0549,pro,Rhodospirillum rubrum ATCC 11170,Rhodospirillum,64,85,other_proteo,False,False,False,1
PMT9312_0549,pro,Thermacetogenium phaeum DSM 12270,Thermacetogenium,70,77,out,False,False,False,1
PMT9312_0549,pro,Listeria innocua Clip11262,Listeria,59,88,out,False,False,False,1
PMT9312_0549,pro,Thermosynechococcus vestitus (strain NIES-2133 / IAM M-273 / BP-1),Thermosynechococcus,54,78,cyano,False,False,True,2
PMT9312_0549,pro,Clostridium beijerinckii,Clostridium,60,83,out,False,False,False,2
PMT9312_0549,pro,Synechocystis sp. (strain ATCC 27184 / PCC 6803 / Kazusa),Synechocystis,52,79,cyano,False,False,True,10
PMT9312_0549,pro,Rhodopseudomonas palustris BisB18,Rhodopseudomonas,62,85,other_proteo,False,False,False,1
PMT9312_0549,pro,Clostridium ljungdahlii DSM 13528,Clostridium,51,81,out,False,False,False,1
PMT9312_0549,pro,Salmonella typhimurium (strain LT2 / SGSC1412 / ATCC 700720),Salmonella,58,85,other_proteo,False,False,False,10
PMT9312_0549,pro,Citrobacter freundii,Citrobacter,58,85,other_proteo,False,False,False,0
PMT9312_0549,pro,Levilactobacillus brevis ATCC 14869 = DSM 20054,Levilactobacillus,56,83,out,False,False,False,1
PMT9312_0549,pro,Klebsiella pneumoniae subsp. pneumoniae HS11286,Klebsiella,58,85,other_proteo,False,False,False,1
PMT9312_0549,pro,Escherichia coli LF82,Escherichia,58,85,other_proteo,False,False,False,1
PMT9312_0549,pro,Salmonella typhimurium (strain LT2 / SGSC1412 / ATCC 700720),Salmonella,57,85,other_proteo,False,False,False,10
PMT9312_0549,pro,Clostridium beijerinckii,Clostridium,60,83,out,False,False,False,1
PMT9312_0549,pro,Levilactobacillus brevis ATCC 14869 = DSM 20054,Levilactobacillus,58,85,out,False,False,False,1
PMT9312_0549,pro,Listeria innocua Clip11262,Listeria,57,85,out,False,False,False,1
PMT9312_0549,pro,Listeria monocytogenes EGD-e,Listeria,58,83,out,False,False,False,3
PMT9312_0549,pro,Salmonella enterica subsp. enterica serovar Typhi str. CT18,Salmonella,51,41,other_proteo,False,False,False,2
PMT9312_0549,pro,Salmonella typhimurium (strain LT2 / SGSC1412 / ATCC 700720),Salmonella,57,80,other_proteo,False,False,False,9
PMT9312_0549,pro,Escherichia coli K-12 substr. MG1655,Escherichia,57,80,other_proteo,False,False,False,7
PMT9312_0549,pro,Clostridium ljungdahlii DSM 13528,Clostridium,54,33,out,False,False,False,2
PMT9312_0549,pro,Yersinia enterocolitica subsp. enterocolitica 8081,Yersinia,54,87,other_proteo,False,False,False,1
PMT9312_0549,pro,Citrobacter freundii,Citrobacter,56,85,other_proteo,False,False,False,1
PMT9312_0549,pro,Clostridium perfringens ATCC 13124,Clostridium,52,36,out,False,False,False,1
PMT9312_0549,pro,Acetobacterium woodii DSM 1030,Acetobacterium,62,83,out,False,False,False,2
PMT9312_0549,pro,[Clostridium] hylemonae DSM 15053,Clostridium,54,77,out,False,False,False,1
PMT9312_0549,pro,Desulfovibrio desulfuricans G20,Desulfovibrio,51,39,other_proteo,False,False,False,1
PMT9312_0549,pro,Rhodopirellula baltica SH 1,Rhodopirellula,52,83,out,False,False,False,1
PMT9312_0549,pro,Rhodopseudomonas palustris BisB18,Rhodopseudomonas,58,85,other_proteo,False,False,False,1
PMT9312_0549,pro,Leptolyngbya boryana CZ1,Leptolyngbya,44,75,cyano,False,False,True,1
PMT9312_0549,pro,Clostridium difficile 630,Clostridium,49,36,out,False,False,False,2
PMT9312_0549,pro,Clostridium ljungdahlii DSM 13528,Clostridium,53,75,out,False,False,False,2
PMT9312_0549,pro,Clostridium beijerinckii,Clostridium,45,43,out,False,False,False,1
PMT9312_0549,pro,Fusobacterium nucleatum subsp. nucleatum ATCC 23726,Fusobacterium,45,63,out,False,False,False,1
PMT9312_0549,pro,Rhodopirellula baltica SH 1,Rhodopirellula,52,78,out,False,False,False,1
PMT9312_0549,pro,Escherichia coli LF82,Escherichia,43,61,other_proteo,False,False,False,1
PMT9312_0549,pro,Synechocystis sp. PCC 6803,Synechocystis,37,31,cyano,False,False,True,8
PMT9312_0549,pro,Listeria monocytogenes EGD-e,Listeria,41,58,out,False,False,False,2
PMT9312_0549,pro,Synechococcus elongatus (strain ATCC 33912 / PCC 7942 / FACHB-805) (Anacystis nidulans R2),Synechococcus,47,28,cyano,False,False,True,2
PMT9312_0549,pro,Listeria innocua Clip11262,Listeria,41,58,out,False,False,False,1
PMT9312_0549,pro,Synechococcus sp. PCC 7002,Synechococcus,38,34,cyano,False,False,True,1
PMT9312_0549,pro,Nostoc sp. PCC 7120 = FACHB-418,Nostoc,42,73,cyano,False,False,True,3
PMT9312_0549,pro,Anabaena variabilis ATCC 29413,Anabaena,42,73,cyano,False,False,True,1
PMT9312_0549,pro,Bilophila wadsworthia 3_1_6,Bilophila,45,60,out,False,False,False,1
PMT9312_0549,pro,Leptolyngbya boryana CZ1,Leptolyngbya,38,32,cyano,False,False,True,1
PMT9312_0549,pro,Citrobacter freundii,Citrobacter,40,51,other_proteo,False,False,False,0
PMT9312_0549,pro,Klebsiella quasipneumoniae,Klebsiella,44,66,other_proteo,False,False,False,1
PMT9312_0549,pro,Levilactobacillus brevis ATCC 14869 = DSM 20054,Levilactobacillus,42,48,out,False,False,False,1
PMT9312_0549,pro,Anabaena variabilis ATCC 29413,Anabaena,42,33,cyano,False,False,True,1
PMT9312_0549,pro,Halothece sp. (strain PCC 7418) (Synechococcus sp. (strain PCC 7418)),Halothece,38,73,cyano,False,False,True,0
PMT9312_0549,pro,Mycolicibacterium smegmatis (strain ATCC 700084 / mc(2)155),Mycolicibacterium,54,79,out,False,False,False,1
PMT9312_0549,pro,Synechococcus elongatus (strain ATCC 33912 / PCC 7942 / FACHB-805) (Anacystis nidulans R2),Synechococcus,36,73,cyano,False,False,True,3
PMT9312_0549,pro,Synechococcus sp. PCC 7002,Synechococcus,39,73,cyano,False,False,True,1
PMT9312_0549,pro,Enterococcus faecalis V583,Enterococcus,40,52,out,False,False,False,1
PMT9312_0549,pro,Escherichia coli K-12 substr. MG1655,Escherichia,43,49,other_proteo,False,False,False,4
PMT9312_0549,pro,Escherichia coli O157:H7 EDL933,Escherichia,43,49,other_proteo,False,False,False,2
PMT9312_0549,pro,Clostridium phytofermentans ISDg,Clostridium,40,82,out,False,False,False,2
PMT9312_0549,pro,Clostridium phytofermentans ISDg,Clostridium,33,48,out,False,False,False,3
PMT9312_0549,pro,Thermacetogenium phaeum DSM 12270,Thermacetogenium,46,45,out,False,False,False,1
PMT9312_0549,pro,Synechocystis sp. (strain ATCC 27184 / PCC 6803 / Kazusa),Synechocystis,39,72,cyano,False,False,True,9
PMT9312_0549,pro,Proteus mirabilis HI4320,Proteus,46,48,other_proteo,False,False,False,1
PMT9312_0549,pro,Citrobacter freundii,Citrobacter,32,48,other_proteo,False,False,False,0
PMT9312_0549,pro,Bilophila wadsworthia 3_1_6,Bilophila,38,46,out,False,False,False,1
PMT9312_0549,pro,Crocosphaera subtropica (strain ATCC 51142 / BH68),Crocosphaera,35,75,cyano,False,False,True,1
PMT9312_0549,pro,Salmonella typhimurium (strain LT2 / SGSC1412 / ATCC 700720),Salmonella,30,48,other_proteo,False,False,False,5
PMT9312_0549,pro,Synechococcus sp. PCC 7002,Synechococcus,39,73,cyano,False,False,True,1
PMT9312_0550,pro,Prochlorococcus marinus subsp. pastoris (strain CCMP1986 / NIES-2087 / MED4),Prochlorococcus,100,100,cyano,True,False,True,0
PMT9312_0550,pro,Prochlorococcus marinus (strain MIT 9313),Prochlorococcus,99,100,cyano,True,False,True,0
PMT9312_0550,pro,Parasynechococcus marenigrum (strain WH8102),Parasynechococcus,94,100,cyano,True,False,True,1
PMT9312_0550,pro,Synechococcus sp. (strain WH7803),Synechococcus,94,100,cyano,True,False,True,0
PMT9312_0550,pro,Synechococcus,Synechococcus,94,100,cyano,False,False,True,0
PMT9312_0550,pro,Cyanobium gracile (strain ATCC 27147 / PCC 6307),Cyanobium,94,100,cyano,True,False,True,1
PMT9312_0550,pro,Thiocapsa bogorovii,Thiocapsa,87,99,other_proteo,False,False,False,1
PMT9312_0550,pro,Thioalkalivibrio sp. K90mix,Thioalkalivibrio,82,99,other_proteo,False,False,False,1
PMT9312_0550,pro,Thioalkalivibrio thiocyanoxidans ARh2,Thioalkalivibrio,82,99,other_proteo,False,False,False,1
PMT9312_0550,pro,Acidihalobacter prosperus,Acidihalobacter,81,99,other_proteo,False,False,False,1
PMT9312_0550,pro,Bradyrhizobium sp. ORS278,Bradyrhizobium,81,97,other_proteo,False,False,False,2
PMT9312_0550,pro,Halothiobacillus neapolitanus (strain ATCC 23641 / DSM 15147 / CIP 104769 / NCIMB 8539 / c2) (Thiobacillus neapolitanus),Halothiobacillus,81,99,other_proteo,False,False,False,5
PMT9312_0550,pro,Allochromatium vinosum (strain ATCC 17899 / DSM 180 / NBRC 103801 / NCIMB 10441 / D) (Chromatium vinosum),Allochromatium,81,99,other_proteo,False,False,False,0
PMT9312_0550,pro,Hydrogenovibrio marinus,Hydrogenovibrio,84,100,other_proteo,False,False,False,0
PMT9312_0550,pro,Acidithiobacillus ferrooxidans,Acidithiobacillus,81,99,other_proteo,False,False,False,4
PMT9312_0550,pro,Allochromatium vinosum (strain ATCC 17899 / DSM 180 / NBRC 103801 / NCIMB 10441 / D) (Chromatium vinosum),Allochromatium,78,99,other_proteo,False,False,False,3
PMT9312_0550,pro,Sideroxydans lithotrophicus ES-1,Sideroxydans,81,99,other_proteo,False,False,False,2
PMT9312_0550,pro,Acidithiobacillus ferriphilus,Acidithiobacillus,80,99,other_proteo,False,False,False,1
PMT9312_0550,pro,Hydrogenovibrio crunogenus (strain DSM 25203 / XCL-2) (Thiomicrospira crunogena),Hydrogenovibrio,83,99,other_proteo,False,False,False,1
PMT9312_0550,pro,Thiobacillus denitrificans (strain ATCC 25259 / T1),Thiobacillus,80,99,other_proteo,False,False,False,2
PMT9312_0550,pro,Methylocaldum szegediense,Methylocaldum,80,99,other_proteo,False,False,False,2
PMT9312_0550,pro,Hydrogenovibrio crunogenus (strain DSM 25203 / XCL-2) (Thiomicrospira crunogena),Hydrogenovibrio,79,100,other_proteo,False,False,False,0
PMT9312_0550,pro,Methylococcus capsulatus str. Bath,Methylococcus,79,99,other_proteo,False,False,False,1
PMT9312_0550,pro,Thiocapsa bogorovii,Thiocapsa,78,100,other_proteo,False,False,False,1
PMT9312_0550,pro,Cupriavidus metallidurans CH34,Cupriavidus,80,99,other_proteo,False,False,False,1
PMT9312_0550,pro,Ferrovum sp. JA12,Ferrovum,79,99,other_proteo,False,False,False,1
PMT9312_0550,pro,Thiobacter aerophilum,Thiobacter,79,99,other_proteo,False,False,False,1
PMT9312_0550,pro,Hydrogenovibrio marinus,Hydrogenovibrio,76,100,other_proteo,False,False,False,0
PMT9312_0550,pro,Ferrovum sp. JA12,Ferrovum,79,99,other_proteo,False,False,False,1
PMT9312_0550,pro,Nitrosomonas europaea ATCC 19718,Nitrosomonas,79,99,other_proteo,False,False,False,2
PMT9312_0550,pro,Acidithiobacillus ferrooxidans ATCC 23270,Acidithiobacillus,79,99,other_proteo,False,False,False,6
PMT9312_0550,pro,Mariprofundus ferrooxydans PV-1,Mariprofundus,79,99,other_proteo,False,False,False,1
PMT9312_0550,pro,Acidithiobacillus ferrivorans SS3,Acidithiobacillus,78,99,other_proteo,False,False,False,1
PMT9312_0550,pro,Acidithiobacillus ferriphilus,Acidithiobacillus,78,99,other_proteo,False,False,False,1
PMT9312_0550,pro,Synechococcus sp. PCC 7002,Synechococcus,75,99,cyano,False,False,True,4
PMT9312_0550,pro,Halomicronema hongdechloris C2206,Halomicronema,74,97,cyano,False,False,True,1
PMT9312_0550,pro,Picosynechococcus sp. (strain ATCC 27264 / PCC 7002 / PR-6) (Agmenellum quadruplicatum),Picosynechococcus,75,99,cyano,False,False,True,0
PMT9312_0550,pro,Synechococcus sp. JA-2-3B'a(2-13),Synechococcus,75,98,cyano,False,False,True,1
PMT9312_0550,pro,Synechococcus sp. (strain ATCC 27144 / PCC 6301 / SAUG 1402/1) (Anacystis nidulans),Synechococcus,74,98,cyano,False,False,True,9
PMT9312_0550,pro,Trichormus variabilis ATCC 29413,Trichormus,75,97,cyano,False,False,True,2
PMT9312_0550,pro,Nostoc sp. (strain PCC 7120 / SAG 25.82 / UTEX 2576),Nostoc,75,97,cyano,False,True,False,5
PMT9312_0550,pro,Phormidium pseudopriestleyi FRX01,Phormidium,73,97,cyano,False,False,True,1
PMT9312_0550,pro,Gloeothece verrucosa PCC 7822,Gloeothece,73,98,cyano,False,False,True,1
PMT9312_0550,pro,Thermosynechococcus vestitus (strain NIES-2133 / IAM M-273 / BP-1),Thermosynechococcus,74,97,cyano,False,False,True,0
PMT9312_0550,pro,Synechocystis sp. (strain ATCC 27184 / PCC 6803 / Kazusa),Synechocystis,74,98,cyano,False,False,True,11
PMT9312_0550,pro,Crocosphaera subtropica ATCC 51142,Crocosphaera,74,98,cyano,False,False,True,3
PMT9312_0550,pro,Microcystis sp. LEGE 08355,Microcystis,73,99,cyano,False,False,True,2
PMT9312_0550,pro,Chlamydomonas reinhardtii (Chlamydomonas smithii),Chlamydomonas,72,97,out,False,False,False,12
PMT9312_0550,pro,Physcomitrium patens,Physcomitrium,72,97,out,False,False,False,1
PMT9312_0550,pro,Arthrospira maxima CS-328,Arthrospira,72,97,cyano,False,False,True,2
PMT9312_0550,pro,Tetrameles nudiflora,Tetrameles,71,99,out,False,False,False,3
PMT9312_0550,pro,Tetradesmus obliquus,Tetradesmus,71,97,out,False,False,False,1
PMT9312_0550,pro,Ostreococcus tauri,Ostreococcus,70,97,out,False,False,False,2
PMT9312_0550,pro,Cryptomeria japonica,Cryptomeria,72,98,out,False,False,False,0
PMT9312_0550,pro,Tovaria pendula,Tovaria,72,99,out,False,False,False,6
PMT9312_0550,pro,Lemna minor,Lemna,71,98,out,False,False,False,1
PMT9312_0550,pro,Arabis hirsuta,Arabis,72,98,out,False,False,False,1
PMT9312_0550,pro,Phaseolus vulgaris,Phaseolus,71,98,out,False,False,False,1
PMT9312_0550,pro,Solanum tuberosum,Solanum,71,98,out,False,False,False,2
PMT9312_0550,pro,Allium cepa,Allium,72,98,out,False,False,False,0
PMT9312_0550,pro,Aethionema cordifolium,Aethionema,72,97,out,False,False,False,1
PMT9312_0550,pro,Picea sitchensis,Picea,71,98,out,False,False,False,2
PMT9312_0550,pro,Kigelia africana,Kigelia,71,99,out,False,False,False,1
PMT9312_0550,pro,Nicotiana debneyi,Nicotiana,72,98,out,False,False,False,2
PMT9312_0550,pro,Arabidopsis thaliana,Arabidopsis,71,98,out,False,False,False,12
PMT9312_0550,pro,Nicotiana tabacum (Common tobacco),Nicotiana,72,98,out,False,False,False,7
PMT9312_0550,pro,Magnolia ovata,Magnolia,71,98,out,False,True,False,1
PMT9312_0550,pro,Picea abies,Picea,71,98,out,False,False,False,1
PMT9312_0550,pro,Brassica napus,Brassica,71,98,out,False,False,False,2
PMT9312_0550,pro,Solanum lycopersicum,Solanum,72,98,out,False,False,False,4
PMT9312_0550,pro,Adiantum capillus-veneris,Adiantum,72,97,out,False,False,False,1
PMT9312_0550,pro,Tetrapanax papyrifer,Tetrapanax,72,97,out,False,False,False,8
PMT9312_0550,pro,Datura stramonium,Datura,72,99,out,False,False,False,1
PMT9312_0550,pro,Adoxa moschatellina,Adoxa,71,99,out,False,False,False,1
PMT9312_0550,pro,Magnolia singapurensis,Magnolia,71,98,out,False,True,False,8
PMT9312_0550,pro,Rhodoleia henryi,Rhodoleia,71,98,out,False,False,False,1
PMT9312_0550,pro,Prunus persica,Prunus,71,98,out,False,False,False,2
PMT9312_0550,pro,Helianthus tuberosus,Helianthus,70,97,out,False,False,False,1
PMT9312_0550,pro,Cucurbita pepo,Cucurbita,71,99,out,False,False,False,1
PMT9312_0550,pro,Liquidambar styraciflua,Liquidambar,71,98,out,False,False,False,1
PMT9312_0550,pro,Anthoceros angustus (Hornwort) (Anthoceros formosae),Anthoceros,71,97,out,False,False,False,0
PMT9312_0550,pro,Pyrus pyrifolia,Pyrus,70,98,out,False,False,False,1
PMT9312_0550,pro,Chlorella variabilis,Chlorella,71,97,out,False,False,False,1
PMT9312_0550,pro,Prunus laurocerasus,Prunus,71,98,out,False,False,False,8
PMT9312_0550,pro,Mytilaria laosensis,Mytilaria,70,98,out,False,False,False,1
PMT9312_0550,pro,Physocarpus malvaceus,Physocarpus,71,98,out,False,False,False,1
PMT9312_0550,pro,Tetracarpaea tasmannica,Tetracarpaea,70,98,out,False,False,False,1
PMT9312_0550,pro,Cycas circinalis,Cycas,71,97,out,False,False,False,1
PMT9312_0550,pro,Hedythyrsus thamnoideus,Hedythyrsus,71,98,out,False,False,False,1
PMT9312_0550,pro,Camellia cuspidata,Camellia,71,98,out,False,False,False,1
PMT9312_0550,pro,Glycine max,Glycine,71,98,out,False,False,False,2
PMT9312_0550,pro,Camellia sinensis,Camellia,70,98,out,False,False,False,1
PMT9312_0550,pro,Centella erecta,Centella,70,98,out,False,False,False,1
PMT9312_0550,pro,Tabebuia heterophylla,Tabebuia,71,99,out,False,False,False,1
PMT9312_0550,pro,Cerastium glomeratum,Cerastium,71,98,out,False,False,False,1
PMT9312_0550,pro,Saururus cernuus,Saururus,71,98,out,False,False,False,1
PMT9312_0550,pro,Cassia fistula,Cassia,71,98,out,False,False,False,1
PMT9312_0550,pro,Flaveria bidentis,Flaveria,71,95,out,False,False,False,1
PMT9312_0550,pro,Ilex crenata,Ilex,71,98,out,False,False,False,1
PMT9312_0550,pro,Akania bidwillii,Akania,70,99,out,False,False,False,1
PMT9312_0550,pro,Pisum sativum (Garden pea) (Lathyrus oleraceus),Pisum,71,97,out,False,False,False,2
PMT9312_0550,pro,Sapium glandulosum,Sapium,71,98,out,False,False,False,1
PMT9312_0550,pro,Ricinus communis,Ricinus,71,98,out,False,False,False,1
PMT9312_0550,pro,Lolium perenne,Lolium,70,98,out,False,False,False,1
PMT9312_0550,pro,Trevesia palmata,Trevesia,71,97,out,False,False,False,1
PMT9312_0550,pro,Glycine cyrtoloba,Glycine,71,98,out,False,False,False,1
PMT9312_0550,pro,Humulus lupulus,Humulus,70,99,out,False,False,False,2
PMT9312_0550,pro,Neurachne munroi,Neurachne,70,98,out,False,False,False,1
PMT9312_0550,pro,Platanus occidentalis,Platanus,70,99,out,False,False,False,1
PMT9312_0550,pro,Arachis hypogaea,Arachis,71,98,out,False,False,False,1
PMT9312_0550,pro,Trema micranthum,Trema,71,99,out,False,False,False,4
PMT9312_0550,pro,Oryza sativa subsp. indica (Rice),Oryza,70,98,out,False,False,False,15
PMT9312_0550,pro,Oryza sativa Indica Group,Oryza,70,96,out,False,False,False,3
PMT9312_0550,pro,Saxifraga mertensiana,Saxifraga,70,98,out,False,False,False,8
PMT9312_0550,pro,Oryza sativa,Oryza,70,98,out,False,False,False,3
PMT9312_0550,pro,Thuja occidentalis,Thuja,72,97,out,False,False,False,8
PMT9312_0550,pro,Limonium gibertii,Limonium,71,96,out,False,False,False,1
PMT9312_0550,pro,Sorghum bicolor,Sorghum,71,98,out,False,False,False,4
PMT9312_0550,pro,Glycine max,Glycine,70,98,out,False,False,False,2
PMT9312_0550,pro,Sesbania sesban,Sesbania,70,98,out,False,False,False,1
PMT9312_0550,pro,Deschampsia antarctica,Deschampsia,70,98,out,False,False,False,1
PMT9312_0550,pro,Jasminum simplicifolium subsp. suavissimum,Jasminum,71,99,out,False,False,False,2
PMT9312_0550,pro,Toxicodendron radicans,Toxicodendron,70,99,out,False,False,False,3
PMT9312_0550,pro,Tragia urticifolia,Tragia,70,98,out,False,False,False,1
PMT9312_0550,pro,Eustoma russellianum,Eustoma,70,99,out,False,False,False,1
PMT9312_0550,pro,Agrostis stolonifera,Agrostis,70,98,out,False,False,False,1
PMT9312_0550,pro,Tapirira mexicana,Tapirira,70,99,out,False,False,False,8
PMT9312_0550,pro,Garrya elliptica,Garrya,71,97,out,False,False,False,1
PMT9312_0550,pro,Pelargonium hortorum,Pelargonium,70,98,out,False,False,False,1
PMT9312_0550,pro,Citrus sinensis,Citrus,70,98,out,False,False,False,1
PMT9312_0550,pro,Linum usitatissimum,Linum,70,98,out,False,False,False,1
PMT9312_0550,pro,Ceratopetalum gummiferum,Ceratopetalum,71,97,out,False,False,False,1
PMT9312_0550,pro,Chrysanthemum morifolium,Chrysanthemum,70,96,out,False,False,False,1
PMT9312_0550,pro,Helianthus annuus,Helianthus,70,95,out,False,False,False,1
PMT9312_0550,pro,Spinacia oleracea (Spinach),Spinacia,70,98,out,False,False,False,8
PMT9312_0550,pro,Zea mays,Zea,70,98,out,False,False,False,12
PMT9312_0550,pro,Trochodendron aralioides,Trochodendron,71,98,out,False,False,False,1
PMT9312_0550,pro,Tetraselmis suecica,Tetraselmis,69,97,out,False,False,False,1
PMT9312_0550,pro,Ageratina adenophora,Ageratina,72,96,out,False,False,False,1
PMT9312_0550,pro,Solanum chenopodioides,Solanum,72,96,out,False,False,False,1
PMT9312_0550,pro,Vitis vinifera,Vitis,70,98,out,False,False,False,1
PMT9312_0550,pro,Spinacia oleracea,Spinacia,70,98,out,False,False,False,2
PMT9312_0550,pro,Cuscuta sandwichiana,Cuscuta,70,98,out,False,False,False,1
PMT9312_0550,pro,Nypa fruticans,Nypa,71,97,out,False,False,False,2
PMT9312_0550,pro,Aneura mirabilis,Aneura,69,97,out,False,False,False,1
PMT9312_0550,pro,Hordeum vulgare subsp. vulgare,Hordeum,70,97,out,False,False,False,5
PMT9312_0550,pro,Triticum aestivum (Wheat),Triticum,70,97,out,False,False,False,7
PMT9312_0550,pro,Oryza sativa subsp. japonica,Oryza,70,98,out,False,False,False,1
PMT9312_0550,pro,Senecio vulgaris,Senecio,71,96,out,False,False,False,1
PMT9312_0550,pro,Setaria italica,Setaria,71,96,out,False,False,False,1
PMT9312_0550,pro,Cucumis zeyherii,Cucumis,71,96,out,False,False,False,1
PMT9312_0550,pro,Vitis rotundifolia,Vitis,70,98,out,False,False,False,1
PMT9312_0550,pro,Oryza sativa subsp. japonica,Oryza,70,97,out,False,False,False,1
PMT9312_0550,pro,Triticum aestivum,Triticum,70,97,out,False,False,False,1
PMT9312_0550,pro,Psathyrostachys huashanica,Psathyrostachys,70,97,out,False,False,False,1
PMT9312_0550,pro,Codonopsis viridis,Codonopsis,71,97,out,False,False,False,1
PMT9312_0550,pro,Helianthus annuus,Helianthus,70,97,out,False,False,False,1
PMT9312_0550,pro,Trillium sessile,Trillium,71,96,out,False,False,False,6
PMT9312_0550,pro,Trillium camschatcense,Trillium,71,96,out,False,False,False,8
PMT9312_0550,pro,Lupinus polyphyllus,Lupinus,71,97,out,False,False,False,1
PMT9312_0550,pro,Erythrina crista-galli,Erythrina,71,97,out,False,False,False,1
PMT9312_0550,pro,Sedum rubrotinctum,Sedum,71,95,out,False,False,False,1
PMT9312_0550,pro,Metanarthecium luteoviride,Metanarthecium,70,95,out,False,False,False,1
PMT9312_0550,pro,Campanula poscharskyana,Campanula,71,96,out,False,False,False,1
PMT9312_0550,pro,Treichelia longibracteata,Treichelia,69,98,out,False,False,False,1
PMT9312_0550,pro,Vachellia farnesiana,Vachellia,71,97,out,False,False,False,1
PMT9312_0550,pro,Paraserianthes lophantha,Paraserianthes,70,97,out,False,False,False,1
PMT9312_0550,pro,Codonopsis ovata,Codonopsis,71,98,out,False,False,False,1
PMT9312_0550,pro,Euglena longa,Euglena,67,98,out,False,False,False,1
PMT9312_0550,pro,Crassula rupestris subsp. marnieriana,Crassula,71,95,out,False,False,False,1
PMT9312_0550,pro,Sphaerochara intricata,Sphaerochara,71,95,out,False,False,False,8
PMT9312_0550,pro,Tolypella nidifica,Tolypella,71,95,out,False,False,False,5
PMT9312_0550,pro,Beta vulgaris,Beta,71,95,out,False,False,False,1
PMT9312_0550,pro,Torilis japonica,Torilis,72,93,out,False,False,False,8
PMT9312_0550,pro,Zamioculcas zamiifolia,Zamioculcas,71,95,out,False,False,False,1
PMT9312_0550,pro,Antirrhinum majus,Antirrhinum,71,94,out,False,False,False,1
PMT9312_0550,pro,Polygonatum x desoulavyi,Polygonatum,71,94,out,False,False,False,1
PMT9312_0550,pro,Zinnia elegans,Zinnia,71,94,out,False,False,False,1
PMT9312_0550,pro,Veronica persica,Veronica,70,93,out,False,False,False,1
PMT9312_0550,pro,Pentachondra pumila,Pentachondra,68,98,out,False,False,False,1
PMT9312_0550,pro,Agathis montana,Agathis,72,93,out,False,False,False,1
PMT9312_0550,pro,Tecticornia disarticulata,Tecticornia,71,95,out,False,False,False,1
PMT9312_0550,pro,Abies firma,Abies,71,94,out,False,False,False,1
PMT9312_0550,pro,Tetrachondra hamiltonii,Tetrachondra,71,94,out,False,False,False,1
PMT9312_0550,pro,Desmodium sp. SH-2010,Desmodium,71,94,out,False,False,False,1
PMT9312_0550,pro,Iris germanica,Iris,71,94,out,False,False,False,1
PMT9312_0550,pro,Araucaria angustifolia,Araucaria,72,93,out,False,False,False,1
PMT9312_0550,pro,Polypodium macaronesicum,Polypodium,71,94,out,False,False,False,8
PMT9312_0550,pro,Araucaria humboldtensis,Araucaria,71,93,out,False,False,False,1
PMT9312_0550,pro,Pleopeltis macrocarpa,Pleopeltis,71,94,out,False,False,False,8
PMT9312_0550,pro,Codonopsis foetens subsp. nervosa,Codonopsis,72,92,out,False,False,False,1
PMT9312_0550,pro,Microcodon glomeratus,Microcodon,69,96,out,False,False,False,1
PMT9312_0550,pro,Strelitzia nicolai,Strelitzia,69,95,out,False,False,False,8
PMT9312_0550,pro,Salvia chamaedryoides,Salvia,70,95,out,False,False,False,1
PMT9312_0550,pro,Saccoloma elegans,Saccoloma,71,93,out,False,False,False,1
PMT9312_0550,pro,Klaineanthus gaboniae,Klaineanthus,71,94,out,False,False,False,1
PMT9312_0550,pro,Dioscorea esculenta,Dioscorea,72,92,out,False,False,False,1
PMT9312_0550,pro,Begonia metallica x Begonia sanguinea,Begonia,70,94,out,False,False,False,1
PMT9312_0550,pro,Capsella bursa-pastoris,Capsella,72,91,out,False,False,False,1
PMT9312_0550,pro,Eriogonum flavum,Eriogonum,69,96,out,False,False,False,1
PMT9312_0550,pro,Vanilla palmarum,Vanilla,71,93,out,False,False,False,1
PMT9312_0550,pro,Thelypteris palustris,Thelypteris,71,93,out,False,False,False,8
PMT9312_0550,pro,Radiovittaria gardneriana,Radiovittaria,70,93,out,False,False,False,8
PMT9312_0550,pro,Araucaria bidwillii,Araucaria,71,93,out,False,False,False,1
PMT9312_0550,pro,Drosera petiolaris,Drosera,70,94,out,False,False,False,1
PMT9312_0550,pro,Psiloxylon mauritianum,Psiloxylon,67,99,out,False,False,False,8
PMT9312_0550,pro,Arabidopsis thaliana,Arabidopsis,72,91,out,False,False,False,1
PMT9312_0550,pro,Zingiber gramineum,Zingiber,70,95,out,False,False,False,1
PMT9312_0550,pro,Haplopteris ensiformis,Haplopteris,70,93,out,False,False,False,6
PMT9312_0550,pro,Brassica campestris,Brassica,71,87,out,False,False,False,1
PMT9312_0550,pro,Claoxylon sp. SH-2010,Claoxylon,72,90,out,False,False,False,1
PMT9312_0550,pro,Limonium sinense,Limonium,72,88,out,False,False,False,1
PMT9312_0550,pro,Tmesipteris oblanceolata,Tmesipteris,72,85,out,False,False,False,3
PMT9312_0550,pro,Polystichum acutidens,Polystichum,70,92,out,False,False,False,1
PMT9312_0550,pro,Haworthia cymbiformis var. cymbiformis,Haworthia,70,89,out,False,False,False,1
PMT9312_0550,pro,Chlamydomonas raudensis,Chlamydomonas,71,84,out,False,False,False,1
PMT9312_0550,pro,Haplopteris zosterifolia,Haplopteris,70,93,out,False,False,False,1
PMT9312_0550,pro,Lysinema ciliatum,Lysinema,68,93,out,False,False,False,1
PMT9312_0550,pro,Penaea mucronata,Penaea,64,99,out,False,False,False,8
PMT9312_0550,pro,Drosera meristocaulis,Drosera,72,86,out,False,False,False,1
PMT9312_0550,pro,Asplenium oligophlebium,Asplenium,72,84,out,False,False,False,1
PMT9312_0550,pro,Asplenium tripteropus,Asplenium,72,84,out,False,False,False,1
PMT9312_0550,pro,Nelumbo lutea,Nelumbo,72,84,out,False,False,False,1
PMT9312_0550,pro,Asplenium normale,Asplenium,72,84,out,False,False,False,1
PMT9312_0550,pro,Distichlis spicata,Distichlis,72,83,out,False,False,False,1
PMT9312_0550,pro,Vittaria dimorpha,Vittaria,68,93,out,False,False,False,2
PMT9312_0550,pro,Cyclanthus bipartitus,Cyclanthus,70,82,out,False,False,False,1
PMT9312_0550,pro,Asplenium obliquissimum,Asplenium,73,77,out,False,False,False,1
PMT9312_0550,pro,Fagus grandifolia subsp. mexicana,Fagus,71,80,out,False,False,False,1
PMT9312_0550,pro,Mycobacterium sp.,Mycobacterium,58,99,out,False,False,False,0
PMT9312_0550,pro,Mycobacterium sp.,Mycobacterium,58,99,out,False,False,False,0
PMT9312_0550,pro,Bradyrhizobium diazoefficiens USDA 110,Bradyrhizobium,58,96,other_proteo,False,False,False,3
PMT9312_0550,pro,Bradyrhizobium diazoefficiens (strain JCM 10833 / BCRC 13528 / IAM 13628 / NBRC 14792 / USDA 110),Bradyrhizobium,58,96,other_proteo,False,False,False,2
PMT9312_0550,pro,Candidatus Methylacidithermus pantelleriae,Candidatus,58,95,other_proteo,False,True,False,1
PMT9312_0550,pro,Bradyrhizobium sp. ORS278,Bradyrhizobium,58,96,other_proteo,False,False,False,3
PMT9312_0550,pro,Rhodopseudomonas palustris,Rhodopseudomonas,57,96,other_proteo,False,False,False,4
PMT9312_0550,pro,Pseudonocardia dioxanivorans (strain ATCC 55486 / DSM 44775 / JCM 13855 / CB1190),Pseudonocardia,57,99,other_proteo,False,False,False,0
PMT9312_0550,pro,Oryza sativa subsp. japonica,Oryza,72,77,out,False,False,False,1
PMT9312_0550,pro,Gaiella occulta,Gaiella,59,95,other_proteo,False,False,False,1
PMT9312_0550,pro,Xanthobacter flavus,Xanthobacter,58,95,other_proteo,False,False,False,0
PMT9312_0550,pro,Cupriavidus necator (Alcaligenes eutrophus) (Ralstonia eutropha),Cupriavidus,57,96,other_proteo,False,False,False,0
Pro0418,pro,Prochlorococcus marinus (strain SARG / CCMP1375 / SS120),Prochlorococcus,100,100,cyano,True,False,True,2
Pro0418,pro,Parasynechococcus marenigrum (strain WH8102),Parasynechococcus,58,98,cyano,True,False,True,1
Pro0418,pro,Pseudomonas aeruginosa UCBPP-PA14,Pseudomonas,52,94,kg_genus,False,False,False,2
Pro0418,pro,Escherichia coli O6:H1 (strain CFT073 / ATCC 700928 / UPEC),Escherichia,51,88,other_proteo,False,False,False,1
Pro0418,pro,Escherichia coli K-12 substr. MG1655,Escherichia,51,88,other_proteo,False,False,False,9
Pro0418,pro,Pseudomonas aeruginosa PAO1,Pseudomonas,52,94,kg_genus,False,False,False,11
Pro0418,pro,Pseudomonas linyingensis,Pseudomonas,51,96,kg_genus,False,False,False,1
Pro0418,pro,Pseudomonas taetrolens,Pseudomonas,49,98,kg_genus,False,False,False,0
Pro0418,pro,Pseudomonas aeruginosa,Pseudomonas,49,95,kg_genus,False,False,False,12
Pro0418,pro,Pseudomonas syringae,Pseudomonas,49,97,kg_genus,False,False,False,1
Pro0418,pro,Pseudomonas putida KT2440,Pseudomonas,49,97,kg_genus,False,False,False,6
Pro0418,pro,Pseudomonas lactis,Pseudomonas,50,97,kg_genus,False,False,False,1
Pro0418,pro,Burkholderia cenocepacia J2315,Burkholderia,51,86,other_proteo,False,False,False,1
Pro0418,pro,Pantoea ananatis Sd-1,Pantoea,48,89,other_proteo,False,False,False,1
Pro0418,pro,Polynucleobacter sp. QLW-P1DMWA-1,Polynucleobacter,47,98,other_proteo,False,False,False,1
Pro0418,pro,Pseudomonas putida KT2440,Pseudomonas,49,91,kg_genus,False,False,False,1
Pro0418,pro,Pseudomonas brassicacearum,Pseudomonas,51,86,kg_genus,False,False,False,1
Pro0418,pro,Baumannia cicadellinicola str. Hc (Homalodisca coagulata),Baumannia,48,95,other_proteo,False,False,False,1
Pro0418,pro,Bradyrhizobium diazoefficiens (strain JCM 10833 / BCRC 13528 / IAM 13628 / NBRC 14792 / USDA 110),Bradyrhizobium,48,95,other_proteo,False,False,False,1
Pro0418,pro,Pseudomonas brassicacearum,Pseudomonas,49,97,kg_genus,False,False,False,1
Pro0418,pro,Arthrobacter sp. FB24,Arthrobacter,49,93,out,False,False,False,1
Pro0418,pro,Bacillus pseudofirmus OF4,Bacillus,48,97,out,False,False,False,1
Pro0418,pro,Acetobacter pasteurianus 386B,Acetobacter,51,97,other_proteo,False,False,False,2
Pro0418,pro,Pseudomonas syringae group genomosp. 3,Pseudomonas,49,86,kg_genus,False,False,False,1
Pro0418,pro,Vibrio natriegens NBRC 15636 = ATCC 14048 = DSM 759,Vibrio,49,90,other_proteo,False,False,False,1
Pro0418,pro,Staphylococcus saprophyticus subsp. saprophyticus ATCC 15305,Staphylococcus,48,96,out,False,False,False,1
Pro0418,pro,Staphylococcus xylosus,Staphylococcus,48,96,out,False,False,False,1
Pro0418,pro,Ralstonia solanacearum GMI1000,Ralstonia,48,86,other_proteo,False,False,False,1
Pro0418,pro,Agrobacterium tumefaciens str. C58 (Cereon),Agrobacterium,49,86,other_proteo,False,False,False,1
Pro0418,pro,Pantoea ananatis Sd-1,Pantoea,47,90,other_proteo,False,False,False,1
Pro0418,pro,Vibrio natriegens NBRC 15636 = ATCC 14048 = DSM 759,Vibrio,48,92,other_proteo,False,False,False,1
Pro0418,pro,Staphylococcus epidermidis RP62A,Staphylococcus,47,98,out,False,False,False,1
Pro0418,pro,Rhodopseudomonas palustris CGA009,Rhodopseudomonas,47,97,other_proteo,False,False,False,1
Pro0418,pro,Ralstonia solanacearum,Ralstonia,49,83,other_proteo,False,False,False,1
Pro0418,pro,Pseudomonas citronellolis,Pseudomonas,49,94,kg_genus,False,False,False,0
Pro0418,pro,Gluconobacter oxydans 621H,Gluconobacter,47,96,other_proteo,False,False,False,1
Pro0418,pro,Lysinibacillus sphaericus (strain C3-41),Lysinibacillus,46,98,out,False,False,False,1
Pro0418,pro,Staphylococcus aureus (strain MRSA252),Staphylococcus,45,98,out,False,False,False,0
Pro0418,pro,Streptomyces parvulus,Streptomyces,47,97,out,False,False,False,1
Pro0418,pro,Staphylococcus aureus subsp. aureus Mu50,Staphylococcus,45,95,out,False,False,False,9
Pro0418,pro,Neisseria gonorrhoeae FA 1090,Neisseria,48,95,other_proteo,False,False,False,3
Pro0418,pro,Neisseria meningitidis serogroup B (strain ATCC BAA-335 / MC58),Neisseria,48,95,other_proteo,False,False,False,4
Pro0418,pro,Staphylococcus aureus subsp. aureus USA300_TCH1516,Staphylococcus,45,95,out,False,False,False,3
Pro0418,pro,Staphylococcus aureus,Staphylococcus,45,98,out,False,False,False,6
Pro0418,pro,Neisseria meningitidis FAM18,Neisseria,48,95,other_proteo,False,False,False,2
Pro0418,pro,Asaia bogorensis NBRC 16594,Asaia,46,97,other_proteo,False,False,False,1
Pro0418,pro,Staphylococcus saprophyticus subsp. saprophyticus ATCC 15305,Staphylococcus,44,97,out,False,False,False,1
Pro0418,pro,Glutamicibacter arilaitensis Re117,Glutamicibacter,45,98,out,False,False,False,1
Pro0418,pro,Acinetobacter baumannii ATCC 17978,Acinetobacter,45,88,other_proteo,False,False,False,2
Pro0418,pro,Staphylococcus xylosus,Staphylococcus,44,97,out,False,False,False,3
Pro0418,pro,Acinetobacter baumannii (strain ATCC 19606 / DSM 30007 / JCM 6841 / CCUG 19606 / CIP 70.34 / NBRC 109757 / NCIMB 12457 / NCTC 12156 / 81),Acinetobacter,45,88,other_proteo,False,False,False,1
Pro0418,pro,Bacillus cereus ATCC 14579,Bacillus,47,97,out,False,False,False,2
Pro0418,pro,Staphylococcus epidermidis RP62A,Staphylococcus,43,98,out,False,False,False,2
Pro0418,pro,Actinobacillus pleuropneumoniae L20,Actinobacillus,45,99,other_proteo,False,False,False,1
Pro0418,pro,Staphylococcus epidermidis (strain ATCC 12228 / FDA PCI 1200),Staphylococcus,43,98,out,False,False,False,1
Pro0418,pro,Staphylococcus aureus subsp. aureus COL,Staphylococcus,43,98,out,False,False,False,20
Pro0418,pro,Staphylococcus aureus subsp. aureus MW2,Staphylococcus,43,98,out,False,False,False,1
Pro0418,pro,Staphylococcus carnosus subsp. carnosus TM300,Staphylococcus,44,97,out,False,False,False,1
Pro0418,pro,Staphylococcus epidermidis RP62A,Staphylococcus,42,96,out,False,False,False,1
Pro0418,pro,Staphylococcus epidermidis RP62A,Staphylococcus,42,98,out,False,False,False,3
Pro0418,pro,Staphylococcus pseudintermedius,Staphylococcus,42,97,out,False,False,False,1
Pro0418,pro,Staphylococcus saprophyticus subsp. saprophyticus ATCC 15305,Staphylococcus,42,97,out,False,False,False,1
Pro0418,pro,Mycolicibacterium smegmatis (strain ATCC 700084 / mc(2)155),Mycolicibacterium,45,94,out,False,False,False,5
Pro0418,pro,Xylella fastidiosa 9a5c,Xylella,45,87,other_proteo,False,False,False,2
Pro0418,pro,Corynebacterium glutamicum,Corynebacterium,43,99,out,False,False,False,7
Pro0418,pro,Mycolicibacterium smegmatis MC2 155,Mycolicibacterium,45,93,out,False,False,False,1
Pro0418,pro,Staphylococcus epidermidis RP62A,Staphylococcus,41,97,out,False,False,False,2
Pro0418,pro,Acinetobacter sp. ADP1,Acinetobacter,42,87,other_proteo,False,False,False,1
Pro0418,pro,Mycobacterium avium subsp. paratuberculosis str. k10,Mycobacterium,42,98,out,False,False,False,1
Pro0418,pro,Mycobacterium tuberculosis H37Ra,Mycobacterium,42,98,out,False,False,False,8
Pro0418,pro,Mycobacterium abscessus ATCC 19977,Mycobacterium,45,95,out,False,False,False,1
Pro0418,pro,Thiocapsa bogorovii,Thiocapsa,23,88,other_proteo,False,False,False,1
Pro0418,pro,Sulfurospirillum multivorans DSM 12446,Sulfurospirillum,22,87,other_proteo,False,False,False,1
Pro0418,pro,Plasmodium berghei ANKA,Plasmodium,23,84,out,False,False,False,1
Pro0418,pro,Klebsiella pneumoniae,Klebsiella,40,16,other_proteo,False,False,False,1
Pro0418,pro,Theileria parva strain Muguga,Theileria,24,86,out,False,False,False,1
Pro0418,pro,Theileria annulata,Theileria,24,89,out,False,False,False,1
Pro0418,pro,Helicobacter pylori (strain ATCC 700392 / 26695),Helicobacter,23,86,other_proteo,False,False,False,8
Pro0418,pro,Campylobacter coli RM2228,Campylobacter,22,87,other_proteo,False,False,False,1
Pro0418,pro,Helicobacter pylori G27,Helicobacter,23,86,other_proteo,False,False,False,1
Pro0418,pro,Toxoplasma gondii ME49,Toxoplasma,23,83,out,False,False,False,2
Pro0418,pro,Campylobacter jejuni subsp. jejuni NCTC 11168,Campylobacter,21,87,other_proteo,False,False,False,0
Pro0418,pro,Campylobacter jejuni,Campylobacter,23,60,other_proteo,False,False,False,8
Pro0418,pro,Allochromatium vinosum DSM 180,Allochromatium,20,61,other_proteo,False,False,False,1
BL107_07454,syn,Synechocystis sp. PCC 6803,Synechocystis,62,83,cyano,False,False,True,7
BL107_07454,syn,Cyanothece sp. PCC 7425,Cyanothece,62,84,cyano,False,False,True,1
BL107_07454,syn,Listeria monocytogenes str. 4b F2365,Listeria,40,82,out,False,False,False,3
BL107_07454,syn,Staphylococcus aureus subsp. aureus MW2,Staphylococcus,40,82,out,False,False,False,5
BL107_07454,syn,Staphylococcus saprophyticus,Staphylococcus,39,82,out,False,False,False,1
BL107_07454,syn,Mycobacterium tuberculosis H37Rv,Mycobacterium,39,89,out,False,False,False,10
BL107_07454,syn,Thermus thermophilus HB8,Thermus,39,82,out,False,False,False,3
BL107_07454,syn,Mycobacterium avium subsp. paratuberculosis str. k10,Mycobacterium,40,71,out,False,False,False,1
BL107_07454,syn,Actinobacillus pleuropneumoniae L20,Actinobacillus,41,83,other_proteo,False,False,False,1
BL107_07454,syn,Bacillus subtilis (strain 168),Bacillus,40,82,out,False,False,False,2
BL107_07454,syn,Streptomyces coelicolor A3(2),Streptomyces,36,61,out,False,False,False,2
BL107_07454,syn,Mycobacterium vanbaalenii PYR-1,Mycobacterium,36,69,out,False,False,False,1
BL107_07454,syn,Streptococcus mutans serotype c (strain ATCC 700610 / UA159),Streptococcus,38,82,out,False,False,False,1
BL107_07454,syn,Streptococcus pyogenes serotype M6 (strain ATCC BAA-946 / MGAS10394),Streptococcus,38,82,out,False,False,False,0
BL107_07454,syn,Streptococcus agalactiae NEM316,Streptococcus,38,82,out,False,False,False,1
BL107_07454,syn,Mycobacterium smegmatis str. MC2 155,Mycobacterium,35,71,out,False,False,False,1
BL107_07454,syn,Halothermothrix orenii H 168,Halothermothrix,38,82,out,False,False,False,1
BL107_07454,syn,Neisseria meningitidis MC58,Neisseria,40,83,other_proteo,False,False,False,3
BL107_07454,syn,Photobacterium angustum S14,Photobacterium,38,82,other_proteo,False,False,False,1
BL107_07454,syn,Streptococcus sanguinis SK36,Streptococcus,36,82,out,False,False,False,2
BL107_07454,syn,Deinococcus radiodurans R1,Deinococcus,38,82,out,False,False,False,1
BL107_07454,syn,Streptococcus pneumoniae D39,Streptococcus,36,82,out,False,False,False,1
BL107_07454,syn,Streptococcus pneumoniae R6,Streptococcus,36,82,out,False,False,False,1
BL107_07454,syn,Vibrio fischeri ES114,Vibrio,38,82,other_proteo,False,False,False,1
BL107_07454,syn,Escherichia coli K-12 substr. MG1655,Escherichia,38,82,other_proteo,False,False,False,17
BL107_07454,syn,Pseudomonas aeruginosa PAO1,Pseudomonas,39,82,kg_genus,False,False,False,5
BL107_07454,syn,Vibrio cholerae O1 biovar eltor str. N16961,Vibrio,37,82,other_proteo,False,False,False,1
BL107_07454,syn,Pseudomonas putida KT2440,Pseudomonas,39,82,kg_genus,False,False,False,3
BL107_07454,syn,Salmonella enterica subsp. enterica serovar Typhimurium str. LT2,Salmonella,38,82,other_proteo,False,False,False,9
BL107_07454,syn,Cupriavidus metallidurans CH34,Cupriavidus,36,91,other_proteo,False,False,False,2
BL107_07454,syn,Clostridium acetobutylicum ATCC 824,Clostridium,37,82,out,False,False,False,1
BL107_07454,syn,Enterococcus faecalis V583,Enterococcus,35,81,out,False,False,False,2
BL107_07454,syn,Enterobacter sp. HSTU-ASh6,Enterobacter,38,82,other_proteo,False,False,False,1
BL107_07454,syn,Yersinia pseudotuberculosis IP 32953,Yersinia,38,82,other_proteo,False,False,False,2
BL107_07454,syn,Azoarcus sp. BH72,Azoarcus,39,82,out,False,False,False,1
BL107_07454,syn,Sinorhizobium meliloti 1021,Sinorhizobium,36,82,other_proteo,False,False,False,2
BL107_07454,syn,Ralstonia eutropha H16,Ralstonia,36,86,other_proteo,False,False,False,1
BL107_07454,syn,Yersinia ruckeri,Yersinia,38,82,other_proteo,False,False,False,1
BL107_07454,syn,Brucella melitensis biovar Abortus 2308,Brucella,38,82,other_proteo,False,False,False,1
BL107_07454,syn,Haemophilus influenzae Rd KW20,Haemophilus,37,82,other_proteo,False,False,False,1
BL107_07454,syn,Burkholderia lata (strain ATCC 17760 / DSM 23089 / LMG 22485 / NCIMB 9086 / R18194 / 383),Burkholderia,36,85,other_proteo,False,False,False,2
BL107_07454,syn,Bdellovibrio bacteriovorus HD100,Bdellovibrio,37,82,out,False,False,False,1
BL107_07454,syn,Burkholderia pseudomallei K96243,Burkholderia,36,85,other_proteo,False,False,False,1
BL107_07454,syn,Bifidobacterium longum NCC2705,Bifidobacterium,38,61,out,False,False,False,2
BL107_07454,syn,Caulobacter crescentus NA1000,Caulobacter,36,82,other_proteo,False,False,False,2
BL107_07454,syn,Oleidesulfovibrio alaskensis G20,Oleidesulfovibrio,33,86,out,False,False,False,1
BL107_07454,syn,Bartonella quintana str. Toulouse,Bartonella,37,82,other_proteo,False,False,False,1
BL107_07454,syn,Legionella pneumophila str. Paris,Legionella,38,82,other_proteo,False,False,False,1
BL107_07454,syn,Corynebacterium glutamicum ATCC 13032,Corynebacterium,37,57,out,False,False,False,1
BL107_07454,syn,Vibrio angustum S14,Vibrio,38,71,other_proteo,False,False,False,1
BL107_07454,syn,Rickettsia typhi str. wilmington,Rickettsia,32,86,other_proteo,False,False,False,1
BL107_07454,syn,Helicobacter pylori 26695,Helicobacter,35,82,other_proteo,False,False,False,9
BL107_07454,syn,Rickettsia prowazekii (strain Madrid E),Rickettsia,31,86,other_proteo,False,False,False,1
BL107_07454,syn,Helicobacter pylori J99,Helicobacter,34,82,other_proteo,False,False,False,1
BL107_07454,syn,Guillardia theta (strain CCMP2712),Guillardia,33,82,out,False,False,False,1
BL107_07454,syn,Treponema pallidum subsp. pallidum str. Nichols,Treponema,37,81,out,False,False,False,2
BL107_07454,syn,Borreliella burgdorferi B31,Borreliella,32,82,out,False,False,False,1
BL107_07454,syn,Campylobacter jejuni subsp. jejuni NCTC 11168,Campylobacter,31,82,other_proteo,False,False,False,7
BL107_07454,syn,Aquifex aeolicus (strain VF5),Aquifex,39,51,out,False,False,False,0
BL107_07454,syn,Riemerella anatipestifer RA-CH-1,Riemerella,29,82,out,False,False,False,1
BL107_07454,syn,Porphyromonas gingivalis W83,Porphyromonas,33,82,out,False,False,False,3
BL107_07454,syn,Kosmotoga olearia (strain ATCC BAA-1733 / DSM 21960 / TBF 19.5.1),Kosmotoga,35,42,out,False,False,False,1
BL107_07454,syn,Chlamydia trachomatis D/UW-3/CX,Chlamydia,37,82,out,False,False,False,1
BL107_07454,syn,Flavobacterium psychrophilum JIP02/86,Flavobacterium,30,85,out,False,False,False,1
BL107_07454,syn,Thermotoga maritima (strain ATCC 43589 / DSM 3109 / JCM 10099 / NBRC 100826 / MSB8),Thermotoga,35,46,out,True,False,False,1
BL107_07454,syn,Hydrogenobacter thermophilus TK-6,Hydrogenobacter,39,53,out,False,False,False,1
BL107_07454,syn,Anaplasma phagocytophilum HZ,Anaplasma,30,82,out,False,False,False,2
BL107_07454,syn,Wolbachia endosymbiont of Drosophila melanogaster,Wolbachia,25,82,out,False,False,False,1
BL107_07454,syn,Mycoplasma mycoides subsp. capri str. GM12,Mycoplasma,22,82,out,False,False,False,1
BL107_07454,syn,Mycoplasma hominis,Mycoplasma,22,81,out,False,False,False,1
BL107_07454,syn,Mycoplasmopsis bovis HB0801,Mycoplasmopsis,23,80,out,False,False,False,1
BL107_07454,syn,Arabidopsis thaliana,Arabidopsis,26,36,out,False,False,False,5
BL107_11441,syn,Synechococcus sp. WH 8102,Synechococcus,82,99,cyano,True,False,True,1
BL107_11441,syn,Synechococcus sp. CC9311,Synechococcus,72,98,cyano,True,False,True,1
BL107_11441,syn,Synechococcus sp. WH 8102,Synechococcus,75,100,cyano,True,False,True,1
BL107_11441,syn,Cyanothece sp. ATCC 51142,Cyanothece,50,93,cyano,False,False,True,2
BL107_11441,syn,Synechocystis sp. PCC 6803,Synechocystis,52,94,cyano,False,False,True,8
BL107_11441,syn,Nostoc punctiforme,Nostoc,51,88,cyano,False,False,True,2
BL107_11441,syn,Anabaena variabilis ATCC 29413,Anabaena,49,88,cyano,False,False,True,7
BL107_11441,syn,Trichodesmium erythraeum IMS101,Trichodesmium,50,81,out,False,False,False,1
BL107_11441,syn,Cyanothece sp. ATCC 51142,Cyanothece,46,78,cyano,False,False,True,1
BL107_11441,syn,Synechocystis sp. PCC 6803,Synechocystis,46,78,cyano,False,False,True,8
BL107_11441,syn,Halomicronema sp. CCY15110,Halomicronema,43,95,cyano,False,False,True,1
BL107_11441,syn,Nostoc sp. PCC 7120,Nostoc,42,82,cyano,False,False,True,8
BL107_11441,syn,Nostoc punctiforme,Nostoc,42,81,cyano,False,False,True,1
BL107_11441,syn,Trichodesmium erythraeum IMS101,Trichodesmium,43,81,out,False,False,False,1
BL107_16040,syn,Synechococcus sp. WH 8102,Synechococcus,97,100,cyano,True,False,True,1
BL107_16040,syn,Prochlorococcus marinus sp. MED4,Prochlorococcus,92,100,cyano,True,False,True,2
BL107_16040,syn,Prochlorococcus marinus (strain AS9601),Prochlorococcus,92,100,cyano,True,False,True,1
BL107_16040,syn,Synechococcus elongatus PCC 7942,Synechococcus,79,99,cyano,False,False,True,1
BL107_16040,syn,Synechocystis sp. PCC 6803,Synechocystis,77,98,cyano,False,False,True,9
BL107_16040,syn,Nostoc sp. PCC 7120,Nostoc,76,96,cyano,False,False,True,2
BL107_16040,syn,Nodularia spumigena UHCC 0039,Nodularia,77,98,out,False,False,False,1
BL107_16040,syn,Galdieria sulphuraria,Galdieria,60,33,out,False,False,False,1
BL107_16040,syn,Desulfitobacterium hafniense DCB-2,Desulfitobacterium,62,94,out,False,False,False,2
BL107_16040,syn,Desulfotomaculum reducens MI-1,Desulfotomaculum,59,91,out,False,False,False,1
BL107_16040,syn,Natranaerobius thermophilus JW/NM-WN-LF,Natranaerobius,55,89,out,False,False,False,1
BL107_16040,syn,Frankia sp. CcI6,Frankia,55,93,out,False,False,False,1
BL107_16040,syn,Mycolicibacterium smegmatis (strain ATCC 700084 / mc(2)155) (Mycobacterium smegmatis),Mycolicibacterium,55,90,out,False,False,False,11
BL107_16040,syn,Mycobacterium avium 104,Mycobacterium,55,92,out,False,False,False,1
BL107_16040,syn,Mycobacterium avium subsp. paratuberculosis str. k10,Mycobacterium,55,88,out,False,False,False,1
BL107_16040,syn,Streptomyces scabiei (strain 87.22),Streptomyces,54,91,out,False,False,False,1
BL107_16040,syn,Streptomyces albidoflavus,Streptomyces,54,91,out,False,False,False,2
BL107_16040,syn,Mycobacterium xenopi,Mycobacterium,54,91,out,False,False,False,1
BL107_16040,syn,Streptomyces clavuligerus,Streptomyces,54,91,out,False,False,False,1
BL107_16040,syn,Mycobacterium flavescens PYR-GCK,Mycobacterium,54,90,out,False,False,False,2
BL107_16040,syn,Streptomyces avermitilis MA-4680,Streptomyces,54,89,out,False,False,False,1
BL107_16040,syn,Streptomyces lividans 1326,Streptomyces,54,91,out,False,False,False,1
BL107_16040,syn,Mycobacterium intracellulare ATCC 13950,Mycobacterium,54,90,out,False,False,False,1
BL107_16040,syn,Streptomyces coelicolor (strain ATCC BAA-471 / A3(2) / M145),Streptomyces,54,91,out,False,False,False,2
BL107_16040,syn,Streptomyces venezuelae,Streptomyces,54,91,out,False,False,False,1
BL107_16040,syn,Mycobacterium leprae (strain TN),Mycobacterium,54,90,out,False,False,False,6
BL107_16040,syn,Corynebacterium diphtheriae NCTC 13129,Corynebacterium,54,90,out,False,False,False,1
BL107_16040,syn,Actinoplanes missouriensis 431,Actinoplanes,54,92,out,False,False,False,2
BL107_16040,syn,Mycobacterium tuberculosis (strain ATCC 25618 / H37Rv),Mycobacterium,54,90,out,False,False,False,7
BL107_16040,syn,Mycobacterium abscessus ATCC 19977,Mycobacterium,54,90,out,False,False,False,8
BL107_16040,syn,Streptomyces rimosus subsp. rimosus ATCC 10970,Streptomyces,53,91,out,False,False,False,1
BL107_16040,syn,Mycobacterium tuberculosis H37Rv,Mycobacterium,54,90,out,False,False,False,23
BL107_16040,syn,Mycobacterium uberis,Mycobacterium,54,90,out,False,False,False,1
BL107_16040,syn,Propionibacterium freudenreichii subsp. freudenreichii,Propionibacterium,53,92,out,False,False,False,1
BL107_16040,syn,Mycobacterium tuberculosis,Mycobacterium,54,90,out,False,False,False,0
BL107_16040,syn,Amycolatopsis mediterranei U32,Amycolatopsis,53,90,out,False,False,False,2
BL107_16040,syn,Nocardia farcinica IFM 10152,Nocardia,54,91,out,False,False,False,1
BL107_16040,syn,Corynebacterium glutamicum ATCC 13032,Corynebacterium,53,91,out,False,False,False,5
BL107_16040,syn,Mycolicibacterium smegmatis,Mycolicibacterium,53,90,out,False,False,False,0
BL107_16040,syn,Bifidobacterium adolescentis (strain ATCC 15703 / DSM 20083 / NCTC 11814 / E194a),Bifidobacterium,52,89,out,False,False,False,1
BL107_16040,syn,Bifidobacterium longum NCC2705,Bifidobacterium,52,89,out,False,False,False,1
BL107_16040,syn,Bifidobacterium breve,Bifidobacterium,52,89,out,False,False,False,1
BL107_16040,syn,Dehalococcoides ethenogenes 195,Dehalococcoides,50,83,out,False,False,False,1
BL107_16040,syn,Lactobacillus johnsonii NCC 533,Lactobacillus,51,87,out,False,False,False,1
BL107_16040,syn,Microbacterium arabinogalactanolyticum,Microbacterium,51,92,out,False,False,False,1
BL107_16040,syn,Tropheryma whipplei str. Twist,Tropheryma,51,88,out,False,False,False,1
BL107_16040,syn,Thalassiosira pseudonana,Thalassiosira,53,68,out,False,False,False,1
BL107_16040,syn,Anthoceros angustus (Hornwort) (Anthoceros formosae),Anthoceros,49,95,out,False,False,False,0
BL107_16040,syn,Thermus thermophilus,Thermus,50,95,out,False,False,False,4
BL107_16040,syn,Thermoanaerobacter tengcongensis MB4,Thermoanaerobacter,63,64,out,False,False,False,1
BL107_16040,syn,Thermoanaerobacter kivui,Thermoanaerobacter,63,64,out,False,False,False,1
BL107_16040,syn,Thermoanaerobacter kivui,Thermoanaerobacter,63,64,out,False,False,False,1
BL107_16040,syn,Caldicellulosiruptor saccharolyticus DSM 8903,Caldicellulosiruptor,63,65,out,False,False,False,1
BL107_16040,syn,Clostridium cellulolyticum H10,Clostridium,64,62,out,False,False,False,2
BL107_16040,syn,Leptospira interrogans serogroup Icterohaemorrhagiae serovar Lai (strain 56601),Leptospira,47,86,out,False,False,False,2
BL107_16040,syn,Acetivibrio thermocellus ATCC 27405,Acetivibrio,63,65,out,False,False,False,2
BL107_16040,syn,Leptospira interrogans serovar Copenhageni str. Fiocruz L1-130,Leptospira,47,86,out,False,False,False,2
BL107_16040,syn,Adiantum capillus-veneris (Maidenhair fern),Adiantum,48,95,out,False,False,False,0
BL107_16040,syn,Deinococcus radiodurans (strain ATCC 13939 / DSM 20539 / JCM 16871 / CCUG 27074 / LMG 4051 / NBRC 15346 / NCIMB 9279 / VKM B-1422 / R1),Deinococcus,49,92,out,False,False,False,1
BL107_16040,syn,Deinococcus radiodurans R1,Deinococcus,49,90,out,False,False,False,2
BL107_16040,syn,Clostridium acetobutylicum ATCC 824,Clostridium,61,65,out,False,False,False,1
BL107_16040,syn,Arabidopsis thaliana,Arabidopsis,47,95,out,False,False,False,1
BL107_16040,syn,Lacticaseibacillus paracasei,Lacticaseibacillus,60,68,out,False,False,False,1
BL107_16040,syn,Lactobacillus rhamnosus GG,Lactobacillus,60,68,out,False,False,False,1
BL107_16040,syn,Lactobacillus plantarum WCFS1,Lactobacillus,60,67,out,False,False,False,2
BL107_16040,syn,Clostridium beijerinckii NRRL B-598,Clostridium,60,65,out,False,False,False,1
BL107_16040,syn,Clostridium pasteurianum DSM 525 = ATCC 6013,Clostridium,61,64,out,False,False,False,1
BL107_16040,syn,Enterococcus faecalis (strain ATCC 700802 / V583),Enterococcus,61,66,out,False,False,False,4
BL107_16040,syn,Streptococcus thermophilus LMG 18311,Streptococcus,60,66,out,False,False,False,1
BL107_16040,syn,Streptococcus thermophilus LMD-9,Streptococcus,60,66,out,False,False,False,1
BL107_16040,syn,Clostridium difficile 630,Clostridium,59,65,out,False,False,False,4
BL107_16040,syn,Clostridioides difficile R20291,Clostridioides,59,65,out,False,False,False,2
BL107_16040,syn,Lactobacillus sakei subsp. sakei 23K,Lactobacillus,59,68,out,False,False,False,1
BL107_16040,syn,Bacillus cereus ATCC 14579,Bacillus,60,69,out,False,False,False,2
BL107_16040,syn,Streptococcus sanguinis (strain SK36),Streptococcus,60,67,out,False,False,False,1
BL107_16040,syn,Streptococcus mutans serotype c (strain ATCC 700610 / UA159),Streptococcus,60,67,out,False,False,False,5
BL107_16040,syn,Bacillus anthracis str. Sterne,Bacillus,60,69,out,False,False,False,1
BL107_16040,syn,Streptococcus sanguinis SK36,Streptococcus,60,70,out,False,False,False,2
BL107_16040,syn,Bacillus cereus ATCC 10987,Bacillus,59,69,out,False,False,False,1
BL107_16040,syn,Filifactor alocis ATCC 35896,Filifactor,61,65,out,False,False,False,1
BL107_16040,syn,Streptococcus pneumoniae R6,Streptococcus,59,65,out,False,False,False,2
BL107_16040,syn,Treponema pallidum subsp. pallidum str. Nichols,Treponema,56,74,out,False,False,False,1
BL107_16040,syn,Streptococcus agalactiae CJB111,Streptococcus,60,67,out,False,False,False,1
BL107_16040,syn,Streptococcus agalactiae NEM316,Streptococcus,60,67,out,False,False,False,2
BL107_16040,syn,Streptococcus pneumoniae D39,Streptococcus,59,66,out,False,False,False,1
BL107_16040,syn,Streptococcus pneumoniae TIGR4,Streptococcus,59,66,out,False,False,False,4
BL107_16040,syn,Streptococcus suis P1/7,Streptococcus,59,67,out,False,False,False,2
BL107_16040,syn,Limosilactobacillus reuteri subsp. reuteri JCM 1112,Limosilactobacillus,60,66,out,False,False,False,2
BL107_16040,syn,Limosilactobacillus reuteri,Limosilactobacillus,60,66,out,False,False,False,1
BL107_16040,syn,Bacillus subtilis (strain 168),Bacillus,60,67,out,False,False,False,9
BL107_16040,syn,Staphylococcus epidermidis (strain ATCC 12228 / FDA PCI 1200),Staphylococcus,60,68,out,False,False,False,6
BL107_16040,syn,Streptococcus pyogenes,Streptococcus,59,67,out,False,False,False,1
BL107_16040,syn,Staphylococcus aureus (strain USA300 / TCH1516),Staphylococcus,60,67,out,False,False,False,27
BL107_16040,syn,Solanum lycopersicum,Solanum,46,95,out,False,False,False,1
BL107_16040,syn,Staphylococcus aureus subsp. aureus Mu50,Staphylococcus,59,67,out,False,False,False,4
BL107_16040,syn,Staphylococcus aureus subsp. aureus COL,Staphylococcus,59,67,out,False,False,False,8
BL107_16040,syn,Listeria innocua Clip11262,Listeria,59,67,out,False,False,False,1
BL107_16040,syn,Listeria monocytogenes,Listeria,59,67,out,False,False,False,5
BL107_16040,syn,Lactobacillus acidophilus NCFM,Lactobacillus,60,65,out,False,False,False,1
BL107_16040,syn,Cuscuta reflexa (Southern Asian dodder),Cuscuta,46,96,out,False,False,False,0
BL107_16040,syn,Saccharum hybrid (Sugarcane),Saccharum,46,95,out,False,False,False,0
BL107_16040,syn,Oryza sativa,Oryza,46,95,out,False,False,False,1
BL107_16040,syn,Lactococcus lactis,Lactococcus,59,67,out,False,False,False,1
BL107_16040,syn,Lactococcus lactis subsp. cremoris MG1363,Lactococcus,59,67,out,False,False,False,5
BL107_16040,syn,Sorghum bicolor,Sorghum,46,95,out,False,False,False,1
BL107_16040,syn,Triticum aestivum,Triticum,46,95,out,False,False,False,1
BL107_16040,syn,Deschampsia antarctica,Deschampsia,46,95,out,False,False,False,1
BL107_16040,syn,Zea mays,Zea,46,95,out,False,False,False,1
BL107_16040,syn,Borrelia burgdorferi B31,Borrelia,55,74,out,False,False,False,4
BL107_16040,syn,'Gomphocarpus physocarpus' phytoplasma,'Gomphocarpus,52,64,out,False,False,False,0
BL107_16040,syn,Onion yellows phytoplasma,Onion,46,78,out,False,False,False,0
BL107_16040,syn,'Lactuca sativa' phytoplasma,'Lactuca,45,78,out,False,False,False,0
BL107_16040,syn,'Trifolium repens' phytoplasma,'Trifolium,45,78,out,False,False,False,0
BL107_16040,syn,Mycoplasma gallisepticum str. R(low),Mycoplasma,47,60,out,False,False,False,1
BL107_16040,syn,Candidatus Phytoplasma mali,Candidatus,48,63,other_proteo,False,True,False,0
BL107_16040,syn,Peanut witches'-broom phytoplasma,Peanut,51,63,out,False,False,False,0
BL107_16040,syn,Mycoplasma genitalium G37,Mycoplasma,45,59,out,False,False,False,2
BL107_16040,syn,Mycoplasma hyopneumoniae J,Mycoplasma,50,65,out,False,False,False,1
BL107_16040,syn,Melioribacter roseus P3M-2,Melioribacter,46,63,out,False,False,False,1
BL107_16040,syn,Chlamydia pneumoniae,Chlamydia,47,63,out,False,False,False,2
BL107_16040,syn,Porphyromonas gingivalis W83,Porphyromonas,44,62,out,False,False,False,5
BL107_16040,syn,Porphyromonas gingivalis ATCC 33277,Porphyromonas,44,62,out,False,False,False,2
BL107_16040,syn,Oligotropha carboxidovorans OM5,Oligotropha,59,43,out,False,False,False,1
BL107_16040,syn,Bradyrhizobium japonicum USDA 110,Bradyrhizobium,59,43,other_proteo,False,False,False,3
BL107_16040,syn,Rhodopseudomonas palustris CGA009,Rhodopseudomonas,56,46,other_proteo,False,False,False,1
BL107_16040,syn,Bacteroides fragilis (strain ATCC 25285 / DSM 2151 / CCUG 4856 / JCM 11019 / LMG 10263 / NCTC 9343 / Onslow / VPI 2553 / EN-2),Bacteroides,43,61,out,False,False,False,2
BL107_16040,syn,Ketogulonicigenium robustum,Ketogulonicigenium,59,42,out,False,False,False,1
BL107_16040,syn,Bacteroides fragilis 3_1_12,Bacteroides,43,61,out,False,False,False,1
BL107_16040,syn,Methylobacterium aquaticum,Methylobacterium,59,42,out,False,False,False,1
BL107_16040,syn,Pannonibacter phragmitetus,Pannonibacter,57,43,out,False,False,False,1
BL107_16040,syn,Bacteroides fragilis 638R,Bacteroides,43,61,out,False,False,False,1
BL107_16040,syn,Methylocystis hydrogenophila,Methylocystis,58,42,out,False,False,False,1
BL107_16040,syn,Brucella melitensis 16M,Brucella,59,42,other_proteo,False,False,False,7
BL107_16040,syn,Sinorhizobium meliloti 1021,Sinorhizobium,56,43,other_proteo,False,False,False,3
BL107_16040,syn,Myxococcus xanthus DK 1622,Myxococcus,58,41,out,False,False,False,1
BL107_16040,syn,Bartonella tribocorum,Bartonella,58,42,other_proteo,False,False,False,1
BL107_16040,syn,Bartonella tribocorum,Bartonella,58,42,other_proteo,False,False,False,1
BL107_16040,syn,Bartonella quintana str. Toulouse,Bartonella,58,42,other_proteo,False,False,False,1
BL107_16040,syn,Mesorhizobium japonicum MAFF 303099,Mesorhizobium,58,42,out,False,False,False,2
BL107_16040,syn,Sphingopyxis granuli,Sphingopyxis,59,42,out,False,False,False,1
BL107_16040,syn,Geobacter sulfurreducens PCA,Geobacter,55,45,other_proteo,False,False,False,1
BL107_16040,syn,Spongiibacter tropicus DSM 19543,Spongiibacter,58,43,out,False,False,False,1
BL107_16040,syn,Perlucidibaca piscinae DSM 21586,Perlucidibaca,57,43,out,False,False,False,1
BL107_16040,syn,Sphingomonas wittichii RW1,Sphingomonas,58,40,other_proteo,False,False,False,1
BL107_16040,syn,Rhizobium leguminosarum bv. viciae 3841,Rhizobium,56,43,other_proteo,False,False,False,1
BL107_16040,syn,Rhizobium leguminosarum bv. viciae,Rhizobium,56,43,other_proteo,False,False,False,1
BL107_16040,syn,Zymomonas mobilis subsp. mobilis str. CP4 = NRRL B-14023,Zymomonas,59,41,out,False,False,False,2
BL107_16040,syn,Aeromonas hydrophila NJ-35,Aeromonas,57,43,out,False,False,False,2
BL107_16040,syn,Legionella pneumophila subsp. pneumophila str. Philadelphia 1,Legionella,57,44,other_proteo,False,False,False,3
BL107_16040,syn,Candidatus Pelagibacter sp. HTCC7211,Candidatus,57,43,other_proteo,False,True,False,1
BL107_16040,syn,Dasania marina DSM 21967,Dasania,58,42,out,False,False,False,1
BL107_16040,syn,Silicibacter pomeroyi DSS-3,Silicibacter,58,43,out,False,False,False,1
BL107_16040,syn,Bdellovibrio bacteriovorus HD100,Bdellovibrio,58,41,out,False,False,False,1
BL107_16040,syn,Salinimonas chungwhensis DSM 16280,Salinimonas,56,43,out,False,False,False,1
BL107_16040,syn,Hahella ganghwensis DSM 17046,Hahella,56,43,out,False,False,False,1
BL107_16040,syn,Liberibacter crescens BT-1,Liberibacter,55,42,out,False,False,False,1
BL107_16040,syn,Hahella chejuensis (strain KCTC 2396),Hahella,58,43,out,False,False,False,1
BL107_16040,syn,Novosphingobium sp. HR1a,Novosphingobium,56,44,out,False,False,False,1
BL107_16040,syn,Cellvibrio japonicus (strain Ueda107),Cellvibrio,57,42,out,False,False,False,1
BL107_16040,syn,Marinimicrobium agarilyticum DSM 16975,Marinimicrobium,57,42,out,False,False,False,1
BL107_16040,syn,Nitrosococcus watsonii C-113,Nitrosococcus,57,42,out,False,False,False,1
BL107_16040,syn,Pseudomonas putida KT2440,Pseudomonas,56,43,kg_genus,False,False,False,5
BL107_16040,syn,Methylophaga nitratireducenticrescens,Methylophaga,58,42,out,False,False,False,3
BL107_16040,syn,Marinospirillum minutulum DSM 6287,Marinospirillum,57,43,out,False,False,False,1
BL107_16040,syn,Microbulbifer agarilyticus S89,Microbulbifer,57,43,out,False,False,False,1
BL107_16040,syn,Pseudomonas aeruginosa PAO1,Pseudomonas,55,43,kg_genus,False,False,False,12
BL107_16040,syn,Teredinibacter turnerae T8513,Teredinibacter,57,42,out,False,False,False,1
BL107_16040,syn,Shewanella frigidimarina,Shewanella,55,44,kg_genus,False,False,False,1
BL107_16040,syn,Glaciecola punicea ACAM 611,Glaciecola,56,43,out,False,False,False,1
BL107_16040,syn,Acinetobacter baumannii (strain AYE),Acinetobacter,57,42,other_proteo,False,False,False,2
BL107_16040,syn,Waddlia chondrophila WSU 86-1044,Waddlia,55,46,out,False,False,False,1
BL107_16040,syn,Acinetobacter baumannii ATCC 17978,Acinetobacter,57,43,other_proteo,False,False,False,3
BL107_16040,syn,Rhodothermus marinus DSM 4252,Rhodothermus,56,45,out,False,False,False,1
BL107_16040,syn,Rickettsia prowazekii str. Madrid E,Rickettsia,55,42,other_proteo,False,False,False,1
BL107_16040,syn,Pseudomonas aeruginosa UCBPP-PA14,Pseudomonas,55,43,kg_genus,False,False,False,4
BL107_16040,syn,Methylacidiphilum infernorum V4,Methylacidiphilum,57,44,out,False,False,False,1
BL107_16040,syn,Shewanella oneidensis MR-1,Shewanella,55,44,kg_genus,False,False,False,3
BL107_16040,syn,Oceanospirillum maris DSM 6286,Oceanospirillum,57,42,out,False,False,False,1
BL107_16040,syn,Gilvimarinus chinensis DSM 19667,Gilvimarinus,57,42,out,False,False,False,1
BL107_16040,syn,Saccharospirillum impatiens DSM 12546,Saccharospirillum,55,45,out,False,False,False,1
BL107_16040,syn,Kushneria aurantia DSM 21353,Kushneria,55,42,out,False,False,False,1
BL107_16040,syn,Acinetobacter baumannii,Acinetobacter,56,42,other_proteo,False,False,False,1
BL107_16040,syn,Stutzerimonas stutzeri DSM 4166,Stutzerimonas,55,43,out,False,False,False,1
BL107_16040,syn,Yersinia pestis CO92,Yersinia,56,43,other_proteo,False,False,False,3
BL107_16040,syn,Acinetobacter sp. ADP1,Acinetobacter,55,44,other_proteo,False,False,False,3
BL107_16040,syn,Bordetella pertussis Tohama I,Bordetella,58,42,other_proteo,False,False,False,3
BL107_16040,syn,Oceanospirillum beijerinckii DSM 7166,Oceanospirillum,56,42,out,False,False,False,1
BL107_16040,syn,Rickettsia typhi str. wilmington,Rickettsia,55,42,other_proteo,False,False,False,2
BL107_16040,syn,Vibrio cholerae serotype O1 (strain ATCC 39315 / El Tor Inaba N16961),Vibrio,49,52,other_proteo,False,False,False,2
BL107_16040,syn,Vibrio cholerae O1 biovar eltor str. N16961,Vibrio,49,51,other_proteo,False,False,False,4
BL107_16040,syn,Cupriavidus metallidurans (strain ATCC 43123 / DSM 2839 / NBRC 102507 / CH34),Cupriavidus,56,42,other_proteo,False,False,False,3
BL107_16040,syn,Chlamydia trachomatis 434/Bu,Chlamydia,56,46,out,False,False,False,6
BL107_16040,syn,Pseudomonas syringae pv. actinidiae ICMP 18884,Pseudomonas,55,43,kg_genus,False,False,False,1
BL107_16040,syn,Burkholderia pseudomallei K96243,Burkholderia,57,42,other_proteo,False,False,False,2
BL107_16040,syn,Klebsiella pneumoniae subsp. pneumoniae (strain ATCC 700721 / MGH 78578),Klebsiella,56,43,other_proteo,False,False,False,1
BL107_16040,syn,Klebsiella pneumoniae subsp. pneumoniae MGH 78578,Klebsiella,56,42,other_proteo,False,False,False,1
BL107_16040,syn,Pseudomonas veronii,Pseudomonas,49,51,kg_genus,False,False,False,1
BL107_16040,syn,Pseudomonas fluorescens Pf0-1,Pseudomonas,55,43,kg_genus,False,False,False,1
BL107_16040,syn,Enterobacter cloacae subsp. cloacae ATCC 13047,Enterobacter,56,43,other_proteo,False,False,False,2
BL107_16040,syn,Chlamydia muridarum Nigg,Chlamydia,55,46,out,False,False,False,3
BL107_16040,syn,Acinetobacter stercoris,Acinetobacter,55,43,other_proteo,False,False,False,1
BL107_16040,syn,Rickettsia felis URRWXCal2,Rickettsia,54,42,other_proteo,False,False,False,1
BL107_16040,syn,Salmonella enterica subsp. enterica serovar Typhi Ty2,Salmonella,56,43,other_proteo,False,False,False,3
BL107_16040,syn,"Salmonella enterica subsp. arizonae serovar 62:z4,z23:--",Salmonella,56,42,other_proteo,False,False,False,1
BL107_16040,syn,Salmonella enterica subsp. enterica serovar Cerro,Salmonella,56,43,other_proteo,False,False,False,1
BL107_16040,syn,Pseudomonas putida,Pseudomonas,54,44,kg_genus,False,False,False,2
BL107_16040,syn,Chlamydia trachomatis serovar D (strain ATCC VR-885 / DSM 19411 / UW-3/Cx),Chlamydia,55,46,out,False,False,False,10
BL107_16040,syn,Salmonella typhimurium (strain LT2 / SGSC1412 / ATCC 700720),Salmonella,56,43,other_proteo,False,False,False,9
BL107_16040,syn,Chromobacterium violaceum (strain ATCC 12472 / DSM 30191 / JCM 1249 / CCUG 213 / NBRC 12614 / NCIMB 9131 / NCTC 9757 / MK),Chromobacterium,55,42,out,False,False,False,2
BL107_16040,syn,Rickettsia bellii (strain OSU 85-389),Rickettsia,55,42,other_proteo,False,False,False,1
BL107_16040,syn,Pseudomonas syringae pv. phaseolicola 1448A,Pseudomonas,54,43,kg_genus,False,False,False,1
BL107_16040,syn,Pseudomonas syringae pv. tomato str. DC3000,Pseudomonas,54,43,kg_genus,False,False,False,1
BL107_16040,syn,Escherichia coli O6:K15:H31 (strain 536 / UPEC),Escherichia,56,43,other_proteo,False,False,False,1
BL107_16040,syn,Escherichia coli K-12 substr. MG1655,Escherichia,56,43,other_proteo,False,False,False,30
BL107_16040,syn,Photorhabdus luminescens subsp. laumondii TTO1,Photorhabdus,56,43,out,False,False,False,1
BL107_16040,syn,Salmonella enterica subsp. enterica serovar Typhi str. CT18,Salmonella,56,43,other_proteo,False,False,False,2
BL107_16040,syn,Escherichia coli UTI89,Escherichia,56,42,other_proteo,False,False,False,1
BL107_16040,syn,Vibrio vulnificus YJ016,Vibrio,56,43,other_proteo,False,False,False,2
BL107_16040,syn,Photobacterium profundum (strain SS9),Photobacterium,57,43,other_proteo,False,False,False,1
BL107_16040,syn,Microbulbifer sp. VTAC004,Microbulbifer,53,46,out,False,False,False,1
SYNPCC7002_C0017,syn,Staphylococcus aureus subsp. aureus USA300_FPR3757,Staphylococcus,32,39,out,False,False,False,1
SYNPCC7002_C0017,syn,Staphylococcus aureus subsp. aureus MW2,Staphylococcus,32,39,out,False,False,False,2
SYNPCC7002_C0017,syn,Staphylococcus epidermidis RP62A,Staphylococcus,32,39,out,False,False,False,2
SYNPCC7002_C0017,syn,Staphylococcus aureus subsp. aureus N315,Staphylococcus,32,39,out,False,False,False,4
SYNPCC7002_C0017,syn,Staphylococcus epidermidis ATCC 12228,Staphylococcus,32,39,out,False,False,False,1
SYNPCC7002_C0017,syn,Staphylococcus haemolyticus (strain JCSC1435),Staphylococcus,33,47,out,False,False,False,2
SYNPCC7002_C0017,syn,Kineococcus radiotolerans SRS30216 = ATCC BAA-149,Kineococcus,35,97,out,False,False,False,1
SYNPCC7002_C0017,syn,Staphylococcus aureus subsp. aureus MSSA476,Staphylococcus,32,39,out,False,False,False,1
SYNPCC7002_C0017,syn,Clostridium difficile 630,Clostridium,35,44,out,False,False,False,1
SYNPCC7002_C0017,syn,Staphylococcus phage 53,Staphylococcus,33,47,out,False,False,False,2
SYNPCC7002_C0017,syn,Xanthomonas albilineans,Xanthomonas,36,43,other_proteo,False,False,False,1
SYNPCC7002_C0017,syn,Streptococcus canis FSL Z3-227,Streptococcus,34,40,out,False,False,False,1
SYNPCC7002_C0017,syn,Rubellimicrobium thermophilum DSM 16684,Rubellimicrobium,35,47,out,False,False,False,1
SYNPCC7002_C0017,syn,Xanthomonas albilineans,Xanthomonas,36,43,other_proteo,False,False,False,1
SYNPCC7002_C0017,syn,Streptococcus pneumoniae,Streptococcus,33,41,out,False,False,False,1
SYNPCC7002_C0017,syn,Mycobacterium avium 104,Mycobacterium,36,92,out,False,False,False,1
SYNPCC7002_C0017,syn,Staphylococcus epidermidis,Staphylococcus,33,46,out,False,False,False,1
SYNPCC7002_C0017,syn,Streptococcus pneumoniae,Streptococcus,33,41,out,False,False,False,1
SYNPCC7002_C0017,syn,Listeria monocytogenes EGD-e,Listeria,36,45,out,False,False,False,8
SYNPCC7002_C0017,syn,Listeria phage A118,Listeria,35,46,out,False,False,False,1
SYNPCC7002_C0017,syn,Listeria phage U153,Listeria,36,45,out,False,False,False,1
SYNPCC7002_C0017,syn,Staphylococcus epidermidis ATCC 12228,Staphylococcus,32,38,out,False,False,False,1
SYNPCC7002_C0017,syn,Trichlorobacter lovleyi SZ,Trichlorobacter,31,42,out,False,False,False,1
SYNPCC7002_C0017,syn,Wolbachia sp. wRi,Wolbachia,34,40,out,False,False,False,1
SYNPCC7002_C0017,syn,Streptococcus pneumoniae,Streptococcus,29,45,out,False,False,False,1
SYNPCC7002_C0017,syn,Streptococcus pneumoniae,Streptococcus,38,27,out,False,False,False,1
SYNPCC7002_C0017,syn,Frankia sp. CcI3,Frankia,32,33,out,False,False,False,1
SYNPCC7002_C0017,syn,Streptococcus pneumoniae,Streptococcus,29,45,out,False,False,False,1
SYNPCC7002_C0017,syn,Wolbachia endosymbiont of Drosophila melanogaster,Wolbachia,33,40,out,False,False,False,4
SYNPCC7002_C0017,syn,Streptococcus pneumoniae,Streptococcus,36,27,out,False,False,False,1
SYNPCC7002_C0017,syn,Wolbachia endosymbiont of Drosophila melanogaster,Wolbachia,34,40,out,False,False,False,3
SYNPCC7002_C0017,syn,Enterococcus faecium (strain ATCC BAA-472 / TX0016 / DO),Enterococcus,32,39,out,False,False,False,1
SYNPCC7002_C0017,syn,Parageobacillus thermoglucosidasius C56-YS93,Parageobacillus,39,42,out,False,False,False,1
SYNPCC7002_C0017,syn,Streptococcus equi subsp. equi 4047,Streptococcus,29,44,out,False,False,False,1
SYNPCC7002_C0017,syn,Streptococcus pneumoniae,Streptococcus,28,45,out,False,False,False,1
SYNPCC7002_C0017,syn,Streptococcus pneumoniae,Streptococcus,28,45,out,False,False,False,1
SYNPCC7002_C0017,syn,Streptococcus pneumoniae 670-6B,Streptococcus,28,45,out,False,False,False,1
SYNPCC7002_C0017,syn,Escherichia phage P1 (Bacteriophage P1),Escherichia,39,67,other_proteo,False,False,False,1
SYNPCC7002_C0017,syn,Streptococcus pneumoniae,Streptococcus,28,44,out,False,False,False,1
SYNPCC7002_C0017,syn,Vibrio harveyi,Vibrio,33,87,other_proteo,False,False,False,1
SYNPCC7002_C0017,syn,Escherichia coli K-12 substr. MG1655,Escherichia,38,67,other_proteo,False,False,False,6
SYNPCC7002_C0017,syn,Salmonella enterica subsp. enterica serovar Typhimurium,Salmonella,32,97,other_proteo,False,False,False,1
SYNPCC7002_C0017,syn,Xanthomonas campestris,Xanthomonas,40,49,other_proteo,False,False,False,0
SYNPCC7002_C0017,syn,Ruthenibacterium lactatiformans,Ruthenibacterium,29,35,out,False,False,False,1
SYNPCC7002_C0017,syn,Salmonella enterica subsp. enterica serovar Typhi str. CT18,Salmonella,34,84,other_proteo,False,False,False,5
SYNPCC7002_C0017,syn,Escherichia coli O157:H7 str. Sakai,Escherichia,38,67,other_proteo,False,False,False,3
SYNPCC7002_C0017,syn,Salmonella typhimurium LT2,Salmonella,32,97,other_proteo,False,False,False,13
SYNPCC7002_C0017,syn,Escherichia coli O157:H7 EDL933,Escherichia,38,67,other_proteo,False,False,False,1
SYNPCC7002_C0017,syn,Francisella philomiragia subsp. philomiragia ATCC 25017,Francisella,39,68,other_proteo,False,False,False,1
SYNPCC7002_C0017,syn,Staphylococcus aureus subsp. aureus ST398,Staphylococcus,29,35,out,False,False,False,2
SYNPCC7002_C0017,syn,Brucella melitensis 16M,Brucella,36,84,other_proteo,False,False,False,2
SYNPCC7002_C0017,syn,Brucella suis 1330,Brucella,36,84,other_proteo,False,False,False,1
SYNPCC7002_C0017,syn,Vibrio harveyi,Vibrio,33,87,other_proteo,False,False,False,1
SYNPCC7002_C0017,syn,Salmonella enterica subsp. enterica serovar Typhimurium,Salmonella,36,67,other_proteo,False,False,False,4
SYNPCC7002_C0017,syn,Pantoea stewartii,Pantoea,36,67,other_proteo,False,False,False,1
SYNPCC7002_C0017,syn,Mammaliicoccus vitulinus,Mammaliicoccus,29,35,out,False,False,False,1
SYNPCC7002_C0017,syn,Brucella abortus biovar 1 str. 9-941,Brucella,36,84,other_proteo,False,False,False,1
SYNPCC7002_C0017,syn,Staphylococcus aureus,Staphylococcus,30,48,out,False,False,False,1
SYNPCC7002_C0017,syn,Staphylococcus aureus subsp. aureus ST398,Staphylococcus,30,35,out,False,False,False,1
SYNPCC7002_C0017,syn,Dehalococcoides ethenogenes 195,Dehalococcoides,28,43,out,False,False,False,1
SYNPCC7002_C0017,syn,Staphylococcus aureus subsp. aureus USA300_FPR3757,Staphylococcus,31,48,out,False,False,False,2
SYNPCC7002_C0017,syn,Staphylococcus aureus subsp. aureus MW2,Staphylococcus,31,48,out,False,False,False,2
SYNPCC7002_C0017,syn,Staphylococcus epidermidis ATCC 12228,Staphylococcus,31,48,out,False,False,False,1
SYNPCC7002_C0017,syn,Staphylococcus aureus subsp. aureus MSSA476,Staphylococcus,30,48,out,False,False,False,2
SYNPCC7002_C0017,syn,Mammaliicoccus lentus,Mammaliicoccus,28,35,out,False,False,False,1
SYNPCC7002_C0017,syn,Staphylococcus aureus subsp. aureus N315,Staphylococcus,30,48,out,False,False,False,5
SYNPCC7002_C0017,syn,Pseudomonas aeruginosa,Pseudomonas,42,49,kg_genus,False,False,False,1
SYNPCC7002_C0017,syn,Staphylococcus epidermidis RP62A,Staphylococcus,29,48,out,False,False,False,2
SYNPCC7002_C0017,syn,Salmonella enterica subsp. enterica serovar Typhi str. CT18,Salmonella,36,67,other_proteo,False,False,False,3
SYNPCC7002_C0017,syn,Salmonella enterica subsp. enterica serovar Typhi Ty2,Salmonella,36,67,other_proteo,False,False,False,1
SYNPCC7002_C0017,syn,Clostridium botulinum A str. ATCC 3502,Clostridium,27,40,out,False,False,False,1
SYNPCC7002_C0017,syn,Clostridium difficile 630,Clostridium,27,42,out,False,False,False,2
SYNPCC7002_C0017,syn,Zymomonas mobilis subsp. mobilis ZM4,Zymomonas,36,67,out,False,False,False,1
SYNPCC7002_C0017,syn,Streptococcus pneumoniae TIGR4,Streptococcus,31,39,out,False,False,False,1
SYNPCC7002_C0017,syn,Klebsiella pneumoniae,Klebsiella,36,67,other_proteo,False,False,False,1
SYNPCC7002_C0017,syn,Pseudomonas aeruginosa,Pseudomonas,35,76,kg_genus,False,False,False,1
SYNPCC7002_C0017,syn,Streptococcus pneumoniae D39,Streptococcus,31,39,out,False,False,False,6
SYNPCC7002_C0017,syn,Frankia alni ACN14a,Frankia,27,45,out,False,False,False,1
SYNPCC7002_C0017,syn,Streptococcus equi subsp. zooepidemicus ATCC 35246,Streptococcus,26,53,out,False,False,False,1
SYNPCC7002_C0017,syn,Brevundimonas subvibrioides ATCC 15264,Brevundimonas,28,45,out,False,False,False,1
SYNPCC7002_C0017,syn,Escherichia phage Mu (Bacteriophage Mu),Escherichia,36,67,other_proteo,False,False,False,1
SYNPCC7002_C0017,syn,Legionella pneumophila subsp. pneumophila str. Philadelphia 1,Legionella,34,82,other_proteo,False,False,False,1
SYNPCC7002_C0017,syn,Shewanella putrefaciens (strain CN-32 / ATCC BAA-453),Shewanella,30,89,kg_genus,False,False,False,1
SYNPCC7002_C0017,syn,Clostridium perfringens F262,Clostridium,30,42,out,False,False,False,1
SYNPCC7002_C0017,syn,Pseudomonas fluorescens SBW25,Pseudomonas,36,61,kg_genus,True,False,False,1
SYNPCC7002_C0017,syn,Pseudomonas aeruginosa (strain ATCC 15692 / DSM 22644 / CIP 104116 / JCM 14847 / LMG 12228 / 1C / PRS 101 / PAO1),Pseudomonas,35,67,kg_genus,False,False,False,2
SYNPCC7002_C0017,syn,Pseudomonas aeruginosa,Pseudomonas,27,97,kg_genus,False,False,False,1
SYNPCC7002_C0017,syn,Pseudomonas putida KT2440,Pseudomonas,27,91,kg_genus,False,False,False,5
SYNPCC7002_C0017,syn,Pseudomonas sp. MPC6,Pseudomonas,30,84,kg_genus,False,False,False,1
SYNPCC7002_C0017,syn,Pseudomonas aeruginosa UCBPP-PA14,Pseudomonas,28,95,kg_genus,False,False,False,1
SYNPCC7002_C0017,syn,Staphylococcus epidermidis ATCC 12228,Staphylococcus,28,47,out,False,False,False,1
SYNPCC7002_C0017,syn,Arthrobacter aurescens TC1,Arthrobacter,36,64,out,False,False,False,1
SYNPCC7002_C0017,syn,Enterococcus faecalis,Enterococcus,32,67,out,False,False,False,1
SYNPCC7002_C0017,syn,Clavibacter michiganensis subsp. michiganensis,Clavibacter,32,68,out,False,False,False,1
SYNPCC7002_C0017,syn,Trichlorobacter lovleyi SZ,Trichlorobacter,38,59,out,False,False,False,1
SYNPCC7002_C0017,syn,Clavibacter michiganensis subsp. michiganensis,Clavibacter,32,68,out,False,False,False,1
SYNPCC7002_C0017,syn,Synechocystis sp. PCC 6803,Synechocystis,33,68,cyano,False,False,True,1
SYNPCC7002_C0017,syn,Clavibacter michiganensis subsp. michiganensis,Clavibacter,32,68,out,False,False,False,1
SYNPCC7002_C0017,syn,Rhodopseudomonas palustris CGA009,Rhodopseudomonas,36,70,other_proteo,False,False,False,1
SYNPCC7002_C0017,syn,Dinoroseobacter shibae DFL 12,Dinoroseobacter,40,68,other_proteo,False,False,False,1
SYNPCC7002_C0017,syn,Rheinheimera sp. D18,Rheinheimera,34,60,out,False,False,False,1
SYNPCC7002_C0017,syn,Bacillus subtilis subsp. subtilis str. 168,Bacillus,28,42,out,False,False,False,9
SYNPCC7002_C0017,syn,Methylobacterium populi BJ001,Methylobacterium,31,67,out,False,False,False,1
SYNPCC7002_C0017,syn,Escherichia coli,Escherichia,27,87,other_proteo,False,False,False,1
SYNPCC7002_C0017,syn,Serratia marcescens,Serratia,32,87,other_proteo,False,False,False,1
SYNPCC7002_C0017,syn,Listeria monocytogenes 6179,Listeria,31,67,out,False,False,False,1
SYNPCC7002_C0017,syn,Pseudomonas syringae pv. phaseolicola 1448A,Pseudomonas,30,85,kg_genus,False,False,False,1
SYNPCC7002_C0017,syn,Synechococcus sp. PCC 7002,Synechococcus,30,82,cyano,False,False,True,1
SYNPCC7002_C0017,syn,Clostridium botulinum,Clostridium,26,35,out,False,False,False,1
SYNPCC7002_C0017,syn,Clavibacter michiganensis subsp. michiganensis,Clavibacter,35,68,out,False,False,False,1
SYNPCC7002_C0017,syn,Rhodobacter sphaeroides 2.4.1,Rhodobacter,34,52,out,False,False,False,1
SYNPCC7002_C0017,syn,Rhodobacter sphaeroides 2.4.1,Rhodobacter,34,52,out,False,False,False,1
SYNPCC7002_C0017,syn,Kineococcus radiotolerans SRS30216,Kineococcus,35,63,out,False,False,False,1
SYNPCC7002_C0017,syn,Mycobacterium sp. MCS,Mycobacterium,30,44,out,False,False,False,1
SYNPCC7002_C0017,syn,Xanthomonas sp. W17,Xanthomonas,32,87,other_proteo,False,False,False,0
SYNPCC7002_C0017,syn,Aeromonas bestiarum,Aeromonas,32,84,out,False,False,False,1
SYNPCC7002_C0017,syn,Staphylococcus aureus subsp. aureus MRSA252,Staphylococcus,31,67,out,False,False,False,2
SYNPCC7002_C0017,syn,Dehalococcoides ethenogenes 195,Dehalococcoides,24,43,out,False,False,False,2
SYNPCC7002_C0017,syn,Staphylococcus aureus,Staphylococcus,34,67,out,False,False,False,1
SYNPCC7002_C0017,syn,Ralstonia pickettii 12J,Ralstonia,33,72,other_proteo,False,False,False,1
SYNPCC7002_C0017,syn,Clostridium difficile 630,Clostridium,27,38,out,False,False,False,2
SYNPCC7002_C0017,syn,Dehalococcoides ethenogenes 195,Dehalococcoides,26,41,out,False,False,False,2
SYNPCC7002_C0017,syn,Staphylococcus equorum,Staphylococcus,32,68,out,False,False,False,1
SYNPCC7002_C0017,syn,Dehalococcoides ethenogenes 195,Dehalococcoides,26,40,out,False,False,False,1
SYNPCC7002_C0017,syn,Staphylococcus equorum,Staphylococcus,31,68,out,False,False,False,1
SYNPCC7002_C0017,syn,Staphylococcus aureus subsp. aureus MRSA252,Staphylococcus,33,67,out,False,False,False,1
SYNPCC7002_C0017,syn,Clostridium perfringens CPE str. F4969,Clostridium,31,64,out,False,False,False,1
SYNPCC7002_C0017,syn,Staphylococcus equorum,Staphylococcus,30,67,out,False,False,False,1
SYNPCC7002_C0017,syn,Bradyrhizobium sp. CB82,Bradyrhizobium,30,26,other_proteo,False,False,False,1
SYNPCC7002_C0017,syn,Clostridium perfringens F262,Clostridium,31,67,out,False,False,False,1
SYNPCC7002_C0017,syn,Nitrococcus mobilis Nb-231,Nitrococcus,28,36,out,False,False,False,1
SYNPCC7002_C0017,syn,Mesorhizobium loti MAFF303099,Mesorhizobium,31,68,out,False,False,False,1
SYNPCC7002_C0017,syn,Clostridium perfringens,Clostridium,25,31,out,False,False,False,0
SYNPCC7002_C0017,syn,Staphylococcus aureus,Staphylococcus,32,67,out,False,False,False,2
SYNPCC7002_C0017,syn,Streptococcus suis SC84,Streptococcus,24,43,out,False,False,False,1
SYNPCC7002_C0017,syn,Clavibacter michiganensis subsp. michiganensis,Clavibacter,32,65,out,False,False,False,1
SYNPCC7002_C0017,syn,Staphylococcus haemolyticus JCSC1435,Staphylococcus,30,67,out,False,False,False,1
SYNPCC7002_C0017,syn,Methanococcus maripaludis S2,Methanococcus,32,67,out,False,False,False,1
SYNPCC7002_C0017,syn,Enterococcus faecalis V583,Enterococcus,25,37,out,False,False,False,2
SYNPCC7002_C0017,syn,Escherichia coli O157:H7 str. Sakai,Escherichia,31,68,other_proteo,False,False,False,5
SYNPCC7002_C0017,syn,Dehalococcoides mccartyi VS,Dehalococcoides,26,39,out,False,False,False,1
SYNPCC7002_C0017,syn,Pseudomonas putida KT2440,Pseudomonas,30,85,kg_genus,False,False,False,1
SYNPCC7002_C0017,syn,Clostridium difficile 630,Clostridium,26,37,out,False,False,False,1
SYNPCC7002_C0017,syn,Staphylococcus epidermidis RP62A,Staphylococcus,28,42,out,False,False,False,1
SYNPCC7002_C0017,syn,Yersinia pestis CO92,Yersinia,33,71,other_proteo,False,False,False,2
SYNPCC7002_C0017,syn,Streptomyces coelicolor A3(2),Streptomyces,39,47,out,False,False,False,1
SYNPCC7002_C0017,syn,Clavibacter michiganensis subsp. michiganensis,Clavibacter,33,60,out,False,False,False,1
SYNPCC7002_C0017,syn,Stutzerimonas stutzeri,Stutzerimonas,34,60,out,False,False,False,1
SYNPCC7002_C0017,syn,Staphylococcus aureus,Staphylococcus,30,68,out,False,False,False,1
SYNPCC7002_C0017,syn,Clostridium difficile R20291,Clostridium,31,60,out,False,False,False,3
SYNPCC7002_C0017,syn,Klebsiella pneumoniae,Klebsiella,32,72,other_proteo,False,False,False,2
SYNPCC7002_C0017,syn,Escherichia coli O104:H4 str. 2011C-3493,Escherichia,32,72,other_proteo,False,False,False,1
SYNPCC7002_C0017,syn,Bradyrhizobium pachyrhizi,Bradyrhizobium,25,39,other_proteo,False,False,False,1
SYNPCC7002_C0017,syn,Nostoc sp. PCC 7120,Nostoc,28,33,cyano,False,False,True,1
SYNPCC7002_C0017,syn,Mycobacterium abscessus ATCC 19977,Mycobacterium,34,70,out,False,False,False,1
SYNPCC7002_C0017,syn,Acinetobacter sp. ED23-35,Acinetobacter,30,68,other_proteo,False,False,False,0
SYNPCC7002_C0017,syn,Enterococcus faecium (strain ATCC BAA-472 / TX0016 / DO),Enterococcus,27,40,out,False,False,False,1
SYNPCC7002_C0017,syn,Mycobacterium tuberculosis H37Rv,Mycobacterium,25,47,out,False,False,False,8
SYNPCC7002_C0017,syn,Dehalococcoides ethenogenes 195,Dehalococcoides,23,43,out,False,False,False,1
SYNPCC7002_C0017,syn,Candidatus Amoebophilus asiaticus 5a2,Candidatus,31,68,other_proteo,False,True,False,1
SYNPCC7002_C0017,syn,Candidatus Amoebophilus asiaticus 5a2,Candidatus,31,62,other_proteo,False,True,False,1
SYNPCC7002_C0017,syn,Lactococcus lactis,Lactococcus,34,59,out,False,False,False,1
SYNPCC7002_C0017,syn,Lactococcus petauri,Lactococcus,27,60,out,False,False,False,1
SYNPCC7002_C0017,syn,Bradyrhizobium sp. NC92,Bradyrhizobium,31,68,other_proteo,False,False,False,1
SYNPCC7002_C0017,syn,Streptococcus parauberis,Streptococcus,31,59,out,False,False,False,1
SYNPCC7002_C0017,syn,Lactococcus lactis subsp. lactis KF147,Lactococcus,31,59,out,False,False,False,1
SYNPCC7002_C0017,syn,Sinorhizobium meliloti 1021,Sinorhizobium,29,86,other_proteo,False,False,False,1
SYNPCC7002_C0017,syn,Clostridium difficile 630,Clostridium,27,42,out,False,False,False,9
SYNPCC7002_C0017,syn,Wolbachia pipientis wAlbB,Wolbachia,27,29,out,False,False,False,2
SYNPCC7002_C0017,syn,Escherichia coli K-12 substr. MG1655,Escherichia,26,68,other_proteo,False,False,False,6
SYNPCC7002_C0017,syn,Pseudomonas putida,Pseudomonas,31,72,kg_genus,False,False,False,1
SYNPCC7002_C0017,syn,Escherichia coli K-12 substr. MG1655,Escherichia,27,67,other_proteo,False,False,False,5
SYNPCC7002_C0017,syn,Enterococcus faecium E4453,Enterococcus,32,59,out,False,False,False,1
SYNPCC7002_C0017,syn,Bradyrhizobium arachidis,Bradyrhizobium,26,39,other_proteo,False,False,False,1
SYNPCC7002_C0017,syn,Mesorhizobium loti MAFF303099,Mesorhizobium,32,53,out,False,False,False,1
SYNPCC7002_C0017,syn,Enterococcus faecalis,Enterococcus,28,79,out,False,False,False,2
SYNPCC7002_C0017,syn,Megasphaera sp. ASD88,Megasphaera,22,43,out,False,False,False,1
SYNPCC7002_C0017,syn,Bradyrhizobium sp. CB2312,Bradyrhizobium,26,39,other_proteo,False,False,False,1
SYNPCC7002_C0017,syn,Paenarthrobacter aurescens TC1,Paenarthrobacter,32,60,out,False,False,False,1
SYNPCC7002_C0017,syn,Bradyrhizobium sp. CB1717,Bradyrhizobium,26,39,other_proteo,False,False,False,1
SYNPCC7002_C0017,syn,Arthrobacter aurescens TC1,Arthrobacter,37,40,out,False,False,False,1
SYNPCC7002_C0017,syn,Bacillus phage phBC6A51,Bacillus,28,32,out,False,False,False,2
SYNPCC7002_C0017,syn,Cutibacterium acnes,Cutibacterium,28,87,out,False,False,False,1
SYNPCC7002_C0017,syn,Rickettsia prowazekii str. Breinl,Rickettsia,36,33,other_proteo,False,False,False,1
SYNPCC7002_C0017,syn,Vibrio cholerae O1 biovar eltor str. N16961,Vibrio,27,61,other_proteo,False,False,False,1
SYNPCC7002_C0017,syn,Clostridioides difficile R20291,Clostridioides,32,43,out,False,False,False,1
SYNPCC7002_C0017,syn,Clostridioides difficile R20291,Clostridioides,29,28,out,False,False,False,1
SYNPCC7002_C0017,syn,Clostridium perfringens,Clostridium,27,67,out,False,False,False,0
SYNPCC7002_C0017,syn,Mycobacterium phage Bxb1,Mycobacterium,25,40,out,False,False,False,2
SYNPCC7002_C0017,syn,Streptococcus equi subsp. zooepidemicus MGCS10565,Streptococcus,30,66,out,False,False,False,1
SYNPCC7002_C0017,syn,Streptococcus agalactiae,Streptococcus,28,68,out,False,False,False,0
SYNPCC7002_C0017,syn,Ralstonia solanacearum IPO1609,Ralstonia,30,62,other_proteo,False,False,False,1
SYNPCC7002_C0017,syn,Frankia sp. CcI3,Frankia,26,36,out,False,False,False,1
SYNPCC7002_C0017,syn,Salmonella enterica subsp. enterica serovar Typhimurium str. SL1344,Salmonella,30,68,other_proteo,False,False,False,6
SYNPCC7002_C0017,syn,Dehalobacter sp. CF,Dehalobacter,24,39,out,False,False,False,1
SYNPCC7002_C0017,syn,Legionella pneumophila str. Lens,Legionella,28,68,other_proteo,False,False,False,1
SYNPCC7002_C0017,syn,Bradyrhizobium yuanmingense,Bradyrhizobium,26,39,other_proteo,False,False,False,1
SYNPCC7002_C0017,syn,Mycoplasmopsis fermentans M64,Mycoplasmopsis,29,60,out,False,False,False,1
SYNPCC7002_C0017,syn,Enterococcus faecium,Enterococcus,27,72,out,False,False,False,4
SYNPCC7002_C0017,syn,[Clostridium] symbiosum,Clostridium,24,30,out,False,False,False,1
SYNPCC7002_C0017,syn,Campylobacter lari (strain RM2100 / D67 / ATCC BAA-1060),Campylobacter,26,67,other_proteo,False,False,False,1
SYNPCC7002_C0017,syn,Bacillus cereus biovar anthracis str. CI,Bacillus,26,39,out,False,False,False,1
SYNPCC7002_C0017,syn,Lactococcus lactis subsp. cremoris SK11,Lactococcus,26,60,out,False,False,False,1
SYNPCC7002_C0017,syn,Lactobacillus crispatus ST1,Lactobacillus,31,68,out,False,False,False,1
SYNPCC7002_C0017,syn,Lactobacillus reuteri,Lactobacillus,31,68,out,False,False,False,1
SYNPCC7002_C0017,syn,Anaerobacterium chartisolvens,Anaerobacterium,41,31,out,False,False,False,1
SYNPCC7002_C0017,syn,Synechocystis sp. PCC 6803,Synechocystis,62,15,cyano,False,False,True,2
SYNPCC7002_C0017,syn,Pseudomonas amygdali pv. tabaci str. ATCC 11528,Pseudomonas,29,68,kg_genus,False,False,False,1
SYNPCC7002_C0017,syn,Clostridioides difficile R20291,Clostridioides,23,29,out,False,False,False,1
SYNPCC7002_C0017,syn,Lactobacillus casei ATCC 334,Lactobacillus,26,60,out,False,False,False,1
SYNPCC7002_C0017,syn,Streptomyces coelicolor A3(2),Streptomyces,25,27,out,False,False,False,1
SYNPCC7002_C0017,syn,Aminipila terrae,Aminipila,25,41,out,False,False,False,1
SYNPCC7002_C0017,syn,Frankia sp. CcI3,Frankia,25,38,out,False,False,False,1
SYNW1780,syn,Prochlorococcus marinus str. NATL2A,Prochlorococcus,75,93,cyano,True,False,True,1
SYNW1780,syn,Synechococcus elongatus,Synechococcus,67,97,cyano,False,False,True,2
SYNW1780,syn,Synechocystis sp. (strain ATCC 27184 / PCC 6803 / Kazusa),Synechocystis,64,95,cyano,False,False,True,7
SYNW1780,syn,Triticum aestivum,Triticum,59,85,out,False,False,False,1
SYNW1780,syn,Crocosphaera subtropica ATCC 51142,Crocosphaera,64,97,cyano,False,False,True,1
SYNW1780,syn,Cyanothece sp. ATCC 51142,Cyanothece,64,94,cyano,False,False,True,1
SYNW1780,syn,Zea mays,Zea,59,82,out,False,False,False,1
SYNW1780,syn,Zea mays,Zea,59,81,out,False,False,False,0
SYNW1780,syn,Arabidopsis thaliana (Mouse-ear cress),Arabidopsis,61,80,out,False,False,False,10
SYNW1780,syn,Chlamydomonas reinhardtii,Chlamydomonas,56,82,out,False,False,False,2
SYNW1780,syn,Micromonas commoda,Micromonas,55,85,out,False,False,False,1
SYNW1780,syn,Porphyra purpurea,Porphyra,57,95,out,False,False,False,1
SYNW1780,syn,Nicotiana tabacum,Nicotiana,58,84,out,False,False,False,1
SYNW1780,syn,Thermoanaerobacter ethanolicus ATCC 33223,Thermoanaerobacter,52,95,out,False,False,False,1
SYNW1780,syn,Gracilaria tenuistipitata var. liui,Gracilaria,52,95,out,False,False,False,1
SYNW1780,syn,Leptospira interrogans serovar Manilae,Leptospira,53,92,out,False,False,False,1
SYNW1780,syn,Cyanidioschyzon merolae (strain NIES-3377 / 10D),Cyanidioschyzon,51,99,out,False,False,False,1
SYNW1780,syn,Veillonella parvula DSM 2008,Veillonella,46,96,out,False,False,False,2
SYNW1780,syn,Acinetobacter sp. ADP1,Acinetobacter,50,96,other_proteo,False,False,False,1
SYNW1780,syn,Thermotoga maritima (strain ATCC 43589 / DSM 3109 / JCM 10099 / NBRC 100826 / MSB8),Thermotoga,51,94,out,True,False,False,3
SYNW1780,syn,Acinetobacter baumannii ATCC 19606 = CIP 70.34 = JCM 6841,Acinetobacter,50,97,other_proteo,False,False,False,4
SYNW1780,syn,Pseudomonas putida F1,Pseudomonas,48,92,kg_genus,False,False,False,4
SYNW1780,syn,Pseudomonas aeruginosa (strain ATCC 15692 / DSM 22644 / CIP 104116 / JCM 14847 / LMG 12228 / 1C / PRS 101 / PAO1),Pseudomonas,48,95,kg_genus,False,False,False,9
SYNW1780,syn,Laribacter hongkongensis HLHK9,Laribacter,49,96,out,False,False,False,2
SYNW1780,syn,Laribacter hongkongensis HLHK9,Laribacter,50,95,out,False,False,False,2
SYNW1780,syn,Pseudomonas fluorescens SBW25,Pseudomonas,47,92,kg_genus,True,False,False,1
SYNW1780,syn,Pseudomonas koreensis,Pseudomonas,47,92,kg_genus,False,False,False,1
SYNW1780,syn,Nitrosomonas europaea ATCC 19718,Nitrosomonas,45,99,other_proteo,False,False,False,1
SYNW1780,syn,Desulfovibrio desulfuricans G20,Desulfovibrio,51,95,other_proteo,False,False,False,1
SYNW1780,syn,Neisseria meningitidis MC58,Neisseria,48,98,other_proteo,False,False,False,7
SYNW1780,syn,Filifactor alocis ATCC 35896,Filifactor,44,95,out,False,False,False,2
SYNW1780,syn,Campylobacter jejuni subsp. jejuni NCTC 11168,Campylobacter,46,95,other_proteo,False,False,False,3
SYNW1780,syn,Campylobacter jejuni subsp. jejuni 81-176,Campylobacter,46,95,other_proteo,False,False,False,1
SYNW1780,syn,Actinoplanes sp. SE50/110,Actinoplanes,49,95,out,False,False,False,1
SYNW1780,syn,Aquifex aeolicus,Aquifex,46,93,out,False,False,False,0
SYNW1780,syn,Burkholderia pseudomallei K96243,Burkholderia,44,97,other_proteo,False,False,False,1
SYNW1780,syn,Azospirillum sp. B510,Azospirillum,50,93,out,False,False,False,1
SYNW1780,syn,Candidatus Liberibacter asiaticus str. gxpsy,Candidatus,43,95,other_proteo,False,True,False,1
SYNW1780,syn,Burkholderia glumae BGR1,Burkholderia,44,93,other_proteo,False,False,False,1
SYNW1780,syn,Burkholderia cenocepacia J2315,Burkholderia,44,97,other_proteo,False,False,False,2
SYNW1780,syn,Burkholderia lata (strain ATCC 17760 / DSM 23089 / LMG 22485 / NCIMB 9086 / R18194 / 383),Burkholderia,44,97,other_proteo,False,False,False,1
SYNW1780,syn,Rhizobium leguminosarum bv. viciae,Rhizobium,44,96,other_proteo,False,False,False,1
SYNW1780,syn,Corynebacterium pseudotuberculosis 1002,Corynebacterium,46,89,out,False,False,False,1
SYNW1780,syn,Oenococcus kitaharae DSM 17330,Oenococcus,48,95,out,False,False,False,1
SYNW1780,syn,Desulfovibrio vulgaris Hildenborough,Desulfovibrio,50,91,other_proteo,False,False,False,2
SYNW1780,syn,Brucella melitensis 16M,Brucella,46,87,other_proteo,False,False,False,1
SYNW1780,syn,Brucella melitensis biovar Abortus 2308,Brucella,46,94,other_proteo,False,False,False,1
SYNW1780,syn,Streptomyces clavuligerus,Streptomyces,46,92,out,False,False,False,3
SYNW1780,syn,Streptomyces coelicolor A3(2),Streptomyces,45,91,out,False,False,False,4
SYNW1780,syn,Zymomonas mobilis subsp. mobilis ZM4,Zymomonas,45,92,out,False,False,False,1
SYNW1780,syn,Caulobacter crescentus NA1000,Caulobacter,45,90,other_proteo,False,False,False,2
SYNW1780,syn,Mycobacterium avium subsp. paratuberculosis K-10,Mycobacterium,45,95,out,False,False,False,1
SYNW1780,syn,Lactococcus lactis subsp. lactis Il1403,Lactococcus,40,94,out,False,False,False,1
SYNW1780,syn,Streptomyces clavuligerus,Streptomyces,45,92,out,False,False,False,0
SYNW1780,syn,Mycolicibacterium smegmatis MC2 155,Mycolicibacterium,44,98,out,False,False,False,2
SYNW1780,syn,Clostridium acetobutylicum ATCC 824,Clostridium,38,96,out,False,False,False,5
SYNW1780,syn,Corynebacterium glutamicum,Corynebacterium,44,91,out,False,False,False,12
SYNW1780,syn,Streptomyces lunaelactis,Streptomyces,46,91,out,False,False,False,1
SYNW1780,syn,Ruegeria pomeroyi DSS-3,Ruegeria,46,91,kg_genus,False,False,False,1
SYNW1780,syn,Mycobacterium tuberculosis (strain ATCC 25618 / H37Rv),Mycobacterium,45,95,out,False,False,False,10
SYNW1780,syn,Mycobacterium tuberculosis CDC1551,Mycobacterium,45,95,out,False,False,False,2
SYNW1780,syn,Corynebacterium glutamicum,Corynebacterium,44,91,out,False,False,False,0
SYNW1780,syn,Anaplasma phagocytophilum HZ,Anaplasma,36,84,out,False,False,False,1
SYNW1780,syn,Geobacillus stearothermophilus,Geobacillus,45,83,out,False,False,False,0
SYNW1780,syn,Staphylococcus saprophyticus,Staphylococcus,35,89,out,False,False,False,1
SYNW1780,syn,Staphylococcus xylosus,Staphylococcus,34,83,out,False,False,False,1
SYNW1780,syn,Bacillus velezensis,Bacillus,39,82,out,False,False,False,1
SYNW1780,syn,Bacillus paralicheniformis,Bacillus,39,82,out,False,False,False,1
SYNW1780,syn,Bacillus anthracis str. Ames,Bacillus,42,81,out,False,False,False,3
SYNW1780,syn,Bacillus velezensis,Bacillus,39,82,out,False,False,False,1
SYNW1780,syn,Staphylococcus aureus subsp. aureus MRSA252,Staphylococcus,33,89,out,False,False,False,1
SYNW1780,syn,Staphylococcus aureus RF122,Staphylococcus,33,89,out,False,False,False,1
SYNW1780,syn,Listeria monocytogenes EGD-e,Listeria,37,82,out,False,False,False,3
SYNW1780,syn,Staphylococcus aureus subsp. aureus LGA251,Staphylococcus,33,89,out,True,False,False,1
SYNW1780,syn,Deinococcus radiodurans R1,Deinococcus,42,86,out,False,False,False,3
SYNW1780,syn,Bacteroides thetaiotaomicron VPI-5482,Bacteroides,38,78,out,False,False,False,1
SYNW1780,syn,Staphylococcus aureus subsp. aureus USA300_FPR3757,Staphylococcus,32,90,out,False,False,False,4
SYNW1780,syn,Commelina communis,Commelina,36,82,out,False,False,False,1
SYNW1780,syn,Haliangium ochraceum DSM 14365,Haliangium,39,88,out,False,False,False,1
SYNW1780,syn,Nicotiana benthamiana,Nicotiana,61,38,out,False,False,False,1
SYNW1780,syn,Streptococcus sanguinis SK36,Streptococcus,34,84,out,False,False,False,2
SYNW1780,syn,Lactiplantibacillus pentosus,Lactiplantibacillus,35,82,out,False,False,False,1
SYNW1780,syn,Streptococcus gordonii str. Challis substr. CH1,Streptococcus,34,84,out,False,False,False,1
SYNW1780,syn,Xylella fastidiosa 9a5c,Xylella,35,62,other_proteo,False,False,False,1
SYNW1780,syn,Xylella fastidiosa,Xylella,35,65,other_proteo,False,False,False,0
SYNW1780,syn,Xanthomonas campestris,Xanthomonas,36,60,other_proteo,False,False,False,0
SYNW1780,syn,Xanthomonas campestris,Xanthomonas,36,63,other_proteo,False,False,False,0
SYNW1780,syn,Xanthomonas perforans,Xanthomonas,35,60,other_proteo,False,False,False,1
SYNW1780,syn,Schizosaccharomyces pombe (strain 972 / ATCC 24843) (Fission yeast),Schizosaccharomyces,29,33,out,False,False,False,3
SYNW1780,syn,Pantoea stewartii subsp. stewartii DC283,Pantoea,35,77,other_proteo,False,False,False,1
SYNW1780,syn,Candida albicans,Candida,32,32,out,False,False,False,0
SYNW1780,syn,Burkholderia cenocepacia J2315,Burkholderia,32,58,other_proteo,False,False,False,2
SYNW1780,syn,Burkholderia pseudomallei K96243,Burkholderia,31,63,other_proteo,False,False,False,1
SYNW1780,syn,Proteus mirabilis HI4320,Proteus,33,77,other_proteo,False,False,False,1
SYNW1780,syn,Staphylococcus epidermidis RP62A,Staphylococcus,30,81,out,False,False,False,1
SYNW1780,syn,Thermobaculum terrenum ATCC BAA-798,Thermobaculum,34,77,out,False,False,False,1
SYNW1780,syn,Vibrio vulnificus CMCP6,Vibrio,33,88,other_proteo,False,False,False,1
SYNW1780,syn,Aspergillus fumigatus (strain ATCC MYA-4609 / CBS 101355 / FGSC A1100 / Af293),Aspergillus,30,30,out,False,False,False,5
SYNW1780,syn,Ignicoccus hospitalis KIN4/I,Ignicoccus,33,83,out,False,False,False,1
SYNW1780,syn,Cronobacter sakazakii (strain ATCC BAA-894),Cronobacter,37,77,out,False,False,False,1
SYNW1780,syn,Vibrio alginolyticus,Vibrio,34,88,other_proteo,False,False,False,1
SYNW1780,syn,Vibrio parahaemolyticus RIMD 2210633,Vibrio,33,88,other_proteo,False,False,False,1
SYNW1780,syn,Saccharomyces cerevisiae (strain ATCC 204508 / S288c) (Baker's yeast),Saccharomyces,30,32,out,False,False,False,9
SYNW1780,syn,Streptococcus thermophilus ASCC 1275,Streptococcus,31,83,out,False,False,False,1
SYNW1780,syn,Salmonella enterica subsp. enterica serovar Typhimurium str. 14028S,Salmonella,37,80,other_proteo,False,False,False,1
SYNW1780,syn,Salmonella typhimurium LT2,Salmonella,37,80,other_proteo,False,False,False,2
SYNW1780,syn,Escherichia coli O157:H7 str. Sakai,Escherichia,36,77,other_proteo,False,False,False,1
SYNW1780,syn,Escherichia coli K-12 substr. MG1655,Escherichia,36,77,other_proteo,False,False,False,14
SYNW1780,syn,Vibrio cholerae O1 biovar eltor str. N16961,Vibrio,33,87,other_proteo,False,False,False,2
SYNW1780,syn,Sodalis praecaptivus,Sodalis,36,77,other_proteo,False,False,False,1
SYNW1780,syn,Vibrio parahaemolyticus RIMD 2210633,Vibrio,28,62,other_proteo,False,False,False,1
SYNW1780,syn,Thermus thermophilus (strain ATCC 27634 / DSM 579 / HB8),Thermus,33,83,out,False,False,False,0
SYNW1780,syn,Sodalis glossinidius str. 'morsitans',Sodalis,36,77,other_proteo,False,False,False,1
SYNW1780,syn,Dyella japonica UNC79MFTsu3.2,Dyella,33,65,out,False,False,False,0
SYNW1780,syn,Shewanella oneidensis MR-1,Shewanella,28,61,kg_genus,False,False,False,1
SYNW1780,syn,Shewanella oneidensis MR-1,Shewanella,28,60,kg_genus,False,False,False,2
SYNW1780,syn,Erwinia amylovora CFBP1430,Erwinia,35,77,other_proteo,False,False,False,1
SYNW1780,syn,Edwardsiella ictaluri 93-146,Edwardsiella,35,77,out,False,False,False,1
SYNW1780,syn,Thermus thermophilus (strain ATCC BAA-163 / DSM 7039 / HB27),Thermus,32,83,out,False,False,False,2
SYNW1780,syn,Yersinia pestis biovar Medievalis str. 91001,Yersinia,36,77,other_proteo,False,False,False,5
SYNW1780,syn,Puccinia graminis f. sp. tritici (strain CRL 75-36-700-3 / race SCCL),Puccinia,29,26,out,False,False,False,1
SYNW1780,syn,Shigella flexneri 5a str. M90T,Shigella,27,62,out,False,False,False,1
SYNW1780,syn,Moritella abyssi,Moritella,32,73,out,False,False,False,0
SYNW1780,syn,Thermus thermophilus (strain ATCC BAA-163 / DSM 7039 / HB27),Thermus,38,70,out,False,False,False,1
SYNW1780,syn,Vibrio harveyi ATCC BAA-1116,Vibrio,27,61,other_proteo,False,False,False,1
SYNW1780,syn,Escherichia coli K-12 substr. MG1655,Escherichia,26,62,other_proteo,False,False,False,14
SYNW1780,syn,Deinococcus geothermalis DSM 11300,Deinococcus,38,71,out,False,False,False,1
SYNW1780,syn,Maricaulis maris,Maricaulis,32,62,out,False,False,False,0
SYNW1780,syn,Acinetobacter baumannii MDR-ZJ06,Acinetobacter,28,61,other_proteo,False,False,False,1
SYNW1780,syn,Acinetobacter baumannii,Acinetobacter,28,61,other_proteo,False,False,False,2
SYNW1780,syn,Acinetobacter sp. ADP1,Acinetobacter,29,61,other_proteo,False,False,False,1
SYNW1780,syn,Proteus mirabilis HI4320,Proteus,26,62,other_proteo,False,False,False,1
SYNW1780,syn,Salmonella enterica subsp. enterica serovar Typhi Ty2,Salmonella,26,62,other_proteo,False,False,False,1
SYNW1780,syn,Deinococcus deserti VCD115,Deinococcus,37,71,out,False,False,False,1
SYNW1780,syn,Laribacter hongkongensis HLHK9,Laribacter,29,63,out,False,False,False,1
SYNW1780,syn,Actinobacillus pleuropneumoniae serovar 3 str. JL03,Actinobacillus,26,63,other_proteo,False,False,False,1
SYNW1780,syn,Vibrio cholerae O1 biovar eltor str. N16961,Vibrio,27,60,other_proteo,False,False,False,1
SYNW1780,syn,Sodalis praecaptivus,Sodalis,26,61,other_proteo,False,False,False,1
SYNW1780,syn,Salmonella typhimurium LT2,Salmonella,26,62,other_proteo,False,False,False,3
SYNW1780,syn,Shewanella oneidensis MR-1,Shewanella,33,76,kg_genus,False,False,False,1
SYNW1780,syn,Deinococcus radiodurans R1,Deinococcus,35,82,out,False,False,False,1
SYNW1780,syn,Pseudomonas putida KT2440,Pseudomonas,31,64,kg_genus,False,False,False,3
SYNW1780,syn,Pseudomonas aeruginosa,Pseudomonas,32,64,kg_genus,False,False,False,7
SYNW1780,syn,Stutzerimonas kunmingensis,Stutzerimonas,32,64,out,False,False,False,1
SYNW1780,syn,Pseudoalteromonas lipolytica SCSIO 04301,Pseudoalteromonas,30,77,out,False,False,False,1
SYNW1780,syn,Pseudoalteromonas haloplanktis TAC125,Pseudoalteromonas,29,85,out,False,False,False,1
SYNW1780,syn,Haloferax volcanii DS2,Haloferax,31,73,out,False,False,False,3
SYNW1780,syn,Sulfolobus acidocaldarius (strain ATCC 33909 / DSM 639 / JCM 8929 / NBRC 15157 / NCIMB 11770),Sulfolobus,27,82,out,False,False,False,3
SYNW1780,syn,Haliangium ochraceum DSM 14365,Haliangium,26,32,out,False,False,False,1
SYNW1780,syn,Rickettsia conorii str. Malish 7,Rickettsia,23,83,other_proteo,False,False,False,1
SYNW1780,syn,Rickettsia rickettsii str. 'Sheila Smith',Rickettsia,24,86,other_proteo,False,False,False,1
SYNW1780,syn,Pyrococcus furiosus DSM 3638,Pyrococcus,28,61,out,False,False,False,4
SYNW1780,syn,Thermococcus kodakarensis (strain ATCC BAA-918 / JCM 12380 / KOD1),Thermococcus,29,78,out,False,False,False,4
SYNW1780,syn,Arabidopsis thaliana,Arabidopsis,28,37,out,False,False,False,8
SYNW1780,syn,Pyrococcus horikoshii OT3,Pyrococcus,26,81,out,False,False,False,1
SYNW1780,syn,Cronobacter sakazakii (strain ATCC BAA-894),Cronobacter,28,45,out,False,False,False,1
SYNW1780,syn,Azospirillum sp. B510,Azospirillum,28,60,out,False,False,False,1
SYNW1780,syn,Solanum lycopersicum,Solanum,26,38,out,False,False,False,1
SYNW1780,syn,Solanum lycopersicum,Solanum,25,38,out,False,False,False,0
SYNW1780,syn,Clostridium butyricum E4 str. BoNT E BL5262,Clostridium,27,52,out,False,False,False,1
SYNW1780,syn,Nicotiana tabacum,Nicotiana,25,38,out,False,False,False,1
SYNW1780,syn,Rattus norvegicus,Rattus,26,30,out,False,False,False,1
SYNW1780,syn,Trichomonas vaginalis,Trichomonas,33,28,out,False,False,False,0
SYNW1780,syn,Homo sapiens (Human),Homo,25,34,out,False,False,False,4
SYNW1780,syn,Homo sapiens,Homo,25,39,out,False,False,False,8
SYNW1780,syn,Mus musculus (Mouse),Mus,25,34,out,False,False,False,7
SYNW1812,syn,Prochlorococcus marinus str. MIT 9211,Prochlorococcus,69,90,cyano,True,False,True,1
SYNW1812,syn,Chroococcidiopsis thermalis,Chroococcidiopsis,68,89,out,False,False,False,5
SYNW1812,syn,Bacillus thuringiensis serovar israelensis,Bacillus,36,59,out,False,False,False,1
SYNW1812,syn,Archaeoglobus veneficus,Archaeoglobus,31,69,out,False,False,False,1
SynWH7803_0353,syn,Parasynechococcus marenigrum (strain WH8102),Parasynechococcus,77,99,cyano,True,False,True,2
SynWH7803_0353,syn,Synechococcus elongatus PCC 11801,Synechococcus,58,99,cyano,False,False,True,1
SynWH7803_0353,syn,Synechococcus elongatus (strain ATCC 33912 / PCC 7942 / FACHB-805),Synechococcus,57,99,cyano,False,False,True,5
SynWH7803_0353,syn,Prochlorococcus marinus (strain SARG / CCMP1375 / SS120),Prochlorococcus,53,99,cyano,True,False,True,1
SynWH7803_0353,syn,Prochlorococcus marinus (strain MIT 9313),Prochlorococcus,51,96,cyano,True,False,True,1
SynWH7803_0353,syn,Microcystis aeruginosa TAIHU98,Microcystis,50,98,cyano,False,False,True,1
SynWH7803_0353,syn,Nostoc punctiforme,Nostoc,49,98,cyano,False,False,True,1
SynWH7803_0353,syn,Nostoc sp. PCC 7120,Nostoc,48,99,cyano,False,False,True,3
SynWH7803_0353,syn,Synechocystis sp. (strain ATCC 27184 / PCC 6803 / Kazusa),Synechocystis,47,99,cyano,False,False,True,12
SynWH7803_0353,syn,Thermosynechococcus vestitus (strain NIES-2133 / IAM M-273 / BP-1),Thermosynechococcus,46,100,cyano,False,False,True,0
SynWH7803_0353,syn,Synechococcus sp. PCC 7002,Synechococcus,45,98,cyano,False,False,True,2
SynWH7803_0353,syn,Thermostichus vulcanus (Synechococcus vulcanus),Thermostichus,49,88,out,False,False,False,0
SynWH7803_0353,syn,Halomicronema hongdechloris C2206,Halomicronema,44,96,cyano,False,False,True,2
SynWH7803_0353,syn,Acaryochloris marina MBIC11017,Acaryochloris,43,99,cyano,False,False,True,2
SynWH7803_0353,syn,Zea mays,Zea,43,72,out,False,False,False,5
SynWH7803_0353,syn,Hordeum vulgare subsp. vulgare,Hordeum,44,73,out,False,False,False,3
SynWH7803_0353,syn,Leymus chinensis,Leymus,44,73,out,False,False,False,2
SynWH7803_0353,syn,Oryza glaberrima,Oryza,43,71,out,False,False,False,8
SynWH7803_0353,syn,Oryza sativa subsp. indica,Oryza,43,71,out,False,False,False,1
SynWH7803_0353,syn,Nicotiana tabacum,Nicotiana,42,72,out,False,False,False,6
SynWH7803_0353,syn,Brassica rapa,Brassica,42,72,out,False,False,False,1
SynWH7803_0353,syn,Arabidopsis thaliana (Mouse-ear cress),Arabidopsis,42,72,out,False,False,False,23
SynWH7803_0353,syn,Zea mays,Zea,42,71,out,False,False,False,7
SynWH7803_0353,syn,Nicotiana tabacum,Nicotiana,42,72,out,False,False,False,5
SynWH7803_0353,syn,Zea mays,Zea,43,86,out,False,False,False,2
SynWH7803_0353,syn,Chlorella variabilis,Chlorella,43,80,out,False,False,False,4
SynWH7803_0353,syn,Vitis vinifera,Vitis,42,72,out,False,False,False,1
SynWH7803_0353,syn,Brassica napus,Brassica,42,72,out,False,False,False,1
SynWH7803_0353,syn,Vitis vinifera,Vitis,42,76,out,False,False,False,1
SynWH7803_0353,syn,Arabidopsis thaliana,Arabidopsis,42,72,out,False,False,False,24
SynWH7803_0353,syn,Nicotiana benthamiana,Nicotiana,42,72,out,False,False,False,1
SynWH7803_0353,syn,Nicotiana benthamiana,Nicotiana,42,72,out,False,False,False,1
SynWH7803_0353,syn,Quercus lobata,Quercus,39,79,out,False,False,False,1
SynWH7803_0353,syn,Fritillaria agrestis,Fritillaria,42,72,out,False,False,False,3
SynWH7803_0353,syn,Medicago truncatula,Medicago,42,72,out,False,False,False,1
SynWH7803_0353,syn,Nicotiana benthamiana,Nicotiana,42,71,out,False,False,False,1
SynWH7803_0353,syn,Citrus sinensis,Citrus,42,72,out,False,False,False,1
SynWH7803_0353,syn,Pisum sativum,Pisum,42,72,out,False,False,False,6
SynWH7803_0353,syn,Solanum lycopersicum,Solanum,42,72,out,False,False,False,4
SynWH7803_0353,syn,Solanum tuberosum,Solanum,42,71,out,False,False,False,1
SynWH7803_0353,syn,Helianthus annuus (Common sunflower),Helianthus,42,73,out,False,False,False,2
SynWH7803_0353,syn,Glycine max,Glycine,42,73,out,False,False,False,1
SynWH7803_0353,syn,Solanum tuberosum,Solanum,42,71,out,False,False,False,6
SynWH7803_0353,syn,Bruguiera gymnorhiza,Bruguiera,38,79,out,False,False,False,2
SynWH7803_0353,syn,Glycine max,Glycine,41,72,out,False,False,False,1
SynWH7803_0353,syn,Medicago truncatula,Medicago,41,72,out,False,False,False,1
SynWH7803_0353,syn,Spinacia oleracea (Spinach),Spinacia,41,72,out,False,False,False,6
SynWH7803_0353,syn,Camellia sinensis,Camellia,40,71,out,False,False,False,1
SynWH7803_0353,syn,Volvox carteri f. nagariensis,Volvox,42,81,out,False,False,False,1
SynWH7803_0353,syn,Volvox carteri,Volvox,42,82,out,False,False,False,1
SynWH7803_0353,syn,Chlamydomonas reinhardtii,Chlamydomonas,40,82,out,False,False,False,2
SynWH7803_0353,syn,Chlamydomonas reinhardtii,Chlamydomonas,40,82,out,False,False,False,6
SynWH7803_0353,syn,Sesamum indicum,Sesamum,42,72,out,False,False,False,1
SynWH7803_0353,syn,Triticum aestivum,Triticum,40,73,out,False,False,False,4
SynWH7803_0353,syn,Emiliania huxleyi,Emiliania,36,84,out,False,False,False,1
SynWH7803_0353,syn,Phaeodactylum tricornutum (strain CCAP 1055/1),Phaeodactylum,38,80,out,False,False,False,5
SynWH7803_0353,syn,Solanum tuberosum,Solanum,40,72,out,False,False,False,2
SynWH7803_0353,syn,Chattonella marina var. antiqua (Red tide flagellate) (Chattonella antiqua),Chattonella,37,75,out,False,False,False,0
SynWH7803_0353,syn,Salicornia veneta,Salicornia,44,64,out,False,False,False,1
SynWH7803_0353,syn,Capsicum annuum,Capsicum,40,70,out,False,False,False,1
SynWH7803_0353,syn,Gloeobacter violaceus PCC 7421,Gloeobacter,28,97,out,False,False,False,1
SynWH7803_0353,syn,Arabidopsis thaliana,Arabidopsis,43,25,out,False,False,False,2
SynWH7803_2236,syn,"Prochlorococcus marinus str. MIT 93=
13",Prochlorococcus,49,100,cyano,False,False,True,0
SynWH7803_2236,syn,Synechococcus sp. CC9311,Synechococcus,51,91,cyano,True,False,True,0
SynWH7803_2236,syn,"Prochlorococcus marinus str. MIT 93=
13",Prochlorococcus,46,100,cyano,False,False,True,0
SynWH7803_2236,syn,Synechococcus sp. WH 8102,Synechococcus,44,91,cyano,True,False,True,0
SynWH7803_2236,syn,Synechococcus sp. WH 8102,Synechococcus,43,100,cyano,True,False,True,0
SynWH7803_2236,syn,"Synechococcus elongatus PC=
C 7942",Synechococcus,34,95,cyano,False,False,True,0
SynWH7803_2236,syn,Fischerella thermalis JSC-11,Fischerella,35,93,out,False,False,False,0
SynWH7803_2236,syn,"Trichodesmium=
 erythraeum IMS101",Trichodesmium=,32,99,out,False,False,False,0
SynWH7803_2236,syn,Nostoc sp. PCC 7120,Nostoc,32,99,cyano,False,False,True,0
SynWH7803_2236,syn,"Acaryo=
chloris marina MBIC11017",Acaryo=,32,91,out,False,False,False,0
SynWH7803_2236,syn,Leptolyngbya sp. FACHB-402,Leptolyngbya,31,100,cyano,False,False,True,0
SynWH7803_2236,syn,"Nostoc sp. PCC=
 7120",Nostoc,32,91,cyano,False,False,True,0
SynWH7803_2236,syn,"Synechococcus sp. P=
CC 7002",Synechococcus,32,96,cyano,False,False,True,0
SynWH7803_2236,syn,Leptolyngbya sp. FACHB-402,Leptolyngbya,32,100,cyano,False,False,True,0
SynWH7803_2236,syn,Leptolyngbya boryana dg5,Leptolyngbya,31,100,cyano,False,False,True,0
SynWH7803_2236,syn,Microcystis aeruginosa FACHB-905 =3D DIANCHI905,Microcystis,31,96,cyano,False,False,True,0
SynWH7803_2236,syn,"Microcy=
stis aeruginosa NIES-843",Microcy=,30,93,out,False,False,False,0
SynWH7803_2236,syn,"Anabaena variabilis ATCC 294=
13",Anabaena,44,45,cyano,False,False,True,0
SynWH7803_2236,syn,Synechocystis sp. PCC 6803,Synechocystis,30,98,cyano,False,False,True,0
SynWH7803_2236,syn,Synechocystis sp. PCC 6803,Synechocystis,37,50,cyano,False,False,True,0
SynWH7803_2236,syn,Synechocystis sp. PCC 6714,Synechocystis,34,63,cyano,False,False,True,0
SynWH7803_2236,syn,Synechocystis sp. PCC 6803,Synechocystis,29,91,cyano,False,False,True,0
SynWH7803_2236,syn,Halomicronema hongdechloris C2206,Halomicronema,31,91,cyano,False,False,True,0
SynWH7803_2236,syn,Synechocystis sp. PCC 6803,Synechocystis,30,91,cyano,False,False,True,0
SynWH7803_2236,syn,"Microcy=
stis aeruginosa NIES-843",Microcy=,34,63,out,False,False,False,0
SynWH7803_2236,syn,Synechocystis sp. PCC 6803,Synechocystis,28,89,cyano,False,False,True,0
SynWH7803_2236,syn,"Trichodesmium=
 erythraeum IMS101",Trichodesmium=,41,33,out,False,False,False,0
SynWH7803_2236,syn,"Trichormus variabilis (strain ATCC 29413 / PCC 793=
7)",Trichormus,41,32,cyano,False,False,True,0
SynWH7803_2236,syn,Nostoc sp. PCC 7120,Nostoc,27,94,cyano,False,False,True,0
SynWH7803_2236,syn,Prochlorococcus marinus str. MIT 9312,Prochlorococcus,26,79,cyano,True,False,True,0
SynWH7803_2236,syn,"Prochlorococcus marinus=
 str. MIT 9312",Prochlorococcus,41,21,cyano,True,False,True,0
SynWH7803_2236,syn,Gloeobacter violaceus PCC 7421,Gloeobacter,24,87,out,False,False,False,0
SynWH7803_2236,syn,"Veillonella parvula DSM=
 2008",Veillonella,43,15,out,False,False,False,0
SynWH7803_2236,syn,"Veillonella parvula DSM=
 2008",Veillonella,30,38,out,False,False,False,0
SynWH7803_2236,syn,Veillonella parvula,Veillonella,47,10,out,False,False,False,0
SynWH7803_2236,syn,"Veillonella parvula DSM=
 2008",Veillonella,34,9,out,False,False,False,0
SynWH7803_2236,syn,"Deinococcus radiodurans (strain ATCC 1=
3939 / DSM 20539 / JCM 16871 / CCUG 27074 / LMG 4051 / NBRC 15346 / NCIMB 9=
279 / VKM B-1422 / R1)",Deinococcus,34,9,out,False,False,False,0
SynWH7803_2236,syn,Selenomonas ruminantium,Selenomonas,40,14,out,False,False,False,0
SynWH7803_2236,syn,"Fervidobacterium nodosum=
 Rt17-B1",Fervidobacterium,32,18,out,False,False,False,0
SynWH7803_2236,syn,"Prochlorococcus marinus sp. MED=
4",Prochlorococcus,25,79,cyano,False,False,True,0
SynWH7803_2236,syn,Thermotoga lettingae TMO=,Thermotoga,45,9,out,False,False,False,0
SynWH7803_2236,syn,Pelosinus sp. UFO1,Pelosinus,30,15,out,False,False,False,0
SynWH7803_2236,syn,"Mitsuokella multacida DS=
M 20544",Mitsuokella,28,20,out,False,False,False,0
