experiment_id,organism,genus,omics_type,locus_tag,gene_name,product,gene_category,best_rank,direction,log2fc,padj,timepoint
10.1101/2025.11.24.690089_coculture_prochlorococcus_med4_hot1a3_rnaseq,Alteromonas macleodii HOT1A3,Alteromonas,RNASEQ,ACZ81_13940,suxA,TonB-dependent receptor,Cell wall and membrane,1.0,up,3.6379482193855273,0.0013644786708038,day 11
10.1101/2025.11.24.690089_coculture_prochlorococcus_med4_hot1a3_rnaseq,Alteromonas macleodii HOT1A3,Alteromonas,RNASEQ,ACZ81_16910,ankB,ankyrin repeat domain-containing protein,Unknown,1.0,down,-5.217624582655805,0.0056175485703953,day 11
10.1101/2025.11.24.690089_coculture_prochlorococcus_med4_hot1a3_rnaseq,Alteromonas macleodii HOT1A3,Alteromonas,RNASEQ,ACZ81_05680,slyA,MarR family winged helix-turn-helix transcriptional regulator,Transcription,2.0,down,-4.98527895129211,0.0131675437106262,day 11
10.1101/2025.11.24.690089_coculture_prochlorococcus_med4_hot1a3_rnaseq,Alteromonas macleodii HOT1A3,Alteromonas,RNASEQ,ACZ81_18535,,TonB-dependent receptor,Inorganic ion transport,2.0,up,3.530194210223916,1.585228236269333e-07,day 11
10.1101/2025.11.24.690089_coculture_prochlorococcus_med4_hot1a3_rnaseq,Alteromonas macleodii HOT1A3,Alteromonas,RNASEQ,ACZ81_03615,,thermostable hemolysin,Unknown,3.0,down,-4.766532165434427,4.214544724101479e-06,day 11
10.1101/2025.11.24.690089_coculture_prochlorococcus_med4_hot1a3_rnaseq,Alteromonas macleodii HOT1A3,Alteromonas,RNASEQ,ACZ81_17120,,hypothetical protein,Unknown,3.0,up,3.528702401614769,7.685540113233018e-07,day 11
10.1101/2025.11.24.690089_coculture_prochlorococcus_med4_hot1a3_rnaseq,Alteromonas macleodii HOT1A3,Alteromonas,RNASEQ,ACZ81_03610,,AMP-binding protein,Lipid metabolism,4.0,down,-4.177386507529768,7.951114470180855e-09,day 11
10.1101/2025.11.24.690089_coculture_prochlorococcus_med4_hot1a3_rnaseq,Alteromonas macleodii HOT1A3,Alteromonas,RNASEQ,ACZ81_18130,,MFS transporter,Carbohydrate metabolism,4.0,up,3.526747363806744,4.428092361680821e-06,day 11
10.1101/2025.11.24.690089_coculture_prochlorococcus_med4_hot1a3_rnaseq,Alteromonas macleodii HOT1A3,Alteromonas,RNASEQ,ACZ81_14325,,retropepsin-like aspartic protease,Unknown,5.0,down,-4.169680775698811,0.0337741514905504,day 11
10.1101/2025.11.24.690089_coculture_prochlorococcus_med4_hot1a3_rnaseq,Alteromonas macleodii HOT1A3,Alteromonas,RNASEQ,ACZ81_18135,ams,alpha-amylase family glycosyl hydrolase,Carbohydrate metabolism,5.0,up,3.3965269416191046,2.1335192305816683e-08,day 11
10.1101/2025.11.24.690089_coculture_prochlorococcus_med4_hot1a3_rnaseq,Alteromonas macleodii HOT1A3,Alteromonas,RNASEQ,ACZ81_03625,,TVP38/TMEM64 family protein,Unknown,6.0,down,-4.162120320611519,0.0002875594127704,day 11
10.1101/2025.11.24.690089_coculture_prochlorococcus_med4_hot1a3_rnaseq,Alteromonas macleodii HOT1A3,Alteromonas,RNASEQ,ACZ81_13955,,TonB-dependent receptor,Inorganic ion transport,6.0,up,3.2448569707765293,2.7065906010107834e-10,day 11
10.1101/2025.11.24.690089_coculture_prochlorococcus_med4_hot1a3_rnaseq,Alteromonas macleodii HOT1A3,Alteromonas,RNASEQ,ACZ81_08845,ahpF,alkyl hydroperoxide reductase subunit F,Post-translational modification,7.0,down,-3.932744243772365,0.0103056546550742,day 11
10.1101/2025.11.24.690089_coculture_prochlorococcus_med4_hot1a3_rnaseq,Alteromonas macleodii HOT1A3,Alteromonas,RNASEQ,ACZ81_14330,,hypothetical protein,Unknown,7.0,up,3.191502303214146,2.1335192305816683e-08,day 11
10.1101/2025.11.24.690089_coculture_prochlorococcus_med4_hot1a3_rnaseq,Alteromonas macleodii HOT1A3,Alteromonas,RNASEQ,ACZ81_08990,,IS4 family transposase,Replication and repair,8.0,up,3.154542767783903,,day 11
10.1101/2025.11.24.690089_coculture_prochlorococcus_med4_hot1a3_rnaseq,Alteromonas macleodii HOT1A3,Alteromonas,RNASEQ,ACZ81_16155,,sulfite exporter TauE/SafE family protein,Unknown,8.0,down,-3.85724629445185,,day 11
10.1101/2025.11.24.690089_coculture_prochlorococcus_med4_hot1a3_rnaseq,Alteromonas macleodii HOT1A3,Alteromonas,RNASEQ,ACZ81_03645,,cupredoxin domain-containing protein,Unknown,9.0,down,-3.768583235984778,0.0094684606371376,day 11
10.1101/2025.11.24.690089_coculture_prochlorococcus_med4_hot1a3_rnaseq,Alteromonas macleodii HOT1A3,Alteromonas,RNASEQ,ACZ81_04720,,IS4 family transposase,Replication and repair,9.0,up,3.131030386838105,,day 11
10.1101/2025.11.24.690089_coculture_prochlorococcus_med4_hot1a3_rnaseq,Alteromonas macleodii HOT1A3,Alteromonas,RNASEQ,ACZ81_02025,katA,catalase,Energy production,10.0,down,-3.5213477020784123,0.0150606719699039,day 11
10.1101/2025.11.24.690089_coculture_prochlorococcus_med4_hot1a3_rnaseq,Alteromonas macleodii HOT1A3,Alteromonas,RNASEQ,ACZ81_RS21260,,hypothetical protein,Unknown,10.0,up,3.1232104620566283,,day 11
10.1101/2025.11.24.690089_growth_state_pro99lown_nutrient_starvation_hot1a3_proteomics_coculture,Alteromonas macleodii HOT1A3,Alteromonas,PROTEOMICS,ACZ81_05350,cynT,carbonic anhydrase,Inorganic ion transport,1.0,up,3.41834704081218,0.0016796518279807,day 18
10.1101/2025.11.24.690089_growth_state_pro99lown_nutrient_starvation_hot1a3_proteomics_coculture,Alteromonas macleodii HOT1A3,Alteromonas,PROTEOMICS,ACZ81_18535,,TonB-dependent receptor,Inorganic ion transport,1.0,up,6.83469645182292,1.51352035548067e-08,day 89
10.1101/2025.11.24.690089_growth_state_pro99lown_nutrient_starvation_hot1a3_proteomics_coculture,Alteromonas macleodii HOT1A3,Alteromonas,PROTEOMICS,ACZ81_20300,,hypothetical protein,Unknown,1.0,down,-4.74009513854981,3.11264232071312e-06,day 89
10.1101/2025.11.24.690089_growth_state_pro99lown_nutrient_starvation_hot1a3_proteomics_coculture,Alteromonas macleodii HOT1A3,Alteromonas,PROTEOMICS,ACZ81_04245,yhiI,HlyD family secretion protein,Cell wall and membrane,2.0,down,-3.49416224161784,3.07002332556864e-08,days 60+89
10.1101/2025.11.24.690089_growth_state_pro99lown_nutrient_starvation_hot1a3_proteomics_coculture,Alteromonas macleodii HOT1A3,Alteromonas,PROTEOMICS,ACZ81_15570,plsC,1-acylglycerol-3-phosphate O-acyltransferase,Lipid metabolism,2.0,down,-3.86414591471354,0.0006721175438845,day 89
10.1101/2025.11.24.690089_growth_state_pro99lown_nutrient_starvation_hot1a3_proteomics_coculture,Alteromonas macleodii HOT1A3,Alteromonas,PROTEOMICS,ACZ81_16310,pspA,phage shock protein PspA,Transcription,2.0,up,4.6706968943278,6.41200001586373e-07,day 31
10.1101/2025.11.24.690089_growth_state_pro99lown_nutrient_starvation_hot1a3_proteomics_coculture,Alteromonas macleodii HOT1A3,Alteromonas,PROTEOMICS,ACZ81_17215,,FG-GAP-like repeat-containing protein,Cell wall and membrane,2.0,up,4.73836580912272,3.5644397929367102e-09,day 89
10.1101/2025.11.24.690089_growth_state_pro99lown_nutrient_starvation_hot1a3_proteomics_coculture,Alteromonas macleodii HOT1A3,Alteromonas,PROTEOMICS,ACZ81_18755,,hypothetical protein,Unknown,2.0,down,-4.11012903849284,0.0001234581690358,day 60
10.1101/2025.11.24.690089_growth_state_pro99lown_nutrient_starvation_hot1a3_proteomics_coculture,Alteromonas macleodii HOT1A3,Alteromonas,PROTEOMICS,ACZ81_10105,sdaA,L-serine ammonia-lyase,Amino acid metabolism,3.0,up,4.52769724527995,1.51352035548067e-08,day 89
10.1101/2025.11.24.690089_growth_state_pro99lown_nutrient_starvation_hot1a3_proteomics_coculture,Alteromonas macleodii HOT1A3,Alteromonas,PROTEOMICS,ACZ81_10335,,c-type cytochrome,Energy production,3.0,down,-3.42085107167562,8.26800342063417e-09,days 60+89
10.1101/2025.11.24.690089_growth_state_pro99lown_nutrient_starvation_hot1a3_proteomics_coculture,Alteromonas macleodii HOT1A3,Alteromonas,PROTEOMICS,ACZ81_18505,syrP,TauD/TfdA family dioxygenase,Secondary metabolites,3.0,up,4.32325172424317,2.65485504940693e-07,day 31
10.1101/2025.11.24.690089_growth_state_pro99lown_nutrient_starvation_hot1a3_proteomics_coculture,Alteromonas macleodii HOT1A3,Alteromonas,PROTEOMICS,ACZ81_19000,cyoB,cytochrome o ubiquinol oxidase subunit I,Energy production,3.0,down,-2.37550862630208,0.0095978586083942,day 18
10.1101/2025.11.24.690089_growth_state_pro99lown_nutrient_starvation_hot1a3_proteomics_coculture,Alteromonas macleodii HOT1A3,Alteromonas,PROTEOMICS,ACZ81_02485,glyA,serine hydroxymethyltransferase,Amino acid metabolism,4.0,up,3.89796288808187,5.21811784959154e-08,days 60+89
10.1101/2025.11.24.690089_growth_state_pro99lown_nutrient_starvation_hot1a3_proteomics_coculture,Alteromonas macleodii HOT1A3,Alteromonas,PROTEOMICS,ACZ81_08480,,glutathione binding-like protein,Post-translational modification,4.0,up,4.28589026133219,0.0043362661426969,day 89
10.1101/2025.11.24.690089_growth_state_pro99lown_nutrient_starvation_hot1a3_proteomics_coculture,Alteromonas macleodii HOT1A3,Alteromonas,PROTEOMICS,ACZ81_18525,yicI,glycoside hydrolase family 31 protein,Carbohydrate metabolism,4.0,up,4.12941265106201,1.40027845131026e-07,day 31
10.1101/2025.11.24.690089_growth_state_pro99lown_nutrient_starvation_hot1a3_proteomics_coculture,Alteromonas macleodii HOT1A3,Alteromonas,PROTEOMICS,ACZ81_02170,yibQ,divergent polysaccharide deacetylase family protein,Unknown,5.0,down,-3.63133939107259,0.0009972534046495,day 89
10.1101/2025.11.24.690089_growth_state_pro99lown_nutrient_starvation_hot1a3_proteomics_coculture,Alteromonas macleodii HOT1A3,Alteromonas,PROTEOMICS,ACZ81_05480,pspC,envelope stress response membrane protein PspC,Transcription,5.0,up,3.95065879821777,0.0001001940560816,day 60
10.1101/2025.11.24.690089_growth_state_pro99lown_nutrient_starvation_hot1a3_proteomics_coculture,Alteromonas macleodii HOT1A3,Alteromonas,PROTEOMICS,ACZ81_06200,,YncE family protein,Unknown,5.0,up,2.29195404052734,0.0017414873845016,day 18
10.1101/2025.11.24.690089_growth_state_pro99lown_nutrient_starvation_hot1a3_proteomics_coculture,Alteromonas macleodii HOT1A3,Alteromonas,PROTEOMICS,ACZ81_09825,,TonB-dependent receptor,Coenzyme metabolism,5.0,up,3.80790201822917,2.98352244838193e-09,days 60+89
10.1101/2025.11.24.690089_growth_state_pro99lown_nutrient_starvation_hot1a3_proteomics_coculture,Alteromonas macleodii HOT1A3,Alteromonas,PROTEOMICS,ACZ81_11825,,alkaline phosphatase PhoX,Unknown,5.0,down,-3.21828587849935,0.0004319926536654,day 60
10.1101/2025.11.24.690089_growth_state_pro99lown_nutrient_starvation_hot1a3_proteomics_coculture,Alteromonas macleodii HOT1A3,Alteromonas,PROTEOMICS,ACZ81_15335,gltB,glutamate synthase large subunit,Amino acid metabolism,5.0,down,-2.1834545135498,0.0003921848320684,day 18
10.1101/2025.11.24.690089_growth_state_pro99lown_nutrient_starvation_hot1a3_proteomics_coculture,Alteromonas macleodii HOT1A3,Alteromonas,PROTEOMICS,ACZ81_10365,ccoN,"cytochrome-c oxidase, cbb3-type subunit I",Energy production,6.0,down,-3.35809834798177,5.13924005032503e-06,day 89
10.1101/2025.11.24.690089_growth_state_pro99lown_nutrient_starvation_hot1a3_proteomics_axenic,Alteromonas macleodii HOT1A3,Alteromonas,PROTEOMICS,ACZ81_17190,,glycosyltransferase family 32 protein,Cell wall and membrane,1.0,down,-4.61417802174886,1.61404235700484e-08,day 31
10.1101/2025.11.24.690089_growth_state_pro99lown_nutrient_starvation_hot1a3_proteomics_axenic,Alteromonas macleodii HOT1A3,Alteromonas,PROTEOMICS,ACZ81_19860,atpE,F0F1 ATP synthase subunit C,Energy production,1.0,up,5.87598133087158,2.48760695798673e-07,day 31
10.1101/2025.11.24.690089_growth_state_pro99lown_nutrient_starvation_hot1a3_proteomics_axenic,Alteromonas macleodii HOT1A3,Alteromonas,PROTEOMICS,ACZ81_00265,rpmB,50S ribosomal protein L28,Translation,2.0,down,-4.10255018870036,0.0048908630063901,day 31
10.1101/2025.11.24.690089_growth_state_pro99lown_nutrient_starvation_hot1a3_proteomics_axenic,Alteromonas macleodii HOT1A3,Alteromonas,PROTEOMICS,ACZ81_15955,,porin family protein,Cell wall and membrane,2.0,up,5.2395035425822,2.28512249994738e-06,day 31
10.1101/2025.11.24.690089_growth_state_pro99lown_nutrient_starvation_hot1a3_proteomics_axenic,Alteromonas macleodii HOT1A3,Alteromonas,PROTEOMICS,ACZ81_00050,yihI,Der GTPase-activating protein YihI,Unknown,3.0,down,-3.59957408905029,3.02476801168414e-06,day 31
10.1101/2025.11.24.690089_growth_state_pro99lown_nutrient_starvation_hot1a3_proteomics_axenic,Alteromonas macleodii HOT1A3,Alteromonas,PROTEOMICS,ACZ81_02460,,TonB-dependent receptor,Inorganic ion transport,3.0,up,4.84160772959391,7.360258216399491e-09,day 31
10.1101/2025.11.24.690089_growth_state_pro99lown_nutrient_starvation_hot1a3_proteomics_axenic,Alteromonas macleodii HOT1A3,Alteromonas,PROTEOMICS,ACZ81_11930,,ExeM/NucH family extracellular endonuclease,Replication and repair,4.0,up,4.81805578867595,3.25515583914736e-08,day 31
10.1101/2025.11.24.690089_growth_state_pro99lown_nutrient_starvation_hot1a3_proteomics_axenic,Alteromonas macleodii HOT1A3,Alteromonas,PROTEOMICS,ACZ81_17270,rplQ,50S ribosomal protein L17,Translation,4.0,down,-3.54327360788981,0.0001986737846662,day 31
10.1101/2025.11.24.690089_growth_state_pro99lown_nutrient_starvation_hot1a3_proteomics_axenic,Alteromonas macleodii HOT1A3,Alteromonas,PROTEOMICS,ACZ81_01420,cheY1,response regulator,Signal transduction,5.0,down,-3.23763370513916,0.0011615348927986,day 31
10.1101/2025.11.24.690089_growth_state_pro99lown_nutrient_starvation_hot1a3_proteomics_axenic,Alteromonas macleodii HOT1A3,Alteromonas,PROTEOMICS,ACZ81_05030,flgH,flagellar basal body L-ring protein FlgH,Cell motility,5.0,up,4.80663522084554,2.38468036880514e-07,day 31
10.1101/2025.11.24.690089_growth_state_pro99lown_nutrient_starvation_hot1a3_proteomics_axenic,Alteromonas macleodii HOT1A3,Alteromonas,PROTEOMICS,ACZ81_05070,flaA,flagellin N-terminal helical domain-containing protein,Cell motility,6.0,up,4.75572935740153,9.2653065727115e-09,day 31
10.1101/2025.11.24.690089_growth_state_pro99lown_nutrient_starvation_hot1a3_proteomics_axenic,Alteromonas macleodii HOT1A3,Alteromonas,PROTEOMICS,ACZ81_17320,rplR,50S ribosomal protein L18,Translation,6.0,down,-3.1619971593221,0.0012388024776331,day 31
10.1101/2025.11.24.690089_growth_state_pro99lown_nutrient_starvation_hot1a3_proteomics_axenic,Alteromonas macleodii HOT1A3,Alteromonas,PROTEOMICS,ACZ81_16965,murB,UDP-N-acetylmuramate dehydrogenase,Cell wall and membrane,7.0,down,-3.11783695220947,7.00689348228016e-07,day 31
10.1101/2025.11.24.690089_growth_state_pro99lown_nutrient_starvation_hot1a3_proteomics_axenic,Alteromonas macleodii HOT1A3,Alteromonas,PROTEOMICS,ACZ81_17395,,TonB-dependent receptor,Coenzyme metabolism,7.0,up,4.63555876413981,1.22880624116351e-08,day 31
10.1101/2025.11.24.690089_growth_state_pro99lown_nutrient_starvation_hot1a3_proteomics_axenic,Alteromonas macleodii HOT1A3,Alteromonas,PROTEOMICS,ACZ81_03285,rpsU,30S ribosomal protein S21,Translation,8.0,down,-3.07495721181234,0.0005151000294029,day 31
10.1101/2025.11.24.690089_growth_state_pro99lown_nutrient_starvation_hot1a3_proteomics_axenic,Alteromonas macleodii HOT1A3,Alteromonas,PROTEOMICS,ACZ81_03785,mlaD,outer membrane lipid asymmetry maintenance protein MlaD,Secondary metabolites,8.0,up,4.6351302464803,1.77292788745809e-06,day 31
10.1101/2025.11.24.690089_growth_state_pro99lown_nutrient_starvation_hot1a3_proteomics_axenic,Alteromonas macleodii HOT1A3,Alteromonas,PROTEOMICS,ACZ81_04190,,MipA/OmpV family protein,Cell wall and membrane,9.0,up,4.63504632314046,3.25515583914736e-08,day 31
10.1101/2025.11.24.690089_growth_state_pro99lown_nutrient_starvation_hot1a3_proteomics_axenic,Alteromonas macleodii HOT1A3,Alteromonas,PROTEOMICS,ACZ81_17285,rpsK,30S ribosomal protein S11,Translation,9.0,down,-2.99928569793702,1.74168976401698e-05,day 31
10.1101/2025.11.24.690089_growth_state_pro99lown_nutrient_starvation_hot1a3_proteomics_axenic,Alteromonas macleodii HOT1A3,Alteromonas,PROTEOMICS,ACZ81_05530,,TonB-dependent receptor,Inorganic ion transport,10.0,up,4.62650330861408,7.360258216399491e-09,day 31
10.1101/2025.11.24.690089_growth_state_pro99lown_nutrient_starvation_hot1a3_proteomics_axenic,Alteromonas macleodii HOT1A3,Alteromonas,PROTEOMICS,ACZ81_07645,,vWA domain-containing protein,Unknown,10.0,down,-2.91936270395914,5.46604880169994e-06,day 31
10.1101/2025.11.24.690089_growth_state_pro99lown_nutrient_starvation_hot1a3_rnaseq_coculture,Alteromonas macleodii HOT1A3,Alteromonas,RNASEQ,ACZ81_05060,flaA,flagellin N-terminal helical domain-containing protein,Cell motility,1.0,down,-6.256732193512743,7.240706240223244e-26,day 60
10.1101/2025.11.24.690089_growth_state_pro99lown_nutrient_starvation_hot1a3_rnaseq_coculture,Alteromonas macleodii HOT1A3,Alteromonas,RNASEQ,ACZ81_05680,slyA,MarR family winged helix-turn-helix transcriptional regulator,Transcription,1.0,up,7.099580576508896,1.5777451704036888e-05,day 18
10.1101/2025.11.24.690089_growth_state_pro99lown_nutrient_starvation_hot1a3_rnaseq_coculture,Alteromonas macleodii HOT1A3,Alteromonas,RNASEQ,ACZ81_07715,romA,MBL fold metallo-hydrolase,Unknown,1.0,down,-5.662715347299915,3.2450368878266616e-11,day 89
10.1101/2025.11.24.690089_growth_state_pro99lown_nutrient_starvation_hot1a3_rnaseq_coculture,Alteromonas macleodii HOT1A3,Alteromonas,RNASEQ,ACZ81_11420,,DUF1852 domain-containing protein,Unknown,1.0,down,-4.052287950417636,6.832227481043917e-09,day 18
10.1101/2025.11.24.690089_growth_state_pro99lown_nutrient_starvation_hot1a3_rnaseq_coculture,Alteromonas macleodii HOT1A3,Alteromonas,RNASEQ,ACZ81_14325,,retropepsin-like aspartic protease,Unknown,1.0,up,7.881659730456786,1.152268116949121e-07,day 89
10.1101/2025.11.24.690089_growth_state_pro99lown_nutrient_starvation_hot1a3_rnaseq_coculture,Alteromonas macleodii HOT1A3,Alteromonas,RNASEQ,ACZ81_03035,,hypothetical protein,Unknown,2.0,down,-5.291440771255956,1.803088219219196e-21,days 60+89
10.1101/2025.11.24.690089_growth_state_pro99lown_nutrient_starvation_hot1a3_rnaseq_coculture,Alteromonas macleodii HOT1A3,Alteromonas,RNASEQ,ACZ81_05065,flaA,flagellin N-terminal helical domain-containing protein,Cell motility,2.0,down,-5.773126360291273,2.3242146548256877e-17,day 60
10.1101/2025.11.24.690089_growth_state_pro99lown_nutrient_starvation_hot1a3_rnaseq_coculture,Alteromonas macleodii HOT1A3,Alteromonas,RNASEQ,ACZ81_16595,rutC,pyrimidine utilization protein C,Translation,2.0,up,6.587431775891576,2.2604407237422362e-09,day 60
10.1101/2025.11.24.690089_growth_state_pro99lown_nutrient_starvation_hot1a3_rnaseq_coculture,Alteromonas macleodii HOT1A3,Alteromonas,RNASEQ,ACZ81_11425,metE,methionine synthase,Amino acid metabolism,3.0,down,-3.8985774413013696,9.91198224971047e-08,day 18
10.1101/2025.11.24.690089_growth_state_pro99lown_nutrient_starvation_hot1a3_rnaseq_coculture,Alteromonas macleodii HOT1A3,Alteromonas,RNASEQ,ACZ81_12890,lldP,L-lactate permease,Energy production,3.0,up,6.147476780925157,5.044330915156869e-109,day 60
10.1101/2025.11.24.690089_growth_state_pro99lown_nutrient_starvation_hot1a3_rnaseq_coculture,Alteromonas macleodii HOT1A3,Alteromonas,RNASEQ,ACZ81_16585,rutE,malonic semialdehyde reductase,Energy production,3.0,up,5.81912614800778,2.122168994513176e-10,days 60+89
10.1101/2025.11.24.690089_growth_state_pro99lown_nutrient_starvation_hot1a3_rnaseq_coculture,Alteromonas macleodii HOT1A3,Alteromonas,RNASEQ,ACZ81_04975,flgN,flagellar export chaperone FlgN,Cell motility,5.0,down,-4.884904639836477,1.0531104833385215e-92,day 60
10.1101/2025.11.24.690089_growth_state_pro99lown_nutrient_starvation_hot1a3_rnaseq_coculture,Alteromonas macleodii HOT1A3,Alteromonas,RNASEQ,ACZ81_07395,fnt,formate/nitrite transporter family protein,Inorganic ion transport,5.0,up,5.621429155673404,7.7495612318831e-08,day 60
10.1101/2025.11.24.690089_growth_state_pro99lown_nutrient_starvation_hot1a3_rnaseq_coculture,Alteromonas macleodii HOT1A3,Alteromonas,RNASEQ,ACZ81_08480,,glutathione binding-like protein,Post-translational modification,5.0,up,5.321523991750659,1.8202643868318468e-08,day 89
10.1101/2025.11.24.690089_growth_state_pro99lown_nutrient_starvation_hot1a3_rnaseq_coculture,Alteromonas macleodii HOT1A3,Alteromonas,RNASEQ,ACZ81_02865,,DUF3530 family protein,Unknown,6.0,down,-4.358385075464235,6.1906950405970985e-37,days 60+89
10.1101/2025.11.24.690089_growth_state_pro99lown_nutrient_starvation_hot1a3_rnaseq_coculture,Alteromonas macleodii HOT1A3,Alteromonas,RNASEQ,ACZ81_05070,flaA,flagellin N-terminal helical domain-containing protein,Cell motility,6.0,down,-4.657708792966924,1.1245150964615847e-53,day 60
10.1101/2025.11.24.690089_growth_state_pro99lown_nutrient_starvation_hot1a3_rnaseq_coculture,Alteromonas macleodii HOT1A3,Alteromonas,RNASEQ,ACZ81_01825,glnK,P-II family nitrogen regulator,Transcription,7.0,up,5.384504757584833,0.000147340402248,day 60
10.1101/2025.11.24.690089_growth_state_pro99lown_nutrient_starvation_hot1a3_rnaseq_coculture,Alteromonas macleodii HOT1A3,Alteromonas,RNASEQ,ACZ81_04980,flgM,flagellar biosynthesis anti-sigma factor FlgM,Cell motility,7.0,down,-4.410744593117942,1.320901320501392e-39,day 89
10.1101/2025.11.24.690089_growth_state_pro99lown_nutrient_starvation_hot1a3_rnaseq_coculture,Alteromonas macleodii HOT1A3,Alteromonas,RNASEQ,ACZ81_12900,,DcaP family trimeric outer membrane transporter,Cell wall and membrane,7.0,up,5.518456273666017,1.6757233589411084e-30,day 31
10.1101/2025.11.24.690089_growth_state_pro99lown_nutrient_starvation_hot1a3_rnaseq_coculture,Alteromonas macleodii HOT1A3,Alteromonas,RNASEQ,ACZ81_16580,rutF,flavin reductase,Energy production,7.0,up,5.193365540102114,5.8051972461218175e-08,day 89
10.1101/2025.11.24.690089_growth_state_pro99lown_nutrient_starvation_hot1a3_rnaseq_coculture,Alteromonas macleodii HOT1A3,Alteromonas,RNASEQ,ACZ81_11250,msrQ,protein-methionine-sulfoxide reductase heme-binding subunit MsrQ,Energy production,8.0,down,-4.287203553849241,4.422416392085183e-19,day 31
10.1101/2025.11.24.690089_growth_state_pro99lown_nutrient_starvation_hot1a3_rnaseq_axenic,Alteromonas macleodii HOT1A3,Alteromonas,RNASEQ,ACZ81_16910,ankB,ankyrin repeat domain-containing protein,Unknown,1.0,down,-6.181810469135925,0.0001733828367871,day 18
10.1101/2025.11.24.690089_growth_state_pro99lown_nutrient_starvation_hot1a3_rnaseq_axenic,Alteromonas macleodii HOT1A3,Alteromonas,RNASEQ,ACZ81_17120,,hypothetical protein,Unknown,1.0,up,4.390255739065504,9.040055274835459e-11,day 18
10.1101/2025.11.24.690089_growth_state_pro99lown_nutrient_starvation_hot1a3_rnaseq_axenic,Alteromonas macleodii HOT1A3,Alteromonas,RNASEQ,ACZ81_08845,ahpF,alkyl hydroperoxide reductase subunit F,Post-translational modification,2.0,down,-4.448881525355577,0.0007527643748369,day 18
10.1101/2025.11.24.690089_growth_state_pro99lown_nutrient_starvation_hot1a3_rnaseq_axenic,Alteromonas macleodii HOT1A3,Alteromonas,RNASEQ,ACZ81_16915,katB,catalase,Energy production,2.0,down,-9.843975954186185,7.746905894809199e-16,day 31
10.1101/2025.11.24.690089_growth_state_pro99lown_nutrient_starvation_hot1a3_rnaseq_axenic,Alteromonas macleodii HOT1A3,Alteromonas,RNASEQ,ACZ81_19450,,C1 family peptidase,Post-translational modification,2.0,up,3.460195430890153,0.000160353893034,day 18
10.1101/2025.11.24.690089_growth_state_pro99lown_nutrient_starvation_hot1a3_rnaseq_axenic,Alteromonas macleodii HOT1A3,Alteromonas,RNASEQ,ACZ81_02025,katA,catalase,Energy production,3.0,down,-7.770996145861759,1.7941926444002078e-11,day 31
10.1101/2025.11.24.690089_growth_state_pro99lown_nutrient_starvation_hot1a3_rnaseq_axenic,Alteromonas macleodii HOT1A3,Alteromonas,RNASEQ,ACZ81_17215,,FG-GAP-like repeat-containing protein,Cell wall and membrane,3.0,up,3.0380254987831647,0.0015189603495594,day 18
10.1101/2025.11.24.690089_growth_state_pro99lown_nutrient_starvation_hot1a3_rnaseq_axenic,Alteromonas macleodii HOT1A3,Alteromonas,RNASEQ,ACZ81_08360,VP2647,DUF2061 domain-containing protein,Unknown,4.0,down,-6.836202642240085,7.627464849112464e-15,day 31
10.1101/2025.11.24.690089_growth_state_pro99lown_nutrient_starvation_hot1a3_rnaseq_axenic,Alteromonas macleodii HOT1A3,Alteromonas,RNASEQ,ACZ81_13975,,pectin acetylesterase-family hydrolase,Lipid metabolism,4.0,up,2.612656550560487,0.0005992444106108,day 31
10.1101/2025.11.24.690089_growth_state_pro99lown_nutrient_starvation_hot1a3_rnaseq_axenic,Alteromonas macleodii HOT1A3,Alteromonas,RNASEQ,ACZ81_16085,csgB,minor curlin subunit CsgB,Unknown,4.0,up,3.0258794846177155,0.000872732797378,day 18
10.1101/2025.11.24.690089_growth_state_pro99lown_nutrient_starvation_hot1a3_rnaseq_axenic,Alteromonas macleodii HOT1A3,Alteromonas,RNASEQ,ACZ81_01470,cheW,chemotaxis protein CheW,Cell motility,5.0,down,-5.302870800511328,1.470271159661806e-17,days 60+89
10.1101/2025.11.24.690089_growth_state_pro99lown_nutrient_starvation_hot1a3_rnaseq_axenic,Alteromonas macleodii HOT1A3,Alteromonas,RNASEQ,ACZ81_02340,dps,Dps family protein,Inorganic ion transport,7.0,down,-3.490127880255657,7.109233745287985e-07,day 18
10.1101/2025.11.24.690089_coculture_alteromonas_hot1a3_med4_rnaseq,Prochlorococcus MED4,Prochlorococcus,RNASEQ,PMM1104,,phospholipid methyltransferase,Post-translational modification,1.0,down,-1.5996251497548903,,day 11
10.1101/2025.11.24.690089_coculture_alteromonas_hot1a3_med4_rnaseq,Prochlorococcus MED4,Prochlorococcus,RNASEQ,PMM1828,,Hypothetical protein,Unknown,1.0,up,4.527141820241296,0.00864133585404,day 11
10.1101/2025.11.24.690089_coculture_alteromonas_hot1a3_med4_rnaseq,Prochlorococcus MED4,Prochlorococcus,RNASEQ,PMM1173,,putative membrane protein,Cell wall and membrane,2.0,down,-1.086999479639359,,day 11
10.1101/2025.11.24.690089_coculture_alteromonas_hot1a3_med4_rnaseq,Prochlorococcus MED4,Prochlorococcus,RNASEQ,PMM1404,hli,high light inducible protein,Stress response and adaptation,2.0,up,4.283930229082248,0.0015113825673814,day 11
10.1101/2025.11.24.690089_coculture_alteromonas_hot1a3_med4_rnaseq,Prochlorococcus MED4,Prochlorococcus,RNASEQ,PMM0337,,conserved hypothetical protein,Unknown,3.0,up,4.194656578391578,0.0074458128164388,day 11
10.1101/2025.11.24.690089_coculture_alteromonas_hot1a3_med4_rnaseq,Prochlorococcus MED4,Prochlorococcus,RNASEQ,PMM1903,,Conserved hypothetical protein,Unknown,3.0,down,-1.069158307746458,,day 11
10.1101/2025.11.24.690089_coculture_alteromonas_hot1a3_med4_rnaseq,Prochlorococcus MED4,Prochlorococcus,RNASEQ,PMM1813,,conserved hypothetical protein,Unknown,4.0,up,4.110962565138264,0.0123179722111725,day 11
10.1101/2025.11.24.690089_coculture_alteromonas_hot1a3_med4_rnaseq,Prochlorococcus MED4,Prochlorococcus,RNASEQ,PMM0958,,conserved hypothetical protein (DUF1830),Unknown,5.0,up,4.043240719284284,0.0198226570182783,day 11
10.1101/2025.11.24.690089_coculture_alteromonas_hot1a3_med4_rnaseq,Prochlorococcus MED4,Prochlorococcus,RNASEQ,PMM0030,,conserved hypothetical protein,Unknown,6.0,up,4.005694541220774,0.0126337089028085,day 11
10.1101/2025.11.24.690089_coculture_alteromonas_hot1a3_med4_rnaseq,Prochlorococcus MED4,Prochlorococcus,RNASEQ,PMM1939,,Conserved hypothetical protein,Unknown,7.0,up,3.9571136681199417,0.0182637843454807,day 11
10.1101/2025.11.24.690089_coculture_alteromonas_hot1a3_med4_rnaseq,Prochlorococcus MED4,Prochlorococcus,RNASEQ,PMM1966,,conserved hypothetical protein,Unknown,8.0,up,3.633525473877576,0.0092396064892273,day 11
10.1101/2025.11.24.690089_coculture_alteromonas_hot1a3_med4_rnaseq,Prochlorococcus MED4,Prochlorococcus,RNASEQ,PMM0374,tatA,"twin arginine-targeting translocase, TatA/E family protein",Post-translational modification,9.0,up,3.554482357119193,,day 11
10.1101/2025.11.24.690089_coculture_alteromonas_hot1a3_med4_rnaseq,Prochlorococcus MED4,Prochlorococcus,RNASEQ,PMM1427,,conserved hypothetical protein,Unknown,10.0,up,3.29556365873354,,day 11
10.1101/2025.11.24.690089_growth_state_pro99lown_nutrient_starvation_med4_proteomics_coculture,Prochlorococcus MED4,Prochlorococcus,PROTEOMICS,PMM0373,cynS,cyanate hydratase,Central intermediary metabolism,1.0,up,4.67224407196045,4.39843390012992e-09,day 89
10.1101/2025.11.24.690089_growth_state_pro99lown_nutrient_starvation_med4_proteomics_coculture,Prochlorococcus MED4,Prochlorococcus,PROTEOMICS,PMM0400,lrtA,light repressed protein A,Translation,1.0,down,-1.81123542785644,0.0147681787256896,day 18
10.1101/2025.11.24.690089_growth_state_pro99lown_nutrient_starvation_med4_proteomics_coculture,Prochlorococcus MED4,Prochlorococcus,PROTEOMICS,PMM0993,,peptidase S51,Post-translational modification,1.0,down,-3.50572141011556,0.0001474412713026,day 31
10.1101/2025.11.24.690089_growth_state_pro99lown_nutrient_starvation_med4_proteomics_coculture,Prochlorococcus MED4,Prochlorococcus,PROTEOMICS,PMM1038,,A circularly permuted ATPgrasp family protein,Unknown,1.0,up,3.6010570526123,0.0001136371748779,day 31
10.1101/2025.11.24.690089_growth_state_pro99lown_nutrient_starvation_med4_proteomics_coculture,Prochlorococcus MED4,Prochlorococcus,PROTEOMICS,PMM1076,,Conserved hypothetical protein,Cellular processes,1.0,down,-3.77064450581869,0.0001478449449394,day 60
10.1101/2025.11.24.690089_growth_state_pro99lown_nutrient_starvation_med4_proteomics_coculture,Prochlorococcus MED4,Prochlorococcus,PROTEOMICS,PMM1369,,GAF domain-containing protein,Signal transduction,1.0,down,-3.42676893870035,1.47938034821018e-05,day 89
10.1101/2025.11.24.690089_growth_state_pro99lown_nutrient_starvation_med4_proteomics_coculture,Prochlorococcus MED4,Prochlorococcus,PROTEOMICS,TX50_RS09260,,DUF4278 domain-containing protein,Unknown,1.0,up,4.24491532643636,0.001939750022287,day 60
10.1101/2025.11.24.690089_growth_state_pro99lown_nutrient_starvation_med4_proteomics_coculture,Prochlorococcus MED4,Prochlorococcus,PROTEOMICS,PMM0370,cynA,"cyanate ABC transporter, substrate-binding protein",Central intermediary metabolism,2.0,up,3.87599738438924,9.0724264127587e-07,days 60+89
10.1101/2025.11.24.690089_growth_state_pro99lown_nutrient_starvation_med4_proteomics_coculture,Prochlorococcus MED4,Prochlorococcus,PROTEOMICS,PMM0476,,conserved hypothetical protein,Unknown,2.0,up,4.48543516794841,0.00702394827979,day 89
10.1101/2025.11.24.690089_growth_state_pro99lown_nutrient_starvation_med4_proteomics_coculture,Prochlorococcus MED4,Prochlorococcus,PROTEOMICS,PMM0958,,conserved hypothetical protein (DUF1830),Unknown,2.0,up,3.52990849812825,0.0002511838272328,day 31
10.1101/2025.11.24.690089_growth_state_pro99lown_nutrient_starvation_med4_proteomics_coculture,Prochlorococcus MED4,Prochlorococcus,PROTEOMICS,PMM1227,rfe,UDP-N-acetylmuramyl pentapeptide phosphotransferase/UDP-N- acetylglucosamine-1-phosphate transferase,Cell wall and membrane,2.0,down,-3.1181632677714,0.0024991680874379,days 60+89
10.1101/2025.11.24.690089_growth_state_pro99lown_nutrient_starvation_med4_proteomics_coculture,Prochlorococcus MED4,Prochlorococcus,PROTEOMICS,PMM0371,cynB,"cyanate ABC transporter, permease protein",Central intermediary metabolism,3.0,up,3.56736389795939,1.8408903718366e-06,days 60+89
10.1101/2025.11.24.690089_growth_state_pro99lown_nutrient_starvation_med4_proteomics_coculture,Prochlorococcus MED4,Prochlorococcus,PROTEOMICS,PMM0383,,uncharacterized TonB box-containing membrane protein,Cell wall and membrane,3.0,up,3.99805863698324,1.05434019340745e-08,day 89
10.1101/2025.11.24.690089_growth_state_pro99lown_nutrient_starvation_med4_proteomics_coculture,Prochlorococcus MED4,Prochlorococcus,PROTEOMICS,PMM0372,cynD,cyanate ABC transporter ATP-binding protein,Central intermediary metabolism,4.0,up,2.60293324788411,0.0004868286644235,day 18
10.1101/2025.11.24.690089_growth_state_pro99lown_nutrient_starvation_med4_proteomics_coculture,Prochlorococcus MED4,Prochlorococcus,PROTEOMICS,PMM1883,,conserved hypothetical protein,Unknown,4.0,down,-2.36708863576253,0.0009392832703173,day 60
10.1101/2025.11.24.690089_growth_state_pro99lown_nutrient_starvation_med4_proteomics_coculture,Prochlorococcus MED4,Prochlorococcus,PROTEOMICS,PMM0920,glnA,"glutamine synthetase, type I",Amino acid metabolism,5.0,up,2.55111503601075,0.003589909898748,day 18
10.1101/2025.11.24.690089_growth_state_pro99lown_nutrient_starvation_med4_proteomics_coculture,Prochlorococcus MED4,Prochlorococcus,PROTEOMICS,PMM0965,ureA,urease gamma subunit,Stress response and adaptation,6.0,up,2.99746449788411,2.82727119816684e-05,day 31
10.1101/2025.11.24.690089_growth_state_pro99lown_nutrient_starvation_med4_proteomics_coculture,Prochlorococcus MED4,Prochlorococcus,PROTEOMICS,PMM1228,,conserved hypothetical protein,Unknown,6.0,down,-1.85613012313843,2.24926479942591e-06,days 60+89
10.1101/2025.11.24.690089_growth_state_pro99lown_nutrient_starvation_med4_proteomics_coculture,Prochlorococcus MED4,Prochlorococcus,PROTEOMICS,PMM1256,wcaA,possible beta-glycosyltransferase,Cell wall and membrane,6.0,down,-2.01695696512858,0.0007634429297337,day 60
10.1101/2025.11.24.690089_growth_state_pro99lown_nutrient_starvation_med4_proteomics_coculture,Prochlorococcus MED4,Prochlorococcus,PROTEOMICS,PMM1039,,A predicted alpha-helical domain with a conserved ER motif family protein,Unknown,7.0,up,2.98526700337728,2.09315829452566e-05,day 31
10.1101/2025.11.24.690089_growth_state_pro99lown_nutrient_starvation_med4_proteomics_coculture,Prochlorococcus MED4,Prochlorococcus,PROTEOMICS,PMM1133,,cupin domain-containing protein,Unknown,7.0,up,3.22766923904419,3.10834339665768e-06,days 60+89
10.1101/2025.11.24.690089_growth_state_pro99lown_nutrient_starvation_med4_proteomics_coculture,Prochlorococcus MED4,Prochlorococcus,PROTEOMICS,PMM0582,,short chain dehydrogenase family protein,Carbohydrate metabolism,8.0,down,-1.73218297958374,6.21005910171393e-05,days 60+89
10.1101/2025.11.24.690089_growth_state_pro99lown_nutrient_starvation_med4_proteomics_coculture,Prochlorococcus MED4,Prochlorococcus,PROTEOMICS,PMM1463,glnB,nitrogen regulatory protein P-II,Stress response and adaptation,8.0,up,3.29939047495524,2.18119662069137e-08,day 89
10.1101/2025.11.24.690089_growth_state_pro99lown_nutrient_starvation_med4_proteomics_coculture,Prochlorococcus MED4,Prochlorococcus,PROTEOMICS,PMM0963,ureC,urease alpha subunit,Stress response and adaptation,10.0,up,2.66943422953288,6.58724844096484e-06,day 31
10.1101/2025.11.24.690089_growth_state_pro99lown_nutrient_starvation_med4_proteomics_axenic,Prochlorococcus MED4,Prochlorococcus,PROTEOMICS,PMM0844,cycI1,Mg-protoporphyrin IX monomethylester oxidative cyclase,Coenzyme metabolism,1.0,down,-5.5199400583903,0.0066579144580222,day 31
10.1101/2025.11.24.690089_growth_state_pro99lown_nutrient_starvation_med4_proteomics_axenic,Prochlorococcus MED4,Prochlorococcus,PROTEOMICS,PMM1135,hli,high light inducible protein,Stress response and adaptation,1.0,up,6.40673510233559,2.08985681533772e-07,day 89
10.1101/2025.11.24.690089_growth_state_pro99lown_nutrient_starvation_med4_proteomics_axenic,Prochlorococcus MED4,Prochlorococcus,PROTEOMICS,PMM1846,,conserved hypothetical protein (DUF4278),Unknown,1.0,down,-4.85077126820883,3.06387677674992e-06,day 14
10.1101/2025.11.24.690089_growth_state_pro99lown_nutrient_starvation_med4_proteomics_axenic,Prochlorococcus MED4,Prochlorococcus,PROTEOMICS,TX50_RS09260,,DUF4278 domain-containing protein,Unknown,1.0,up,4.56731541951497,0.0351577423277685,day 14
10.1101/2025.11.24.690089_growth_state_pro99lown_nutrient_starvation_med4_proteomics_axenic,Prochlorococcus MED4,Prochlorococcus,PROTEOMICS,PMM0251,psbH,photosystem II reaction center protein PsbH,Photosynthesis,2.0,down,-5.06906255086263,0.0003308379010975,day 31
10.1101/2025.11.24.690089_growth_state_pro99lown_nutrient_starvation_med4_proteomics_axenic,Prochlorococcus MED4,Prochlorococcus,PROTEOMICS,PMM0806,,"possible transcriptional regulator of iron metabolism, Crp/Fnr family protein",Stress response and adaptation,2.0,down,-4.80879561106364,0.0011957201686879,day 14
10.1101/2025.11.24.690089_growth_state_pro99lown_nutrient_starvation_med4_proteomics_axenic,Prochlorococcus MED4,Prochlorococcus,PROTEOMICS,PMM0915,ispA,signal peptidase II,Post-translational modification,2.0,up,5.07226149241129,3.17274398645515e-05,day 89
10.1101/2025.11.24.690089_growth_state_pro99lown_nutrient_starvation_med4_proteomics_axenic,Prochlorococcus MED4,Prochlorococcus,PROTEOMICS,PMM1041,,RmlC-like cupin domain-containing protein,Central intermediary metabolism,2.0,up,3.75648276011149,0.0004454277422318,day 14
10.1101/2025.11.24.690089_growth_state_pro99lown_nutrient_starvation_med4_proteomics_axenic,Prochlorococcus MED4,Prochlorococcus,PROTEOMICS,PMM1562,recA,recombinase A,Replication and repair,3.0,up,3.61984952290853,2.06182074982462e-08,day 31
10.1101/2025.11.24.690089_growth_state_pro99lown_nutrient_starvation_med4_proteomics_axenic,Prochlorococcus MED4,Prochlorococcus,PROTEOMICS,PMM0246,ntcA,global nitrogen regulatory protein,Stress response and adaptation,4.0,up,3.58713213602702,2.48270602762731e-07,day 31
10.1101/2025.11.24.690089_growth_state_pro99lown_nutrient_starvation_med4_proteomics_axenic,Prochlorococcus MED4,Prochlorococcus,PROTEOMICS,PMM0509,,conserved hypothetical protein,Unknown,4.0,up,4.18592929840088,1.47182377949594e-07,day 89
10.1101/2025.11.24.690089_growth_state_pro99lown_nutrient_starvation_med4_proteomics_axenic,Prochlorococcus MED4,Prochlorococcus,PROTEOMICS,PMM1859,,uncharacterized conserved membrane protein,Unknown,4.0,down,-4.98499933878581,4.00006043753255e-05,day 31
10.1101/2025.11.24.690089_growth_state_pro99lown_nutrient_starvation_med4_proteomics_axenic,Prochlorococcus MED4,Prochlorococcus,PROTEOMICS,PMM0428,chlG,chlorophyll a synthase,Coenzyme metabolism,5.0,down,-4.88850911458333,4.1992303231765e-07,day 31
10.1101/2025.11.24.690089_growth_state_pro99lown_nutrient_starvation_med4_proteomics_axenic,Prochlorococcus MED4,Prochlorococcus,PROTEOMICS,PMM1133,,cupin domain-containing protein,Unknown,8.0,up,3.46868292490641,0.0041203071964164,day 89
10.1101/2025.11.24.690089_growth_state_pro99lown_nutrient_starvation_med4_rnaseq_coculture,Prochlorococcus MED4,Prochlorococcus,RNASEQ,PMM0332,glpG,uncharacterized conserved membrane protein,Unknown,1.0,down,-2.8156547598429373,,day 18
10.1101/2025.11.24.690089_growth_state_pro99lown_nutrient_starvation_med4_rnaseq_coculture,Prochlorococcus MED4,Prochlorococcus,RNASEQ,PMM0861,,conserved hypothetical protein,Unknown,1.0,up,5.941762180832684,2.7378462463032337e-21,day 31
10.1101/2025.11.24.690089_growth_state_pro99lown_nutrient_starvation_med4_rnaseq_coculture,Prochlorococcus MED4,Prochlorococcus,RNASEQ,PMM1400,,RmlC-like cupin domain-containing protein,Post-translational modification,1.0,up,2.977416928350797,0.0001390217167305,day 18
10.1101/2025.11.24.690089_growth_state_pro99lown_nutrient_starvation_med4_rnaseq_coculture,Prochlorococcus MED4,Prochlorococcus,RNASEQ,PMM1971,,conserved hypothetical protein,Unknown,1.0,down,-4.861127630410575,0.0153856186634332,day 31
10.1101/2025.11.24.690089_growth_state_pro99lown_nutrient_starvation_med4_rnaseq_coculture,Prochlorococcus MED4,Prochlorococcus,RNASEQ,PMM1990,,conserved hypothetical protein,Unknown,1.0,down,-5.102884983625943,0.0001235773090907,day 89
10.1101/2025.11.24.690089_growth_state_pro99lown_nutrient_starvation_med4_rnaseq_coculture,Prochlorococcus MED4,Prochlorococcus,RNASEQ,TX50_RS09500,,hypothetical protein,Unknown,1.0,up,5.314405505937215,3.4935195313952495e-21,day 60
10.1101/2025.11.24.690089_growth_state_pro99lown_nutrient_starvation_med4_rnaseq_coculture,Prochlorococcus MED4,Prochlorococcus,RNASEQ,PMM0030,,conserved hypothetical protein,Unknown,2.0,down,-4.526681214351132,0.0004967938792843,day 89
10.1101/2025.11.24.690089_growth_state_pro99lown_nutrient_starvation_med4_rnaseq_coculture,Prochlorococcus MED4,Prochlorococcus,RNASEQ,PMM1910,,Conserved hypothetical protein,Unknown,2.0,up,5.788303592724105,2.521966805102359e-22,day 31
10.1101/2025.11.24.690089_growth_state_pro99lown_nutrient_starvation_med4_rnaseq_coculture,Prochlorococcus MED4,Prochlorococcus,RNASEQ,PMM1985,,conserved hypothetical protein,Unknown,2.0,down,-4.024449267637875,0.0007558322238355,day 31
10.1101/2025.11.24.690089_growth_state_pro99lown_nutrient_starvation_med4_rnaseq_coculture,Prochlorococcus MED4,Prochlorococcus,RNASEQ,PMM1991,,conserved hypothetical protein,Unknown,2.0,down,-3.930201739932695,5.1181870297957835e-09,days 60+89
10.1101/2025.11.24.690089_growth_state_pro99lown_nutrient_starvation_med4_rnaseq_coculture,Prochlorococcus MED4,Prochlorococcus,RNASEQ,PMM2005,,conserved hypothetical protein,Unknown,2.0,up,2.754905073421135,6.950354712652026e-08,day 18
10.1101/2025.11.24.690089_growth_state_pro99lown_nutrient_starvation_med4_rnaseq_coculture,Prochlorococcus MED4,Prochlorococcus,RNASEQ,TX50_RS09290,,hypothetical protein,Unknown,3.0,up,4.787280732421993,8.574929638629355e-18,day 89
10.1101/2025.11.24.690089_growth_state_pro99lown_nutrient_starvation_med4_rnaseq_coculture,Prochlorococcus MED4,Prochlorococcus,RNASEQ,PMM1462,,conserved hypothetical protein,Unknown,4.0,down,-3.1495792881694675,0.0012099104460734,days 60+89
10.1101/2025.11.24.690089_growth_state_pro99lown_nutrient_starvation_med4_rnaseq_coculture,Prochlorococcus MED4,Prochlorococcus,RNASEQ,PMM1830,,conserved hypothetical protein,Unknown,4.0,up,2.4267815838253823,0.0117809288254094,day 18
10.1101/2025.11.24.690089_growth_state_pro99lown_nutrient_starvation_med4_rnaseq_coculture,Prochlorococcus MED4,Prochlorococcus,RNASEQ,PMM1832,,Conserved hypothetical protein,Unknown,4.0,up,4.409312834199789,3.200205011665701e-23,day 60
10.1101/2025.11.24.690089_growth_state_pro99lown_nutrient_starvation_med4_rnaseq_coculture,Prochlorococcus MED4,Prochlorococcus,RNASEQ,PMM1037,,conserved hypothetical protein,Unknown,5.0,down,-3.964498184684571,0.0046834079260093,day 89
10.1101/2025.11.24.690089_growth_state_pro99lown_nutrient_starvation_med4_rnaseq_coculture,Prochlorococcus MED4,Prochlorococcus,RNASEQ,PMM1379,,putative lysine decarboxylase family protein,Unknown,5.0,down,-3.153919573993189,1.3166319178111171e-06,day 60
10.1101/2025.11.24.690089_growth_state_pro99lown_nutrient_starvation_med4_rnaseq_coculture,Prochlorococcus MED4,Prochlorococcus,RNASEQ,PMM1831,,Conserved hypothetical protein,Unknown,5.0,up,5.555420485438492,1.52744313282138e-27,day 31
10.1101/2025.11.24.690089_growth_state_pro99lown_nutrient_starvation_med4_rnaseq_coculture,Prochlorococcus MED4,Prochlorococcus,RNASEQ,PMM1828,,Hypothetical protein,Unknown,6.0,down,-3.019030994530126,0.0077715668532844,days 60+89
10.1101/2025.11.24.690089_growth_state_pro99lown_nutrient_starvation_med4_rnaseq_coculture,Prochlorococcus MED4,Prochlorococcus,RNASEQ,PMM2013,,conserved hypothetical protein,Unknown,6.0,up,4.394347461792246,3.1548914922473993e-24,day 89
10.1101/2025.11.24.690089_growth_state_pro99lown_nutrient_starvation_med4_rnaseq_coculture,Prochlorococcus MED4,Prochlorococcus,RNASEQ,PMM1032,lraI,"ABC-type Mn2+/Zn2+ transport system, periplasmic component",Stress response and adaptation,7.0,down,-3.085734851971998,1.3781091370075734e-08,day 60
10.1101/2025.11.24.690089_growth_state_pro99lown_nutrient_starvation_med4_rnaseq_coculture,Prochlorococcus MED4,Prochlorococcus,RNASEQ,PMM1870,,conserved hypothetical protein,Unknown,7.0,down,-3.5259761124869606,0.0001176942502088,day 89
10.1101/2025.11.24.690089_growth_state_pro99lown_nutrient_starvation_med4_rnaseq_coculture,Prochlorococcus MED4,Prochlorococcus,RNASEQ,PMM1814,,Conserved hypothetical protein,Unknown,8.0,down,-2.891758693054096,8.241627032314362e-07,day 60
10.1101/2025.11.24.690089_growth_state_pro99lown_nutrient_starvation_med4_rnaseq_coculture,Prochlorococcus MED4,Prochlorococcus,RNASEQ,PMM1424,,possible Uncharacterized protein family UPF003,Unknown,9.0,up,3.822673506165408,1.0469300051301223e-20,days 60+89
10.1101/2025.11.24.690089_growth_state_pro99lown_nutrient_starvation_med4_rnaseq_axenic,Prochlorococcus MED4,Prochlorococcus,RNASEQ,PMM1404,hli,high light inducible protein,Stress response and adaptation,1.0,up,9.582753879264446,1.6923763863488662e-25,day 14
10.1101/2025.11.24.690089_growth_state_pro99lown_nutrient_starvation_med4_rnaseq_axenic,Prochlorococcus MED4,Prochlorococcus,RNASEQ,PMM1992,,conserved hypothetical protein,Unknown,1.0,down,-7.318973506949272,4.369788199078576e-29,day 14
10.1101/2025.11.24.690089_growth_state_pro99lown_nutrient_starvation_med4_rnaseq_axenic,Prochlorococcus MED4,Prochlorococcus,RNASEQ,PMM0689,hli,high light inducible protein,Stress response and adaptation,2.0,up,7.724627764684528,6.064171587094446e-27,day 14
10.1101/2025.11.24.690089_growth_state_pro99lown_nutrient_starvation_med4_rnaseq_axenic,Prochlorococcus MED4,Prochlorococcus,RNASEQ,PMM1982,,uncharacterized conserved membrane protein,Unknown,2.0,down,-6.624596848773799,6.69196527697816e-06,day 14
10.1101/2025.11.24.690089_growth_state_pro99lown_nutrient_starvation_med4_rnaseq_axenic,Prochlorococcus MED4,Prochlorococcus,RNASEQ,PMM1828,,Hypothetical protein,Unknown,3.0,up,6.716442209499447,4.8838547119055255e-09,day 14
10.1101/2025.11.24.690089_growth_state_pro99lown_nutrient_starvation_med4_rnaseq_axenic,Prochlorococcus MED4,Prochlorococcus,RNASEQ,PMM1951,,conserved hypothetical protein,Unknown,3.0,down,-6.546075969655967,7.442791101161619e-09,day 14
10.1101/2025.11.24.690089_growth_state_pro99lown_nutrient_starvation_med4_rnaseq_axenic,Prochlorococcus MED4,Prochlorococcus,RNASEQ,PMM0227,sat,sulfate adenylyltransferase,Central intermediary metabolism,4.0,down,-6.4119477062713655,4.894692086486002e-29,day 14
10.1101/2025.11.24.690089_growth_state_pro99lown_nutrient_starvation_med4_rnaseq_axenic,Prochlorococcus MED4,Prochlorococcus,RNASEQ,PMM0374,tatA,"twin arginine-targeting translocase, TatA/E family protein",Post-translational modification,4.0,up,6.418916756577419,1.4233535071503483e-05,day 14
10.1101/2025.11.24.690089_growth_state_pro99lown_nutrient_starvation_med4_rnaseq_axenic,Prochlorococcus MED4,Prochlorococcus,RNASEQ,PMM0468,psaJ,photosystem I reaction centre subunit IX,Photosynthesis,5.0,down,-6.036345072413191,5.749358848833292e-21,day 14
10.1101/2025.11.24.690089_growth_state_pro99lown_nutrient_starvation_med4_rnaseq_axenic,Prochlorococcus MED4,Prochlorococcus,RNASEQ,PMM1813,,conserved hypothetical protein,Unknown,5.0,up,6.278731081746498,1.8679781613252852e-08,day 14
10.1101/2025.11.24.690089_growth_state_pro99lown_nutrient_starvation_med4_rnaseq_axenic,Prochlorococcus MED4,Prochlorococcus,RNASEQ,PMM1385,hli,high light inducible protein,Stress response and adaptation,6.0,up,6.035214484826836,3.907859320047928e-19,day 14
10.1101/2025.11.24.690089_growth_state_pro99lown_nutrient_starvation_med4_rnaseq_axenic,Prochlorococcus MED4,Prochlorococcus,RNASEQ,PMM1971,,conserved hypothetical protein,Unknown,6.0,down,-5.866507892725403,0.0018806359679928,day 14
10.1101/2025.11.24.690089_growth_state_pro99lown_nutrient_starvation_med4_rnaseq_axenic,Prochlorococcus MED4,Prochlorococcus,RNASEQ,PMM0627,pcb,"divinyl-chlorophyll a/b binding light harvesting protein, photosystem II-associated",Stress response and adaptation,7.0,down,-5.775654354992291,1.88860603691474e-17,day 14
10.1101/2025.11.24.690089_growth_state_pro99lown_nutrient_starvation_med4_rnaseq_axenic,Prochlorococcus MED4,Prochlorococcus,RNASEQ,PMM0958,,conserved hypothetical protein (DUF1830),Unknown,7.0,up,5.739882511894883,1.5179555296357305e-06,day 14
10.1101/2025.11.24.690089_growth_state_pro99lown_nutrient_starvation_med4_rnaseq_axenic,Prochlorococcus MED4,Prochlorococcus,RNASEQ,PMM1135,hli,high light inducible protein,Stress response and adaptation,8.0,up,5.22794867199713,1.053895082979986e-20,day 14
10.1101/2025.11.24.690089_growth_state_pro99lown_nutrient_starvation_med4_rnaseq_axenic,Prochlorococcus MED4,Prochlorococcus,RNASEQ,PMM1991,,conserved hypothetical protein,Unknown,8.0,down,-5.674968019373187,4.07019885476777e-13,day 14
10.1101/2025.11.24.690089_growth_state_pro99lown_nutrient_starvation_med4_rnaseq_axenic,Prochlorococcus MED4,Prochlorococcus,RNASEQ,PMM0030,,conserved hypothetical protein,Unknown,9.0,up,5.21558509421573,2.743774357673569e-06,day 14
10.1101/2025.11.24.690089_growth_state_pro99lown_nutrient_starvation_med4_rnaseq_axenic,Prochlorococcus MED4,Prochlorococcus,RNASEQ,PMM0306,cpeS,phycoerythrobilin:Cys-82 beta-phycoerythrin lyase,Photosynthesis,9.0,down,-5.534383730343569,8.701534278600504e-21,day 14
10.1101/2025.11.24.690089_growth_state_pro99lown_nutrient_starvation_med4_rnaseq_axenic,Prochlorococcus MED4,Prochlorococcus,RNASEQ,PMM0370,cynA,"cyanate ABC transporter, substrate-binding protein",Central intermediary metabolism,10.0,up,5.158630264411528,6.899092611446335e-10,day 14
10.1101/2025.11.24.690089_growth_state_pro99lown_nutrient_starvation_med4_rnaseq_axenic,Prochlorococcus MED4,Prochlorococcus,RNASEQ,PMM0469,psaF,photosystem I reaction centre PsaF protein,Photosynthesis,10.0,down,-5.505270718334601,8.388597542485871e-31,day 14
10.1101/2025.08.05.668435_growth_state_freeliving_planktonic_enrichment_mit9301_rnaseq,Prochlorococcus MIT9301,Prochlorococcus,RNASEQ,P9301_10631,,conserved hypothetical protein,Unknown,1.0,up,24.45,0.00312714,mid-exponential
10.1101/2025.08.05.668435_growth_state_freeliving_planktonic_enrichment_mit9301_rnaseq,Prochlorococcus MIT9301,Prochlorococcus,RNASEQ,P9301_17921,nhaS,"Na+/H+ antiporter, CPA2 family",Transport,1.0,down,-3.5,0.001684274,mid-exponential
10.1101/2025.08.05.668435_growth_state_freeliving_planktonic_enrichment_mit9301_rnaseq,Prochlorococcus MIT9301,Prochlorococcus,RNASEQ,P9301_10861,,conserved hypothetical protein,Unknown,2.0,up,3.17,0.001150196,mid-exponential
10.1101/2025.08.05.668435_growth_state_freeliving_planktonic_enrichment_mit9301_rnaseq,Prochlorococcus MIT9301,Prochlorococcus,RNASEQ,P9301_17081,,conserved hypothetical protein,Unknown,2.0,down,-3.22,0.039794331,mid-exponential
10.1101/2025.08.05.668435_growth_state_freeliving_planktonic_enrichment_mit9301_rnaseq,Prochlorococcus MIT9301,Prochlorococcus,RNASEQ,P9301_10311,,uncharacterized conserved membrane protein,Unknown,3.0,up,3.03,0.000641169,mid-exponential
10.1101/2025.08.05.668435_growth_state_freeliving_planktonic_enrichment_mit9301_rnaseq,Prochlorococcus MIT9301,Prochlorococcus,RNASEQ,P9301_15481,,NAD-dependent DNA ligase N-terminal adenylation domain,Replication and repair,3.0,down,-2.77,0.033691624,mid-exponential
10.1101/2025.08.05.668435_growth_state_freeliving_planktonic_enrichment_mit9301_rnaseq,Prochlorococcus MIT9301,Prochlorococcus,RNASEQ,P9301_02151,pgk,phosphoglycerate kinase,Energy production,4.0,up,2.92,0.000222293,mid-exponential
10.1101/2025.08.05.668435_growth_state_freeliving_planktonic_enrichment_mit9301_rnaseq,Prochlorococcus MIT9301,Prochlorococcus,RNASEQ,P9301_11341,lraI,"ABC-type Mn2+/Zn2+ transport system, periplasmic component",Stress response and adaptation,4.0,down,-2.73,0.016003621,mid-exponential
10.1101/2025.08.05.668435_growth_state_freeliving_planktonic_enrichment_mit9301_rnaseq,Prochlorococcus MIT9301,Prochlorococcus,RNASEQ,P9301_04041,,Conserved hypothetical protein,Unknown,5.0,down,-2.41,0.000222293,mid-exponential
10.1101/2025.08.05.668435_growth_state_freeliving_planktonic_enrichment_mit9301_rnaseq,Prochlorococcus MIT9301,Prochlorococcus,RNASEQ,P9301_13641,,outer membrane porin,Stress response and adaptation,5.0,up,2.62,0.036126052,mid-exponential
10.1101/2025.08.05.668435_growth_state_freeliving_planktonic_enrichment_mit9301_rnaseq,Prochlorococcus MIT9301,Prochlorococcus,RNASEQ,P9301_08411,purQ,"phosphoribosylformylglycinamidine (FGAM) synthase, glutamine amidotransferase domain",Nucleotide metabolism,6.0,up,2.53,0.000669886,mid-exponential
10.1101/2025.08.05.668435_growth_state_freeliving_planktonic_enrichment_mit9301_rnaseq,Prochlorococcus MIT9301,Prochlorococcus,RNASEQ,P9301_13181,hli,high light inducible protein,Stress response and adaptation,6.0,down,-2.26,0.004898625,mid-exponential
10.1101/2025.08.05.668435_growth_state_freeliving_planktonic_enrichment_mit9301_rnaseq,Prochlorococcus MIT9301,Prochlorococcus,RNASEQ,P9301_09331,psb28,photosystem II reaction centre Psb28 protein,Photosynthesis,7.0,up,2.46,0.000358452,mid-exponential
10.1101/2025.08.05.668435_growth_state_freeliving_planktonic_enrichment_mit9301_rnaseq,Prochlorococcus MIT9301,Prochlorococcus,RNASEQ,P9301_13211,,uncharacterized conserved secreted protein,Unknown,7.0,down,-2.24,0.005493685,mid-exponential
10.1101/2025.08.05.668435_growth_state_freeliving_planktonic_enrichment_mit9301_rnaseq,Prochlorococcus MIT9301,Prochlorococcus,RNASEQ,P9301_07601,,conserved hypothetical protein,Unknown,8.0,up,2.43,0.031867158,mid-exponential
10.1101/2025.08.05.668435_growth_state_freeliving_planktonic_enrichment_mit9301_rnaseq,Prochlorococcus MIT9301,Prochlorococcus,RNASEQ,P9301_13191,hli,high light inducible protein,Stress response and adaptation,8.0,down,-2.19,0.01002686,mid-exponential
10.1101/2025.08.05.668435_growth_state_freeliving_planktonic_enrichment_mit9301_rnaseq,Prochlorococcus MIT9301,Prochlorococcus,RNASEQ,P9301_08671,,"possible transcriptional regulator of iron metabolism, Crp/Fnr family protein",Stress response and adaptation,9.0,up,2.42,0.012294808,mid-exponential
10.1101/2025.08.05.668435_growth_state_freeliving_planktonic_enrichment_mit9301_rnaseq,Prochlorococcus MIT9301,Prochlorococcus,RNASEQ,P9301_13201,hli,high light inducible protein,Stress response and adaptation,9.0,down,-2.17,0.007911332,mid-exponential
10.1101/2025.08.05.668435_growth_state_freeliving_planktonic_enrichment_mit9301_rnaseq,Prochlorococcus MIT9301,Prochlorococcus,RNASEQ,P9301_01871,purE,N5-carboxyaminoimidazole ribonucleotide mutase,Nucleotide metabolism,10.0,down,-2.17,0.011079356,mid-exponential
10.1101/2025.08.05.668435_growth_state_freeliving_planktonic_enrichment_mit9301_rnaseq,Prochlorococcus MIT9301,Prochlorococcus,RNASEQ,P9301_10611,,Conserved hypothetical protein,Unknown,10.0,up,2.39,0.003694786,mid-exponential
10.1093/ismeco/ycae131_darkness_darktolerant_coculture_under_1311_mit1002_rnaseq,Alteromonas macleodii MIT1002,Alteromonas,RNASEQ,MIT1002_02348,,DUF1852 domain-containing protein,Unknown,1.0,up,4.54898888190657,0.1,24h
10.1093/ismeco/ycae131_darkness_darktolerant_coculture_under_1311_mit1002_rnaseq,Alteromonas macleodii MIT1002,Alteromonas,RNASEQ,MIT1002_02349,metE,methionine synthase,Amino acid metabolism,1.0,up,3.83611165252959,0.1,4h
10.1093/ismeco/ycae131_darkness_darktolerant_coculture_under_1311_mit1002_rnaseq,Alteromonas macleodii MIT1002,Alteromonas,RNASEQ,MIT1002_02411,,hypothetical protein,Unknown,1.0,up,4.38455299690441,0.1,20h
10.1093/ismeco/ycae131_darkness_darktolerant_coculture_under_1311_mit1002_rnaseq,Alteromonas macleodii MIT1002,Alteromonas,RNASEQ,MIT1002_03278,pedF,cytochrome c-550 PedF,Energy production,1.0,down,-4.83151490926405,0.1,8h
10.1093/ismeco/ycae131_darkness_darktolerant_coculture_under_1311_mit1002_rnaseq,Alteromonas macleodii MIT1002,Alteromonas,RNASEQ,MIT1002_03279,pedH,PQQ-dependent methanol/ethanol family dehydrogenase,Carbohydrate metabolism,1.0,down,-3.10557840483022,0.1,0h
10.1093/ismeco/ycae131_darkness_darktolerant_coculture_under_1311_mit1002_rnaseq,Alteromonas macleodii MIT1002,Alteromonas,RNASEQ,MIT1002_03507,actP,sodium:solute symporter family protein,Unknown,1.0,down,-1.97915943931865,0.1,13h
10.1093/ismeco/ycae131_darkness_darktolerant_coculture_under_1311_mit1002_rnaseq,Alteromonas macleodii MIT1002,Alteromonas,RNASEQ,MIT1002_03314,,porin family protein,Cell wall and membrane,2.0,down,-4.55207470956895,0.1,8h
10.1093/ismeco/ycae131_darkness_darktolerant_coculture_under_1311_mit1002_rnaseq,Alteromonas macleodii MIT1002,Alteromonas,RNASEQ,MIT1002_03321,exaC,acetaldehyde dehydrogenase ExaC,Energy production,2.0,down,-2.3636940350446,0.1,20h
10.1093/ismeco/ycae131_darkness_darktolerant_coculture_under_1311_mit1002_rnaseq,Alteromonas macleodii MIT1002,Alteromonas,RNASEQ,MIT1002_03508,,DUF4212 domain-containing protein,Unknown,2.0,down,-2.91050458396568,0.1,4h
10.1093/ismeco/ycae131_darkness_darktolerant_coculture_under_1311_mit1002_rnaseq,Alteromonas macleodii MIT1002,Alteromonas,RNASEQ,MIT1002_00747,benE,benzoate/H(+) symporter BenE family transporter,Secondary metabolites,3.0,up,2.77703416901009,0.1,24h
10.1093/ismeco/ycae131_darkness_darktolerant_coculture_under_1311_mit1002_rnaseq,Alteromonas macleodii MIT1002,Alteromonas,RNASEQ,MIT1002_01197,pedE,methanol/ethanol family PQQ-dependent dehydrogenase,Carbohydrate metabolism,3.0,down,-1.49456360074049,0.1,13h
10.1093/ismeco/ycae131_darkness_darktolerant_coculture_under_1311_mit1002_rnaseq,Alteromonas macleodii MIT1002,Alteromonas,RNASEQ,MIT1002_01198,,response regulator transcription factor,Transcription,3.0,down,-5.24141611375846,0.1,16h
10.1093/ismeco/ycae131_darkness_darktolerant_coculture_under_1311_mit1002_rnaseq,Alteromonas macleodii MIT1002,Alteromonas,RNASEQ,MIT1002_02418,,glycosyltransferase family 2 protein,Unknown,3.0,up,3.1074973825557,0.1,4h
10.1093/ismeco/ycae131_darkness_darktolerant_coculture_under_1311_mit1002_rnaseq,Alteromonas macleodii MIT1002,Alteromonas,RNASEQ,MIT1002_03286,pqqB,pyrroloquinoline quinone biosynthesis protein PqqB,Unknown,3.0,down,-2.87321073222697,0.1,4h
10.1093/ismeco/ycae131_darkness_darktolerant_coculture_under_1311_mit1002_rnaseq,Alteromonas macleodii MIT1002,Alteromonas,RNASEQ,MIT1002_03322,,response regulator transcription factor,Transcription,3.0,down,-4.11404625435159,0.1,8h
10.1093/ismeco/ycae131_darkness_darktolerant_coculture_under_1311_mit1002_rnaseq,Alteromonas macleodii MIT1002,Alteromonas,RNASEQ,MIT1002_01952,,TonB-dependent receptor,Inorganic ion transport,4.0,up,1.90860266684547,0.1,13h
10.1093/ismeco/ycae131_darkness_darktolerant_coculture_under_1311_mit1002_rnaseq,Alteromonas macleodii MIT1002,Alteromonas,RNASEQ,MIT1002_02386,ytjA,DUF1328 domain-containing protein,Unknown,4.0,up,1.94657324049549,0.1,4h
10.1093/ismeco/ycae131_darkness_darktolerant_coculture_under_1311_mit1002_rnaseq,Alteromonas macleodii MIT1002,Alteromonas,RNASEQ,MIT1002_03506,,DUF294 nucleotidyltransferase-like domain-containing protein,Signal transduction,4.0,down,-1.40746504413676,0.1,13h
10.1093/ismeco/ycae131_darkness_darktolerant_coculture_under_1311_mit1002_rnaseq,Alteromonas macleodii MIT1002,Alteromonas,RNASEQ,MIT1002_03517,,DcaP family trimeric outer membrane transporter,Cell wall and membrane,4.0,down,-2.42696760583955,0.1,0h
10.1093/ismeco/ycae131_darkness_darktolerant_coculture_under_1311_mit1002_rnaseq,Alteromonas macleodii MIT1002,Alteromonas,RNASEQ,MIT1002_02883,,DUF3081 domain-containing protein,Unknown,5.0,up,1.72365996294743,0.1,4h
10.1093/ismeco/ycae131_darkness_darktolerant_coculture_under_1311_mit1002_rnaseq,Alteromonas macleodii MIT1002,Alteromonas,RNASEQ,MIT1002_03289,pqqE,pyrroloquinoline quinone biosynthesis protein PqqE,Unknown,5.0,down,-2.17930627294909,0.1,20h
10.1093/ismeco/ycae131_darkness_darktolerant_coculture_under_1311_mit1002_rnaseq,Alteromonas macleodii MIT1002,Alteromonas,RNASEQ,MIT1002_03291,,TonB-dependent receptor,Coenzyme metabolism,5.0,down,-4.85824344174634,0.1,16h
10.1093/ismeco/ycae131_darkness_darktolerant_coculture_under_1311_mit1002_rnaseq,Alteromonas macleodii MIT1002,Alteromonas,RNASEQ,MIT1002_03323,pedS2,sensor histidine kinase,Signal transduction,5.0,down,-3.34636538568584,0.1,8h
10.1093/ismeco/ycae131_darkness_darktolerant_coculture_under_1311_mit1002_rnaseq,Alteromonas macleodii MIT1002,Alteromonas,RNASEQ,MIT1002_04181,,hypothetical protein,Unknown,6.0,up,1.46353749478218,0.1,20h
10.1093/ismeco/ycae131_darkness_darktolerant_coculture_under_1311_mit1002_rnaseq,Alteromonas macleodii MIT1002,Alteromonas,RNASEQ,MIT1002_00549,,TonB-dependent receptor,Inorganic ion transport,7.0,up,1.44636684980044,0.1,20h
10.1093/ismeco/ycae131_darkness_darktolerant_coculture_under_1311_mit1002_rnaseq,Alteromonas macleodii MIT1002,Alteromonas,RNASEQ,MIT1002_01423,,pyridoxamine 5^-phosphate oxidase family protein,Unknown,7.0,down,-4.27387619738172,0.1,24h
10.1093/ismeco/ycae131_darkness_darktolerant_coculture_under_1311_mit1002_rnaseq,Alteromonas macleodii MIT1002,Alteromonas,RNASEQ,MIT1002_01568,,diguanylate cyclase,Signal transduction,9.0,up,0.927067168816155,0.1,16h
10.1093/ismeco/ycae131_darkness_darktolerant_coculture_under_1311_natl2a_rnaseq,Prochlorococcus NATL2A,Prochlorococcus,RNASEQ,PMN2A_0243,PMN2A_RS04150,conserved hypothetical protein,Unknown,1.0,up,2.47522225282323,0.1,4h
10.1093/ismeco/ycae131_darkness_darktolerant_coculture_under_1311_natl2a_rnaseq,Prochlorococcus NATL2A,Prochlorococcus,RNASEQ,PMN2A_0566,PMN2A_RS05915,Predicted protein family PM-5,Unknown,1.0,up,7.16785254093298,0.1,24h
10.1093/ismeco/ycae131_darkness_darktolerant_coculture_under_1311_natl2a_rnaseq,Prochlorococcus NATL2A,Prochlorococcus,RNASEQ,PMN2A_0984,atpG,ATP synthase B^,Photosynthesis,1.0,down,-2.6959975319301,0.1,16h
10.1093/ismeco/ycae131_darkness_darktolerant_coculture_under_1311_natl2a_rnaseq,Prochlorococcus NATL2A,Prochlorococcus,RNASEQ,PMN2A_1057,PMN2A_RS08525,outer membrane porin,Stress response and adaptation,1.0,down,-2.99625367105333,0.1,8h
10.1093/ismeco/ycae131_darkness_darktolerant_coculture_under_1311_natl2a_rnaseq,Prochlorococcus NATL2A,Prochlorococcus,RNASEQ,PMN2A_1878,csoS1A,carboxysome shell protein CsoS1A,Photosynthesis,1.0,down,-5.82241418426102,0.1,24h
10.1093/ismeco/ycae131_darkness_darktolerant_coculture_under_1311_natl2a_rnaseq,Prochlorococcus NATL2A,Prochlorococcus,RNASEQ,PMN2A_1880,rbcS,"ribulose bisphosphate carboxylase, small subunit",Photosynthesis,1.0,down,-3.99042242242784,0.1,0h
10.1093/ismeco/ycae131_darkness_darktolerant_coculture_under_1311_natl2a_rnaseq,Prochlorococcus NATL2A,Prochlorococcus,RNASEQ,PMN2A_1882,csoSCA,carboxysomal carbonic anhydrase,Photosynthesis,1.0,up,1.36678610866459,0.1,8h
10.1093/ismeco/ycae131_darkness_darktolerant_coculture_under_1311_natl2a_rnaseq,Prochlorococcus NATL2A,Prochlorococcus,RNASEQ,PMN2A_2003,PMN2A_RS10580,conserved hypothetical protein,Unknown,1.0,up,5.63675188144139,0.1,16h
10.1093/ismeco/ycae131_darkness_darktolerant_coculture_under_1311_natl2a_rnaseq,Prochlorococcus NATL2A,Prochlorococcus,RNASEQ,PMN2A_0581,PMN2A_RS06010,conserved hypothetical protein,Unknown,2.0,up,4.80232679485334,0.1,0h
10.1093/ismeco/ycae131_darkness_darktolerant_coculture_under_1311_natl2a_rnaseq,Prochlorococcus NATL2A,Prochlorococcus,RNASEQ,PMN2A_0983,atpF,ATP synthase subunit B,Photosynthesis,2.0,down,-2.67035574261152,0.1,16h
10.1093/ismeco/ycae131_darkness_darktolerant_coculture_under_1311_natl2a_rnaseq,Prochlorococcus NATL2A,Prochlorococcus,RNASEQ,PMN2A_1048,urtA,"ABC-type urea transporter, substrate binding component",Stress response and adaptation,2.0,down,-2.45654477054749,0.1,8h
10.1093/ismeco/ycae131_darkness_darktolerant_coculture_under_1311_natl2a_rnaseq,Prochlorococcus NATL2A,Prochlorococcus,RNASEQ,PMN2A_1056,PMN2A_RS08515,conserved hypothetical protein (DUF1830),Unknown,2.0,down,-2.00345509026587,0.1,4h
10.1093/ismeco/ycae131_darkness_darktolerant_coculture_under_1311_natl2a_rnaseq,Prochlorococcus NATL2A,Prochlorococcus,RNASEQ,PMN2A_1879,rbcL,"ribulose bisphosphate carboxylase, large subunit",Photosynthesis,2.0,down,-5.35100035798279,0.1,24h
10.1093/ismeco/ycae131_darkness_darktolerant_coculture_under_1311_natl2a_rnaseq,Prochlorococcus NATL2A,Prochlorococcus,RNASEQ,PMN2A_1881,csoS2,carboxysome shell protein CsoS2,Photosynthesis,2.0,down,-3.42586163809888,0.1,0h
10.1093/ismeco/ycae131_darkness_darktolerant_coculture_under_1311_natl2a_rnaseq,Prochlorococcus NATL2A,Prochlorococcus,RNASEQ,PMN2A_2004,,conserved hypothetical protein,Unknown,2.0,up,4.21394120615645,0.1,16h
10.1093/ismeco/ycae131_darkness_darktolerant_coculture_under_1311_natl2a_rnaseq,Prochlorococcus NATL2A,Prochlorococcus,RNASEQ,PMN2A_0525,PMN2A_RS10655,conserved hypothetical protein family PM-14,Unknown,3.0,up,2.99046677749858,0.1,16h
10.1093/ismeco/ycae131_darkness_darktolerant_coculture_under_1311_natl2a_rnaseq,Prochlorococcus NATL2A,Prochlorococcus,RNASEQ,PMN2A_0546,psaJ2,photosystem I reaction centre subunit IX,Photosynthesis,3.0,up,2.24464074055181,0.1,4h
10.1093/ismeco/ycae131_darkness_darktolerant_coculture_under_1311_natl2a_rnaseq,Prochlorococcus NATL2A,Prochlorococcus,RNASEQ,PMN2A_0621,PMN2A_RS06245,hydrogenase/urease accessory protein,Post-translational modification,3.0,up,1.28378427420151,0.1,8h
10.1093/ismeco/ycae131_darkness_darktolerant_coculture_under_1311_natl2a_rnaseq,Prochlorococcus NATL2A,Prochlorococcus,RNASEQ,PMN2A_0985,atpH,ATP synthase C chain,Photosynthesis,3.0,down,-2.62705266076348,0.1,16h
10.1093/ismeco/ycae131_darkness_darktolerant_coculture_under_1311_natl2a_rnaseq,Prochlorococcus NATL2A,Prochlorococcus,RNASEQ,PMN2A_1299,focA,"nitrite transporter, FNT family",Stress response and adaptation,3.0,down,-1.94389570343167,0.1,4h
10.1093/ismeco/ycae131_darkness_darktolerant_coculture_under_1311_natl2a_rnaseq,Prochlorococcus NATL2A,Prochlorococcus,RNASEQ,PMN2A_0119,PMN2A_RS03545,uncharacterized conserved membrane protein,Unknown,4.0,up,2.97237604322916,0.1,16h
10.1093/ismeco/ycae131_darkness_darktolerant_coculture_under_1311_natl2a_rnaseq,Prochlorococcus NATL2A,Prochlorococcus,RNASEQ,PMN2A_0348,PMN2A_RS04700,conserved hypothetical protein,Unknown,4.0,up,4.73931644372235,0.1,20h
10.1093/ismeco/ycae131_darkness_darktolerant_coculture_under_1311_natl2a_rnaseq,Prochlorococcus NATL2A,Prochlorococcus,RNASEQ,PMN2A_0987,atp1,ATP synthase protein I,Photosynthesis,4.0,down,-2.47178299492061,0.1,16h
10.1093/ismeco/ycae131_darkness_darktolerant_coculture_under_1311_natl2a_rnaseq,Prochlorococcus NATL2A,Prochlorococcus,RNASEQ,PMN2A_1298,nirA,ferredoxin--nitrite reductase,Stress response and adaptation,4.0,down,-2.43169729790146,0.1,8h
10.1093/ismeco/ycae131_darkness_darktolerant_coculture_under_1311_natl2a_rnaseq,Prochlorococcus NATL2A,Prochlorococcus,RNASEQ,PMN2A_2186,,conserved hypothetical protein,Unknown,4.0,down,-1.93098565192067,0.1,4h
10.1093/ismeco/ycae131_darkness_darktolerant_coculture_under_1311_natl2a_rnaseq,Prochlorococcus NATL2A,Prochlorococcus,RNASEQ,PMN2A_0982,atpD,ATP synthase delta chain,Photosynthesis,5.0,down,-2.34908822837198,0.1,16h
10.1093/ismeco/ycae131_darkness_darktolerant_coculture_under_1311_natl2a_rnaseq,Prochlorococcus NATL2A,Prochlorococcus,RNASEQ,PMN2A_0986,atpI,ATP synthase A chain,Photosynthesis,5.0,down,-2.52428744886686,0.1,0h
10.1093/ismeco/ycae131_darkness_darktolerant_coculture_under_1311_natl2a_rnaseq,Prochlorococcus NATL2A,Prochlorococcus,RNASEQ,PMN2A_2034,PMN2A_RS10650,Conserved hypothetical protein,Unknown,5.0,up,4.59789096359913,0.1,20h
10.1093/ismeco/ycae131_darkness_darktolerant_coculture_under_1311_natl2a_rnaseq,Prochlorococcus NATL2A,Prochlorococcus,RNASEQ,PMN2A_2049,PMN2A_RS10680,conserved hypothetical protein,Unknown,6.0,up,4.25397799176814,0.1,24h
10.1093/ismeco/ycae131_darkness_darktolerant_coculture_under_1311_natl2a_rnaseq,Prochlorococcus NATL2A,Prochlorococcus,RNASEQ,PMN2A_1393,PMN2A_RS00340,uncharacterized conserved membrane protein,Unknown,7.0,up,1.96308572899637,0.1,4h
10.1093/ismeco/ycae131_darkness_darktolerant_coculture_under_1311_natl2a_rnaseq,Prochlorococcus NATL2A,Prochlorococcus,RNASEQ,PMN2A_1901,PMN2A_RS00350,conserved hypothetical protein,Unknown,7.0,up,4.05875570752361,0.1,24h
10.1093/ismeco/ycae131_darkness_darktolerant_coculture_under_1311_natl2a_rnaseq,Prochlorococcus NATL2A,Prochlorococcus,RNASEQ,PMN2A_2019,PMN2A_RS10620,Conserved hypothetical protein,Unknown,7.0,down,-1.99941342400058,0.1,8h
10.1038/s42003-024-06098-5_coculture_vs_pputida_axenic_rnaseq,Pseudomonas putida KT2440,Pseudomonas,RNASEQ,M8001_13950,,porin,Cell wall and membrane,1.0,down,-5.904289918,8.01385e-14,60h
10.1038/s42003-024-06098-5_coculture_vs_pputida_axenic_rnaseq,Pseudomonas putida KT2440,Pseudomonas,RNASEQ,M8001_24150,pagO,DMT family transporter,Amino acid metabolism,1.0,up,7.891111044,4.72274e-36,60h
10.1038/s42003-024-06098-5_coculture_vs_pputida_axenic_rnaseq,Pseudomonas putida KT2440,Pseudomonas,RNASEQ,M8001_12870,ansB,asparaginase,Amino acid metabolism,2.0,down,-3.15385994,8.1449e-09,60h
10.1038/s42003-024-06098-5_coculture_vs_pputida_axenic_rnaseq,Pseudomonas putida KT2440,Pseudomonas,RNASEQ,M8001_24155,tetD,helix-turn-helix domain-containing protein,Transcription,2.0,up,5.30717749,1.01973e-17,60h
10.1038/s42003-024-06098-5_coculture_vs_pputida_axenic_rnaseq,Pseudomonas putida KT2440,Pseudomonas,RNASEQ,M8001_14325,,NAD(P)/FAD-dependent oxidoreductase,Unknown,3.0,up,4.125215804,1.01973e-17,60h
10.1038/s42003-024-06098-5_coculture_vs_pputida_axenic_rnaseq,Pseudomonas putida KT2440,Pseudomonas,RNASEQ,M8001_15495,dgkA,diacylglycerol kinase,Cell wall and membrane,3.0,down,-3.036731831,0.000723984,60h
10.1038/s42003-024-06098-5_coculture_vs_pputida_axenic_rnaseq,Pseudomonas putida KT2440,Pseudomonas,RNASEQ,M8001_24260,,alpha/beta fold hydrolase,Unknown,4.0,up,4.082462182,1.58061e-15,60h
10.1038/s42003-024-06098-5_coculture_vs_pputida_axenic_rnaseq,Pseudomonas putida KT2440,Pseudomonas,RNASEQ,M8001_25435,oprC,TonB-dependent copper receptor,Cell wall and membrane,4.0,down,-2.817426868,1.18133e-13,60h
10.1038/s42003-024-06098-5_coculture_vs_pputida_axenic_rnaseq,Pseudomonas putida KT2440,Pseudomonas,RNASEQ,M8001_05590,gltK,amino acid ABC transporter permease,Inorganic ion transport,5.0,down,-2.770076001,1.87561e-09,60h
10.1038/s42003-024-06098-5_coculture_vs_pputida_axenic_rnaseq,Pseudomonas putida KT2440,Pseudomonas,RNASEQ,M8001_14330,sdh,SDR family NAD(P)-dependent oxidoreductase,Unknown,5.0,up,4.07138286,1.03709e-15,60h
10.1038/s42003-024-06098-5_coculture_vs_pputida_axenic_rnaseq,Pseudomonas putida KT2440,Pseudomonas,RNASEQ,M8001_05595,gltJ,amino acid ABC transporter permease,Inorganic ion transport,6.0,down,-2.655961105,8.7066e-07,60h
10.1038/s42003-024-06098-5_coculture_vs_pputida_axenic_rnaseq,Pseudomonas putida KT2440,Pseudomonas,RNASEQ,M8001_14310,,DUF2878 domain-containing protein,Unknown,6.0,up,4.005222601,1.09693e-06,60h
10.1038/s42003-024-06098-5_coculture_vs_pputida_axenic_rnaseq,Pseudomonas putida KT2440,Pseudomonas,RNASEQ,M8001_14315,cfa,SAM-dependent methyltransferase,Cell wall and membrane,7.0,up,3.827077228,2.07396e-08,60h
10.1038/s42003-024-06098-5_coculture_vs_pputida_axenic_rnaseq,Pseudomonas putida KT2440,Pseudomonas,RNASEQ,M8001_21550,aceA,isocitrate lyase,Energy production,7.0,down,-2.646442188,5.93148e-06,60h
10.1038/s42003-024-06098-5_coculture_vs_pputida_axenic_rnaseq,Pseudomonas putida KT2440,Pseudomonas,RNASEQ,M8001_14040,aldB-II,acetaldehyde dehydrogenase ExaC,Energy production,8.0,down,-2.593086508,0.003008892,60h
10.1038/s42003-024-06098-5_coculture_vs_pputida_axenic_rnaseq,Pseudomonas putida KT2440,Pseudomonas,RNASEQ,M8001_14320,,DUF1365 domain-containing protein,Unknown,8.0,up,3.780658838,1.11824e-14,60h
10.1038/s42003-024-06098-5_coculture_vs_pputida_axenic_rnaseq,Pseudomonas putida KT2440,Pseudomonas,RNASEQ,M8001_14035,pedH,PQQ-dependent alcohol dehydrogenase PedH,Carbohydrate metabolism,9.0,down,-2.44548499,0.011818909,60h
10.1038/s42003-024-06098-5_coculture_vs_pputida_axenic_rnaseq,Pseudomonas putida KT2440,Pseudomonas,RNASEQ,M8001_19090,,LysE family translocator,Amino acid metabolism,9.0,up,3.767701661,2.13161e-12,60h
10.1038/s42003-024-06098-5_coculture_vs_pputida_axenic_rnaseq,Pseudomonas putida KT2440,Pseudomonas,RNASEQ,M8001_00700,gltP,glutamate/aspartate:proton symporter GltP,Energy production,10.0,down,-2.40050768,0.00198744,60h
10.1038/s42003-024-06098-5_coculture_vs_pputida_axenic_rnaseq,Pseudomonas putida KT2440,Pseudomonas,RNASEQ,M8001_28210,copB,putative metal-binding protein,Inorganic ion transport,10.0,up,3.439554101,3.21802e-16,60h
10.1038/s42003-024-06098-5_coculture_vs_pputida_axenic_proteomics,Pseudomonas putida KT2440,Pseudomonas,PROTEOMICS,M8001_12870,ansB,asparaginase,Amino acid metabolism,1.0,up,3.91,4.66e-05,60h
10.1038/s42003-024-06098-5_coculture_vs_pputida_axenic_proteomics,Pseudomonas putida KT2440,Pseudomonas,PROTEOMICS,M8001_21015,idh,NADP-dependent isocitrate dehydrogenase,Energy production,1.0,down,-4.28,6.12e-09,60h
10.1038/s42003-024-06098-5_coculture_vs_pputida_axenic_proteomics,Pseudomonas putida KT2440,Pseudomonas,PROTEOMICS,M8001_05600,gltI,glutamate/aspartate ABC transporter substrate-binding protein,Amino acid metabolism,2.0,up,3.6,2.79e-06,60h
10.1038/s42003-024-06098-5_coculture_vs_pputida_axenic_proteomics,Pseudomonas putida KT2440,Pseudomonas,PROTEOMICS,M8001_21885,sucD,succinate--CoA ligase subunit alpha,Energy production,2.0,down,-2.46,2.6e-08,60h
10.1038/s42003-024-06098-5_coculture_vs_pputida_axenic_proteomics,Pseudomonas putida KT2440,Pseudomonas,PROTEOMICS,M8001_02475,rplX,50S ribosomal protein L24,Translation,3.0,down,-2.46,1.8e-05,60h
10.1038/s42003-024-06098-5_coculture_vs_pputida_axenic_proteomics,Pseudomonas putida KT2440,Pseudomonas,PROTEOMICS,M8001_27870,hupA,HU family DNA-binding protein,Replication and repair,3.0,up,3.36,0.0013,60h
10.1038/s42003-024-06098-5_coculture_vs_pputida_axenic_proteomics,Pseudomonas putida KT2440,Pseudomonas,PROTEOMICS,M8001_08450,recA,recombinase RecA,Replication and repair,4.0,down,-2.38,1.03e-06,60h
10.1038/s42003-024-06098-5_coculture_vs_pputida_axenic_proteomics,Pseudomonas putida KT2440,Pseudomonas,PROTEOMICS,M8001_13950,,porin,Cell wall and membrane,4.0,up,3.32,2.58e-09,60h
10.1038/s42003-024-06098-5_coculture_vs_pputida_axenic_proteomics,Pseudomonas putida KT2440,Pseudomonas,PROTEOMICS,M8001_04100,,DUF1329 domain-containing protein,Unknown,5.0,up,3.23,3.9e-07,60h
10.1038/s42003-024-06098-5_coculture_vs_pputida_axenic_proteomics,Pseudomonas putida KT2440,Pseudomonas,PROTEOMICS,M8001_07495,lon-I,endopeptidase La,Post-translational modification,5.0,down,-2.13,4.83e-07,60h
10.1038/s42003-024-06098-5_coculture_vs_pputida_axenic_proteomics,Pseudomonas putida KT2440,Pseudomonas,PROTEOMICS,M8001_06465,purC,phosphoribosylaminoimidazolesuccinocarboxamide synthase,Nucleotide metabolism,6.0,down,-1.83,0.000136,60h
10.1038/s42003-024-06098-5_coculture_vs_pputida_axenic_proteomics,Pseudomonas putida KT2440,Pseudomonas,PROTEOMICS,M8001_08610,,GMC oxidoreductase,Amino acid metabolism,6.0,up,2.95,1.46e-06,60h
10.1038/s42003-024-06098-5_coculture_vs_pputida_axenic_proteomics,Pseudomonas putida KT2440,Pseudomonas,PROTEOMICS,M8001_01800,aceE,"pyruvate dehydrogenase (acetyl-transferring), homodimeric type",Energy production,7.0,down,-1.61,2.5e-06,60h
10.1038/s42003-024-06098-5_coculture_vs_pputida_axenic_proteomics,Pseudomonas putida KT2440,Pseudomonas,PROTEOMICS,M8001_16105,,Hcp family type VI secretion system effector,Unknown,7.0,up,2.87,3.21e-05,60h
10.1038/s42003-024-06098-5_coculture_vs_pputida_axenic_proteomics,Pseudomonas putida KT2440,Pseudomonas,PROTEOMICS,M8001_05295,edd,phosphogluconate dehydratase,Amino acid metabolism,8.0,down,-1.57,3.06e-05,60h
10.1038/s42003-024-06098-5_coculture_vs_pputida_axenic_proteomics,Pseudomonas putida KT2440,Pseudomonas,PROTEOMICS,M8001_10915,oprF,OmpA family protein,Cell wall and membrane,8.0,up,2.65,2.81e-09,60h
10.1038/s42003-024-06098-5_coculture_vs_pputida_axenic_proteomics,Pseudomonas putida KT2440,Pseudomonas,PROTEOMICS,M8001_02180,,ABC transporter substrate-binding protein,Amino acid metabolism,9.0,up,2.63,0.0024,60h
10.1038/s42003-024-06098-5_coculture_vs_pputida_axenic_proteomics,Pseudomonas putida KT2440,Pseudomonas,PROTEOMICS,M8001_21905,sucA,2-oxoglutarate dehydrogenase E1 component,Energy production,9.0,down,-1.5,3.4e-05,60h
10.1038/s42003-024-06098-5_coculture_vs_pputida_axenic_proteomics,Pseudomonas putida KT2440,Pseudomonas,PROTEOMICS,M8001_04090,alkK,fatty acid--CoA ligase,Lipid metabolism,10.0,down,-1.5,8.77e-05,60h
10.1038/s42003-024-06098-5_coculture_vs_pputida_axenic_proteomics,Pseudomonas putida KT2440,Pseudomonas,PROTEOMICS,M8001_08935,,ABC transporter substrate-binding protein,Inorganic ion transport,10.0,up,2.59,2.18e-05,60h
10.1038/s42003-024-06098-5_coculture_vs_selongatus_axenic_rnaseq,Synechococcus elongatus PCC 7942,Synechococcus,RNASEQ,H6G84_04390,H6G84_RS04390,hypothetical protein,Unknown,1.0,up,3.161364713,3.26151e-23,60h
10.1038/s42003-024-06098-5_coculture_vs_selongatus_axenic_rnaseq,Synechococcus elongatus PCC 7942,Synechococcus,RNASEQ,H6G84_12445,ppsA,phosphoenolpyruvate synthase,Coenzyme metabolism,1.0,down,-5.997649042,2.70528e-71,60h
10.1038/s42003-024-06098-5_coculture_vs_selongatus_axenic_rnaseq,Synechococcus elongatus PCC 7942,Synechococcus,RNASEQ,H6G84_02990,H6G84_RS02990,high light inducible protein,Unknown,2.0,up,3.084009232,2.9200000000000003e-26,60h
10.1038/s42003-024-06098-5_coculture_vs_selongatus_axenic_rnaseq,Synechococcus elongatus PCC 7942,Synechococcus,RNASEQ,H6G84_07385,H6G84_RS07385,hypothetical protein,Unknown,2.0,down,-5.547420356,6.67338e-94,60h
10.1038/s42003-024-06098-5_coculture_vs_selongatus_axenic_rnaseq,Synechococcus elongatus PCC 7942,Synechococcus,RNASEQ,H6G84_04715,katG,catalase/peroxidase HPI,Coenzyme metabolism,3.0,down,-5.272420374,2.14063e-48,60h
10.1038/s42003-024-06098-5_coculture_vs_selongatus_axenic_rnaseq,Synechococcus elongatus PCC 7942,Synechococcus,RNASEQ,H6G84_05960,cpcS,phycobiliprotein lyase,Coenzyme metabolism,3.0,up,2.973385796,2.23769e-47,60h
10.1038/s42003-024-06098-5_coculture_vs_selongatus_axenic_rnaseq,Synechococcus elongatus PCC 7942,Synechococcus,RNASEQ,H6G84_00820,rpaB,response regulator transcription factor RpaB,Transcription,4.0,up,2.881512836,2.96799e-32,60h
10.1038/s42003-024-06098-5_coculture_vs_selongatus_axenic_rnaseq,Synechococcus elongatus PCC 7942,Synechococcus,RNASEQ,H6G84_01150,hpf,"ribosome hibernation-promoting factor, HPF/YfiA family",Translation,4.0,down,-4.791464696,7.4838e-77,60h
10.1038/s42003-024-06098-5_coculture_vs_selongatus_axenic_rnaseq,Synechococcus elongatus PCC 7942,Synechococcus,RNASEQ,H6G84_04720,H6G84_RS04720,hypothetical protein,Unknown,5.0,down,-4.63131822,9.97771e-22,60h
10.1038/s42003-024-06098-5_coculture_vs_selongatus_axenic_rnaseq,Synechococcus elongatus PCC 7942,Synechococcus,RNASEQ,H6G84_06720,H6G84_RS06720,HAD family hydrolase,Unknown,5.0,up,2.865786503,1.45095e-37,60h
10.1038/s42003-024-06098-5_coculture_vs_selongatus_axenic_rnaseq,Synechococcus elongatus PCC 7942,Synechococcus,RNASEQ,H6G84_00385,H6G84_RS00385,protochlorophyllide reductase,Energy production,6.0,down,-4.585272774,9.133000000000001e-66,60h
10.1038/s42003-024-06098-5_coculture_vs_selongatus_axenic_rnaseq,Synechococcus elongatus PCC 7942,Synechococcus,RNASEQ,H6G84_10180,H6G84_RS10180,dienelactone hydrolase family protein,Secondary metabolites,6.0,up,2.858793912,1.27647e-54,60h
10.1038/s42003-024-06098-5_coculture_vs_selongatus_axenic_rnaseq,Synechococcus elongatus PCC 7942,Synechococcus,RNASEQ,H6G84_06730,H6G84_RS06730,slr1957 family protein,Replication and repair,7.0,down,-4.238435219,5.603e-90,60h
10.1038/s42003-024-06098-5_coculture_vs_selongatus_axenic_rnaseq,Synechococcus elongatus PCC 7942,Synechococcus,RNASEQ,H6G84_06820,fbt,folate/biopterin family MFS transporter,Carbohydrate metabolism,7.0,up,2.816557051,3.3054e-44,60h
10.1038/s42003-024-06098-5_coculture_vs_selongatus_axenic_rnaseq,Synechococcus elongatus PCC 7942,Synechococcus,RNASEQ,H6G84_01695,H6G84_RS01695,hypothetical protein,Unknown,8.0,down,-4.165018008,7.739959999999999e-52,60h
10.1038/s42003-024-06098-5_coculture_vs_selongatus_axenic_rnaseq,Synechococcus elongatus PCC 7942,Synechococcus,RNASEQ,H6G84_12875,H6G84_RS12875,ABC1 kinase family protein,Unknown,8.0,up,2.683867636,5.46207e-33,60h
10.1038/s42003-024-06098-5_coculture_vs_selongatus_axenic_rnaseq,Synechococcus elongatus PCC 7942,Synechococcus,RNASEQ,H6G84_09265,H6G84_RS09265,HD domain-containing phosphohydrolase,Signal transduction,9.0,down,-4.088463094,1.26999e-72,60h
10.1038/s42003-024-06098-5_coculture_vs_selongatus_axenic_rnaseq,Synechococcus elongatus PCC 7942,Synechococcus,RNASEQ,H6G84_11670,H6G84_RS11670,PhzF family phenazine biosynthesis protein,Unknown,9.0,up,2.682283357,3.76688e-63,60h
10.1038/s42003-024-06098-5_coculture_vs_selongatus_axenic_rnaseq,Synechococcus elongatus PCC 7942,Synechococcus,RNASEQ,H6G84_03040,H6G84_RS03040,hypothetical protein,Unknown,10.0,down,-4.078429791,4.27352e-58,60h
10.1038/s42003-024-06098-5_coculture_vs_selongatus_axenic_rnaseq,Synechococcus elongatus PCC 7942,Synechococcus,RNASEQ,H6G84_10175,crtD,"C-3^,4^ desaturase CrtD",Secondary metabolites,10.0,up,2.592453,2.1192e-34,60h
10.1038/s42003-024-06098-5_coculture_vs_selongatus_axenic_proteomics,Synechococcus elongatus PCC 7942,Synechococcus,PROTEOMICS,H6G84_02080,dpsA,DNA starvation/stress protection protein DpsA,Inorganic ion transport,1.0,down,-3.64,0.000338,60h
10.1038/s42003-024-06098-5_coculture_vs_selongatus_axenic_proteomics,Synechococcus elongatus PCC 7942,Synechococcus,PROTEOMICS,H6G84_11350,H6G84_RS11350,chlorophyll a/b binding light-harvesting protein,Unknown,1.0,up,5.7,3.11e-10,60h
10.1038/s42003-024-06098-5_coculture_vs_selongatus_axenic_proteomics,Synechococcus elongatus PCC 7942,Synechococcus,PROTEOMICS,H6G84_05550,H6G84_RS05550,ammonium transporter,Inorganic ion transport,2.0,down,-2.95,0.0155,60h
10.1038/s42003-024-06098-5_coculture_vs_selongatus_axenic_proteomics,Synechococcus elongatus PCC 7942,Synechococcus,PROTEOMICS,H6G84_11345,fldA,flavodoxin FldA,Energy production,2.0,up,4.47,9.02e-11,60h
10.1038/s42003-024-06098-5_coculture_vs_selongatus_axenic_proteomics,Synechococcus elongatus PCC 7942,Synechococcus,PROTEOMICS,H6G84_00360,H6G84_RS00360,NAD(P)/FAD-dependent oxidoreductase,Energy production,3.0,down,-2.58,0.000172,60h
10.1038/s42003-024-06098-5_coculture_vs_selongatus_axenic_proteomics,Synechococcus elongatus PCC 7942,Synechococcus,PROTEOMICS,H6G84_02980,H6G84_RS02980,RNA recognition motif domain-containing protein,Unknown,3.0,up,4.05,0.000151,60h
10.1038/s42003-024-06098-5_coculture_vs_selongatus_axenic_proteomics,Synechococcus elongatus PCC 7942,Synechococcus,PROTEOMICS,H6G84_01725,proA,glutamate-5-semialdehyde dehydrogenase,Amino acid metabolism,4.0,down,-2.27,0.0416,60h
10.1038/s42003-024-06098-5_coculture_vs_selongatus_axenic_proteomics,Synechococcus elongatus PCC 7942,Synechococcus,PROTEOMICS,H6G84_03570,psbU,photosystem II complex extrinsic protein PsbU,Replication and repair,4.0,up,3.98,4.95e-05,60h
10.1038/s42003-024-06098-5_coculture_vs_selongatus_axenic_proteomics,Synechococcus elongatus PCC 7942,Synechococcus,PROTEOMICS,H6G84_06980,H6G84_RS06980,asparaginase,Amino acid metabolism,5.0,down,-2.16,1.07e-05,60h
10.1038/s42003-024-06098-5_coculture_vs_selongatus_axenic_proteomics,Synechococcus elongatus PCC 7942,Synechococcus,PROTEOMICS,H6G84_08370,H6G84_RS08370,photosystem I reaction center subunit IV,Unknown,5.0,up,3.87,0.000136,60h
10.1038/s42003-024-06098-5_coculture_vs_selongatus_axenic_proteomics,Synechococcus elongatus PCC 7942,Synechococcus,PROTEOMICS,H6G84_00775,H6G84_RS00775,NAD(P)H-binding protein,Carbohydrate metabolism,6.0,down,-2.15,1.32e-06,60h
10.1038/s42003-024-06098-5_coculture_vs_selongatus_axenic_proteomics,Synechococcus elongatus PCC 7942,Synechococcus,PROTEOMICS,H6G84_10680,H6G84_RS10680,Fe(3+) ABC transporter substrate-binding protein,Inorganic ion transport,6.0,up,3.79,1.08e-07,60h
10.1038/s42003-024-06098-5_coculture_vs_selongatus_axenic_proteomics,Synechococcus elongatus PCC 7942,Synechococcus,PROTEOMICS,H6G84_11925,H6G84_RS11925,LON peptidase substrate-binding domain-containing protein,Unknown,7.0,down,-2.15,0.0053,60h
10.1038/s42003-024-06098-5_coculture_vs_selongatus_axenic_proteomics,Synechococcus elongatus PCC 7942,Synechococcus,PROTEOMICS,H6G84_13025,H6G84_RS13025,RNA recognition motif domain-containing protein,Unknown,7.0,up,3.34,0.00033,60h
10.1038/s42003-024-06098-5_coculture_vs_selongatus_axenic_proteomics,Synechococcus elongatus PCC 7942,Synechococcus,PROTEOMICS,H6G84_04100,H6G84_RS04100,ABC1 kinase family protein,Unknown,8.0,down,-2.1,0.000357,60h
10.1038/s42003-024-06098-5_coculture_vs_selongatus_axenic_proteomics,Synechococcus elongatus PCC 7942,Synechococcus,PROTEOMICS,H6G84_05440,H6G84_RS05440,YbaB/EbfC family nucleoid-associated protein,Unknown,8.0,up,3.08,4.36e-05,60h
10.1038/s42003-024-06098-5_coculture_vs_selongatus_axenic_proteomics,Synechococcus elongatus PCC 7942,Synechococcus,PROTEOMICS,H6G84_01435,glnT,type III glutamate--ammonia ligase,Amino acid metabolism,9.0,down,-2.03,0.0014,60h
10.1038/s42003-024-06098-5_coculture_vs_selongatus_axenic_proteomics,Synechococcus elongatus PCC 7942,Synechococcus,PROTEOMICS,H6G84_02920,psbV,photosystem II cytochrome c-550,Energy production,9.0,up,3.01,1.11e-07,60h
10.1038/s42003-024-06098-5_coculture_vs_selongatus_axenic_proteomics,Synechococcus elongatus PCC 7942,Synechococcus,PROTEOMICS,H6G84_09520,H6G84_RS09520,HhoA/HhoB/HtrA family serine endopeptidase,Post-translational modification,10.0,down,-1.99,0.00167,60h
10.1038/s42003-024-06098-5_coculture_vs_selongatus_axenic_proteomics,Synechococcus elongatus PCC 7942,Synechococcus,PROTEOMICS,H6G84_11710,H6G84_RS11710,fasciclin domain-containing protein,Cell wall and membrane,10.0,up,2.78,1.62e-06,60h
10.1128/spectrum.03275-22_dark_low_glucose_alt_in_bl107_proteomics,Alteromonas (MarRef v6),Alteromonas,PROTEOMICS,DEH24_07870,lpdA,dihydrolipoyl dehydrogenase,Energy production,1,up,1.7990873060740036,0.034,darkness
10.1128/spectrum.03275-22_dark_low_glucose_alt_in_bl107_proteomics,Alteromonas (MarRef v6),Alteromonas,PROTEOMICS,DEH24_15900,purB,adenylosuccinate lyase,Nucleotide metabolism,2,up,1.7739963251111732,0.022,darkness
10.1128/spectrum.03275-22_dark_low_glucose_alt_in_bl107_proteomics,Alteromonas (MarRef v6),Alteromonas,PROTEOMICS,DEH24_02300,adk,adenylate kinase,Nucleotide metabolism,3,up,1.1505596765753814,0.044,darkness
10.1128/spectrum.03275-22_dark_high_glucose_alt_in_bl107_proteomics,Alteromonas (MarRef v6),Alteromonas,PROTEOMICS,DEH24_11265,sdhA,succinate dehydrogenase flavoprotein subunit,Energy production,1,up,2.403267722339301,0.043,darkness
10.1128/spectrum.03275-22_dark_high_glucose_alt_in_bl107_proteomics,Alteromonas (MarRef v6),Alteromonas,PROTEOMICS,DEH24_07870,lpdA,dihydrolipoyl dehydrogenase,Energy production,2,up,2.2265085298086795,0.004,darkness
10.1128/spectrum.03275-22_dark_high_glucose_alt_in_bl107_proteomics,Alteromonas (MarRef v6),Alteromonas,PROTEOMICS,DEH24_16415,arcA,two-component system response regulator ArcA,Transcription,3,up,2.003602236680196,0.047,darkness
10.1128/spectrum.03275-22_dark_high_glucose_alt_in_bl107_proteomics,Alteromonas (MarRef v6),Alteromonas,PROTEOMICS,DEH24_01620,tsaA,alkyl hydroperoxide reductase,Post-translational modification,4,up,1.819668183496456,0.031,darkness
10.1128/spectrum.03275-22_dark_high_glucose_alt_in_bl107_proteomics,Alteromonas (MarRef v6),Alteromonas,PROTEOMICS,DEH24_02300,adk,adenylate kinase,Nucleotide metabolism,5,up,1.7570232465074596,0.023,darkness
10.1128/spectrum.03275-22_light_low_glucose_alt_in_bl107_proteomics,Alteromonas (MarRef v6),Alteromonas,PROTEOMICS,DEH24_02300,adk,adenylate kinase,Nucleotide metabolism,1,up,2.321928094887362,0.014,stationary
10.1128/spectrum.03275-22_light_high_glucose_alt_in_bl107_proteomics,Alteromonas (MarRef v6),Alteromonas,PROTEOMICS,DEH24_01620,tsaA,alkyl hydroperoxide reductase,Post-translational modification,1,up,3.656496370553495,0.025,stationary
10.1128/spectrum.03275-22_light_high_glucose_alt_in_bl107_proteomics,Alteromonas (MarRef v6),Alteromonas,PROTEOMICS,DEH24_02300,adk,adenylate kinase,Nucleotide metabolism,2,up,3.533563348214512,0.044,stationary
10.1128/spectrum.03275-22_light_high_glucose_alt_in_bl107_proteomics,Alteromonas (MarRef v6),Alteromonas,PROTEOMICS,DEH24_07870,lpdA,dihydrolipoyl dehydrogenase,Energy production,3,up,2.698218478224414,0.047,stationary
10.1128/spectrum.03275-22_light_high_glucose_alt_in_bl107_proteomics,Alteromonas (MarRef v6),Alteromonas,PROTEOMICS,DEH24_16415,arcA,two-component system response regulator ArcA,Transcription,4,up,1.903038270112912,0.004,stationary
10.1128/spectrum.03275-22_light_high_glucose_alt_in_bl107_proteomics,Alteromonas (MarRef v6),Alteromonas,PROTEOMICS,DEH24_17975,,DUF1329 domain-containing protein,Unknown,5,up,1.765534746362977,0.028,stationary
10.1128/spectrum.03275-22_light_high_glucose_alt_in_bl107_proteomics,Alteromonas (MarRef v6),Alteromonas,PROTEOMICS,DEH24_02850,,TonB-dependent receptor,Inorganic ion transport,6,up,1.4168397419128291,0.013,stationary
10.1128/spectrum.03275-22_dark_high_glucose_alt_in_med4_proteomics,Alteromonas (MarRef v6),Alteromonas,PROTEOMICS,DEH24_09265,rne,hypothetical protein,Translation,1,up,5.1001366712854495,0.013,darkness
10.1128/spectrum.03275-22_dark_high_glucose_alt_in_med4_proteomics,Alteromonas (MarRef v6),Alteromonas,PROTEOMICS,DEH24_11560,cysD,sulfate adenylyltransferase subunit CysD,Coenzyme metabolism,2,up,4.035623909730721,0.042,darkness
10.1128/spectrum.03275-22_dark_high_glucose_alt_in_med4_proteomics,Alteromonas (MarRef v6),Alteromonas,PROTEOMICS,DEH24_14130,cheW,chemotaxis protein CheW,Cell motility,3,up,3.0531113364595623,0.007,darkness
10.1128/spectrum.03275-22_dark_high_glucose_alt_in_med4_proteomics,Alteromonas (MarRef v6),Alteromonas,PROTEOMICS,DEH24_17975,,DUF1329 domain-containing protein,Unknown,4,up,2.5360529002402097,0.02,darkness
10.1128/spectrum.03275-22_dark_high_glucose_alt_in_med4_proteomics,Alteromonas (MarRef v6),Alteromonas,PROTEOMICS,DEH24_02300,adk,adenylate kinase,Nucleotide metabolism,5,up,2.263034405833794,0.03,darkness
10.1128/spectrum.03275-22_light_high_glucose_alt_in_med4_proteomics,Alteromonas (MarRef v6),Alteromonas,PROTEOMICS,DEH24_15900,purB,adenylosuccinate lyase,Nucleotide metabolism,1,up,2.4329594072761065,0.017,stationary
10.1128/spectrum.03275-22_light_high_glucose_alt_in_med4_proteomics,Alteromonas (MarRef v6),Alteromonas,PROTEOMICS,DEH24_09265,rne,hypothetical protein,Translation,2,up,2.137503523749935,0.015,stationary
10.1128/spectrum.03275-22_light_high_glucose_alt_in_med4_proteomics,Alteromonas (MarRef v6),Alteromonas,PROTEOMICS,DEH24_02300,adk,adenylate kinase,Nucleotide metabolism,3,up,2.137503523749935,0.031,stationary
10.1128/spectrum.03275-22_light_high_glucose_alt_in_med4_proteomics,Alteromonas (MarRef v6),Alteromonas,PROTEOMICS,DEH24_14130,cheW,chemotaxis protein CheW,Cell motility,4,up,1.765534746362977,0.003,stationary
10.1128/spectrum.03275-22_light_high_glucose_alt_in_med4_proteomics,Alteromonas (MarRef v6),Alteromonas,PROTEOMICS,DEH24_15880,icd,NADP-dependent isocitrate dehydrogenase,Energy production,5,up,1.722466024471091,0.049,stationary
10.1128/spectrum.03275-22_dark_low_glucose_alt_in_ss120_proteomics,Alteromonas (MarRef v6),Alteromonas,PROTEOMICS,DEH24_08800,pyrB,aspartate carbamoyltransferase,Nucleotide metabolism,1,up,4.315421315945778,0.024,darkness
10.1128/spectrum.03275-22_dark_low_glucose_alt_in_ss120_proteomics,Alteromonas (MarRef v6),Alteromonas,PROTEOMICS,DEH24_16630,serA,phosphoglycerate dehydrogenase,Amino acid metabolism,2,up,1.4489009511451278,0.012,darkness
10.1128/spectrum.03275-22_dark_high_glucose_alt_in_ss120_proteomics,Alteromonas (MarRef v6),Alteromonas,PROTEOMICS,DEH24_01620,tsaA,alkyl hydroperoxide reductase,Post-translational modification,1,up,4.791814071161826,0.038,darkness
10.1128/spectrum.03275-22_dark_high_glucose_alt_in_ss120_proteomics,Alteromonas (MarRef v6),Alteromonas,PROTEOMICS,DEH24_14870,infB,translation initiation factor IF-2,Translation,2,up,3.973611275519472,0.013,darkness
10.1128/spectrum.03275-22_dark_high_glucose_alt_in_ss120_proteomics,Alteromonas (MarRef v6),Alteromonas,PROTEOMICS,DEH24_14880,infB,translation initiation factor IF-2,Translation,3,up,3.778208576398088,0.008,darkness
10.1128/spectrum.03275-22_dark_high_glucose_alt_in_ss120_proteomics,Alteromonas (MarRef v6),Alteromonas,PROTEOMICS,DEH24_07870,lpdA,dihydrolipoyl dehydrogenase,Energy production,4,up,3.7441610955704094,0.026,darkness
10.1128/spectrum.03275-22_dark_high_glucose_alt_in_ss120_proteomics,Alteromonas (MarRef v6),Alteromonas,PROTEOMICS,DEH24_14130,cheW,chemotaxis protein CheW,Cell motility,5,up,3.655351828612554,0.023,darkness
10.1128/spectrum.03275-22_dark_high_glucose_alt_in_ss120_proteomics,Alteromonas (MarRef v6),Alteromonas,PROTEOMICS,DEH24_15880,icd,NADP-dependent isocitrate dehydrogenase,Energy production,6,up,3.527320607877047,0.031,darkness
10.1128/spectrum.03275-22_dark_high_glucose_alt_in_ss120_proteomics,Alteromonas (MarRef v6),Alteromonas,PROTEOMICS,DEH24_13850,prkB,phosphoribulokinase,Carbohydrate metabolism,7,up,3.463360885816658,0.048,darkness
10.1128/spectrum.03275-22_dark_high_glucose_alt_in_ss120_proteomics,Alteromonas (MarRef v6),Alteromonas,PROTEOMICS,DEH24_13670,,isocitrate dehydrogenase,Energy production,8,up,3.168321115739723,0.046,darkness
10.1128/spectrum.03275-22_dark_high_glucose_alt_in_ss120_proteomics,Alteromonas (MarRef v6),Alteromonas,PROTEOMICS,DEH24_18145,fabB,beta-ketoacyl-ACP synthase I,Lipid metabolism,9,up,3.1292830169449664,0.02,darkness
10.1128/spectrum.03275-22_dark_high_glucose_alt_in_ss120_proteomics,Alteromonas (MarRef v6),Alteromonas,PROTEOMICS,DEH24_02300,adk,adenylate kinase,Nucleotide metabolism,10,up,3.0874628412503395,0.031,darkness
10.1128/spectrum.03275-22_light_low_glucose_alt_in_ss120_proteomics,Alteromonas (MarRef v6),Alteromonas,PROTEOMICS,DEH24_14130,cheW,chemotaxis protein CheW,Cell motility,1,down,-1.4739311883324124,0.01,stationary
10.1128/spectrum.03275-22_light_low_glucose_alt_in_ss120_proteomics,Alteromonas (MarRef v6),Alteromonas,PROTEOMICS,DEH24_17975,,DUF1329 domain-containing protein,Unknown,2,down,-1.0892673380970874,0.011,stationary
10.1128/spectrum.03275-22_light_high_glucose_alt_in_ss120_proteomics,Alteromonas (MarRef v6),Alteromonas,PROTEOMICS,DEH24_01275,dnaN,DNA polymerase III subunit beta,Replication and repair,1.0,up,5.7692427951405385,0.033,stationary
10.1128/spectrum.03275-22_light_high_glucose_alt_in_ss120_proteomics,Alteromonas (MarRef v6),Alteromonas,PROTEOMICS,DEH24_15195,secA,preprotein translocase subunit SecA,Intracellular trafficking,1.0,down,-4.321928094887363,0.047,stationary
10.1128/spectrum.03275-22_light_high_glucose_alt_in_ss120_proteomics,Alteromonas (MarRef v6),Alteromonas,PROTEOMICS,DEH24_08275,yhbH,ribosome hibernation promoting factor,Translation,2.0,up,5.0759604132434015,0.01,stationary
10.1128/spectrum.03275-22_light_high_glucose_alt_in_ss120_proteomics,Alteromonas (MarRef v6),Alteromonas,PROTEOMICS,DEH24_01620,tsaA,alkyl hydroperoxide reductase,Post-translational modification,3.0,up,4.735522177296538,0.012,stationary
10.1128/spectrum.03275-22_light_high_glucose_alt_in_ss120_proteomics,Alteromonas (MarRef v6),Alteromonas,PROTEOMICS,DEH24_05375,pheS,phenylalanine--tRNA ligase subunit alpha,Translation,4.0,up,3.9945797242157473,0.046,stationary
10.1128/spectrum.03275-22_light_high_glucose_alt_in_ss120_proteomics,Alteromonas (MarRef v6),Alteromonas,PROTEOMICS,DEH24_15880,icd,NADP-dependent isocitrate dehydrogenase,Energy production,5.0,up,3.8379432418910273,0.011,stationary
10.1128/spectrum.03275-22_light_high_glucose_alt_in_ss120_proteomics,Alteromonas (MarRef v6),Alteromonas,PROTEOMICS,DEH24_03810,fusA2,elongation factor G,Translation,6.0,up,3.5360529002402097,0.031,stationary
10.1128/spectrum.03275-22_light_high_glucose_alt_in_ss120_proteomics,Alteromonas (MarRef v6),Alteromonas,PROTEOMICS,DEH24_14130,cheW,chemotaxis protein CheW,Cell motility,7.0,up,3.211012193485512,0.026,stationary
10.1128/spectrum.03275-22_light_high_glucose_alt_in_ss120_proteomics,Alteromonas (MarRef v6),Alteromonas,PROTEOMICS,DEH24_02300,adk,adenylate kinase,Nucleotide metabolism,8.0,up,3.2063306478710496,0.02,stationary
10.1128/spectrum.03275-22_light_high_glucose_alt_in_ss120_proteomics,Alteromonas (MarRef v6),Alteromonas,PROTEOMICS,DEH24_13670,,isocitrate dehydrogenase,Energy production,9.0,up,3.082361969557474,0.029,stationary
10.1128/spectrum.03275-22_light_high_glucose_alt_in_ss120_proteomics,Alteromonas (MarRef v6),Alteromonas,PROTEOMICS,DEH24_16415,arcA,two-component system response regulator ArcA,Transcription,10.0,up,2.7484612330040354,0.038,stationary
10.1128/spectrum.03275-22_dark_low_glucose_alt_in_wh8102_proteomics,Alteromonas (MarRef v6),Alteromonas,PROTEOMICS,DEH24_13670,,isocitrate dehydrogenase,Energy production,1.0,up,2.430285272977781,0.033,darkness
10.1128/spectrum.03275-22_dark_low_glucose_alt_in_wh8102_proteomics,Alteromonas (MarRef v6),Alteromonas,PROTEOMICS,DEH24_19170,glgP,glycogen/starch/alpha-glucan phosphorylase,Carbohydrate metabolism,1.0,down,-1.9434164716336324,0.011,darkness
10.1128/spectrum.03275-22_dark_low_glucose_alt_in_wh8102_proteomics,Alteromonas (MarRef v6),Alteromonas,PROTEOMICS,DEH24_16630,serA,phosphoglycerate dehydrogenase,Amino acid metabolism,2.0,down,-1.217591435072627,0.034,darkness
10.1128/spectrum.03275-22_dark_high_glucose_alt_in_wh8102_proteomics,Alteromonas (MarRef v6),Alteromonas,PROTEOMICS,DEH24_09265,rne,hypothetical protein,Translation,1,up,6.622198278523645,0.021,darkness
10.1128/spectrum.03275-22_dark_high_glucose_alt_in_wh8102_proteomics,Alteromonas (MarRef v6),Alteromonas,PROTEOMICS,DEH24_11000,gltD,glutamate synthase small subunit,Amino acid metabolism,2,up,6.013238915113665,0.03,darkness
10.1128/spectrum.03275-22_dark_high_glucose_alt_in_wh8102_proteomics,Alteromonas (MarRef v6),Alteromonas,PROTEOMICS,DEH24_14245,argG,argininosuccinate synthase,Amino acid metabolism,3,up,5.4950555283680185,0.018,darkness
10.1128/spectrum.03275-22_dark_high_glucose_alt_in_wh8102_proteomics,Alteromonas (MarRef v6),Alteromonas,PROTEOMICS,DEH24_12145,aroF,3-deoxy-7-phosphoheptulonate synthase,Amino acid metabolism,4,up,5.151371776253954,0.028,darkness
10.1128/spectrum.03275-22_dark_high_glucose_alt_in_wh8102_proteomics,Alteromonas (MarRef v6),Alteromonas,PROTEOMICS,DEH24_14880,infB,translation initiation factor IF-2,Translation,5,up,3.6005076453457856,0.013,darkness
10.1128/spectrum.03275-22_dark_high_glucose_alt_in_wh8102_proteomics,Alteromonas (MarRef v6),Alteromonas,PROTEOMICS,DEH24_16585,acnB,bifunctional aconitate hydratase 2/2-methylisocitrate dehydratase,Energy production,6,up,3.426264754702098,0.046,darkness
10.1128/spectrum.03275-22_dark_high_glucose_alt_in_wh8102_proteomics,Alteromonas (MarRef v6),Alteromonas,PROTEOMICS,DEH24_15040,,cold-shock protein,Transcription,7,up,3.341985747228616,0.037,darkness
10.1128/spectrum.03275-22_dark_high_glucose_alt_in_wh8102_proteomics,Alteromonas (MarRef v6),Alteromonas,PROTEOMICS,DEH24_14130,cheW,chemotaxis protein CheW,Cell motility,8,up,3.187451054027326,0.002,darkness
10.1128/spectrum.03275-22_dark_high_glucose_alt_in_wh8102_proteomics,Alteromonas (MarRef v6),Alteromonas,PROTEOMICS,DEH24_02300,adk,adenylate kinase,Nucleotide metabolism,9,up,3.1176950426697547,0.032,darkness
10.1128/spectrum.03275-22_dark_high_glucose_alt_in_wh8102_proteomics,Alteromonas (MarRef v6),Alteromonas,PROTEOMICS,DEH24_11560,cysD,sulfate adenylyltransferase subunit CysD,Coenzyme metabolism,10,up,2.920293300211007,0.031,darkness
10.1128/spectrum.03275-22_light_low_glucose_alt_in_wh8102_proteomics,Alteromonas (MarRef v6),Alteromonas,PROTEOMICS,DEH24_21385,ilvH,acetolactate synthase small subunit,Amino acid metabolism,1,up,1.803227036434928,0.024,stationary
10.1128/spectrum.03275-22_light_low_glucose_alt_in_wh8102_proteomics,Alteromonas (MarRef v6),Alteromonas,PROTEOMICS,DEH24_13920,yicC,YicC family protein,Unknown,2,up,1.1043366598147355,0.04,stationary
10.1128/spectrum.03275-22_light_high_glucose_alt_in_wh8102_proteomics,Alteromonas (MarRef v6),Alteromonas,PROTEOMICS,DEH24_10240,sucB,dihydrolipoamide succinyltransferase,Energy production,1,up,5.564378168565064,0.04,stationary
10.1128/spectrum.03275-22_light_high_glucose_alt_in_wh8102_proteomics,Alteromonas (MarRef v6),Alteromonas,PROTEOMICS,DEH24_14245,argG,argininosuccinate synthase,Amino acid metabolism,2,up,5.207502459258789,0.036,stationary
10.1128/spectrum.03275-22_light_high_glucose_alt_in_wh8102_proteomics,Alteromonas (MarRef v6),Alteromonas,PROTEOMICS,DEH24_12145,aroF,3-deoxy-7-phosphoheptulonate synthase,Amino acid metabolism,3,up,4.975905273523699,0.047,stationary
10.1128/spectrum.03275-22_light_high_glucose_alt_in_wh8102_proteomics,Alteromonas (MarRef v6),Alteromonas,PROTEOMICS,DEH24_12210,ssb,single-stranded DNA-binding protein,Replication and repair,4,up,4.950468414150123,0.006,stationary
10.1128/spectrum.03275-22_light_high_glucose_alt_in_wh8102_proteomics,Alteromonas (MarRef v6),Alteromonas,PROTEOMICS,DEH24_16780,eda,keto-deoxy-phosphogluconate aldolase,Carbohydrate metabolism,5,up,4.43895814789755,0.037,stationary
10.1128/spectrum.03275-22_light_high_glucose_alt_in_wh8102_proteomics,Alteromonas (MarRef v6),Alteromonas,PROTEOMICS,DEH24_02300,adk,adenylate kinase,Nucleotide metabolism,6,up,3.634593268445757,0.005,stationary
10.1128/spectrum.03275-22_light_high_glucose_alt_in_wh8102_proteomics,Alteromonas (MarRef v6),Alteromonas,PROTEOMICS,DEH24_07770,rpoD,RNA polymerase sigma factor RpoD,Transcription,7,up,3.533563348214512,0.017,stationary
10.1128/spectrum.03275-22_light_high_glucose_alt_in_wh8102_proteomics,Alteromonas (MarRef v6),Alteromonas,PROTEOMICS,DEH24_04200,pgi,glucose-6-phosphate isomerase,Carbohydrate metabolism,8,up,3.414135532984451,0.048,stationary
10.1128/spectrum.03275-22_light_high_glucose_alt_in_wh8102_proteomics,Alteromonas (MarRef v6),Alteromonas,PROTEOMICS,DEH24_11560,cysD,sulfate adenylyltransferase subunit CysD,Coenzyme metabolism,9,up,3.3868109464722167,0.033,stationary
10.1128/spectrum.03275-22_light_high_glucose_alt_in_wh8102_proteomics,Alteromonas (MarRef v6),Alteromonas,PROTEOMICS,DEH24_16585,acnB,bifunctional aconitate hydratase 2/2-methylisocitrate dehydratase,Energy production,10,up,3.1731274334806563,0.034,stationary
10.1128/spectrum.03275-22_dark_low_glucose_marino_in_bl107_proteomics,Marinobacter (MarRef v6),Marinobacter,PROTEOMICS,HP15_2958,gtsA,ABC transporter substrate-binding protein,Carbohydrate metabolism,1.0,up,3.237257770900372,0.023,darkness
10.1128/spectrum.03275-22_dark_low_glucose_marino_in_bl107_proteomics,Marinobacter (MarRef v6),Marinobacter,PROTEOMICS,HP15_641,metY,O-acetylhomoserine aminocarboxypropyltransferase/cysteine synthase family protein,Amino acid metabolism,1.0,down,-4.058893689053568,0.049,darkness
10.1128/spectrum.03275-22_dark_low_glucose_marino_in_bl107_proteomics,Marinobacter (MarRef v6),Marinobacter,PROTEOMICS,HP15_1397,katG,catalase/peroxidase HPI,Inorganic ion transport,2.0,down,-2.321928094887362,0.006,darkness
10.1128/spectrum.03275-22_dark_low_glucose_marino_in_bl107_proteomics,Marinobacter (MarRef v6),Marinobacter,PROTEOMICS,HP15_381,rplD,50S ribosomal protein L4,Translation,2.0,up,2.266036893995317,0.03,darkness
10.1128/spectrum.03275-22_dark_low_glucose_marino_in_bl107_proteomics,Marinobacter (MarRef v6),Marinobacter,PROTEOMICS,HP15_2158,,ABC transporter substrate-binding protein,Carbohydrate metabolism,3.0,down,-2.321928094887362,0.031,darkness
10.1128/spectrum.03275-22_dark_low_glucose_marino_in_bl107_proteomics,Marinobacter (MarRef v6),Marinobacter,PROTEOMICS,HP15_383,rplB,50S ribosomal protein L2,Translation,3.0,up,1.5558161550616396,0.005,darkness
10.1128/spectrum.03275-22_dark_low_glucose_marino_in_bl107_proteomics,Marinobacter (MarRef v6),Marinobacter,PROTEOMICS,HP15_3063,pnp,polyribonucleotide nucleotidyltransferase,Translation,4.0,down,-1.434402824145775,0.035,darkness
10.1128/spectrum.03275-22_dark_low_glucose_marino_in_bl107_proteomics,Marinobacter (MarRef v6),Marinobacter,PROTEOMICS,HP15_3055,braC,branched-chain amino acid ABC transporter substrate-binding protein,Amino acid metabolism,5.0,down,-1.1844245711374275,0.037,darkness
10.1128/spectrum.03275-22_dark_low_glucose_marino_in_bl107_proteomics,Marinobacter (MarRef v6),Marinobacter,PROTEOMICS,HP15_3708,gabT,4-aminobutyrate--2-oxoglutarate transaminase,Amino acid metabolism,6.0,down,-1.1202942337177118,0.008,darkness
10.1128/spectrum.03275-22_dark_low_glucose_marino_in_bl107_proteomics,Marinobacter (MarRef v6),Marinobacter,PROTEOMICS,HP15_2034,pal,peptidoglycan-associated lipoprotein Pal,Cell wall and membrane,7.0,down,-1.0291463456595165,0.044,darkness
10.1128/spectrum.03275-22_dark_low_glucose_marino_in_bl107_proteomics,Marinobacter (MarRef v6),Marinobacter,PROTEOMICS,HP15_533,ilvC,ketol-acid reductoisomerase,Amino acid metabolism,8.0,down,-1.0,0.046,darkness
10.1128/spectrum.03275-22_dark_high_glucose_marino_in_bl107_proteomics,Marinobacter (MarRef v6),Marinobacter,PROTEOMICS,HP15_2958,gtsA,ABC transporter substrate-binding protein,Carbohydrate metabolism,1.0,up,4.0574502721839,0.017,darkness
10.1128/spectrum.03275-22_dark_high_glucose_marino_in_bl107_proteomics,Marinobacter (MarRef v6),Marinobacter,PROTEOMICS,HP15_641,metY,O-acetylhomoserine aminocarboxypropyltransferase/cysteine synthase family protein,Amino acid metabolism,1.0,down,-3.8365012677171206,0.049,darkness
10.1128/spectrum.03275-22_dark_high_glucose_marino_in_bl107_proteomics,Marinobacter (MarRef v6),Marinobacter,PROTEOMICS,HP15_3708,gabT,4-aminobutyrate--2-oxoglutarate transaminase,Amino acid metabolism,2.0,down,-2.643856189774725,0.025,darkness
10.1128/spectrum.03275-22_dark_high_glucose_marino_in_bl107_proteomics,Marinobacter (MarRef v6),Marinobacter,PROTEOMICS,HP15_2158,,ABC transporter substrate-binding protein,Carbohydrate metabolism,3.0,down,-2.5563933485243853,0.018,darkness
10.1128/spectrum.03275-22_dark_high_glucose_marino_in_bl107_proteomics,Marinobacter (MarRef v6),Marinobacter,PROTEOMICS,HP15_372,rplL,50S ribosomal protein L7/L12,Translation,4.0,down,-2.395928676331139,0.026,darkness
10.1128/spectrum.03275-22_dark_high_glucose_marino_in_bl107_proteomics,Marinobacter (MarRef v6),Marinobacter,PROTEOMICS,HP15_1397,katG,catalase/peroxidase HPI,Inorganic ion transport,5.0,down,-1.9434164716336324,0.031,darkness
10.1128/spectrum.03275-22_dark_high_glucose_marino_in_bl107_proteomics,Marinobacter (MarRef v6),Marinobacter,PROTEOMICS,HP15_3055,braC,branched-chain amino acid ABC transporter substrate-binding protein,Amino acid metabolism,6.0,down,-1.4739311883324124,0.0,darkness
10.1128/spectrum.03275-22_dark_high_glucose_marino_in_bl107_proteomics,Marinobacter (MarRef v6),Marinobacter,PROTEOMICS,HP15_533,ilvC,ketol-acid reductoisomerase,Amino acid metabolism,7.0,down,-1.3959286763311392,0.017,darkness
10.1128/spectrum.03275-22_dark_high_glucose_marino_in_bl107_proteomics,Marinobacter (MarRef v6),Marinobacter,PROTEOMICS,HP15_2051,guaB,IMP dehydrogenase,Nucleotide metabolism,8.0,down,-1.217591435072627,0.019,darkness
10.1128/spectrum.03275-22_dark_high_glucose_marino_in_bl107_proteomics,Marinobacter (MarRef v6),Marinobacter,PROTEOMICS,HP15_2188,glcB,malate synthase G,Energy production,9.0,down,-1.0,0.018,darkness
10.1128/spectrum.03275-22_dark_high_glucose_marino_in_bl107_proteomics,Marinobacter (MarRef v6),Marinobacter,PROTEOMICS,HP15_1331,pycB,sodium-extruding oxaloacetate decarboxylase subunit alpha,Energy production,10.0,down,-1.0,0.029,darkness
10.1128/spectrum.03275-22_light_low_glucose_marino_in_bl107_proteomics,Marinobacter (MarRef v6),Marinobacter,PROTEOMICS,HP15_2027,dapA,4-hydroxy-tetrahydrodipicolinate synthase,Amino acid metabolism,1.0,down,-3.0588936890535687,0.027,stationary
10.1128/spectrum.03275-22_light_low_glucose_marino_in_bl107_proteomics,Marinobacter (MarRef v6),Marinobacter,PROTEOMICS,HP15_2958,gtsA,ABC transporter substrate-binding protein,Carbohydrate metabolism,1.0,up,3.0461417816447205,0.033,stationary
10.1128/spectrum.03275-22_light_low_glucose_marino_in_bl107_proteomics,Marinobacter (MarRef v6),Marinobacter,PROTEOMICS,HP15_372,rplL,50S ribosomal protein L7/L12,Translation,2.0,down,-1.8365012677171204,0.022,stationary
10.1128/spectrum.03275-22_light_low_glucose_marino_in_bl107_proteomics,Marinobacter (MarRef v6),Marinobacter,PROTEOMICS,HP15_376,rpsG,30S ribosomal protein S7,Translation,2.0,up,1.0285691521967708,0.019,stationary
10.1128/spectrum.03275-22_light_low_glucose_marino_in_bl107_proteomics,Marinobacter (MarRef v6),Marinobacter,PROTEOMICS,HP15_4133,tupA,substrate-binding domain-containing protein,Coenzyme metabolism,3.0,down,-1.8365012677171204,0.031,stationary
10.1128/spectrum.03275-22_light_low_glucose_marino_in_bl107_proteomics,Marinobacter (MarRef v6),Marinobacter,PROTEOMICS,HP15_3827,oprI,Lpp/OprI family alanine-zipper lipoprotein,Unknown,4.0,down,-1.7369655941662063,0.033,stationary
10.1128/spectrum.03275-22_light_low_glucose_marino_in_bl107_proteomics,Marinobacter (MarRef v6),Marinobacter,PROTEOMICS,HP15_3000,hmuS,hemin-degrading factor,Inorganic ion transport,5.0,down,-1.6438561897747246,0.025,stationary
10.1128/spectrum.03275-22_light_low_glucose_marino_in_bl107_proteomics,Marinobacter (MarRef v6),Marinobacter,PROTEOMICS,HP15_3028,dctP,TRAP transporter substrate-binding protein DctP,Secondary metabolites,6.0,down,-1.5563933485243853,0.05,stationary
10.1128/spectrum.03275-22_light_low_glucose_marino_in_bl107_proteomics,Marinobacter (MarRef v6),Marinobacter,PROTEOMICS,HP15_2158,,ABC transporter substrate-binding protein,Carbohydrate metabolism,7.0,down,-1.4739311883324124,0.003,stationary
10.1128/spectrum.03275-22_light_low_glucose_marino_in_bl107_proteomics,Marinobacter (MarRef v6),Marinobacter,PROTEOMICS,HP15_1344,cysP,thiosulfate ABC transporter substrate-binding protein CysP,Inorganic ion transport,8.0,down,-1.3959286763311392,0.04,stationary
10.1128/spectrum.03275-22_light_low_glucose_marino_in_bl107_proteomics,Marinobacter (MarRef v6),Marinobacter,PROTEOMICS,HP15_373,rpoB,DNA-directed RNA polymerase subunit beta,Transcription,9.0,down,-1.3219280948873622,0.024,stationary
10.1128/spectrum.03275-22_light_low_glucose_marino_in_bl107_proteomics,Marinobacter (MarRef v6),Marinobacter,PROTEOMICS,HP15_1419,,transporter substrate-binding domain-containing protein,Amino acid metabolism,10.0,down,-1.0,0.025,stationary
10.1128/spectrum.03275-22_light_high_glucose_marino_in_bl107_proteomics,Marinobacter (MarRef v6),Marinobacter,PROTEOMICS,HP15_2158,,ABC transporter substrate-binding protein,Carbohydrate metabolism,1.0,down,-3.0588936890535687,0.003,stationary
10.1128/spectrum.03275-22_light_high_glucose_marino_in_bl107_proteomics,Marinobacter (MarRef v6),Marinobacter,PROTEOMICS,HP15_2958,gtsA,ABC transporter substrate-binding protein,Carbohydrate metabolism,1.0,up,4.074676686294496,0.047,stationary
10.1128/spectrum.03275-22_light_high_glucose_marino_in_bl107_proteomics,Marinobacter (MarRef v6),Marinobacter,PROTEOMICS,HP15_2027,dapA,4-hydroxy-tetrahydrodipicolinate synthase,Amino acid metabolism,2.0,down,-2.8365012677171206,0.029,stationary
10.1128/spectrum.03275-22_light_high_glucose_marino_in_bl107_proteomics,Marinobacter (MarRef v6),Marinobacter,PROTEOMICS,HP15_1397,katG,catalase/peroxidase HPI,Inorganic ion transport,3.0,down,-2.5563933485243853,0.035,stationary
10.1128/spectrum.03275-22_light_high_glucose_marino_in_bl107_proteomics,Marinobacter (MarRef v6),Marinobacter,PROTEOMICS,HP15_372,rplL,50S ribosomal protein L7/L12,Translation,4.0,down,-2.1844245711374275,0.025,stationary
10.1128/spectrum.03275-22_light_high_glucose_marino_in_bl107_proteomics,Marinobacter (MarRef v6),Marinobacter,PROTEOMICS,HP15_3055,braC,branched-chain amino acid ABC transporter substrate-binding protein,Amino acid metabolism,5.0,down,-1.8365012677171204,0.013,stationary
10.1128/spectrum.03275-22_light_high_glucose_marino_in_bl107_proteomics,Marinobacter (MarRef v6),Marinobacter,PROTEOMICS,HP15_4076,,TRAP transporter substrate-binding protein,Carbohydrate metabolism,6.0,down,-1.3219280948873622,0.006,stationary
10.1128/spectrum.03275-22_light_high_glucose_marino_in_bl107_proteomics,Marinobacter (MarRef v6),Marinobacter,PROTEOMICS,HP15_2188,glcB,malate synthase G,Energy production,7.0,down,-1.0291463456595165,0.049,stationary
10.1128/spectrum.03275-22_dark_high_glucose_marino_in_med4_proteomics,Marinobacter (MarRef v6),Marinobacter,PROTEOMICS,HP15_482,gltB,glutamate synthase large subunit,Amino acid metabolism,1.0,down,-3.321928094887362,0.042,darkness
10.1128/spectrum.03275-22_dark_high_glucose_marino_in_med4_proteomics,Marinobacter (MarRef v6),Marinobacter,PROTEOMICS,HP15_533,ilvC,ketol-acid reductoisomerase,Amino acid metabolism,1.0,up,4.19377174339668,0.038,darkness
10.1128/spectrum.03275-22_dark_high_glucose_marino_in_med4_proteomics,Marinobacter (MarRef v6),Marinobacter,PROTEOMICS,HP15_2184,clpX,ATP-dependent Clp protease ATP-binding subunit ClpX,Post-translational modification,2.0,down,-3.1844245711374275,0.045,darkness
10.1128/spectrum.03275-22_dark_high_glucose_marino_in_med4_proteomics,Marinobacter (MarRef v6),Marinobacter,PROTEOMICS,HP15_2958,gtsA,ABC transporter substrate-binding protein,Carbohydrate metabolism,2.0,up,4.129283016944966,0.0,darkness
10.1128/spectrum.03275-22_dark_high_glucose_marino_in_med4_proteomics,Marinobacter (MarRef v6),Marinobacter,PROTEOMICS,HP15_1691,,ATP-dependent Clp protease ATP-binding subunit,Post-translational modification,3.0,down,-2.9434164716336326,0.024,darkness
10.1128/spectrum.03275-22_dark_high_glucose_marino_in_med4_proteomics,Marinobacter (MarRef v6),Marinobacter,PROTEOMICS,HP15_306,tdcF,RidA family protein,Translation,3.0,up,4.03738222200308,0.016,darkness
10.1128/spectrum.03275-22_dark_high_glucose_marino_in_med4_proteomics,Marinobacter (MarRef v6),Marinobacter,PROTEOMICS,HP15_3160,pedH,PQQ-dependent methanol/ethanol family dehydrogenase,Carbohydrate metabolism,4.0,down,-2.9434164716336326,0.042,darkness
10.1128/spectrum.03275-22_dark_high_glucose_marino_in_med4_proteomics,Marinobacter (MarRef v6),Marinobacter,PROTEOMICS,HP15_781,lepA,translation elongation factor 4,Cell wall and membrane,4.0,up,4.033863451866284,0.049,darkness
10.1128/spectrum.03275-22_dark_high_glucose_marino_in_med4_proteomics,Marinobacter (MarRef v6),Marinobacter,PROTEOMICS,HP15_3007,ctpA,S41 family peptidase,Cell wall and membrane,5.0,up,3.3798981635246923,0.001,darkness
10.1128/spectrum.03275-22_dark_high_glucose_marino_in_med4_proteomics,Marinobacter (MarRef v6),Marinobacter,PROTEOMICS,HP15_3081,dnaK,molecular chaperone DnaK,Post-translational modification,5.0,down,-2.8365012677171206,0.01,darkness
10.1128/spectrum.03275-22_dark_high_glucose_marino_in_med4_proteomics,Marinobacter (MarRef v6),Marinobacter,PROTEOMICS,HP15_1370,pyrF,orotidine-5^-phosphate decarboxylase,Nucleotide metabolism,6.0,up,3.37851162325373,0.02,darkness
10.1128/spectrum.03275-22_dark_high_glucose_marino_in_med4_proteomics,Marinobacter (MarRef v6),Marinobacter,PROTEOMICS,HP15_1494,hisS,histidine--tRNA ligase,Translation,6.0,down,-2.473931188332412,0.031,darkness
10.1128/spectrum.03275-22_dark_high_glucose_marino_in_med4_proteomics,Marinobacter (MarRef v6),Marinobacter,PROTEOMICS,HP15_1807,yejA,extracellular solute-binding protein,Amino acid metabolism,7.0,up,2.859969548221026,0.017,darkness
10.1128/spectrum.03275-22_dark_high_glucose_marino_in_med4_proteomics,Marinobacter (MarRef v6),Marinobacter,PROTEOMICS,HP15_3000,hmuS,hemin-degrading factor,Inorganic ion transport,7.0,down,-2.395928676331139,0.027,darkness
10.1128/spectrum.03275-22_dark_high_glucose_marino_in_med4_proteomics,Marinobacter (MarRef v6),Marinobacter,PROTEOMICS,HP15_3649,nrdA,ribonucleoside-diphosphate reductase subunit alpha,Nucleotide metabolism,8.0,down,-2.120294233717712,0.043,darkness
10.1128/spectrum.03275-22_dark_high_glucose_marino_in_med4_proteomics,Marinobacter (MarRef v6),Marinobacter,PROTEOMICS,HP15_453,thiC,phosphomethylpyrimidine synthase ThiC,Coenzyme metabolism,8.0,up,2.82781902461732,0.0,darkness
10.1128/spectrum.03275-22_dark_high_glucose_marino_in_med4_proteomics,Marinobacter (MarRef v6),Marinobacter,PROTEOMICS,HP15_3169,pedA,YVTN family beta-propeller repeat protein,Unknown,9.0,down,-1.9434164716336324,0.02,darkness
10.1128/spectrum.03275-22_dark_high_glucose_marino_in_med4_proteomics,Marinobacter (MarRef v6),Marinobacter,PROTEOMICS,HP15_428,glnA,glutamate--ammonia ligase,Amino acid metabolism,9.0,up,2.792855352362489,0.015,darkness
10.1128/spectrum.03275-22_dark_high_glucose_marino_in_med4_proteomics,Marinobacter (MarRef v6),Marinobacter,PROTEOMICS,HP15_3055,braC,branched-chain amino acid ABC transporter substrate-binding protein,Amino acid metabolism,10.0,up,2.711494906650088,0.001,darkness
10.1128/spectrum.03275-22_dark_high_glucose_marino_in_med4_proteomics,Marinobacter (MarRef v6),Marinobacter,PROTEOMICS,HP15_3162,pedF,cytochrome c-550 PedF,Energy production,10.0,down,-1.888968687611256,0.023,darkness
10.1128/spectrum.03275-22_light_low_glucose_marino_in_med4_proteomics,Marinobacter (MarRef v6),Marinobacter,PROTEOMICS,HP15_216,yhgF,Tex family protein,Transcription,1.0,up,1.84799690655495,0.027,stationary
10.1128/spectrum.03275-22_light_low_glucose_marino_in_med4_proteomics,Marinobacter (MarRef v6),Marinobacter,PROTEOMICS,HP15_3821,,MarR family transcriptional regulator,Transcription,1.0,down,-2.120294233717712,0.036,stationary
10.1128/spectrum.03275-22_light_low_glucose_marino_in_med4_proteomics,Marinobacter (MarRef v6),Marinobacter,PROTEOMICS,HP15_3453,cysK,cysteine synthase A,Amino acid metabolism,2.0,up,1.3561438102252754,0.029,stationary
10.1128/spectrum.03275-22_light_low_glucose_marino_in_med4_proteomics,Marinobacter (MarRef v6),Marinobacter,PROTEOMICS,HP15_3673,fhuA,TonB-dependent siderophore receptor,Inorganic ion transport,2.0,down,-1.8365012677171204,0.05,stationary
10.1128/spectrum.03275-22_light_low_glucose_marino_in_med4_proteomics,Marinobacter (MarRef v6),Marinobacter,PROTEOMICS,HP15_2034,pal,peptidoglycan-associated lipoprotein Pal,Cell wall and membrane,3.0,down,-1.7858751946471527,0.027,stationary
10.1128/spectrum.03275-22_light_low_glucose_marino_in_med4_proteomics,Marinobacter (MarRef v6),Marinobacter,PROTEOMICS,HP15_770,,HDOD domain-containing protein,Signal transduction,3.0,up,1.0976107966264224,0.041,stationary
10.1128/spectrum.03275-22_light_low_glucose_marino_in_med4_proteomics,Marinobacter (MarRef v6),Marinobacter,PROTEOMICS,HP15_1757,etfD,electron transfer flavoprotein-ubiquinone oxidoreductase,Energy production,4.0,down,-1.6896598793878497,0.034,stationary
10.1128/spectrum.03275-22_light_low_glucose_marino_in_med4_proteomics,Marinobacter (MarRef v6),Marinobacter,PROTEOMICS,HP15_1827,trpB,tryptophan synthase subunit beta,Amino acid metabolism,5.0,down,-1.2515387669959646,0.02,stationary
10.1128/spectrum.03275-22_light_low_glucose_marino_in_med4_proteomics,Marinobacter (MarRef v6),Marinobacter,PROTEOMICS,HP15_3678,atpC,F0F1 ATP synthase subunit epsilon,Energy production,6.0,down,-1.1202942337177118,0.016,stationary
10.1128/spectrum.03275-22_light_high_glucose_marino_in_med4_proteomics,Marinobacter (MarRef v6),Marinobacter,PROTEOMICS,HP15_273,speE,polyamine aminopropyltransferase,Amino acid metabolism,1.0,up,2.339137384919585,0.023,stationary
10.1128/spectrum.03275-22_light_high_glucose_marino_in_med4_proteomics,Marinobacter (MarRef v6),Marinobacter,PROTEOMICS,HP15_3649,nrdA,ribonucleoside-diphosphate reductase subunit alpha,Nucleotide metabolism,1.0,down,-2.395928676331139,0.05,stationary
10.1128/spectrum.03275-22_light_high_glucose_marino_in_med4_proteomics,Marinobacter (MarRef v6),Marinobacter,PROTEOMICS,HP15_2913,tkt1,transketolase,Carbohydrate metabolism,2.0,down,-2.251538766995965,0.026,stationary
10.1128/spectrum.03275-22_light_high_glucose_marino_in_med4_proteomics,Marinobacter (MarRef v6),Marinobacter,PROTEOMICS,HP15_3286,rpe,ribulose-phosphate 3-epimerase,Carbohydrate metabolism,2.0,up,2.319039815562536,0.024,stationary
10.1128/spectrum.03275-22_light_high_glucose_marino_in_med4_proteomics,Marinobacter (MarRef v6),Marinobacter,PROTEOMICS,HP15_2088,purB,adenylosuccinate lyase,Nucleotide metabolism,3.0,up,2.1667154449664223,0.043,stationary
10.1128/spectrum.03275-22_light_high_glucose_marino_in_med4_proteomics,Marinobacter (MarRef v6),Marinobacter,PROTEOMICS,HP15_373,rpoB,DNA-directed RNA polymerase subunit beta,Transcription,3.0,down,-1.9434164716336324,0.044,stationary
10.1128/spectrum.03275-22_light_high_glucose_marino_in_med4_proteomics,Marinobacter (MarRef v6),Marinobacter,PROTEOMICS,HP15_1494,hisS,histidine--tRNA ligase,Translation,4.0,down,-1.7369655941662063,0.049,stationary
10.1128/spectrum.03275-22_light_high_glucose_marino_in_med4_proteomics,Marinobacter (MarRef v6),Marinobacter,PROTEOMICS,HP15_3079,dapB,4-hydroxy-tetrahydrodipicolinate reductase,Amino acid metabolism,4.0,up,2.1538053360790355,0.02,stationary
10.1128/spectrum.03275-22_light_high_glucose_marino_in_med4_proteomics,Marinobacter (MarRef v6),Marinobacter,PROTEOMICS,HP15_1075,pheS,phenylalanine--tRNA ligase subunit alpha,Translation,5.0,up,1.944858445807539,0.046,stationary
10.1128/spectrum.03275-22_light_high_glucose_marino_in_med4_proteomics,Marinobacter (MarRef v6),Marinobacter,PROTEOMICS,HP15_1397,katG,catalase/peroxidase HPI,Inorganic ion transport,5.0,down,-1.434402824145775,0.041,stationary
10.1128/spectrum.03275-22_light_high_glucose_marino_in_med4_proteomics,Marinobacter (MarRef v6),Marinobacter,PROTEOMICS,HP15_3309,speD,adenosylmethionine decarboxylase,Coenzyme metabolism,6.0,up,1.84799690655495,0.02,stationary
10.1128/spectrum.03275-22_light_high_glucose_marino_in_med4_proteomics,Marinobacter (MarRef v6),Marinobacter,PROTEOMICS,HP15_3619,ahpF,alkyl hydroperoxide reductase subunit F,Post-translational modification,6.0,down,-1.286304185156641,0.05,stationary
10.1128/spectrum.03275-22_light_high_glucose_marino_in_med4_proteomics,Marinobacter (MarRef v6),Marinobacter,PROTEOMICS,HP15_1174,bamA,outer membrane protein assembly factor BamA,Cell wall and membrane,7.0,up,1.7865963618908067,0.008,stationary
10.1128/spectrum.03275-22_light_high_glucose_marino_in_med4_proteomics,Marinobacter (MarRef v6),Marinobacter,PROTEOMICS,HP15_1830,fimV,FimV/HubP family polar landmark protein,Cell motility,7.0,down,-1.0,0.012,stationary
10.1128/spectrum.03275-22_light_high_glucose_marino_in_med4_proteomics,Marinobacter (MarRef v6),Marinobacter,PROTEOMICS,HP15_2248,nqrF,NADH:ubiquinone reductase (Na(+)-transporting) subunit F,Energy production,8.0,up,1.782408564927373,0.042,stationary
10.1128/spectrum.03275-22_light_high_glucose_marino_in_med4_proteomics,Marinobacter (MarRef v6),Marinobacter,PROTEOMICS,HP15_781,lepA,translation elongation factor 4,Cell wall and membrane,9.0,up,1.7180875839605168,0.041,stationary
10.1128/spectrum.03275-22_light_high_glucose_marino_in_med4_proteomics,Marinobacter (MarRef v6),Marinobacter,PROTEOMICS,HP15_3319,dut,dUTP diphosphatase,Nucleotide metabolism,10.0,up,1.6599245584023783,0.019,stationary
10.1128/spectrum.03275-22_dark_low_glucose_marino_in_ss120_proteomics,Marinobacter (MarRef v6),Marinobacter,PROTEOMICS,HP15_3052,lon,endopeptidase La,Post-translational modification,1.0,down,-2.395928676331139,0.02,darkness
10.1128/spectrum.03275-22_dark_low_glucose_marino_in_ss120_proteomics,Marinobacter (MarRef v6),Marinobacter,PROTEOMICS,HP15_488,yjjK,energy-dependent translational throttle protein EttA,Unknown,1.0,up,1.411426245726465,0.0,darkness
10.1128/spectrum.03275-22_dark_low_glucose_marino_in_ss120_proteomics,Marinobacter (MarRef v6),Marinobacter,PROTEOMICS,HP15_2191,glnS,glutamine--tRNA ligase/YqeY domain fusion protein,Translation,2.0,down,-1.9434164716336324,0.0,darkness
10.1128/spectrum.03275-22_dark_high_glucose_marino_in_ss120_proteomics,Marinobacter (MarRef v6),Marinobacter,PROTEOMICS,HP15_2088,purB,adenylosuccinate lyase,Nucleotide metabolism,1.0,up,7.181996998849683,0.02,darkness
10.1128/spectrum.03275-22_dark_high_glucose_marino_in_ss120_proteomics,Marinobacter (MarRef v6),Marinobacter,PROTEOMICS,HP15_3068,nusA,transcription termination factor NusA,Transcription,1.0,down,-4.643856189774724,0.0,darkness
10.1128/spectrum.03275-22_dark_high_glucose_marino_in_ss120_proteomics,Marinobacter (MarRef v6),Marinobacter,PROTEOMICS,HP15_2351,sodB,superoxide dismutase [Fe],Inorganic ion transport,2.0,down,-3.8365012677171206,0.01,darkness
10.1128/spectrum.03275-22_dark_high_glucose_marino_in_ss120_proteomics,Marinobacter (MarRef v6),Marinobacter,PROTEOMICS,HP15_3349,rubB,NAD(P)/FAD-dependent oxidoreductase,Energy production,2.0,up,6.449726433253184,0.03,darkness
10.1128/spectrum.03275-22_dark_high_glucose_marino_in_ss120_proteomics,Marinobacter (MarRef v6),Marinobacter,PROTEOMICS,HP15_1360,gyrA,DNA gyrase subunit A,Replication and repair,3.0,down,-3.473931188332412,0.04,darkness
10.1128/spectrum.03275-22_dark_high_glucose_marino_in_ss120_proteomics,Marinobacter (MarRef v6),Marinobacter,PROTEOMICS,HP15_384,rpsS,30S ribosomal protein S19,Translation,3.0,up,5.364222221093532,0.02,darkness
10.1128/spectrum.03275-22_dark_high_glucose_marino_in_ss120_proteomics,Marinobacter (MarRef v6),Marinobacter,PROTEOMICS,HP15_2229,ppsA,phosphoenolpyruvate synthase,Carbohydrate metabolism,4.0,down,-2.643856189774725,0.01,darkness
10.1128/spectrum.03275-22_dark_high_glucose_marino_in_ss120_proteomics,Marinobacter (MarRef v6),Marinobacter,PROTEOMICS,HP15_3216,ppa,inorganic diphosphatase,Energy production,4.0,up,5.297558281168186,0.01,darkness
10.1128/spectrum.03275-22_dark_high_glucose_marino_in_ss120_proteomics,Marinobacter (MarRef v6),Marinobacter,PROTEOMICS,HP15_3234,aceA,isocitrate lyase,Energy production,5.0,down,-2.5563933485243853,0.01,darkness
10.1128/spectrum.03275-22_dark_high_glucose_marino_in_ss120_proteomics,Marinobacter (MarRef v6),Marinobacter,PROTEOMICS,HP15_3953,btuB,TonB-dependent receptor plug domain-containing protein,Coenzyme metabolism,5.0,up,5.28909670241999,0.04,darkness
10.1128/spectrum.03275-22_dark_high_glucose_marino_in_ss120_proteomics,Marinobacter (MarRef v6),Marinobacter,PROTEOMICS,HP15_3679,atpD,F0F1 ATP synthase subunit beta,Energy production,6.0,down,-2.473931188332412,0.0,darkness
10.1128/spectrum.03275-22_dark_high_glucose_marino_in_ss120_proteomics,Marinobacter (MarRef v6),Marinobacter,PROTEOMICS,HP15_928,,ABC transporter substrate-binding protein,Amino acid metabolism,6.0,up,5.1945598860226125,0.02,darkness
10.1128/spectrum.03275-22_dark_high_glucose_marino_in_ss120_proteomics,Marinobacter (MarRef v6),Marinobacter,PROTEOMICS,HP15_1213,,SDR family oxidoreductase,Cell wall and membrane,7.0,up,5.076815597050831,0.01,darkness
10.1128/spectrum.03275-22_dark_high_glucose_marino_in_ss120_proteomics,Marinobacter (MarRef v6),Marinobacter,PROTEOMICS,HP15_529,clpB,ATP-dependent chaperone ClpB,Post-translational modification,7.0,down,-2.251538766995965,0.0,darkness
10.1128/spectrum.03275-22_dark_high_glucose_marino_in_ss120_proteomics,Marinobacter (MarRef v6),Marinobacter,PROTEOMICS,HP15_3046,aceE,"pyruvate dehydrogenase (acetyl-transferring), homodimeric type",Energy production,8.0,down,-2.120294233717712,0.03,darkness
10.1128/spectrum.03275-22_dark_high_glucose_marino_in_ss120_proteomics,Marinobacter (MarRef v6),Marinobacter,PROTEOMICS,HP15_628,rplI,50S ribosomal protein L9,Translation,8.0,up,4.798569003556882,0.0,darkness
10.1128/spectrum.03275-22_dark_high_glucose_marino_in_ss120_proteomics,Marinobacter (MarRef v6),Marinobacter,PROTEOMICS,HP15_3759,prlC,oligopeptidase A,Amino acid metabolism,9.0,down,-1.7369655941662063,0.05,darkness
10.1128/spectrum.03275-22_dark_high_glucose_marino_in_ss120_proteomics,Marinobacter (MarRef v6),Marinobacter,PROTEOMICS,HP15_3855,ectB,diaminobutyrate--2-oxoglutarate transaminase,Amino acid metabolism,9.0,up,4.785027362235466,0.01,darkness
10.1128/spectrum.03275-22_dark_high_glucose_marino_in_ss120_proteomics,Marinobacter (MarRef v6),Marinobacter,PROTEOMICS,HP15_2910,fba,class II fructose-bisphosphate aldolase,Carbohydrate metabolism,10.0,up,4.764473550992666,0.02,darkness
10.1128/spectrum.03275-22_dark_high_glucose_marino_in_ss120_proteomics,Marinobacter (MarRef v6),Marinobacter,PROTEOMICS,HP15_429,bipA,translational GTPase TypA,Signal transduction,10.0,down,-1.7369655941662063,0.05,darkness
10.1128/spectrum.03275-22_light_low_glucose_marino_in_ss120_proteomics,Marinobacter (MarRef v6),Marinobacter,PROTEOMICS,HP15_1076,pheT,phenylalanine--tRNA ligase subunit beta,Translation,1.0,down,-2.251538766995965,0.0,stationary
10.1128/spectrum.03275-22_light_low_glucose_marino_in_ss120_proteomics,Marinobacter (MarRef v6),Marinobacter,PROTEOMICS,HP15_3052,lon,endopeptidase La,Post-translational modification,1.0,up,2.671293372481576,0.0,stationary
10.1128/spectrum.03275-22_light_low_glucose_marino_in_ss120_proteomics,Marinobacter (MarRef v6),Marinobacter,PROTEOMICS,HP15_3031,artJ,transporter substrate-binding domain-containing protein,Amino acid metabolism,2.0,down,-2.251538766995965,0.05,stationary
10.1128/spectrum.03275-22_light_low_glucose_marino_in_ss120_proteomics,Marinobacter (MarRef v6),Marinobacter,PROTEOMICS,HP15_764,hom,homoserine dehydrogenase,Amino acid metabolism,2.0,up,1.0565835283663676,0.02,stationary
10.1128/spectrum.03275-22_light_low_glucose_marino_in_ss120_proteomics,Marinobacter (MarRef v6),Marinobacter,PROTEOMICS,HP15_2292,cheW,chemotaxis protein CheW,Cell motility,3.0,down,-1.8365012677171204,0.05,stationary
10.1128/spectrum.03275-22_light_low_glucose_marino_in_ss120_proteomics,Marinobacter (MarRef v6),Marinobacter,PROTEOMICS,HP15_2088,purB,adenylosuccinate lyase,Nucleotide metabolism,4.0,down,-1.6438561897747246,0.04,stationary
10.1128/spectrum.03275-22_light_low_glucose_marino_in_ss120_proteomics,Marinobacter (MarRef v6),Marinobacter,PROTEOMICS,HP15_3706,gyrB,DNA topoisomerase (ATP-hydrolyzing) subunit B,Replication and repair,5.0,down,-1.434402824145775,0.0,stationary
10.1128/spectrum.03275-22_light_low_glucose_marino_in_ss120_proteomics,Marinobacter (MarRef v6),Marinobacter,PROTEOMICS,HP15_3759,prlC,oligopeptidase A,Amino acid metabolism,6.0,down,-1.3584539709124763,0.03,stationary
10.1128/spectrum.03275-22_light_high_glucose_marino_in_ss120_proteomics,Marinobacter (MarRef v6),Marinobacter,PROTEOMICS,HP15_1239,purL,phosphoribosylformylglycinamidine synthase,Nucleotide metabolism,1.0,up,5.081083928687635,0.04,stationary
10.1128/spectrum.03275-22_light_high_glucose_marino_in_ss120_proteomics,Marinobacter (MarRef v6),Marinobacter,PROTEOMICS,HP15_3068,nusA,transcription termination factor NusA,Transcription,1.0,down,-5.643856189774724,0.0,stationary
10.1128/spectrum.03275-22_light_high_glucose_marino_in_ss120_proteomics,Marinobacter (MarRef v6),Marinobacter,PROTEOMICS,HP15_2351,sodB,superoxide dismutase [Fe],Inorganic ion transport,2.0,down,-3.8365012677171206,0.0,stationary
10.1128/spectrum.03275-22_light_high_glucose_marino_in_ss120_proteomics,Marinobacter (MarRef v6),Marinobacter,PROTEOMICS,HP15_3216,ppa,inorganic diphosphatase,Energy production,2.0,up,4.590362488463746,0.04,stationary
10.1128/spectrum.03275-22_light_high_glucose_marino_in_ss120_proteomics,Marinobacter (MarRef v6),Marinobacter,PROTEOMICS,HP15_1758,slyD,FKBP-type peptidyl-prolyl cis-trans isomerase,Post-translational modification,3.0,up,4.359661722333877,0.04,stationary
10.1128/spectrum.03275-22_light_high_glucose_marino_in_ss120_proteomics,Marinobacter (MarRef v6),Marinobacter,PROTEOMICS,HP15_768,lysS,lysine--tRNA ligase,Translation,3.0,down,-3.8365012677171206,0.02,stationary
10.1128/spectrum.03275-22_light_high_glucose_marino_in_ss120_proteomics,Marinobacter (MarRef v6),Marinobacter,PROTEOMICS,HP15_1360,gyrA,DNA gyrase subunit A,Replication and repair,4.0,down,-3.643856189774725,0.0,stationary
10.1128/spectrum.03275-22_light_high_glucose_marino_in_ss120_proteomics,Marinobacter (MarRef v6),Marinobacter,PROTEOMICS,HP15_3953,btuB,TonB-dependent receptor plug domain-containing protein,Coenzyme metabolism,4.0,up,4.357552004618084,0.03,stationary
10.1128/spectrum.03275-22_light_high_glucose_marino_in_ss120_proteomics,Marinobacter (MarRef v6),Marinobacter,PROTEOMICS,HP15_3234,aceA,isocitrate lyase,Energy production,5.0,down,-3.643856189774725,0.0,stationary
10.1128/spectrum.03275-22_light_high_glucose_marino_in_ss120_proteomics,Marinobacter (MarRef v6),Marinobacter,PROTEOMICS,HP15_384,rpsS,30S ribosomal protein S19,Translation,5.0,up,4.220329954879555,0.02,stationary
10.1128/spectrum.03275-22_light_high_glucose_marino_in_ss120_proteomics,Marinobacter (MarRef v6),Marinobacter,PROTEOMICS,HP15_3679,atpD,F0F1 ATP synthase subunit beta,Energy production,6.0,down,-3.473931188332412,0.01,stationary
10.1128/spectrum.03275-22_light_high_glucose_marino_in_ss120_proteomics,Marinobacter (MarRef v6),Marinobacter,PROTEOMICS,HP15_3855,ectB,diaminobutyrate--2-oxoglutarate transaminase,Amino acid metabolism,6.0,up,4.087462841250339,0.03,stationary
10.1128/spectrum.03275-22_light_high_glucose_marino_in_ss120_proteomics,Marinobacter (MarRef v6),Marinobacter,PROTEOMICS,HP15_2229,ppsA,phosphoenolpyruvate synthase,Carbohydrate metabolism,7.0,down,-2.9434164716336326,0.0,stationary
10.1128/spectrum.03275-22_light_high_glucose_marino_in_ss120_proteomics,Marinobacter (MarRef v6),Marinobacter,PROTEOMICS,HP15_2958,gtsA,ABC transporter substrate-binding protein,Carbohydrate metabolism,7.0,up,4.047014819517589,0.02,stationary
10.1128/spectrum.03275-22_light_high_glucose_marino_in_ss120_proteomics,Marinobacter (MarRef v6),Marinobacter,PROTEOMICS,HP15_3759,prlC,oligopeptidase A,Amino acid metabolism,8.0,down,-2.9434164716336326,0.0,stationary
10.1128/spectrum.03275-22_light_high_glucose_marino_in_ss120_proteomics,Marinobacter (MarRef v6),Marinobacter,PROTEOMICS,HP15_380,rplC,50S ribosomal protein L3,Translation,8.0,up,3.974529312483882,0.01,stationary
10.1128/spectrum.03275-22_light_high_glucose_marino_in_ss120_proteomics,Marinobacter (MarRef v6),Marinobacter,PROTEOMICS,HP15_2080,clpA,ATP-dependent Clp protease ATP-binding subunit ClpA,Post-translational modification,9.0,down,-2.8365012677171206,0.0,stationary
10.1128/spectrum.03275-22_light_high_glucose_marino_in_ss120_proteomics,Marinobacter (MarRef v6),Marinobacter,PROTEOMICS,HP15_2214,fabD,ACP S-malonyltransferase,Lipid metabolism,9.0,up,3.932628157022127,0.04,stationary
10.1128/spectrum.03275-22_light_high_glucose_marino_in_ss120_proteomics,Marinobacter (MarRef v6),Marinobacter,PROTEOMICS,HP15_2473,leuS,leucine--tRNA ligase,Translation,10.0,down,-2.736965594166206,0.01,stationary
10.1128/spectrum.03275-22_light_high_glucose_marino_in_ss120_proteomics,Marinobacter (MarRef v6),Marinobacter,PROTEOMICS,HP15_453,thiC,phosphomethylpyrimidine synthase ThiC,Coenzyme metabolism,10.0,up,3.9231491804723087,0.01,stationary
10.1128/spectrum.03275-22_dark_low_glucose_marino_in_wh7803_proteomics,Marinobacter (MarRef v6),Marinobacter,PROTEOMICS,HP15_3759,prlC,oligopeptidase A,Amino acid metabolism,1.0,up,1.9107326619029128,0.039,darkness
10.1128/spectrum.03275-22_dark_low_glucose_marino_in_wh7803_proteomics,Marinobacter (MarRef v6),Marinobacter,PROTEOMICS,HP15_404,rpoA,DNA-directed RNA polymerase subunit alpha,Transcription,1.0,down,-2.0,0.03,darkness
10.1128/spectrum.03275-22_dark_low_glucose_marino_in_wh7803_proteomics,Marinobacter (MarRef v6),Marinobacter,PROTEOMICS,HP15_382,rplW,50S ribosomal protein L23,Translation,2.0,down,-1.3584539709124763,0.028,darkness
10.1128/spectrum.03275-22_dark_high_glucose_marino_in_wh7803_proteomics,Marinobacter (MarRef v6),Marinobacter,PROTEOMICS,HP15_1691,,ATP-dependent Clp protease ATP-binding subunit,Post-translational modification,1.0,down,-1.9434164716336324,0.04,darkness
10.1128/spectrum.03275-22_dark_high_glucose_marino_in_wh7803_proteomics,Marinobacter (MarRef v6),Marinobacter,PROTEOMICS,HP15_388,rpmC,50S ribosomal protein L29,Translation,1.0,up,4.295723024539968,0.041,darkness
10.1128/spectrum.03275-22_dark_high_glucose_marino_in_wh7803_proteomics,Marinobacter (MarRef v6),Marinobacter,PROTEOMICS,HP15_275,glnK,P-II family nitrogen regulator,Transcription,2.0,up,4.257764968571387,0.026,darkness
10.1128/spectrum.03275-22_dark_high_glucose_marino_in_wh7803_proteomics,Marinobacter (MarRef v6),Marinobacter,PROTEOMICS,HP15_3067,infB,translation initiation factor IF-2,Translation,2.0,down,-1.0892673380970874,0.041,darkness
10.1128/spectrum.03275-22_dark_high_glucose_marino_in_wh7803_proteomics,Marinobacter (MarRef v6),Marinobacter,PROTEOMICS,HP15_380,rplC,50S ribosomal protein L3,Translation,3.0,up,3.799087306074004,0.028,darkness
10.1128/spectrum.03275-22_dark_high_glucose_marino_in_wh7803_proteomics,Marinobacter (MarRef v6),Marinobacter,PROTEOMICS,HP15_453,thiC,phosphomethylpyrimidine synthase ThiC,Coenzyme metabolism,4.0,up,2.948600847493356,0.001,darkness
10.1128/spectrum.03275-22_dark_high_glucose_marino_in_wh7803_proteomics,Marinobacter (MarRef v6),Marinobacter,PROTEOMICS,HP15_761,rplS,50S ribosomal protein L19,Translation,5.0,up,2.7676547982373463,0.044,darkness
10.1128/spectrum.03275-22_dark_high_glucose_marino_in_wh7803_proteomics,Marinobacter (MarRef v6),Marinobacter,PROTEOMICS,HP15_3905,metQ-2,MetQ/NlpA family ABC transporter substrate-binding protein,Inorganic ion transport,6.0,up,2.5777309314900805,0.028,darkness
10.1128/spectrum.03275-22_dark_high_glucose_marino_in_wh7803_proteomics,Marinobacter (MarRef v6),Marinobacter,PROTEOMICS,HP15_2911,pgk,phosphoglycerate kinase,Carbohydrate metabolism,7.0,up,2.229587922740652,0.013,darkness
10.1128/spectrum.03275-22_dark_high_glucose_marino_in_wh7803_proteomics,Marinobacter (MarRef v6),Marinobacter,PROTEOMICS,HP15_2463,cysN,sulfate adenylyltransferase subunit CysN,Coenzyme metabolism,8.0,up,1.944858445807539,0.039,darkness
10.1128/spectrum.03275-22_dark_high_glucose_marino_in_wh7803_proteomics,Marinobacter (MarRef v6),Marinobacter,PROTEOMICS,HP15_372,rplL,50S ribosomal protein L7/L12,Translation,9.0,up,1.9411063109464315,0.014,darkness
10.1128/spectrum.03275-22_dark_high_glucose_marino_in_wh7803_proteomics,Marinobacter (MarRef v6),Marinobacter,PROTEOMICS,HP15_3228,purD,phosphoribosylamine--glycine ligase,Nucleotide metabolism,10.0,up,1.918386234446348,0.048,darkness
10.1128/spectrum.03275-22_light_high_glucose_marino_in_wh7803_proteomics,Marinobacter (MarRef v6),Marinobacter,PROTEOMICS,HP15_3335,hemB,porphobilinogen synthase,Coenzyme metabolism,1.0,down,-3.473931188332412,0.047,stationary
10.1128/spectrum.03275-22_light_high_glucose_marino_in_wh7803_proteomics,Marinobacter (MarRef v6),Marinobacter,PROTEOMICS,HP15_369,rplK,50S ribosomal protein L11,Translation,1.0,up,5.0386995513055854,0.031,stationary
10.1128/spectrum.03275-22_light_high_glucose_marino_in_wh7803_proteomics,Marinobacter (MarRef v6),Marinobacter,PROTEOMICS,HP15_3389,pstS,substrate-binding domain-containing protein,Inorganic ion transport,2.0,down,-1.6896598793878497,0.025,stationary
10.1128/spectrum.03275-22_light_high_glucose_marino_in_wh7803_proteomics,Marinobacter (MarRef v6),Marinobacter,PROTEOMICS,HP15_388,rpmC,50S ribosomal protein L29,Translation,2.0,up,3.928844036712568,0.05,stationary
10.1128/spectrum.03275-22_light_high_glucose_marino_in_wh7803_proteomics,Marinobacter (MarRef v6),Marinobacter,PROTEOMICS,HP15_3286,rpe,ribulose-phosphate 3-epimerase,Carbohydrate metabolism,3.0,down,-1.3584539709124763,0.006,stationary
10.1128/spectrum.03275-22_light_high_glucose_marino_in_wh7803_proteomics,Marinobacter (MarRef v6),Marinobacter,PROTEOMICS,HP15_382,rplW,50S ribosomal protein L23,Translation,3.0,up,3.0531113364595623,0.04,stationary
10.1128/spectrum.03275-22_light_high_glucose_marino_in_wh7803_proteomics,Marinobacter (MarRef v6),Marinobacter,PROTEOMICS,HP15_380,rplC,50S ribosomal protein L3,Translation,4.0,up,2.503348735167504,0.037,stationary
10.1128/spectrum.03275-22_light_high_glucose_marino_in_wh7803_proteomics,Marinobacter (MarRef v6),Marinobacter,PROTEOMICS,HP15_275,glnK,P-II family nitrogen regulator,Transcription,5.0,up,2.0461417816447205,0.01,stationary
10.1128/spectrum.03275-22_light_high_glucose_marino_in_wh7803_proteomics,Marinobacter (MarRef v6),Marinobacter,PROTEOMICS,HP15_372,rplL,50S ribosomal protein L7/L12,Translation,6.0,up,1.8439838440483265,0.018,stationary
10.1128/spectrum.03275-22_light_high_glucose_marino_in_wh7803_proteomics,Marinobacter (MarRef v6),Marinobacter,PROTEOMICS,HP15_2212,acpP,acyl carrier protein,Lipid metabolism,7.0,up,1.5260688116675876,0.025,stationary
10.1128/spectrum.03275-22_light_high_glucose_marino_in_wh7803_proteomics,Marinobacter (MarRef v6),Marinobacter,PROTEOMICS,HP15_2176,pykA,pyruvate kinase,Carbohydrate metabolism,8.0,up,1.4436066514756147,0.029,stationary
10.1128/spectrum.03275-22_light_high_glucose_marino_in_wh7803_proteomics,Marinobacter (MarRef v6),Marinobacter,PROTEOMICS,HP15_3031,artJ,transporter substrate-binding domain-containing protein,Amino acid metabolism,9.0,up,1.3504972470841332,0.013,stationary
10.1128/spectrum.03275-22_dark_low_glucose_marino_in_wh8102_proteomics,Marinobacter (MarRef v6),Marinobacter,PROTEOMICS,HP15_2984,sufB,Fe-S cluster assembly protein SufB,Post-translational modification,1.0,up,3.2418401835646704,0.04,darkness
10.1128/spectrum.03275-22_dark_low_glucose_marino_in_wh8102_proteomics,Marinobacter (MarRef v6),Marinobacter,PROTEOMICS,HP15_3335,hemB,porphobilinogen synthase,Coenzyme metabolism,1.0,down,-4.643856189774724,0.001,darkness
10.1128/spectrum.03275-22_dark_low_glucose_marino_in_wh8102_proteomics,Marinobacter (MarRef v6),Marinobacter,PROTEOMICS,HP15_2455,mreB,rod shape-determining protein,Cell cycle and division,2.0,down,-2.5563933485243853,0.019,darkness
10.1128/spectrum.03275-22_dark_low_glucose_marino_in_wh8102_proteomics,Marinobacter (MarRef v6),Marinobacter,PROTEOMICS,HP15_3288,trpE,anthranilate synthase component I,Amino acid metabolism,2.0,up,1.8718436485093173,0.046,darkness
10.1128/spectrum.03275-22_dark_low_glucose_marino_in_wh8102_proteomics,Marinobacter (MarRef v6),Marinobacter,PROTEOMICS,HP15_2198,,acyl-CoA thioesterase,Unknown,3.0,up,1.6735564239901446,0.021,darkness
10.1128/spectrum.03275-22_dark_low_glucose_marino_in_wh8102_proteomics,Marinobacter (MarRef v6),Marinobacter,PROTEOMICS,HP15_354,,bactofilin family protein,Cell wall and membrane,3.0,down,-2.473931188332412,0.011,darkness
10.1128/spectrum.03275-22_dark_low_glucose_marino_in_wh8102_proteomics,Marinobacter (MarRef v6),Marinobacter,PROTEOMICS,HP15_3376,rapA,RNA polymerase-associated protein RapA,Transcription,4.0,down,-2.395928676331139,0.026,darkness
10.1128/spectrum.03275-22_dark_low_glucose_marino_in_wh8102_proteomics,Marinobacter (MarRef v6),Marinobacter,PROTEOMICS,HP15_3552,,ribonuclease R family protein,Transcription,4.0,up,1.298658315564515,0.018,darkness
10.1128/spectrum.03275-22_dark_low_glucose_marino_in_wh8102_proteomics,Marinobacter (MarRef v6),Marinobacter,PROTEOMICS,HP15_1755,etfA,electron transfer flavoprotein subunit alpha/FixB family protein,Energy production,5.0,down,-2.120294233717712,0.048,darkness
10.1128/spectrum.03275-22_dark_low_glucose_marino_in_wh8102_proteomics,Marinobacter (MarRef v6),Marinobacter,PROTEOMICS,HP15_385,rplV,50S ribosomal protein L22,Translation,5.0,up,1.01435529297707,0.046,darkness
10.1128/spectrum.03275-22_dark_low_glucose_marino_in_wh8102_proteomics,Marinobacter (MarRef v6),Marinobacter,PROTEOMICS,HP15_1065,pepN,aminopeptidase N,Amino acid metabolism,6.0,down,-2.0588936890535687,0.026,darkness
10.1128/spectrum.03275-22_dark_low_glucose_marino_in_wh8102_proteomics,Marinobacter (MarRef v6),Marinobacter,PROTEOMICS,HP15_3799,,acetoacetate--CoA ligase,Lipid metabolism,7.0,down,-1.7858751946471527,0.009,darkness
10.1128/spectrum.03275-22_dark_low_glucose_marino_in_wh8102_proteomics,Marinobacter (MarRef v6),Marinobacter,PROTEOMICS,HP15_223,mip,FKBP-type peptidyl-prolyl cis-trans isomerase,Cell wall and membrane,8.0,down,-1.6896598793878497,0.026,darkness
10.1128/spectrum.03275-22_dark_low_glucose_marino_in_wh8102_proteomics,Marinobacter (MarRef v6),Marinobacter,PROTEOMICS,HP15_1792,metH,methionine synthase,Amino acid metabolism,9.0,down,-1.6438561897747246,0.01,darkness
10.1128/spectrum.03275-22_dark_low_glucose_marino_in_wh8102_proteomics,Marinobacter (MarRef v6),Marinobacter,PROTEOMICS,HP15_1827,trpB,tryptophan synthase subunit beta,Amino acid metabolism,10.0,down,-1.6438561897747246,0.017,darkness
10.1128/spectrum.03275-22_dark_high_glucose_marino_in_wh8102_proteomics,Marinobacter (MarRef v6),Marinobacter,PROTEOMICS,HP15_1056,,AraC family transcriptional regulator,Transcription,1.0,down,-1.7858751946471527,0.022,darkness
10.1128/spectrum.03275-22_dark_high_glucose_marino_in_wh8102_proteomics,Marinobacter (MarRef v6),Marinobacter,PROTEOMICS,HP15_3373,cspA,cold-shock protein,Transcription,1.0,up,2.344828496997441,0.002,darkness
10.1128/spectrum.03275-22_dark_high_glucose_marino_in_wh8102_proteomics,Marinobacter (MarRef v6),Marinobacter,PROTEOMICS,HP15_3028,dctP,TRAP transporter substrate-binding protein DctP,Secondary metabolites,2.0,down,-1.3584539709124763,0.014,darkness
10.1128/spectrum.03275-22_dark_high_glucose_marino_in_wh8102_proteomics,Marinobacter (MarRef v6),Marinobacter,PROTEOMICS,HP15_3552,,ribonuclease R family protein,Transcription,2.0,up,2.2809563138310565,0.023,darkness
10.1128/spectrum.03275-22_dark_high_glucose_marino_in_wh8102_proteomics,Marinobacter (MarRef v6),Marinobacter,PROTEOMICS,HP15_1397,katG,catalase/peroxidase HPI,Inorganic ion transport,3.0,down,-1.0291463456595165,0.031,darkness
10.1128/spectrum.03275-22_dark_high_glucose_marino_in_wh8102_proteomics,Marinobacter (MarRef v6),Marinobacter,PROTEOMICS,HP15_478,pilQ,type IV pilus secretin PilQ,Intracellular trafficking,3.0,up,2.063502942306158,0.048,darkness
10.1128/spectrum.03275-22_dark_high_glucose_marino_in_wh8102_proteomics,Marinobacter (MarRef v6),Marinobacter,PROTEOMICS,HP15_471,rpmE,50S ribosomal protein L31,Translation,4.0,up,1.879705766282288,0.017,darkness
10.1128/spectrum.03275-22_dark_high_glucose_marino_in_wh8102_proteomics,Marinobacter (MarRef v6),Marinobacter,PROTEOMICS,HP15_758,rpsP,30S ribosomal protein S16,Translation,5.0,up,1.8718436485093173,0.023,darkness
10.1128/spectrum.03275-22_dark_high_glucose_marino_in_wh8102_proteomics,Marinobacter (MarRef v6),Marinobacter,PROTEOMICS,HP15_3047,,KamA family radical SAM protein,Amino acid metabolism,6.0,up,1.7355221772965377,0.033,darkness
10.1128/spectrum.03275-22_dark_high_glucose_marino_in_wh8102_proteomics,Marinobacter (MarRef v6),Marinobacter,PROTEOMICS,HP15_764,hom,homoserine dehydrogenase,Amino acid metabolism,7.0,up,1.6690267655096307,0.013,darkness
10.1128/spectrum.03275-22_dark_high_glucose_marino_in_wh8102_proteomics,Marinobacter (MarRef v6),Marinobacter,PROTEOMICS,HP15_3195,hisE,phosphoribosyl-ATP diphosphatase,Amino acid metabolism,8.0,up,1.6369145803558778,0.022,darkness
10.1128/spectrum.03275-22_dark_high_glucose_marino_in_wh8102_proteomics,Marinobacter (MarRef v6),Marinobacter,PROTEOMICS,HP15_389,rpsQ,30S ribosomal protein S17,Translation,9.0,up,1.6369145803558778,0.045,darkness
10.1128/spectrum.03275-22_dark_high_glucose_marino_in_wh8102_proteomics,Marinobacter (MarRef v6),Marinobacter,PROTEOMICS,HP15_1821,purF,amidophosphoribosyltransferase,Nucleotide metabolism,10.0,up,1.4541758931858022,0.003,darkness
10.1128/spectrum.03275-22_light_low_glucose_marino_in_wh8102_proteomics,Marinobacter (MarRef v6),Marinobacter,PROTEOMICS,HP15_1306,,DUF1631 domain-containing protein,Cell motility,1.0,down,-2.321928094887362,0.047,stationary
10.1128/spectrum.03275-22_light_low_glucose_marino_in_wh8102_proteomics,Marinobacter (MarRef v6),Marinobacter,PROTEOMICS,HP15_332,dksA,RNA polymerase-binding protein DksA,Signal transduction,1.0,up,1.992768430768924,0.04,stationary
10.1128/spectrum.03275-22_light_low_glucose_marino_in_wh8102_proteomics,Marinobacter (MarRef v6),Marinobacter,PROTEOMICS,HP15_1225,yciK,YciK family oxidoreductase,Lipid metabolism,2.0,down,-2.120294233717712,0.03,stationary
10.1128/spectrum.03275-22_light_low_glucose_marino_in_wh8102_proteomics,Marinobacter (MarRef v6),Marinobacter,PROTEOMICS,HP15_2025,purC,phosphoribosylaminoimidazolesuccinocarboxamide synthase,Nucleotide metabolism,2.0,up,1.4854268271702418,0.029,stationary
10.1128/spectrum.03275-22_light_low_glucose_marino_in_wh8102_proteomics,Marinobacter (MarRef v6),Marinobacter,PROTEOMICS,HP15_2555,yiaD,OmpA family protein,Cell wall and membrane,3.0,up,1.2750070474998698,0.033,stationary
10.1128/spectrum.03275-22_light_low_glucose_marino_in_wh8102_proteomics,Marinobacter (MarRef v6),Marinobacter,PROTEOMICS,HP15_529,clpB,ATP-dependent chaperone ClpB,Post-translational modification,3.0,down,-1.7858751946471527,0.014,stationary
10.1128/spectrum.03275-22_light_low_glucose_marino_in_wh8102_proteomics,Marinobacter (MarRef v6),Marinobacter,PROTEOMICS,HP15_2091,,LysR family transcriptional regulator,Transcription,4.0,down,-1.1844245711374275,0.01,stationary
10.1128/spectrum.03275-22_light_low_glucose_marino_in_wh8102_proteomics,Marinobacter (MarRef v6),Marinobacter,PROTEOMICS,HP15_317,rpsU,30S ribosomal protein S21,Translation,4.0,up,1.15704371014558,0.029,stationary
10.1128/spectrum.03275-22_light_low_glucose_marino_in_wh8102_proteomics,Marinobacter (MarRef v6),Marinobacter,PROTEOMICS,HP15_1273,kdsA,3-deoxy-8-phosphooctulonate synthase,Cell wall and membrane,5.0,up,1.070389327891398,0.041,stationary
10.1128/spectrum.03275-22_light_low_glucose_marino_in_wh8102_proteomics,Marinobacter (MarRef v6),Marinobacter,PROTEOMICS,HP15_1477,flgL,flagellar hook-associated protein FlgL,Cell motility,5.0,down,-1.0291463456595165,0.027,stationary
10.1128/spectrum.03275-22_light_low_glucose_marino_in_wh8102_proteomics,Marinobacter (MarRef v6),Marinobacter,PROTEOMICS,HP15_3085,fur,ferric iron uptake transcriptional regulator,Transcription,6.0,up,1.0071955014042038,0.049,stationary
10.1128/spectrum.03275-22_light_low_glucose_marino_in_wh8102_proteomics,Marinobacter (MarRef v6),Marinobacter,PROTEOMICS,HP15_3169,pedA,YVTN family beta-propeller repeat protein,Unknown,6.0,down,-1.0,0.012,stationary
10.1128/spectrum.03275-22_light_low_glucose_marino_in_wh8102_proteomics,Marinobacter (MarRef v6),Marinobacter,PROTEOMICS,HP15_1795,cysI,nitrite/sulfite reductase,Energy production,7.0,down,-1.0,0.026,stationary
10.1128/spectrum.03275-22_light_high_glucose_marino_in_wh8102_proteomics,Marinobacter (MarRef v6),Marinobacter,PROTEOMICS,HP15_2231,,insulinase family protein,Unknown,1.0,down,-5.058893689053568,0.02,stationary
10.1128/spectrum.03275-22_light_high_glucose_marino_in_wh8102_proteomics,Marinobacter (MarRef v6),Marinobacter,PROTEOMICS,HP15_758,rpsP,30S ribosomal protein S16,Translation,1.0,up,5.1838834590322325,0.017,stationary
10.1128/spectrum.03275-22_light_high_glucose_marino_in_wh8102_proteomics,Marinobacter (MarRef v6),Marinobacter,PROTEOMICS,HP15_382,rplW,50S ribosomal protein L23,Translation,2.0,up,4.66732447027863,0.03,stationary
10.1128/spectrum.03275-22_light_high_glucose_marino_in_wh8102_proteomics,Marinobacter (MarRef v6),Marinobacter,PROTEOMICS,HP15_906,aldH6A1,CoA-acylating methylmalonate-semialdehyde dehydrogenase,Energy production,2.0,down,-4.643856189774724,0.003,stationary
10.1128/spectrum.03275-22_light_high_glucose_marino_in_wh8102_proteomics,Marinobacter (MarRef v6),Marinobacter,PROTEOMICS,HP15_3453,cysK,cysteine synthase A,Amino acid metabolism,3.0,down,-4.058893689053568,0.02,stationary
10.1128/spectrum.03275-22_light_high_glucose_marino_in_wh8102_proteomics,Marinobacter (MarRef v6),Marinobacter,PROTEOMICS,HP15_494,ribH,"6,7-dimethyl-8-ribityllumazine synthase",Coenzyme metabolism,3.0,up,4.1001366712854495,0.039,stationary
10.1128/spectrum.03275-22_light_high_glucose_marino_in_wh8102_proteomics,Marinobacter (MarRef v6),Marinobacter,PROTEOMICS,HP15_1878,,VWA domain-containing protein,Unknown,4.0,up,3.485426827170241,0.033,stationary
10.1128/spectrum.03275-22_light_high_glucose_marino_in_wh8102_proteomics,Marinobacter (MarRef v6),Marinobacter,PROTEOMICS,HP15_2091,,LysR family transcriptional regulator,Transcription,4.0,down,-4.058893689053568,0.027,stationary
10.1128/spectrum.03275-22_light_high_glucose_marino_in_wh8102_proteomics,Marinobacter (MarRef v6),Marinobacter,PROTEOMICS,HP15_1525,sucD,succinate--CoA ligase subunit alpha,Energy production,5.0,up,3.075532631167357,0.034,stationary
10.1128/spectrum.03275-22_light_high_glucose_marino_in_wh8102_proteomics,Marinobacter (MarRef v6),Marinobacter,PROTEOMICS,HP15_529,clpB,ATP-dependent chaperone ClpB,Post-translational modification,5.0,down,-3.8365012677171206,0.013,stationary
10.1128/spectrum.03275-22_light_high_glucose_marino_in_wh8102_proteomics,Marinobacter (MarRef v6),Marinobacter,PROTEOMICS,HP15_1755,etfA,electron transfer flavoprotein subunit alpha/FixB family protein,Energy production,6.0,down,-3.473931188332412,0.014,stationary
10.1128/spectrum.03275-22_light_high_glucose_marino_in_wh8102_proteomics,Marinobacter (MarRef v6),Marinobacter,PROTEOMICS,HP15_2555,yiaD,OmpA family protein,Cell wall and membrane,6.0,up,2.8659188145522125,0.045,stationary
10.1128/spectrum.03275-22_light_high_glucose_marino_in_wh8102_proteomics,Marinobacter (MarRef v6),Marinobacter,PROTEOMICS,HP15_3007,ctpA,S41 family peptidase,Cell wall and membrane,7.0,up,2.7398481026993275,0.027,stationary
10.1128/spectrum.03275-22_light_high_glucose_marino_in_wh8102_proteomics,Marinobacter (MarRef v6),Marinobacter,PROTEOMICS,HP15_3799,,acetoacetate--CoA ligase,Lipid metabolism,7.0,down,-3.1844245711374275,0.011,stationary
10.1128/spectrum.03275-22_light_high_glucose_marino_in_wh8102_proteomics,Marinobacter (MarRef v6),Marinobacter,PROTEOMICS,HP15_1344,cysP,thiosulfate ABC transporter substrate-binding protein CysP,Inorganic ion transport,8.0,down,-3.1844245711374275,0.017,stationary
10.1128/spectrum.03275-22_light_high_glucose_marino_in_wh8102_proteomics,Marinobacter (MarRef v6),Marinobacter,PROTEOMICS,HP15_3373,cspA,cold-shock protein,Transcription,8.0,up,2.693765712217783,0.04,stationary
10.1128/spectrum.03275-22_light_high_glucose_marino_in_wh8102_proteomics,Marinobacter (MarRef v6),Marinobacter,PROTEOMICS,HP15_2212,acpP,acyl carrier protein,Lipid metabolism,9.0,up,2.611172380044005,0.035,stationary
10.1128/spectrum.03275-22_light_high_glucose_marino_in_wh8102_proteomics,Marinobacter (MarRef v6),Marinobacter,PROTEOMICS,HP15_354,,bactofilin family protein,Cell wall and membrane,9.0,down,-3.1844245711374275,0.028,stationary
10.1128/spectrum.03275-22_light_high_glucose_marino_in_wh8102_proteomics,Marinobacter (MarRef v6),Marinobacter,PROTEOMICS,HP15_1056,,AraC family transcriptional regulator,Transcription,10.0,down,-2.9434164716336326,0.043,stationary
10.1128/spectrum.03275-22_light_high_glucose_marino_in_wh8102_proteomics,Marinobacter (MarRef v6),Marinobacter,PROTEOMICS,HP15_306,tdcF,RidA family protein,Translation,10.0,up,2.584962500721156,0.013,stationary
10.1128/spectrum.03275-22_dark_high_glucose_med4_proteomics,Prochlorococcus MED4,Prochlorococcus,PROTEOMICS,PMM0135,plsX,glycerol-3-phosphate acyltransferase PlsX,Lipid metabolism,1.0,up,2.357277052540732,0.04506437,darkness
10.1128/spectrum.03275-22_dark_high_glucose_med4_proteomics,Prochlorococcus MED4,Prochlorococcus,PROTEOMICS,PMM1314,clpP3,"ATP-dependent Clp protease, protease subunit",Post-translational modification,1.0,down,-1.888826151039356,0.011421561,darkness
10.1128/spectrum.03275-22_dark_high_glucose_med4_proteomics,Prochlorococcus MED4,Prochlorococcus,PROTEOMICS,PMM0042,flv1,flavoprotein involved in Mehler reaction,Carbohydrate metabolism,2.0,up,1.6718327385792722,0.026362372,darkness
10.1128/spectrum.03275-22_dark_high_glucose_med4_proteomics,Prochlorococcus MED4,Prochlorococcus,PROTEOMICS,PMM0768,hemA,glutamyl-tRNA reductase,Coenzyme metabolism,2.0,down,-1.7688535143600894,0.020706457,darkness
10.1128/spectrum.03275-22_dark_high_glucose_med4_proteomics,Prochlorococcus MED4,Prochlorococcus,PROTEOMICS,PMM0573,cyabrB2,AbrB-like transcriptional regulator involved in photosynthesis regulation,Photosynthesis,3.0,down,-1.757854356117539,0.049672233,darkness
10.1128/spectrum.03275-22_dark_high_glucose_med4_proteomics,Prochlorococcus MED4,Prochlorococcus,PROTEOMICS,PMM1541,rplO,50S ribosomal protein L15,Translation,3.0,up,1.527123041976508,0.048245384,darkness
10.1128/spectrum.03275-22_dark_high_glucose_med4_proteomics,Prochlorococcus MED4,Prochlorococcus,PROTEOMICS,PMM0172,ndhH,NADH dehydrogenase I subunit NdhH (chain 7 or delta),Carbohydrate metabolism,4.0,up,1.5211436037607788,0.032344023,darkness
10.1128/spectrum.03275-22_dark_high_glucose_med4_proteomics,Prochlorococcus MED4,Prochlorococcus,PROTEOMICS,PMM0580,clpB1,ATP-dependent Clp protease ATP-binding subunit ClpB,Stress response and adaptation,4.0,down,-1.6963482519121085,0.029951532,darkness
10.1128/spectrum.03275-22_dark_high_glucose_med4_proteomics,Prochlorococcus MED4,Prochlorococcus,PROTEOMICS,PMM1090,lysA,diaminopimelate decarboxylase,Amino acid metabolism,5.0,down,-1.572958182588976,0.000376787,darkness
10.1128/spectrum.03275-22_dark_high_glucose_med4_proteomics,Prochlorococcus MED4,Prochlorococcus,PROTEOMICS,PMM1488,hisD,histidinol dehydrogenase,Amino acid metabolism,5.0,up,1.2522129953171752,0.035443688,darkness
10.1128/spectrum.03275-22_dark_high_glucose_med4_proteomics,Prochlorococcus MED4,Prochlorococcus,PROTEOMICS,PMM0043,flv3,flavoprotein involved in Mehler reaction,Carbohydrate metabolism,6.0,down,-1.2435943762277055,0.045951252,darkness
10.1128/spectrum.03275-22_dark_high_glucose_med4_proteomics,Prochlorococcus MED4,Prochlorococcus,PROTEOMICS,PMM0710,pstS,"phosphate ABC transporter, phosphate-binding protein PstS",Stress response and adaptation,6.0,up,1.1450666052075988,0.023397185,darkness
10.1128/spectrum.03275-22_dark_high_glucose_med4_proteomics,Prochlorococcus MED4,Prochlorococcus,PROTEOMICS,PMM0590,proA,glutamate-5-semialdehyde dehydrogenase,Amino acid metabolism,7.0,up,1.1423661853245393,0.040358156,darkness
10.1128/spectrum.03275-22_dark_high_glucose_med4_proteomics,Prochlorococcus MED4,Prochlorococcus,PROTEOMICS,PMM0769,glgC,glucose-1-phosphate adenylyltransferase,Carbohydrate metabolism,7.0,down,-1.1799763410083195,0.004970615,darkness
10.1128/spectrum.03275-22_dark_high_glucose_med4_proteomics,Prochlorococcus MED4,Prochlorococcus,PROTEOMICS,PMM0092,,conserved hypothetical protein,Unknown,8.0,down,-1.139270689404447,0.032316098,darkness
10.1128/spectrum.03275-22_light_high_glucose_med4_proteomics,Prochlorococcus MED4,Prochlorococcus,PROTEOMICS,PMM0154,pedR,redox-responsive LuxR-type transcriptional regulator PedR,Regulatory functions,1.0,down,-2.2775594301401507,0.043214378,stationary
10.1128/spectrum.03275-22_light_high_glucose_med4_proteomics,Prochlorococcus MED4,Prochlorococcus,PROTEOMICS,PMM1594,ho1,heme oxygenase,Coenzyme metabolism,1.0,up,1.7836921831250754,0.014690724,stationary
10.1128/spectrum.03275-22_light_high_glucose_med4_proteomics,Prochlorococcus MED4,Prochlorococcus,PROTEOMICS,PMM0202,rplJ,50S ribosomal protein L10,Stress response and adaptation,2.0,up,1.434492892825133,0.038376971,stationary
10.1128/spectrum.03275-22_light_high_glucose_med4_proteomics,Prochlorococcus MED4,Prochlorococcus,PROTEOMICS,PMM1658,dnaX,"DNA polymerase III, gamma and tau subunits",Replication and repair,2.0,down,-2.0853825210030195,0.044249344,stationary
10.1128/spectrum.03275-22_light_high_glucose_med4_proteomics,Prochlorococcus MED4,Prochlorococcus,PROTEOMICS,PMM0042,flv1,flavoprotein involved in Mehler reaction,Carbohydrate metabolism,3.0,up,1.3364717812510647,0.012142631,stationary
10.1128/spectrum.03275-22_light_high_glucose_med4_proteomics,Prochlorococcus MED4,Prochlorococcus,PROTEOMICS,PMM1287,zipN,cell division protein ZipN,Cell cycle and division,3.0,down,-2.0599201469252955,0.046005149,stationary
10.1128/spectrum.03275-22_light_high_glucose_med4_proteomics,Prochlorococcus MED4,Prochlorococcus,PROTEOMICS,PMM0187,argS,arginine--tRNA ligase,Translation,4.0,up,1.3249645155090533,0.009588305,stationary
10.1128/spectrum.03275-22_light_high_glucose_med4_proteomics,Prochlorococcus MED4,Prochlorococcus,PROTEOMICS,PMM0573,cyabrB2,AbrB-like transcriptional regulator involved in photosynthesis regulation,Photosynthesis,4.0,down,-2.0440214337107165,0.034226177,stationary
10.1128/spectrum.03275-22_light_high_glucose_med4_proteomics,Prochlorococcus MED4,Prochlorococcus,PROTEOMICS,PMM0073,sufB,"ABC transporter involved in Fe-S cluster assembly, permease component",Coenzyme metabolism,5.0,up,1.1997568071140217,0.013142021,stationary
10.1128/spectrum.03275-22_light_high_glucose_med4_proteomics,Prochlorococcus MED4,Prochlorococcus,PROTEOMICS,PMM0079,prxQ,2-Cys peroxiredoxin,Stress response and adaptation,5.0,down,-1.9607711298367687,0.040456214,stationary
10.1128/spectrum.03275-22_light_high_glucose_med4_proteomics,Prochlorococcus MED4,Prochlorococcus,PROTEOMICS,PMM0172,ndhH,NADH dehydrogenase I subunit NdhH (chain 7 or delta),Carbohydrate metabolism,6.0,up,1.125002262036385,0.009264155,stationary
10.1128/spectrum.03275-22_light_high_glucose_med4_proteomics,Prochlorococcus MED4,Prochlorococcus,PROTEOMICS,PMM0768,hemA,glutamyl-tRNA reductase,Coenzyme metabolism,6.0,down,-1.904080380218634,0.010548066,stationary
10.1128/spectrum.03275-22_light_high_glucose_med4_proteomics,Prochlorococcus MED4,Prochlorococcus,PROTEOMICS,PMM0115,crtQ,"9,9^-di-cis-zeta-carotene desaturase",Coenzyme metabolism,7.0,down,-1.730723529125627,0.047911289,stationary
10.1128/spectrum.03275-22_light_high_glucose_med4_proteomics,Prochlorococcus MED4,Prochlorococcus,PROTEOMICS,PMM1264,ftsH4,cell division protein FtsH,Stress response and adaptation,7.0,up,1.1005463122684078,0.031126569,stationary
10.1128/spectrum.03275-22_light_high_glucose_med4_proteomics,Prochlorococcus MED4,Prochlorococcus,PROTEOMICS,PMM0311,metK,methionine adenosyltransferase,Amino acid metabolism,8.0,up,1.0762257427626056,0.027499196,stationary
10.1128/spectrum.03275-22_light_high_glucose_med4_proteomics,Prochlorococcus MED4,Prochlorococcus,PROTEOMICS,PMM0580,clpB1,ATP-dependent Clp protease ATP-binding subunit ClpB,Stress response and adaptation,8.0,down,-1.6822522842940573,0.015634652,stationary
10.1128/spectrum.03275-22_light_high_glucose_med4_proteomics,Prochlorococcus MED4,Prochlorococcus,PROTEOMICS,PMM0769,glgC,glucose-1-phosphate adenylyltransferase,Carbohydrate metabolism,9.0,down,-1.5377890615456022,0.007607891,stationary
10.1128/spectrum.03275-22_light_high_glucose_med4_proteomics,Prochlorococcus MED4,Prochlorococcus,PROTEOMICS,PMM1699,aroF,3-deoxy-7-phosphoheptulonate synthase,Amino acid metabolism,10.0,down,-1.4818156502696953,0.004141782,stationary
10.1073/pnas.2213271120_chitosan_addition_mit9303_rnaseq,Prochlorococcus MIT9303,Prochlorococcus,RNASEQ,P9303_07141,,conserved hypothetical protein,Unknown,1.0,down,-21.55027026,,day 1 and day 3
10.1073/pnas.2213271120_chitosan_addition_mit9303_rnaseq,Prochlorococcus MIT9303,Prochlorococcus,RNASEQ,P9303_12751,,conserved hypothetical protein,Unknown,1.0,up,7.960669321,,day 1 and day 3
10.1073/pnas.2213271120_chitosan_addition_mit9303_rnaseq,Prochlorococcus MIT9303,Prochlorococcus,RNASEQ,P9303_02901,,conserved hypothetical protein,Cellular processes,2.0,up,7.942220648,,day 1 and day 3
10.1073/pnas.2213271120_chitosan_addition_mit9303_rnaseq,Prochlorococcus MIT9303,Prochlorococcus,RNASEQ,P9303_RS01390,,tetratricopeptide repeat protein,Unknown,2.0,down,-8.798504141,,day 1 and day 3
10.1073/pnas.2213271120_chitosan_addition_mit9303_rnaseq,Prochlorococcus MIT9303,Prochlorococcus,RNASEQ,P9303_08931,,methyltransferase domain protein,Secondary metabolites,3.0,up,3.078694157,,day 1 and day 3
10.1073/pnas.2213271120_chitosan_addition_mit9303_rnaseq,Prochlorococcus MIT9303,Prochlorococcus,RNASEQ,P9303_11191,hli,high light inducible protein,Stress response and adaptation,3.0,down,-6.844622968,,day 1 and day 3
10.1073/pnas.2213271120_chitosan_addition_mit9303_rnaseq,Prochlorococcus MIT9303,Prochlorococcus,RNASEQ,P9303_03621,,conserved hypothetical protein,Unknown,4.0,up,2.486290791,,day 1 and day 3
10.1073/pnas.2213271120_chitosan_addition_mit9303_rnaseq,Prochlorococcus MIT9303,Prochlorococcus,RNASEQ,P9303_17791,,conserved hypothetical protein,Unknown,4.0,down,-1.700259467,,day 1 and day 3
10.1073/pnas.2213271120_chitosan_addition_mit9303_rnaseq,Prochlorococcus MIT9303,Prochlorococcus,RNASEQ,P9303_09681,,conserved hypothetical protein,Unknown,5.0,up,1.490390867,,day 1 and day 3
10.1073/pnas.2213271120_chitosan_addition_mit9303_rnaseq,Prochlorococcus MIT9303,Prochlorococcus,RNASEQ,P9303_29301,,uncharacterized conserved secreted protein,Unknown,5.0,down,-1.56819647,,day 1 and day 3
10.1073/pnas.2213271120_chitosan_addition_mit9303_rnaseq,Prochlorococcus MIT9303,Prochlorococcus,RNASEQ,P9303_05041,groL1,chaperonin GroEL,Stress response and adaptation,6.0,down,-1.192075272,,day 1 and day 3
10.1073/pnas.2213271120_chitosan_addition_mit9303_rnaseq,Prochlorococcus MIT9303,Prochlorococcus,RNASEQ,P9303_RS06050,,hypothetical protein,Unknown,6.0,up,1.072730018,,day 1 and day 3
10.1073/pnas.2213271120_chitosan_addition_mit9303_rnaseq,Prochlorococcus MIT9303,Prochlorococcus,RNASEQ,P9303_09501,,conserved hypothetical protein,Unknown,7.0,up,1.008352125,,day 1 and day 3
10.1073/pnas.2213271120_chitosan_addition_mit9303_rnaseq,Prochlorococcus MIT9303,Prochlorococcus,RNASEQ,P9303_RS02295,groES,co-chaperone GroES,Post-translational modification,7.0,down,-1.018412343,,day 1 and day 3
10.1073/pnas.2213271120_chitosan_addition_mit9313_rnaseq,Prochlorococcus MIT9313,Prochlorococcus,RNASEQ,PMT1200,csos4B,pentameric carboxysome shell protein Csos4B (peptide B),Photosynthesis,1.0,up,6.650980658,,day 1 and day 3
10.1073/pnas.2213271120_chitosan_addition_mit9313_rnaseq,Prochlorococcus MIT9313,Prochlorococcus,RNASEQ,PMT_2647,clcD,Hypothetical protein,Secondary metabolites,1.0,down,-3.628624624,,day 1 and day 3
10.1073/pnas.2213271120_chitosan_addition_mit9313_rnaseq,Prochlorococcus MIT9313,Prochlorococcus,RNASEQ,PMT1118,,nif11-like leader peptide domain protein,Unknown,2.0,up,6.177241555,,day 1 and day 3
10.1073/pnas.2213271120_chitosan_addition_mit9313_rnaseq,Prochlorococcus MIT9313,Prochlorococcus,RNASEQ,PMT_1878,,Hemolysin-type calcium-binding protein,Secondary metabolites,2.0,down,-2.598812262,,day 1 and day 3
10.1073/pnas.2213271120_chitosan_addition_mit9313_rnaseq,Prochlorococcus MIT9313,Prochlorococcus,RNASEQ,PMT1091,pdxJ,pyridoxine 5^-phosphate synthase,Coenzyme metabolism,3.0,down,-1.955257484,,day 1 and day 3
10.1073/pnas.2213271120_chitosan_addition_mit9313_rnaseq,Prochlorococcus MIT9313,Prochlorococcus,RNASEQ,PMT_2397,,Hypothetical protein,Unknown,3.0,up,5.678590759,,day 1 and day 3
10.1073/pnas.2213271120_chitosan_addition_mit9313_rnaseq,Prochlorococcus MIT9313,Prochlorococcus,RNASEQ,PMT0237,,possible (AF314193) Toutatis,Unknown,4.0,up,5.526406533,,day 1 and day 3
10.1073/pnas.2213271120_chitosan_addition_mit9313_rnaseq,Prochlorococcus MIT9313,Prochlorococcus,RNASEQ,PMT2041,,putative dockerin type I repeat,Unknown,4.0,down,-1.73991889,,day 1 and day 3
10.1073/pnas.2213271120_chitosan_addition_mit9313_rnaseq,Prochlorococcus MIT9313,Prochlorococcus,RNASEQ,PMT0773,,conserved hypothetical protein,Unknown,5.0,up,5.308904965,,day 1 and day 3
10.1073/pnas.2213271120_chitosan_addition_mit9313_rnaseq,Prochlorococcus MIT9313,Prochlorococcus,RNASEQ,PMT2103,,conserved hypothetical protein,Translation,5.0,down,-1.696509821,,day 1 and day 3
10.1073/pnas.2213271120_chitosan_addition_mit9313_rnaseq,Prochlorococcus MIT9313,Prochlorococcus,RNASEQ,PMT0075,cobH,precorrin-8X methylmutase,Coenzyme metabolism,6.0,down,-1.640952067,,day 1 and day 3
10.1073/pnas.2213271120_chitosan_addition_mit9313_rnaseq,Prochlorococcus MIT9313,Prochlorococcus,RNASEQ,PMT0884,,putative RIKEN cDNA 1200003J11; EST AA930106,Unknown,6.0,up,5.264433596,,day 1 and day 3
10.1073/pnas.2213271120_chitosan_addition_mit9313_rnaseq,Prochlorococcus MIT9313,Prochlorococcus,RNASEQ,PMT_0307,,conserved hypothetical protein,Unknown,7.0,down,-1.598121373,,day 1 and day 3
10.1073/pnas.2213271120_chitosan_addition_mit9313_rnaseq,Prochlorococcus MIT9313,Prochlorococcus,RNASEQ,PMT_1041,,conserved hypothetical protein,Unknown,7.0,up,5.191275635,,day 1 and day 3
10.1073/pnas.2213271120_chitosan_addition_mit9313_rnaseq,Prochlorococcus MIT9313,Prochlorococcus,RNASEQ,PMT1024,,ion transport family protein,Transport,8.0,up,4.991261158,,day 1 and day 3
10.1073/pnas.2213271120_chitosan_addition_mit9313_rnaseq,Prochlorococcus MIT9313,Prochlorococcus,RNASEQ,PMT2189,evrB,"ATP-binding cassette-type viologen exporter, permease component",Stress response and adaptation,8.0,down,-1.297609551,,day 1 and day 3
10.1073/pnas.2213271120_chitosan_addition_mit9313_rnaseq,Prochlorococcus MIT9313,Prochlorococcus,RNASEQ,PMT0624,,uncharacterised protein family UPF0102,Transport,9.0,up,4.843545749,,day 1 and day 3
10.1073/pnas.2213271120_chitosan_addition_mit9313_rnaseq,Prochlorococcus MIT9313,Prochlorococcus,RNASEQ,PMT2059,menA,"1,4-dihydroxy-2-naphthoate phytyltransferase",Coenzyme metabolism,9.0,down,-1.291676389,,day 1 and day 3
10.1073/pnas.2213271120_chitosan_addition_mit9313_rnaseq,Prochlorococcus MIT9313,Prochlorococcus,RNASEQ,PMT_0928,,hypothetical protein,Unknown,10.0,down,-1.283547081,,day 1 and day 3
10.1073/pnas.2213271120_chitosan_addition_mit9313_rnaseq,Prochlorococcus MIT9313,Prochlorococcus,RNASEQ,PMT_2050,,hypothetical protein,Unknown,10.0,up,4.841368652,,day 1 and day 3
10.1128/spectrum.03275-22_dark_low_glucose_ss120_proteomics,Prochlorococcus marinus subsp. marinus CCMP1375 (SS120),Prochlorococcus,PROTEOMICS,Pro0568,gst,glutathione S-transferase,Coenzyme metabolism,1.0,up,1.9169886147821045,0.01600937,darkness
10.1128/spectrum.03275-22_dark_low_glucose_ss120_proteomics,Prochlorococcus marinus subsp. marinus CCMP1375 (SS120),Prochlorococcus,PROTEOMICS,Pro1520,,Predicted protein family PM-12,Unknown,1.0,down,-1.6111254558597092,0.049168055,darkness
10.1128/spectrum.03275-22_dark_high_glucose_ss120_proteomics,Prochlorococcus marinus subsp. marinus CCMP1375 (SS120),Prochlorococcus,PROTEOMICS,Pro0218,ddpD,"peptide/nickel ABC transport system, ATP-binding component",Transport,1.0,up,9.979239991134373,0.011934445,darkness
10.1128/spectrum.03275-22_dark_high_glucose_ss120_proteomics,Prochlorococcus marinus subsp. marinus CCMP1375 (SS120),Prochlorococcus,PROTEOMICS,Pro0242,sul3,sulfate transporter family protein,Transport,1.0,down,-6.649215066343841,0.018250974,darkness
10.1128/spectrum.03275-22_dark_high_glucose_ss120_proteomics,Prochlorococcus marinus subsp. marinus CCMP1375 (SS120),Prochlorococcus,PROTEOMICS,Pro0254,eda,2-keto-3-deoxy-6-phosphogluconate aldolase,Stress response and adaptation,2.0,down,-5.313021036824351,0.000801319,darkness
10.1128/spectrum.03275-22_dark_high_glucose_ss120_proteomics,Prochlorococcus marinus subsp. marinus CCMP1375 (SS120),Prochlorococcus,PROTEOMICS,Pro0895,rsfS,oligomerisation domain protein,Translation,2.0,up,4.933676653484665,0.019632118,darkness
10.1128/spectrum.03275-22_dark_high_glucose_ss120_proteomics,Prochlorococcus marinus subsp. marinus CCMP1375 (SS120),Prochlorococcus,PROTEOMICS,Pro0418,mqoA,malate:quinone oxidoreductase,Carbohydrate metabolism,3.0,up,4.87531443820784,0.005868411,darkness
10.1128/spectrum.03275-22_dark_high_glucose_ss120_proteomics,Prochlorococcus marinus subsp. marinus CCMP1375 (SS120),Prochlorococcus,PROTEOMICS,Pro1401,hupB,DNA-binding protein HU-beta,Regulatory functions,3.0,down,-4.790632101844901,0.002681514,darkness
10.1128/spectrum.03275-22_dark_high_glucose_ss120_proteomics,Prochlorococcus marinus subsp. marinus CCMP1375 (SS120),Prochlorococcus,PROTEOMICS,Pro0022,murC,UDP-N-acetylmuramate-alanine ligase,Cell wall and membrane,4.0,up,4.833854857985089,0.029459416,darkness
10.1128/spectrum.03275-22_dark_high_glucose_ss120_proteomics,Prochlorococcus marinus subsp. marinus CCMP1375 (SS120),Prochlorococcus,PROTEOMICS,Pro0829,ddpX,D-alanyl-D-alanine dipeptidase,Stress response and adaptation,4.0,down,-2.731776369080604,0.002149832,darkness
10.1128/spectrum.03275-22_dark_high_glucose_ss120_proteomics,Prochlorococcus marinus subsp. marinus CCMP1375 (SS120),Prochlorococcus,PROTEOMICS,Pro0794,fur,ferric uptake regulator,Stress response and adaptation,5.0,up,4.708357397770787,0.026453511,darkness
10.1128/spectrum.03275-22_dark_high_glucose_ss120_proteomics,Prochlorococcus marinus subsp. marinus CCMP1375 (SS120),Prochlorococcus,PROTEOMICS,Pro1148,,5-formyltetrahydrofolate cyclo-ligase,Central intermediary metabolism,5.0,down,-2.581848946233256,0.003541547,darkness
10.1128/spectrum.03275-22_dark_high_glucose_ss120_proteomics,Prochlorococcus marinus subsp. marinus CCMP1375 (SS120),Prochlorococcus,PROTEOMICS,Pro0025,ppiB,cyclophilin type peptidyl-prolyl cis-trans isomerase/CLD family protein,Post-translational modification,6.0,up,4.686145183213762,0.026761499,darkness
10.1128/spectrum.03275-22_dark_high_glucose_ss120_proteomics,Prochlorococcus marinus subsp. marinus CCMP1375 (SS120),Prochlorococcus,PROTEOMICS,Pro1428,truB,tRNA pseudouridine(55) synthase,Translation,6.0,down,-2.529036294637842,0.013766578,darkness
10.1128/spectrum.03275-22_dark_high_glucose_ss120_proteomics,Prochlorococcus marinus subsp. marinus CCMP1375 (SS120),Prochlorococcus,PROTEOMICS,Pro0757,dnaG,DNA primase,Replication and repair,7.0,up,4.562260322077864,0.034871145,darkness
10.1128/spectrum.03275-22_dark_high_glucose_ss120_proteomics,Prochlorococcus marinus subsp. marinus CCMP1375 (SS120),Prochlorococcus,PROTEOMICS,Pro1459,cyabrB2,AbrB-like transcriptional regulator involved in photosynthesis regulation,Photosynthesis,7.0,down,-2.4405156266664343,0.017843357,darkness
10.1128/spectrum.03275-22_dark_high_glucose_ss120_proteomics,Prochlorococcus marinus subsp. marinus CCMP1375 (SS120),Prochlorococcus,PROTEOMICS,Pro0335,uvrD,DNA-dependent ATPase I and helicase II,Replication and repair,8.0,up,4.338542372923149,1.46925e-06,darkness
10.1128/spectrum.03275-22_dark_high_glucose_ss120_proteomics,Prochlorococcus marinus subsp. marinus CCMP1375 (SS120),Prochlorococcus,PROTEOMICS,Pro1179,,conserved hypothetical protein,Unknown,8.0,down,-2.2186780056269537,2.09826e-05,darkness
10.1128/spectrum.03275-22_dark_high_glucose_ss120_proteomics,Prochlorococcus marinus subsp. marinus CCMP1375 (SS120),Prochlorococcus,PROTEOMICS,Pro0247,,conserved hypothetical protein,Unknown,9.0,down,-2.1755526810849464,0.019263505,darkness
10.1128/spectrum.03275-22_dark_high_glucose_ss120_proteomics,Prochlorococcus marinus subsp. marinus CCMP1375 (SS120),Prochlorococcus,PROTEOMICS,Pro1521,ydiU,ACR YdiU/UPF0061 family protein,Unknown,9.0,up,4.195508539616652,0.001002689,darkness
10.1128/spectrum.03275-22_dark_high_glucose_ss120_proteomics,Prochlorococcus marinus subsp. marinus CCMP1375 (SS120),Prochlorococcus,PROTEOMICS,Pro0567,dnaA,chromosomal replication initiator protein,Replication and repair,10.0,up,4.0456266903653,0.043800379,darkness
10.1128/spectrum.03275-22_dark_high_glucose_ss120_proteomics,Prochlorococcus marinus subsp. marinus CCMP1375 (SS120),Prochlorococcus,PROTEOMICS,Pro1445,apt,adenine phosphoribosyltransferase,Nucleotide metabolism,10.0,down,-2.1654038225783268,0.006917014,darkness
10.1128/spectrum.03275-22_light_low_glucose_ss120_proteomics,Prochlorococcus marinus subsp. marinus CCMP1375 (SS120),Prochlorococcus,PROTEOMICS,Pro0989,ubiX,3-octaprenyl-4-hydroxybenzoate carboxy-lyase,Coenzyme metabolism,1,down,-1.1760804214999845,0.027150737,stationary
10.1128/spectrum.03275-22_light_high_glucose_ss120_proteomics,Prochlorococcus marinus subsp. marinus CCMP1375 (SS120),Prochlorococcus,PROTEOMICS,Pro0418,mqoA,malate:quinone oxidoreductase,Carbohydrate metabolism,1.0,up,5.618971421113517,0.017301319,stationary
10.1128/spectrum.03275-22_light_high_glucose_ss120_proteomics,Prochlorococcus marinus subsp. marinus CCMP1375 (SS120),Prochlorococcus,PROTEOMICS,Pro0604,,conserved hypothetical protein,Unknown,1.0,down,-6.240247606231029,0.002987851,stationary
10.1128/spectrum.03275-22_light_high_glucose_ss120_proteomics,Prochlorococcus marinus subsp. marinus CCMP1375 (SS120),Prochlorococcus,PROTEOMICS,Pro1309,rsmI,2-O-methyltransferase,Translation,2.0,up,4.410337740085753,0.027078591,stationary
10.1128/spectrum.03275-22_light_high_glucose_ss120_proteomics,Prochlorococcus marinus subsp. marinus CCMP1375 (SS120),Prochlorococcus,PROTEOMICS,Pro1401,hupB,DNA-binding protein HU-beta,Regulatory functions,2.0,down,-4.765805414416519,0.002752138,stationary
10.1128/spectrum.03275-22_light_high_glucose_ss120_proteomics,Prochlorococcus marinus subsp. marinus CCMP1375 (SS120),Prochlorococcus,PROTEOMICS,Pro0402,queA,S-adenosylmethionine:tRNA ribosyltransferase-isomerase,Translation,3.0,up,4.390315751874815,0.021805402,stationary
10.1128/spectrum.03275-22_light_high_glucose_ss120_proteomics,Prochlorococcus marinus subsp. marinus CCMP1375 (SS120),Prochlorococcus,PROTEOMICS,Pro1884,,alpha/beta hydrolase of unknown function (DUF1400),Unknown,3.0,down,-3.591720601492584,0.020846303,stationary
10.1128/spectrum.03275-22_light_high_glucose_ss120_proteomics,Prochlorococcus marinus subsp. marinus CCMP1375 (SS120),Prochlorococcus,PROTEOMICS,Pro0391,ylmE,conserved hypothetical protein YlmE,Cellular processes,4.0,up,4.262085145163642,0.027937209,stationary
10.1128/spectrum.03275-22_light_high_glucose_ss120_proteomics,Prochlorococcus marinus subsp. marinus CCMP1375 (SS120),Prochlorococcus,PROTEOMICS,Pro1428,truB,tRNA pseudouridine(55) synthase,Translation,4.0,down,-3.2186038642888666,0.001973452,stationary
10.1128/spectrum.03275-22_light_high_glucose_ss120_proteomics,Prochlorococcus marinus subsp. marinus CCMP1375 (SS120),Prochlorococcus,PROTEOMICS,Pro0868,,conserved hypothetical protein,Transcription,5.0,down,-3.105506594488388,8.78216e-05,stationary
10.1128/spectrum.03275-22_light_high_glucose_ss120_proteomics,Prochlorococcus marinus subsp. marinus CCMP1375 (SS120),Prochlorococcus,PROTEOMICS,Pro1149,sufE,sulfur acceptor for SufS cysteine desulfurase,Stress response and adaptation,5.0,up,4.218026073447532,0.000379136,stationary
10.1128/spectrum.03275-22_light_high_glucose_ss120_proteomics,Prochlorococcus marinus subsp. marinus CCMP1375 (SS120),Prochlorococcus,PROTEOMICS,Pro1757,mhpC,alpha/beta hydrolase fold family protein,Stress response and adaptation,6.0,down,-2.48257057534987,0.032946523,stationary
10.1128/spectrum.03275-22_light_high_glucose_ss120_proteomics,Prochlorococcus marinus subsp. marinus CCMP1375 (SS120),Prochlorococcus,PROTEOMICS,Pro1831,metC,cystathionine beta-lyase family aluminum resistance protein,Stress response and adaptation,6.0,up,3.9429424761022114,0.047852646,stationary
10.1128/spectrum.03275-22_light_high_glucose_ss120_proteomics,Prochlorococcus marinus subsp. marinus CCMP1375 (SS120),Prochlorococcus,PROTEOMICS,Pro0749,,uncharacterized conserved secreted protein (DUF1816),Signal transduction,7.0,up,3.700357378965944,0.000345434,stationary
10.1128/spectrum.03275-22_light_high_glucose_ss120_proteomics,Prochlorococcus marinus subsp. marinus CCMP1375 (SS120),Prochlorococcus,PROTEOMICS,Pro1148,,5-formyltetrahydrofolate cyclo-ligase,Central intermediary metabolism,7.0,down,-2.403080508435003,0.007258647,stationary
10.1128/spectrum.03275-22_light_high_glucose_ss120_proteomics,Prochlorococcus marinus subsp. marinus CCMP1375 (SS120),Prochlorococcus,PROTEOMICS,Pro0262,pyrB,aspartate carbamoyltransferase,Nucleotide metabolism,8.0,up,3.4940941172896323,0.036091608,stationary
10.1128/spectrum.03275-22_light_high_glucose_ss120_proteomics,Prochlorococcus marinus subsp. marinus CCMP1375 (SS120),Prochlorococcus,PROTEOMICS,Pro0740,msrA1,peptide methionine sulfoxide reductase,Stress response and adaptation,8.0,down,-2.228047647583695,0.009967883,stationary
10.1128/spectrum.03275-22_light_high_glucose_ss120_proteomics,Prochlorococcus marinus subsp. marinus CCMP1375 (SS120),Prochlorococcus,PROTEOMICS,Pro1577,gap3,glyceraldehyde-3-phosphate dehydrogenase,Stress response and adaptation,9.0,up,3.345975989849261,0.005591121,stationary
10.1128/spectrum.03275-22_light_high_glucose_ss120_proteomics,Prochlorococcus marinus subsp. marinus CCMP1375 (SS120),Prochlorococcus,PROTEOMICS,Pro1703,rpsQ,30S ribosomal protein S17,Translation,9.0,down,-2.1196378627197814,0.000700633,stationary
10.1128/spectrum.03275-22_light_high_glucose_ss120_proteomics,Prochlorococcus marinus subsp. marinus CCMP1375 (SS120),Prochlorococcus,PROTEOMICS,Pro0829,ddpX,D-alanyl-D-alanine dipeptidase,Stress response and adaptation,10.0,down,-1.9826747401952045,0.003212031,stationary
10.1128/spectrum.03275-22_light_high_glucose_ss120_proteomics,Prochlorococcus marinus subsp. marinus CCMP1375 (SS120),Prochlorococcus,PROTEOMICS,Pro1029,prfC,peptide chain release factor 3,Stress response and adaptation,10.0,up,3.320703465409306,0.047737822,stationary
10.1128/spectrum.03275-22_dark_low_glucose_wh7803_proteomics,Synechococcus WH7803,Synechococcus,PROTEOMICS,SynWH7803_0323,thyx,thymidylate synthase,Nucleotide metabolism,1,down,-1.6239916699949573,0.001227556,darkness
10.1128/spectrum.03275-22_dark_low_glucose_wh7803_proteomics,Synechococcus WH7803,Synechococcus,PROTEOMICS,SynWH7803_1274,,conserved hypothetical protein,Unknown,2,down,-1.217747033090632,0.035964889,darkness
10.1128/spectrum.03275-22_dark_high_glucose_wh7803_proteomics,Synechococcus WH7803,Synechococcus,PROTEOMICS,SynWH7803_0866,ggt,gamma-glutamyltranspeptidase,Coenzyme metabolism,1.0,up,2.9970475811189226,0.020792563,darkness
10.1128/spectrum.03275-22_dark_high_glucose_wh7803_proteomics,Synechococcus WH7803,Synechococcus,PROTEOMICS,SynWH7803_1093,,conserved hypothetical protein,Unknown,1.0,down,-2.333154575369438,0.021675311,darkness
10.1128/spectrum.03275-22_dark_high_glucose_wh7803_proteomics,Synechococcus WH7803,Synechococcus,PROTEOMICS,SynWH7803_0946,,conserved hypothetical protein,Unknown,2.0,down,-1.002932662395441,0.020608398,darkness
10.1128/spectrum.03275-22_dark_high_glucose_wh7803_proteomics,Synechococcus WH7803,Synechococcus,PROTEOMICS,SynWH7803_1863,groL2,chaperonin GroEL,Stress response and adaptation,2.0,up,2.373579641534692,0.001713414,darkness
10.1128/spectrum.03275-22_dark_high_glucose_wh7803_proteomics,Synechococcus WH7803,Synechococcus,PROTEOMICS,SynWH7803_1277,metH,methionine synthase,Amino acid metabolism,3.0,up,1.936339219281085,0.008317489,darkness
10.1128/spectrum.03275-22_dark_high_glucose_wh7803_proteomics,Synechococcus WH7803,Synechococcus,PROTEOMICS,SynWH7803_0507,unk4,conserved hypothetical protein,Unknown,4.0,up,1.8903005172113008,0.022829664,darkness
10.1128/spectrum.03275-22_dark_high_glucose_wh7803_proteomics,Synechococcus WH7803,Synechococcus,PROTEOMICS,SynWH7803_1045,pstS,"phosphate ABC transporter, phosphate-binding protein PstS",Stress response and adaptation,5.0,up,1.885170509808144,0.015579087,darkness
10.1128/spectrum.03275-22_dark_high_glucose_wh7803_proteomics,Synechococcus WH7803,Synechococcus,PROTEOMICS,SynWH7803_1142,purQ,"phosphoribosylformylglycinamidine (FGAM) synthase, glutamine amidotransferase domain",Nucleotide metabolism,6.0,up,1.847214523705784,0.04724023,darkness
10.1128/spectrum.03275-22_dark_high_glucose_wh7803_proteomics,Synechococcus WH7803,Synechococcus,PROTEOMICS,SynWH7803_2038,purB,adenylosuccinate lyase,Nucleotide metabolism,7.0,up,1.817629760879525,1.0847e-05,darkness
10.1128/spectrum.03275-22_dark_high_glucose_wh7803_proteomics,Synechococcus WH7803,Synechococcus,PROTEOMICS,SynWH7803_0415,adk,adenylate kinase,Nucleotide metabolism,8.0,up,1.6773233485122927,0.006390817,darkness
10.1128/spectrum.03275-22_dark_high_glucose_wh7803_proteomics,Synechococcus WH7803,Synechococcus,PROTEOMICS,SynWH7803_1032,aroA,3-phosphoshikimate 1-carboxyvinyltransferase,Amino acid metabolism,9.0,up,1.5996353102178522,0.049075908,darkness
10.1128/spectrum.03275-22_dark_high_glucose_wh7803_proteomics,Synechococcus WH7803,Synechococcus,PROTEOMICS,SynWH7803_0262,phrA,deoxyribodipyrimidine photolyase (DNA photolyase) (photoreactivating enzyme),Stress response and adaptation,10.0,up,1.5654146643623128,0.025963136,darkness
10.1128/spectrum.03275-22_light_low_glucose_wh7803_proteomics,Synechococcus WH7803,Synechococcus,PROTEOMICS,SynWH7803_1733,zipN,cell division protein ZipN,Cell cycle and division,1,up,1.0058789742425325,0.020741194,stationary
10.1128/spectrum.03275-22_light_high_glucose_wh7803_proteomics,Synechococcus WH7803,Synechococcus,PROTEOMICS,SynWH7803_0381,rpsG,30S ribosomal protein S7,Translation,1.0,up,2.3716923568832966,0.017845978,stationary
10.1128/spectrum.03275-22_light_high_glucose_wh7803_proteomics,Synechococcus WH7803,Synechococcus,PROTEOMICS,SynWH7803_0754,,short chain dehydrogenase family protein,Carbohydrate metabolism,1.0,down,-1.8238170861869447,0.017630869,stationary
10.1128/spectrum.03275-22_light_high_glucose_wh7803_proteomics,Synechococcus WH7803,Synechococcus,PROTEOMICS,SynWH7803_1473,,conserved hypothetical protein,Stress response and adaptation,2.0,down,-1.2583672250514395,0.040092657,stationary
10.1128/spectrum.03275-22_light_high_glucose_wh7803_proteomics,Synechococcus WH7803,Synechococcus,PROTEOMICS,SynWH7803_1970,,possible S-adenosyl-L-methionine-dependent methyltransferase,Coenzyme metabolism,2.0,up,2.357335758968637,0.024781053,stationary
10.1128/spectrum.03275-22_light_high_glucose_wh7803_proteomics,Synechococcus WH7803,Synechococcus,PROTEOMICS,SynWH7803_1022,menB,naphthoate synthase,Coenzyme metabolism,3.0,down,-1.2122909256460523,0.041008544,stationary
10.1128/spectrum.03275-22_light_high_glucose_wh7803_proteomics,Synechococcus WH7803,Synechococcus,PROTEOMICS,SynWH7803_2122,,"uncharacterized conserved inner membrane protein, YqjD/ElaB family",Unknown,3.0,up,1.9939435567513093,0.019026154,stationary
10.1128/spectrum.03275-22_light_high_glucose_wh7803_proteomics,Synechococcus WH7803,Synechococcus,PROTEOMICS,SynWH7803_1093,,conserved hypothetical protein,Unknown,4.0,down,-1.1176915303608184,0.013783883,stationary
10.1128/spectrum.03275-22_light_high_glucose_wh7803_proteomics,Synechococcus WH7803,Synechococcus,PROTEOMICS,SynWH7803_2093,cp12,CP12 polypeptide,Photosynthesis,4.0,up,1.9619315842817395,0.008989664,stationary
10.1128/spectrum.03275-22_light_high_glucose_wh7803_proteomics,Synechococcus WH7803,Synechococcus,PROTEOMICS,SynWH7803_0866,ggt,gamma-glutamyltranspeptidase,Coenzyme metabolism,5.0,up,1.7832191464627307,0.005302051,stationary
10.1128/spectrum.03275-22_light_high_glucose_wh7803_proteomics,Synechococcus WH7803,Synechococcus,PROTEOMICS,SynWH7803_2026,apcA,"allophycocyanin, alpha chain",Photosynthesis,6.0,up,1.753363346454745,0.04714362,stationary
10.1128/spectrum.03275-22_light_high_glucose_wh7803_proteomics,Synechococcus WH7803,Synechococcus,PROTEOMICS,SynWH7803_1734,pdhA,pyruvate dehydrogenase E1 component complex alpha subunit,Carbohydrate metabolism,7.0,up,1.6530397926260931,0.01349465,stationary
10.1128/spectrum.03275-22_light_high_glucose_wh7803_proteomics,Synechococcus WH7803,Synechococcus,PROTEOMICS,SynWH7803_1695,,conserved hypothetical protein,Carbohydrate metabolism,8.0,up,1.626007865063526,0.047443138,stationary
10.1128/spectrum.03275-22_light_high_glucose_wh7803_proteomics,Synechococcus WH7803,Synechococcus,PROTEOMICS,SynWH7803_0733,cyabrB2,AbrB-like transcriptional regulator involved in photosynthesis regulation,Photosynthesis,9.0,up,1.530679498019229,0.022324683,stationary
10.1128/spectrum.03275-22_light_high_glucose_wh7803_proteomics,Synechococcus WH7803,Synechococcus,PROTEOMICS,SynWH7803_0262,phrA,deoxyribodipyrimidine photolyase (DNA photolyase) (photoreactivating enzyme),Stress response and adaptation,10.0,up,1.510692856874204,0.038422003,stationary
10.1128/spectrum.03275-22_dark_low_glucose_wh8102_proteomics,Synechococcus WH8102,Parasynechococcus,PROTEOMICS,SYNW1780,argB,acetylglutamate kinase,Amino acid metabolism,1.0,down,-3.614661952123535,0.035336584,darkness
10.1128/spectrum.03275-22_dark_low_glucose_wh8102_proteomics,Synechococcus WH8102,Parasynechococcus,PROTEOMICS,SYNW1914,gbmt1,glycine/sarcosine N-methyltransferase,Amino acid metabolism,1.0,up,2.7587332205948085,0.022901365,darkness
10.1128/spectrum.03275-22_dark_low_glucose_wh8102_proteomics,Synechococcus WH8102,Parasynechococcus,PROTEOMICS,SYNW0637,fumC,"fumarate hydratase, class II",Amino acid metabolism,2.0,down,-3.534376742486702,0.016771946,darkness
10.1128/spectrum.03275-22_dark_low_glucose_wh8102_proteomics,Synechococcus WH8102,Parasynechococcus,PROTEOMICS,SYNW0759,ppiA,peptidylprolyl isomerase,Post-translational modification,2.0,up,2.092868679658486,0.036303645,darkness
10.1128/spectrum.03275-22_dark_low_glucose_wh8102_proteomics,Synechococcus WH8102,Parasynechococcus,PROTEOMICS,SYNW1599,ppnK,ATP-NAD kinase family protein,Coenzyme metabolism,3.0,down,-2.687657338515193,0.010149865,darkness
10.1128/spectrum.03275-22_dark_low_glucose_wh8102_proteomics,Synechococcus WH8102,Parasynechococcus,PROTEOMICS,SYNW1815,pstS,"phosphate ABC transporter, phosphate-binding protein PstS",Stress response and adaptation,3.0,up,1.6551625094120122,0.032691143,darkness
10.1128/spectrum.03275-22_dark_low_glucose_wh8102_proteomics,Synechococcus WH8102,Parasynechococcus,PROTEOMICS,SYNW1479,,conserved hypothetical protein,Unknown,4.0,up,1.6516516857321453,0.046805689,darkness
10.1128/spectrum.03275-22_dark_low_glucose_wh8102_proteomics,Synechococcus WH8102,Parasynechococcus,PROTEOMICS,SYNW2320,nadC,nicotinate-nucleotide diphosphorylase,Coenzyme metabolism,4.0,down,-2.5457685062081303,0.037628719,darkness
10.1128/spectrum.03275-22_dark_low_glucose_wh8102_proteomics,Synechococcus WH8102,Parasynechococcus,PROTEOMICS,SYNW0861,,uncharacterized conserved secreted protein,Unknown,5.0,up,1.6344426492616142,0.046865644,darkness
10.1128/spectrum.03275-22_dark_low_glucose_wh8102_proteomics,Synechococcus WH8102,Parasynechococcus,PROTEOMICS,SYNW1812,,nucleoside 2-deoxyribosyltransferase family protein,Nucleotide metabolism,5.0,down,-2.108653187707666,0.042785728,darkness
10.1128/spectrum.03275-22_dark_low_glucose_wh8102_proteomics,Synechococcus WH8102,Parasynechococcus,PROTEOMICS,SYNW0550,kaiC,circadian clock protein KaiC,Cellular processes,6.0,up,1.4644317559243314,0.012994162,darkness
10.1128/spectrum.03275-22_dark_low_glucose_wh8102_proteomics,Synechococcus WH8102,Parasynechococcus,PROTEOMICS,SYNW1950,,conserved hypothetical protein,Unknown,6.0,down,-1.853486249732086,0.02003172,darkness
10.1128/spectrum.03275-22_dark_low_glucose_wh8102_proteomics,Synechococcus WH8102,Parasynechococcus,PROTEOMICS,SYNW0044,,conserved hypothetical protein,Unknown,7.0,down,-1.563300844591638,0.012889565,darkness
10.1128/spectrum.03275-22_dark_low_glucose_wh8102_proteomics,Synechococcus WH8102,Parasynechococcus,PROTEOMICS,SYNW2340,rplL,50S ribosomal protein L7/L12,Stress response and adaptation,7.0,up,1.4467766132780804,0.013848692,darkness
10.1128/spectrum.03275-22_dark_low_glucose_wh8102_proteomics,Synechococcus WH8102,Parasynechococcus,PROTEOMICS,SYNW2375,gcvH,glycine cleavage system H protein,Amino acid metabolism,8.0,up,1.3515419027495714,0.020342043,darkness
10.1128/spectrum.03275-22_dark_low_glucose_wh8102_proteomics,Synechococcus WH8102,Parasynechococcus,PROTEOMICS,SYNW2434,gpgP,glucosyl-3-phosphoglycerate phosphatase,Stress response and adaptation,8.0,down,-1.4104874391543305,0.02970058,darkness
10.1128/spectrum.03275-22_dark_low_glucose_wh8102_proteomics,Synechococcus WH8102,Parasynechococcus,PROTEOMICS,SYNW0034,accB,"acetyl-CoA carboxylase, biotin carboxyl carrier protein",Lipid metabolism,9.0,up,1.2470660481462377,0.01905627,darkness
10.1128/spectrum.03275-22_dark_low_glucose_wh8102_proteomics,Synechococcus WH8102,Parasynechococcus,PROTEOMICS,SYNW2499,aroF,3-deoxy-7-phosphoheptulonate synthase,Amino acid metabolism,9.0,down,-1.2988791496946863,0.019527076,darkness
10.1128/spectrum.03275-22_dark_low_glucose_wh8102_proteomics,Synechococcus WH8102,Parasynechococcus,PROTEOMICS,SYNW2305,menE,O-succinylbenzoic acid--CoA ligase (OSB-CoA synthetase),Coenzyme metabolism,10.0,down,-1.256297166813128,0.045956976,darkness
10.1128/spectrum.03275-22_dark_low_glucose_wh8102_proteomics,Synechococcus WH8102,Parasynechococcus,PROTEOMICS,SYNW2344,nusG,transcription termination/antitermination factor NusG,Transcription,10.0,up,1.0807390856642467,0.043916381,darkness
10.1128/spectrum.03275-22_dark_high_glucose_wh8102_proteomics,Synechococcus WH8102,Parasynechococcus,PROTEOMICS,SYNW1262,argC,N-acetyl-gamma-glutamyl-phosphate reductase,Amino acid metabolism,1.0,up,5.980191585715103,0.046465072,darkness
10.1128/spectrum.03275-22_dark_high_glucose_wh8102_proteomics,Synechococcus WH8102,Parasynechococcus,PROTEOMICS,SYNW1780,argB,acetylglutamate kinase,Amino acid metabolism,1.0,down,-4.668738282353358,0.040784167,darkness
10.1128/spectrum.03275-22_dark_high_glucose_wh8102_proteomics,Synechococcus WH8102,Parasynechococcus,PROTEOMICS,SYNW0285,trmB,tRNA (guanine-N(7)-)-methyltransferase,Translation,2.0,up,5.426722758471676,0.016165275,darkness
10.1128/spectrum.03275-22_dark_high_glucose_wh8102_proteomics,Synechococcus WH8102,Parasynechococcus,PROTEOMICS,SYNW1812,,nucleoside 2-deoxyribosyltransferase family protein,Nucleotide metabolism,2.0,down,-3.06726981526205,0.019977502,darkness
10.1128/spectrum.03275-22_dark_high_glucose_wh8102_proteomics,Synechococcus WH8102,Parasynechococcus,PROTEOMICS,SYNW1263,ribBA,"3,4-dihydroxy 2-butanone 4-phosphate synthase / GTP cyclohydrolase II",Coenzyme metabolism,3.0,down,-2.208790896755481,0.025350881,darkness
10.1128/spectrum.03275-22_dark_high_glucose_wh8102_proteomics,Synechococcus WH8102,Parasynechococcus,PROTEOMICS,SYNW2047,ppc,phosphoenol pyruvate carboxylase,Carbohydrate metabolism,3.0,up,4.784122610324464,0.015713762,darkness
10.1128/spectrum.03275-22_dark_high_glucose_wh8102_proteomics,Synechococcus WH8102,Parasynechococcus,PROTEOMICS,SYNW2078,rplX,50S ribosomal protein L24,Translation,4.0,up,4.4066541442536,0.040400235,darkness
10.1128/spectrum.03275-22_dark_high_glucose_wh8102_proteomics,Synechococcus WH8102,Parasynechococcus,PROTEOMICS,SYNW2320,nadC,nicotinate-nucleotide diphosphorylase,Coenzyme metabolism,4.0,down,-2.056081241239739,0.040576909,darkness
10.1128/spectrum.03275-22_dark_high_glucose_wh8102_proteomics,Synechococcus WH8102,Parasynechococcus,PROTEOMICS,SYNW0626,gidB,16S rRNA (guanine(527)-N(7))-methyltransferase GidB,Translation,5.0,down,-1.968367244443334,0.043304488,darkness
10.1128/spectrum.03275-22_dark_high_glucose_wh8102_proteomics,Synechococcus WH8102,Parasynechococcus,PROTEOMICS,SYNW1238,metH,methionine synthase,Amino acid metabolism,5.0,up,3.997394141602875,0.048473669,darkness
10.1128/spectrum.03275-22_dark_high_glucose_wh8102_proteomics,Synechococcus WH8102,Parasynechococcus,PROTEOMICS,SYNW0152,rnc,ribonuclease III,Transcription,6.0,down,-1.8581307310188864,0.023095918,darkness
10.1128/spectrum.03275-22_dark_high_glucose_wh8102_proteomics,Synechococcus WH8102,Parasynechococcus,PROTEOMICS,SYNW2135,rpsL,30S ribosomal protein S12,Translation,6.0,up,3.92451948160472,0.028633037,darkness
10.1128/spectrum.03275-22_dark_high_glucose_wh8102_proteomics,Synechococcus WH8102,Parasynechococcus,PROTEOMICS,SYNW0239,,CNNM domain-containing protein,Transport,7.0,up,3.525220089571932,0.026688997,darkness
10.1128/spectrum.03275-22_dark_high_glucose_wh8102_proteomics,Synechococcus WH8102,Parasynechococcus,PROTEOMICS,SYNW1824,rplS,50S ribosomal protein L19,Translation,7.0,down,-1.5910917545393035,0.043023639,darkness
10.1128/spectrum.03275-22_dark_high_glucose_wh8102_proteomics,Synechococcus WH8102,Parasynechococcus,PROTEOMICS,SYNW2267,metF,"5,10-methylenetetrahydrofolate reductase",Central intermediary metabolism,8.0,up,2.935673304234892,0.019125958,darkness
10.1128/spectrum.03275-22_dark_high_glucose_wh8102_proteomics,Synechococcus WH8102,Parasynechococcus,PROTEOMICS,SYNW2515,,conserved hypothetical protein,Unknown,8.0,down,-1.3589780862354433,0.039365568,darkness
10.1128/spectrum.03275-22_dark_high_glucose_wh8102_proteomics,Synechococcus WH8102,Parasynechococcus,PROTEOMICS,SYNW1109,typA,GTP-binding protein TypA/BipA,Translation,9.0,up,2.904042500515097,0.041264629,darkness
10.1128/spectrum.03275-22_dark_high_glucose_wh8102_proteomics,Synechococcus WH8102,Parasynechococcus,PROTEOMICS,SYNW1775,cutA,periplasmic divalent cation tolerance protein,Cellular processes,9.0,down,-1.1675242715080707,0.034046133,darkness
10.1128/spectrum.03275-22_dark_high_glucose_wh8102_proteomics,Synechococcus WH8102,Parasynechococcus,PROTEOMICS,SYNW0819,dapB,4-hydroxy-tetrahydrodipicolinate reductase,Amino acid metabolism,10.0,up,2.8309205542231823,0.040363676,darkness
10.1128/spectrum.03275-22_dark_high_glucose_wh8102_proteomics,Synechococcus WH8102,Parasynechococcus,PROTEOMICS,SYNW1783,rpoD1,"major RNA polymerase sigma factor, type I",Stress response and adaptation,10.0,down,-1.167114945879956,0.020545391,darkness
10.1128/spectrum.03275-22_light_low_glucose_wh8102_proteomics,Synechococcus WH8102,Parasynechococcus,PROTEOMICS,SYNW2035,,conserved hypothetical protein,Unknown,1.0,down,-2.267204267961428,0.026017027,stationary
10.1128/spectrum.03275-22_light_low_glucose_wh8102_proteomics,Synechococcus WH8102,Parasynechococcus,PROTEOMICS,SYNW2525,,alpha/beta hydrolase of unknown function (DUF1400),Amino acid metabolism,1.0,up,1.1444900273856138,0.014190474,stationary
10.1128/spectrum.03275-22_light_low_glucose_wh8102_proteomics,Synechococcus WH8102,Parasynechococcus,PROTEOMICS,SYNW1332,,uncharacterized conserved secreted protein,Unknown,2.0,up,1.1396394604354674,0.025772019,stationary
10.1128/spectrum.03275-22_light_low_glucose_wh8102_proteomics,Synechococcus WH8102,Parasynechococcus,PROTEOMICS,SYNW1950,,conserved hypothetical protein,Unknown,2.0,down,-1.7925751420952172,0.020282576,stationary
10.1128/spectrum.03275-22_light_low_glucose_wh8102_proteomics,Synechococcus WH8102,Parasynechococcus,PROTEOMICS,SYNW0083,,sulfotransferase,Secondary metabolites,3.0,up,1.0771666762947665,0.007231333,stationary
10.1128/spectrum.03275-22_light_low_glucose_wh8102_proteomics,Synechococcus WH8102,Parasynechococcus,PROTEOMICS,SYNW0321,sufD,"ABC transporter involved in Fe-S cluster assembly, permease component",Stress response and adaptation,3.0,down,-1.7537804818219669,0.026684594,stationary
10.1128/spectrum.03275-22_light_low_glucose_wh8102_proteomics,Synechococcus WH8102,Parasynechococcus,PROTEOMICS,SYNW1230,,DnaJ type IV chaperone protein,Post-translational modification,4.0,up,1.072274595188804,0.048030003,stationary
10.1128/spectrum.03275-22_light_low_glucose_wh8102_proteomics,Synechococcus WH8102,Parasynechococcus,PROTEOMICS,SYNW2365,hspA,small heat shock protein (HSP20) family protein,Stress response and adaptation,4.0,down,-1.0117480059538455,0.045161405,stationary
10.1128/spectrum.03275-22_light_high_glucose_wh8102_proteomics,Synechococcus WH8102,Parasynechococcus,PROTEOMICS,SYNW1226,rpmG,50S ribosomal protein L33,Translation,1.0,up,6.2401201501239685,0.032499559,stationary
10.1128/spectrum.03275-22_light_high_glucose_wh8102_proteomics,Synechococcus WH8102,Parasynechococcus,PROTEOMICS,SYNW1812,,nucleoside 2-deoxyribosyltransferase family protein,Nucleotide metabolism,1.0,down,-4.04698481353287,0.041199039,stationary
10.1128/spectrum.03275-22_light_high_glucose_wh8102_proteomics,Synechococcus WH8102,Parasynechococcus,PROTEOMICS,SYNW0152,rnc,ribonuclease III,Transcription,2.0,down,-2.4177969460030906,0.019806372,stationary
10.1128/spectrum.03275-22_light_high_glucose_wh8102_proteomics,Synechococcus WH8102,Parasynechococcus,PROTEOMICS,SYNW2136,rpsG,30S ribosomal protein S7,Translation,2.0,up,4.359716012463594,0.024060276,stationary
10.1128/spectrum.03275-22_light_high_glucose_wh8102_proteomics,Synechococcus WH8102,Parasynechococcus,PROTEOMICS,SYNW0321,sufD,"ABC transporter involved in Fe-S cluster assembly, permease component",Stress response and adaptation,3.0,down,-2.121517448725965,0.037518549,stationary
10.1128/spectrum.03275-22_light_high_glucose_wh8102_proteomics,Synechococcus WH8102,Parasynechococcus,PROTEOMICS,SYNW1686,mqoA,malate:quinone oxidoreductase,Carbohydrate metabolism,3.0,up,4.298827850860129,0.041010341,stationary
10.1128/spectrum.03275-22_light_high_glucose_wh8102_proteomics,Synechococcus WH8102,Parasynechococcus,PROTEOMICS,SYNW0136,,TPR repeat family protein,Cell motility,4.0,down,-2.0974007956778737,0.047239913,stationary
10.1128/spectrum.03275-22_light_high_glucose_wh8102_proteomics,Synechococcus WH8102,Parasynechococcus,PROTEOMICS,SYNW0790,mviM,"oxidoreductase, NAD-binding Rossmann fold family protein",Unknown,4.0,up,3.7608638171833046,0.040396399,stationary
10.1128/spectrum.03275-22_light_high_glucose_wh8102_proteomics,Synechococcus WH8102,Parasynechococcus,PROTEOMICS,SYNW0819,dapB,4-hydroxy-tetrahydrodipicolinate reductase,Amino acid metabolism,5.0,up,3.129246003840362,0.030108875,stationary
10.1128/spectrum.03275-22_light_high_glucose_wh8102_proteomics,Synechococcus WH8102,Parasynechococcus,PROTEOMICS,SYNW1950,,conserved hypothetical protein,Unknown,5.0,down,-2.0091211155576074,0.037828512,stationary
10.1128/spectrum.03275-22_light_high_glucose_wh8102_proteomics,Synechococcus WH8102,Parasynechococcus,PROTEOMICS,SYNW0003,purL,"phosphoribosylformylglycinamidine synthase, synthetase domain",Nucleotide metabolism,6.0,up,2.7306179100639945,0.016561391,stationary
10.1128/spectrum.03275-22_light_high_glucose_wh8102_proteomics,Synechococcus WH8102,Parasynechococcus,PROTEOMICS,SYNW2273,ndhI,NADH dehydrogenase I subunit NdhI,Carbohydrate metabolism,6.0,down,-1.7846134431211926,0.031189068,stationary
10.1128/spectrum.03275-22_light_high_glucose_wh8102_proteomics,Synechococcus WH8102,Parasynechococcus,PROTEOMICS,SYNW2367,flv3,flavoprotein involved in Mehler reaction,Carbohydrate metabolism,7.0,up,2.4600596035570845,0.013041773,stationary
10.1128/spectrum.03275-22_light_high_glucose_wh8102_proteomics,Synechococcus WH8102,Parasynechococcus,PROTEOMICS,SYNW2380,,conserved hypothetical protein,Unknown,7.0,down,-1.7559065902749889,0.038608608,stationary
10.1128/spectrum.03275-22_light_high_glucose_wh8102_proteomics,Synechococcus WH8102,Parasynechococcus,PROTEOMICS,SYNW0156,glgP,glycogen phosphorylase,Stress response and adaptation,8.0,up,2.2720014077858446,0.030657898,stationary
10.1128/spectrum.03275-22_light_high_glucose_wh8102_proteomics,Synechococcus WH8102,Parasynechococcus,PROTEOMICS,SYNW0765,,glutaredoxin family protein,Energy production,8.0,down,-1.4883822763547614,0.020914817,stationary
10.1128/spectrum.03275-22_light_high_glucose_wh8102_proteomics,Synechococcus WH8102,Parasynechococcus,PROTEOMICS,SYNW0928,recR,recombination protein RecR,Replication and repair,9.0,down,-1.4495491796898323,0.038030793,stationary
10.1128/spectrum.03275-22_light_high_glucose_wh8102_proteomics,Synechococcus WH8102,Parasynechococcus,PROTEOMICS,SYNW2213,crtQ,"9,9^-di-cis-zeta-carotene desaturase",Coenzyme metabolism,9.0,up,2.0604932822376623,0.021847561,stationary
10.1128/spectrum.03275-22_light_high_glucose_wh8102_proteomics,Synechococcus WH8102,Parasynechococcus,PROTEOMICS,SYNW2152,,conserved hypothetical protein,Unknown,10.0,up,1.9803060802470007,0.016202884,stationary
10.1128/spectrum.03275-22_light_high_glucose_wh8102_proteomics,Synechococcus WH8102,Parasynechococcus,PROTEOMICS,SYNW2382,gidA,tRNA uridine 5-carboxymethylaminomethyl modification enzyme GidA,Translation,10.0,down,-1.3615760649534914,0.027661968,stationary
10.1128/spectrum.03275-22_dark_low_glucose_bl107_proteomics,Synechococcus sp. BL107,Synechococcus,PROTEOMICS,BL107_07454,nusG,transcription termination/antitermination factor NusG,Transcription,1.0,up,2.0994232719275776,0.008264149,darkness
10.1128/spectrum.03275-22_dark_low_glucose_bl107_proteomics,Synechococcus sp. BL107,Synechococcus,PROTEOMICS,BL107_11441,cyabrB2,AbrB-like transcriptional regulator involved in photosynthesis regulation,Photosynthesis,1.0,down,-2.27677553067884,0.037204932,darkness
10.1128/spectrum.03275-22_dark_low_glucose_bl107_proteomics,Synechococcus sp. BL107,Synechococcus,PROTEOMICS,BL107_08129,psbO,photosystem II manganese-stabilizing protein PsbO,Photosynthesis,2.0,down,-1.9885655911260272,0.029125687,darkness
10.1128/spectrum.03275-22_dark_low_glucose_bl107_proteomics,Synechococcus sp. BL107,Synechococcus,PROTEOMICS,BL107_08514,adk,adenylate kinase,Nucleotide metabolism,2.0,up,1.858769924411296,0.04110713,darkness
10.1128/spectrum.03275-22_dark_low_glucose_bl107_proteomics,Synechococcus sp. BL107,Synechococcus,PROTEOMICS,BL107_08479,rplM,50S ribosomal protein L13,Translation,3.0,down,-1.0176072706478432,0.017221706,darkness
10.1128/spectrum.03275-22_dark_low_glucose_bl107_proteomics,Synechococcus sp. BL107,Synechococcus,PROTEOMICS,BL107_16040,rpoB,"DNA-directed RNA polymerase, beta subunit",Transcription,3.0,up,1.7313193634219632,0.014966732,darkness
10.1128/spectrum.03275-22_dark_low_glucose_bl107_proteomics,Synechococcus sp. BL107,Synechococcus,PROTEOMICS,BL107_06309,clpP2,"ATP-dependent Clp protease, protease subunit",Post-translational modification,4.0,up,1.7301583029415262,0.036993738,darkness
10.1128/spectrum.03275-22_dark_low_glucose_bl107_proteomics,Synechococcus sp. BL107,Synechococcus,PROTEOMICS,BL107_08264,fusA,elongation factor G,Translation,5.0,up,1.1286032950496192,0.029524361,darkness
10.1128/spectrum.03275-22_dark_high_glucose_bl107_proteomics,Synechococcus sp. BL107,Synechococcus,PROTEOMICS,BL107_09756,topA,"DNA topoisomerase I, omega subunit",Replication and repair,1.0,up,5.9069616831361405,0.010431083,darkness
10.1128/spectrum.03275-22_dark_high_glucose_bl107_proteomics,Synechococcus sp. BL107,Synechococcus,PROTEOMICS,BL107_09846,groL2,chaperonin GroEL,Stress response and adaptation,1.0,down,-1.030982518690056,0.043314963,darkness
10.1128/spectrum.03275-22_dark_high_glucose_bl107_proteomics,Synechococcus sp. BL107,Synechococcus,PROTEOMICS,BL107_07454,nusG,transcription termination/antitermination factor NusG,Transcription,2.0,up,4.291909287256149,0.020898441,darkness
10.1128/spectrum.03275-22_dark_high_glucose_bl107_proteomics,Synechococcus sp. BL107,Synechococcus,PROTEOMICS,BL107_07694,,beta-lactamase superfamily domain protein,Unknown,3.0,up,3.1952301783275834,0.035837824,darkness
10.1128/spectrum.03275-22_dark_high_glucose_bl107_proteomics,Synechococcus sp. BL107,Synechococcus,PROTEOMICS,BL107_16040,rpoB,"DNA-directed RNA polymerase, beta subunit",Transcription,4.0,up,3.1627486523007944,0.009172864,darkness
10.1128/spectrum.03275-22_dark_high_glucose_bl107_proteomics,Synechococcus sp. BL107,Synechococcus,PROTEOMICS,BL107_11261,surE,5^-nucleotidase,Nucleotide metabolism,5.0,up,2.902672987493292,0.041742781,darkness
10.1128/spectrum.03275-22_dark_high_glucose_bl107_proteomics,Synechococcus sp. BL107,Synechococcus,PROTEOMICS,BL107_06309,clpP2,"ATP-dependent Clp protease, protease subunit",Post-translational modification,6.0,up,2.496111434168084,0.030350493,darkness
10.1128/spectrum.03275-22_dark_high_glucose_bl107_proteomics,Synechococcus sp. BL107,Synechococcus,PROTEOMICS,BL107_14060,rbpD,nucleotide-binding alpha-beta plait domain-containing protein,Unknown,7.0,up,2.476574355244148,0.00791576,darkness
10.1128/spectrum.03275-22_dark_high_glucose_bl107_proteomics,Synechococcus sp. BL107,Synechococcus,PROTEOMICS,BL107_05724,galM,aldose 1-epimerase family protein,Stress response and adaptation,8.0,up,2.412816913062368,0.006869342,darkness
10.1128/spectrum.03275-22_dark_high_glucose_bl107_proteomics,Synechococcus sp. BL107,Synechococcus,PROTEOMICS,BL107_08264,fusA,elongation factor G,Translation,9.0,up,2.375429996883338,0.004688242,darkness
10.1128/spectrum.03275-22_dark_high_glucose_bl107_proteomics,Synechococcus sp. BL107,Synechococcus,PROTEOMICS,BL107_08514,adk,adenylate kinase,Nucleotide metabolism,10.0,up,2.3726464328170347,0.012214575,darkness
10.1128/spectrum.03275-22_light_low_glucose_bl107_proteomics,Synechococcus sp. BL107,Synechococcus,PROTEOMICS,BL107_09306,cp12,CP12 polypeptide,Photosynthesis,1.0,down,-3.236183959891484,0.014983392,stationary
10.1128/spectrum.03275-22_light_low_glucose_bl107_proteomics,Synechococcus sp. BL107,Synechococcus,PROTEOMICS,BL107_09756,topA,"DNA topoisomerase I, omega subunit",Replication and repair,1.0,up,4.263776619736889,0.001047215,stationary
10.1128/spectrum.03275-22_light_low_glucose_bl107_proteomics,Synechococcus sp. BL107,Synechococcus,PROTEOMICS,BL107_11441,cyabrB2,AbrB-like transcriptional regulator involved in photosynthesis regulation,Photosynthesis,2.0,down,-2.9577047529823863,0.04626623,stationary
10.1128/spectrum.03275-22_light_low_glucose_bl107_proteomics,Synechococcus sp. BL107,Synechococcus,PROTEOMICS,BL107_15760,pdhC,"pyruvate dehydrogenase complex, dihydrolipoamide acyltransferase (E2) component",Carbohydrate metabolism,2.0,up,2.5201586629865527,0.010742456,stationary
10.1128/spectrum.03275-22_light_low_glucose_bl107_proteomics,Synechococcus sp. BL107,Synechococcus,PROTEOMICS,BL107_07454,nusG,transcription termination/antitermination factor NusG,Transcription,3.0,up,2.1837682582304025,0.006034618,stationary
10.1128/spectrum.03275-22_light_low_glucose_bl107_proteomics,Synechococcus sp. BL107,Synechococcus,PROTEOMICS,BL107_10866,petP,cytochrome b6-f complex subunit PetP,Photosynthesis,3.0,down,-2.790965774921077,0.022326889,stationary
10.1128/spectrum.03275-22_light_low_glucose_bl107_proteomics,Synechococcus sp. BL107,Synechococcus,PROTEOMICS,BL107_08586,rplN,50S ribosomal protein L14,Translation,4.0,down,-2.152572942273866,0.007217237,stationary
10.1128/spectrum.03275-22_light_low_glucose_bl107_proteomics,Synechococcus sp. BL107,Synechococcus,PROTEOMICS,BL107_10556,csoS1A,carboxysome shell protein CsoS1A,Photosynthesis,4.0,up,1.862523630797312,0.048427832,stationary
10.1128/spectrum.03275-22_light_low_glucose_bl107_proteomics,Synechococcus sp. BL107,Synechococcus,PROTEOMICS,BL107_04827,psbU,photosystem II 12 kDa extrinsic PsbU protein,Photosynthesis,5.0,down,-1.8718547514465145,0.02837197,stationary
10.1128/spectrum.03275-22_light_low_glucose_bl107_proteomics,Synechococcus sp. BL107,Synechococcus,PROTEOMICS,BL107_16040,rpoB,"DNA-directed RNA polymerase, beta subunit",Transcription,5.0,up,1.5866356882414785,0.045403503,stationary
10.1128/spectrum.03275-22_light_low_glucose_bl107_proteomics,Synechococcus sp. BL107,Synechococcus,PROTEOMICS,BL107_11096,lpdA,dihydrolipoamide dehydrogenase,Amino acid metabolism,6.0,up,1.1024401507162858,0.004316019,stationary
10.1128/spectrum.03275-22_light_low_glucose_bl107_proteomics,Synechococcus sp. BL107,Synechococcus,PROTEOMICS,BL107_16150,,conserved hypothetical protein,Unknown,6.0,down,-1.3430813159190411,0.023425449,stationary
10.1128/spectrum.03275-22_light_high_glucose_bl107_proteomics,Synechococcus sp. BL107,Synechococcus,PROTEOMICS,BL107_07454,nusG,transcription termination/antitermination factor NusG,Transcription,1.0,up,4.316439921416725,0.049325089,stationary
10.1128/spectrum.03275-22_light_high_glucose_bl107_proteomics,Synechococcus sp. BL107,Synechococcus,PROTEOMICS,BL107_08586,rplN,50S ribosomal protein L14,Translation,1.0,down,-2.8874347964017675,0.004648465,stationary
10.1128/spectrum.03275-22_light_high_glucose_bl107_proteomics,Synechococcus sp. BL107,Synechococcus,PROTEOMICS,BL107_16040,rpoB,"DNA-directed RNA polymerase, beta subunit",Transcription,2.0,up,3.97771875755895,0.003648834,stationary
10.1128/spectrum.03275-22_light_high_glucose_bl107_proteomics,Synechococcus sp. BL107,Synechococcus,PROTEOMICS,BL107_07694,,beta-lactamase superfamily domain protein,Unknown,3.0,up,3.5678878183207594,0.043031199,stationary
10.1128/spectrum.03275-22_light_high_glucose_bl107_proteomics,Synechococcus sp. BL107,Synechococcus,PROTEOMICS,BL107_08494,rpoA,"DNA-directed RNA polymerase, alpha subunit",Transcription,4.0,up,2.69078457232776,0.027753592,stationary
10.1128/spectrum.03275-22_light_high_glucose_bl107_proteomics,Synechococcus sp. BL107,Synechococcus,PROTEOMICS,BL107_06744,dnaK3,chaperone protein DnaK,Stress response and adaptation,5.0,up,2.681216606301946,0.04600242,stationary
10.1128/spectrum.03275-22_light_high_glucose_bl107_proteomics,Synechococcus sp. BL107,Synechococcus,PROTEOMICS,BL107_08996,cpeE,"rod linker polypeptide (Lr), C-phycoerythrin class I-associated (CpeE)",Photosynthesis,6.0,up,2.415238241015934,0.028734262,stationary
10.1128/spectrum.03275-22_light_high_glucose_bl107_proteomics,Synechococcus sp. BL107,Synechococcus,PROTEOMICS,BL107_10556,csoS1A,carboxysome shell protein CsoS1A,Photosynthesis,7.0,up,2.218036192448503,0.034580086,stationary
10.1128/spectrum.03275-22_light_high_glucose_bl107_proteomics,Synechococcus sp. BL107,Synechococcus,PROTEOMICS,BL107_11096,lpdA,dihydrolipoamide dehydrogenase,Amino acid metabolism,8.0,up,2.157778242422269,0.017181287,stationary
10.1128/spectrum.03275-22_light_high_glucose_bl107_proteomics,Synechococcus sp. BL107,Synechococcus,PROTEOMICS,BL107_08264,fusA,elongation factor G,Translation,9.0,up,2.1133760279654985,0.02368779,stationary
10.1128/spectrum.03275-22_light_high_glucose_bl107_proteomics,Synechococcus sp. BL107,Synechococcus,PROTEOMICS,BL107_11121,fkpA,FKBP-type peptidyl-prolyl cis-trans isomerase,Post-translational modification,10.0,up,2.106829025071617,0.025008518,stationary
10.1038/s43705-022-00197-2_coculture_prochlorococcus_mit9312_at_400_ez55_rnaseq,Alteromonas macleodii EZ55,Alteromonas,RNASEQ,EZ55_02634,,HvfA family oxazolone/thioamide-modified RiPP metallophore,Unknown,1.0,up,4.475370071,1.25e-24,mid-exponential
10.1038/s43705-022-00197-2_coculture_prochlorococcus_mit9312_at_400_ez55_rnaseq,Alteromonas macleodii EZ55,Alteromonas,RNASEQ,EZ55_03067,,AAA family ATPase,Cell cycle and division,1.0,down,-3.184232465,3.28e-12,mid-exponential
10.1038/s43705-022-00197-2_coculture_prochlorococcus_mit9312_at_400_ez55_rnaseq,Alteromonas macleodii EZ55,Alteromonas,RNASEQ,EZ55_00872,,organic hydroperoxide resistance protein,Post-translational modification,2.0,up,3.69193586,9.72e-17,mid-exponential
10.1038/s43705-022-00197-2_coculture_prochlorococcus_mit9312_at_400_ez55_rnaseq,Alteromonas macleodii EZ55,Alteromonas,RNASEQ,EZ55_02372,maoP,DUF413 domain-containing protein,Unknown,2.0,down,-2.83762187,3.66e-06,mid-exponential
10.1038/s43705-022-00197-2_coculture_prochlorococcus_mit9312_at_400_ez55_rnaseq,Alteromonas macleodii EZ55,Alteromonas,RNASEQ,EZ55_00751,,IS110 family RNA-guided transposase,Replication and repair,3.0,up,3.550565844,1.1e-57,mid-exponential
10.1038/s43705-022-00197-2_coculture_prochlorococcus_mit9312_at_400_ez55_rnaseq,Alteromonas macleodii EZ55,Alteromonas,RNASEQ,EZ55_01782,,DUF3718 domain-containing protein,Unknown,3.0,down,-2.754231991,1.64e-07,mid-exponential
10.1038/s43705-022-00197-2_coculture_prochlorococcus_mit9312_at_400_ez55_rnaseq,Alteromonas macleodii EZ55,Alteromonas,RNASEQ,EZ55_01776,,DUF3718 domain-containing protein,Unknown,4.0,down,-2.686031629,2.34e-06,mid-exponential
10.1038/s43705-022-00197-2_coculture_prochlorococcus_mit9312_at_400_ez55_rnaseq,Alteromonas macleodii EZ55,Alteromonas,RNASEQ,EZ55_02348,metE,methionine synthase,Amino acid metabolism,4.0,up,3.481173904,9.09e-16,mid-exponential
10.1038/s43705-022-00197-2_coculture_prochlorococcus_mit9312_at_400_ez55_rnaseq,Alteromonas macleodii EZ55,Alteromonas,RNASEQ,EZ55_01810,,2OG-Fe(II) oxygenase,Post-translational modification,5.0,down,-2.644982238,3.92e-06,mid-exponential
10.1038/s43705-022-00197-2_coculture_prochlorococcus_mit9312_at_400_ez55_rnaseq,Alteromonas macleodii EZ55,Alteromonas,RNASEQ,EZ55_02347,,DUF1852 domain-containing protein,Unknown,5.0,up,3.279412391,9.63e-13,mid-exponential
10.1038/s43705-022-00197-2_coculture_prochlorococcus_mit9312_at_400_ez55_rnaseq,Alteromonas macleodii EZ55,Alteromonas,RNASEQ,EZ55_01508,,carboxymuconolactone decarboxylase family protein,Unknown,6.0,up,3.224196974,6.22e-27,mid-exponential
10.1038/s43705-022-00197-2_coculture_prochlorococcus_mit9312_at_400_ez55_rnaseq,Alteromonas macleodii EZ55,Alteromonas,RNASEQ,EZ55_02371,,hypothetical protein,Unknown,6.0,down,-2.566433729,3.99e-06,mid-exponential
10.1038/s43705-022-00197-2_coculture_prochlorococcus_mit9312_at_400_ez55_rnaseq,Alteromonas macleodii EZ55,Alteromonas,RNASEQ,EZ55_02586,,hypothetical protein,Unknown,7.0,down,-2.414202531,1.01e-05,mid-exponential
10.1038/s43705-022-00197-2_coculture_prochlorococcus_mit9312_at_400_ez55_rnaseq,Alteromonas macleodii EZ55,Alteromonas,RNASEQ,EZ55_03194,fucP,L-fucose:H+ symporter permease,Carbohydrate metabolism,7.0,up,3.135352618,2.46e-20,mid-exponential
10.1038/s43705-022-00197-2_coculture_prochlorococcus_mit9312_at_400_ez55_rnaseq,Alteromonas macleodii EZ55,Alteromonas,RNASEQ,EZ55_01509,,IS110 family RNA-guided transposase,Replication and repair,8.0,up,2.850660885,7.24e-61,mid-exponential
10.1038/s43705-022-00197-2_coculture_prochlorococcus_mit9312_at_400_ez55_rnaseq,Alteromonas macleodii EZ55,Alteromonas,RNASEQ,EZ55_03068,,hypothetical protein,Unknown,8.0,down,-2.40160152,5.99e-13,mid-exponential
10.1038/s43705-022-00197-2_coculture_prochlorococcus_mit9312_at_400_ez55_rnaseq,Alteromonas macleodii EZ55,Alteromonas,RNASEQ,EZ55_01777,,DUF3718 domain-containing protein,Unknown,9.0,down,-2.387912606,7.6e-07,mid-exponential
10.1038/s43705-022-00197-2_coculture_prochlorococcus_mit9312_at_400_ez55_rnaseq,Alteromonas macleodii EZ55,Alteromonas,RNASEQ,EZ55_01815,ahpF,alkyl hydroperoxide reductase subunit F,Post-translational modification,9.0,up,2.844076996,4.5e-15,mid-exponential
10.1038/s43705-022-00197-2_coculture_prochlorococcus_mit9312_at_400_ez55_rnaseq,Alteromonas macleodii EZ55,Alteromonas,RNASEQ,EZ55_02642,xdp1,exosortase-dependent surface protein XDP1,Unknown,10.0,down,-2.318945584,1.82e-08,mid-exponential
10.1038/s43705-022-00197-2_coculture_prochlorococcus_mit9312_at_400_ez55_rnaseq,Alteromonas macleodii EZ55,Alteromonas,RNASEQ,EZ55_03523,,hypothetical protein,Unknown,10.0,up,2.819555383,3.88e-09,mid-exponential
10.1038/s43705-022-00197-2_coculture_prochlorococcus_mit9312_at_800_ez55_rnaseq,Alteromonas macleodii EZ55,Alteromonas,RNASEQ,EZ55_03523,,hypothetical protein,Unknown,1.0,down,-3.428038242,2.94e-06,mid-exponential
10.1038/s43705-022-00197-2_coculture_prochlorococcus_mit9312_at_800_ez55_rnaseq,Alteromonas macleodii EZ55,Alteromonas,RNASEQ,EZ55_03827,,TonB-dependent receptor,Inorganic ion transport,1.0,up,2.179284548,1.39e-06,mid-exponential
10.1038/s43705-022-00197-2_coculture_prochlorococcus_mit9312_at_800_ez55_rnaseq,Alteromonas macleodii EZ55,Alteromonas,RNASEQ,EZ55_03366,,endonuclease/exonuclease/phosphatase family protein,Replication and repair,2.0,up,1.745074693,0.001150184,mid-exponential
10.1038/s43705-022-00197-2_coculture_prochlorococcus_mit9312_at_800_ez55_rnaseq,Alteromonas macleodii EZ55,Alteromonas,RNASEQ,EZ55_03522,katB,catalase,Energy production,2.0,down,-2.72191529,4.16e-06,mid-exponential
10.1038/s43705-022-00197-2_coculture_prochlorococcus_mit9312_at_800_ez55_rnaseq,Alteromonas macleodii EZ55,Alteromonas,RNASEQ,EZ55_00390,glnK,P-II family nitrogen regulator,Transcription,3.0,down,-2.702353323,2.63e-05,mid-exponential
10.1038/s43705-022-00197-2_coculture_prochlorococcus_mit9312_at_800_ez55_rnaseq,Alteromonas macleodii EZ55,Alteromonas,RNASEQ,EZ55_03498,actP,sodium:solute symporter family protein,Unknown,3.0,up,1.706009247,0.000122122,mid-exponential
10.1038/s43705-022-00197-2_coculture_prochlorococcus_mit9312_at_800_ez55_rnaseq,Alteromonas macleodii EZ55,Alteromonas,RNASEQ,EZ55_00391,amtB,ammonium transporter,Inorganic ion transport,4.0,down,-2.172232596,1.05e-05,mid-exponential
10.1038/s43705-022-00197-2_coculture_prochlorococcus_mit9312_at_800_ez55_rnaseq,Alteromonas macleodii EZ55,Alteromonas,RNASEQ,EZ55_02117,fecA,TonB-dependent receptor family protein,Inorganic ion transport,4.0,up,1.699225191,2.98e-12,mid-exponential
10.1038/s43705-022-00197-2_coculture_prochlorococcus_mit9312_at_800_ez55_rnaseq,Alteromonas macleodii EZ55,Alteromonas,RNASEQ,EZ55_00433,katA,catalase,Energy production,5.0,down,-2.036643339,0.000152382,mid-exponential
10.1038/s43705-022-00197-2_coculture_prochlorococcus_mit9312_at_800_ez55_rnaseq,Alteromonas macleodii EZ55,Alteromonas,RNASEQ,EZ55_03499,,DUF4212 domain-containing protein,Unknown,5.0,up,1.695495047,0.000208008,mid-exponential
10.1038/s43705-022-00197-2_coculture_prochlorococcus_mit9312_at_800_ez55_rnaseq,Alteromonas macleodii EZ55,Alteromonas,RNASEQ,EZ55_02634,,HvfA family oxazolone/thioamide-modified RiPP metallophore,Unknown,6.0,down,-2.029912154,0.000507593,mid-exponential
10.1038/s43705-022-00197-2_coculture_prochlorococcus_mit9312_at_800_ez55_rnaseq,Alteromonas macleodii EZ55,Alteromonas,RNASEQ,EZ55_04002,,DUF748 domain-containing protein,Cell wall and membrane,6.0,up,1.680037561,3.08e-08,mid-exponential
10.1038/s43705-022-00197-2_coculture_prochlorococcus_mit9312_at_800_ez55_rnaseq,Alteromonas macleodii EZ55,Alteromonas,RNASEQ,EZ55_00416,,TorF family putative porin,Unknown,7.0,down,-1.864663402,6.68e-05,mid-exponential
10.1038/s43705-022-00197-2_coculture_prochlorococcus_mit9312_at_800_ez55_rnaseq,Alteromonas macleodii EZ55,Alteromonas,RNASEQ,EZ55_02372,maoP,DUF413 domain-containing protein,Unknown,7.0,up,1.673511296,0.017059472,mid-exponential
10.1038/s43705-022-00197-2_coculture_prochlorococcus_mit9312_at_800_ez55_rnaseq,Alteromonas macleodii EZ55,Alteromonas,RNASEQ,EZ55_02919,pfpI,type 1 glutamine amidotransferase domain-containing protein,Unknown,8.0,up,1.667434987,0.002098743,mid-exponential
10.1038/s43705-022-00197-2_coculture_prochlorococcus_mit9312_at_800_ez55_rnaseq,Alteromonas macleodii EZ55,Alteromonas,RNASEQ,EZ55_02929,,marine proteobacterial sortase target protein,Unknown,8.0,down,-1.716646228,0.000885169,mid-exponential
10.1038/s43705-022-00197-2_coculture_prochlorococcus_mit9312_at_800_ez55_rnaseq,Alteromonas macleodii EZ55,Alteromonas,RNASEQ,EZ55_00896,hutU,urocanate hydratase,Amino acid metabolism,9.0,down,-1.676390919,6.9e-06,mid-exponential
10.1038/s43705-022-00197-2_coculture_prochlorococcus_mit9312_at_800_ez55_rnaseq,Alteromonas macleodii EZ55,Alteromonas,RNASEQ,EZ55_03376,,EF-hand domain-containing protein,Unknown,9.0,up,1.666392261,0.003205175,mid-exponential
10.1038/s43705-022-00197-2_coculture_prochlorococcus_mit9312_at_800_ez55_rnaseq,Alteromonas macleodii EZ55,Alteromonas,RNASEQ,EZ55_01444,,pyridoxamine 5^-phosphate oxidase family protein,Unknown,10.0,up,1.654548167,0.000173525,mid-exponential
10.1038/s43705-022-00197-2_coculture_prochlorococcus_mit9312_at_800_ez55_rnaseq,Alteromonas macleodii EZ55,Alteromonas,RNASEQ,EZ55_02006,,TonB-dependent receptor,Inorganic ion transport,10.0,down,-1.676183586,0.00039769,mid-exponential
10.1038/s43705-022-00197-2_coculture_synechococcus_cc9311_at_400_ez55_rnaseq,Alteromonas macleodii EZ55,Alteromonas,RNASEQ,EZ55_02348,metE,methionine synthase,Amino acid metabolism,1.0,down,-3.143109788,8.25e-09,mid-exponential
10.1038/s43705-022-00197-2_coculture_synechococcus_cc9311_at_400_ez55_rnaseq,Alteromonas macleodii EZ55,Alteromonas,RNASEQ,EZ55_03067,,AAA family ATPase,Cell cycle and division,1.0,up,2.987613259,2.26e-17,mid-exponential
10.1038/s43705-022-00197-2_coculture_synechococcus_cc9311_at_400_ez55_rnaseq,Alteromonas macleodii EZ55,Alteromonas,RNASEQ,EZ55_02347,,DUF1852 domain-containing protein,Unknown,2.0,down,-3.01438847,1.87e-07,mid-exponential
10.1038/s43705-022-00197-2_coculture_synechococcus_cc9311_at_400_ez55_rnaseq,Alteromonas macleodii EZ55,Alteromonas,RNASEQ,EZ55_03068,,hypothetical protein,Unknown,2.0,up,2.877289678,1.63e-26,mid-exponential
10.1038/s43705-022-00197-2_coculture_synechococcus_cc9311_at_400_ez55_rnaseq,Alteromonas macleodii EZ55,Alteromonas,RNASEQ,EZ55_03523,,hypothetical protein,Unknown,3.0,down,-2.73663932,5.71e-06,mid-exponential
10.1038/s43705-022-00197-2_coculture_synechococcus_cc9311_at_400_ez55_rnaseq,Alteromonas macleodii EZ55,Alteromonas,RNASEQ,EZ55_03829,,glycoside hydrolase family 16 protein,Carbohydrate metabolism,3.0,up,2.440842449,2.69e-24,mid-exponential
10.1038/s43705-022-00197-2_coculture_synechococcus_cc9311_at_400_ez55_rnaseq,Alteromonas macleodii EZ55,Alteromonas,RNASEQ,EZ55_02711,pilW,PilW family protein,Cell motility,4.0,up,2.368904792,2.57e-23,mid-exponential
10.1038/s43705-022-00197-2_coculture_synechococcus_cc9311_at_400_ez55_rnaseq,Alteromonas macleodii EZ55,Alteromonas,RNASEQ,EZ55_03398,,hypothetical protein,Unknown,4.0,down,-2.32039127,4.42e-14,mid-exponential
10.1038/s43705-022-00197-2_coculture_synechococcus_cc9311_at_400_ez55_rnaseq,Alteromonas macleodii EZ55,Alteromonas,RNASEQ,EZ55_02371,,hypothetical protein,Unknown,5.0,up,2.355292755,9.06e-08,mid-exponential
10.1038/s43705-022-00197-2_coculture_synechococcus_cc9311_at_400_ez55_rnaseq,Alteromonas macleodii EZ55,Alteromonas,RNASEQ,EZ55_02984,,TonB-dependent receptor,Inorganic ion transport,5.0,down,-2.298803273,2.51e-09,mid-exponential
10.1038/s43705-022-00197-2_coculture_synechococcus_cc9311_at_400_ez55_rnaseq,Alteromonas macleodii EZ55,Alteromonas,RNASEQ,EZ55_02712,pilV,PilV family protein,Cell motility,6.0,up,2.291192374,4.62e-18,mid-exponential
10.1038/s43705-022-00197-2_coculture_synechococcus_cc9311_at_400_ez55_rnaseq,Alteromonas macleodii EZ55,Alteromonas,RNASEQ,EZ55_02876,betB,betaine-aldehyde dehydrogenase,Energy production,6.0,down,-2.191989651,1.99e-07,mid-exponential
10.1038/s43705-022-00197-2_coculture_synechococcus_cc9311_at_400_ez55_rnaseq,Alteromonas macleodii EZ55,Alteromonas,RNASEQ,EZ55_00549,,type II toxin-antitoxin system Phd/YefM family antitoxin,Cell cycle and division,7.0,down,-2.191174289,1.5600000000000002e-21,mid-exponential
10.1038/s43705-022-00197-2_coculture_synechococcus_cc9311_at_400_ez55_rnaseq,Alteromonas macleodii EZ55,Alteromonas,RNASEQ,EZ55_01782,,DUF3718 domain-containing protein,Unknown,7.0,up,2.265207182,3.07e-08,mid-exponential
10.1038/s43705-022-00197-2_coculture_synechococcus_cc9311_at_400_ez55_rnaseq,Alteromonas macleodii EZ55,Alteromonas,RNASEQ,EZ55_02586,,hypothetical protein,Unknown,8.0,up,2.240868641,2.38e-07,mid-exponential
10.1038/s43705-022-00197-2_coculture_synechococcus_cc9311_at_400_ez55_rnaseq,Alteromonas macleodii EZ55,Alteromonas,RNASEQ,EZ55_02634,,HvfA family oxazolone/thioamide-modified RiPP metallophore,Unknown,8.0,down,-2.18752285,4.87e-06,mid-exponential
10.1038/s43705-022-00197-2_coculture_synechococcus_cc9311_at_400_ez55_rnaseq,Alteromonas macleodii EZ55,Alteromonas,RNASEQ,EZ55_03008,,SIMPL domain-containing protein,Unknown,9.0,down,-2.154944807,2.42e-10,mid-exponential
10.1038/s43705-022-00197-2_coculture_synechococcus_cc9311_at_400_ez55_rnaseq,Alteromonas macleodii EZ55,Alteromonas,RNASEQ,EZ55_03243,,DUF4331 domain-containing protein,Unknown,9.0,up,2.227286135,2.51e-14,mid-exponential
10.1038/s43705-022-00197-2_coculture_synechococcus_cc9311_at_400_ez55_rnaseq,Alteromonas macleodii EZ55,Alteromonas,RNASEQ,EZ55_02884,,hypothetical protein,Unknown,10.0,down,-2.149484263,1.74e-07,mid-exponential
10.1038/s43705-022-00197-2_coculture_synechococcus_cc9311_at_400_ez55_rnaseq,Alteromonas macleodii EZ55,Alteromonas,RNASEQ,EZ55_03244,,Ig-like domain-containing protein,Cell wall and membrane,10.0,up,2.162593574,5.02e-15,mid-exponential
10.1038/s43705-022-00197-2_coculture_synechococcus_cc9311_at_800_ez55_rnaseq,Alteromonas macleodii EZ55,Alteromonas,RNASEQ,EZ55_00776,,tetratricopeptide repeat protein,Cell motility,1.0,down,-2.052900668,1.91e-05,mid-exponential
10.1038/s43705-022-00197-2_coculture_synechococcus_cc9311_at_800_ez55_rnaseq,Alteromonas macleodii EZ55,Alteromonas,RNASEQ,EZ55_02884,,hypothetical protein,Unknown,1.0,up,2.625899071,3.14e-07,mid-exponential
10.1038/s43705-022-00197-2_coculture_synechococcus_cc9311_at_800_ez55_rnaseq,Alteromonas macleodii EZ55,Alteromonas,RNASEQ,EZ55_00205,galK,galactokinase,Carbohydrate metabolism,2.0,up,2.603944474,3.75e-08,mid-exponential
10.1038/s43705-022-00197-2_coculture_synechococcus_cc9311_at_800_ez55_rnaseq,Alteromonas macleodii EZ55,Alteromonas,RNASEQ,EZ55_02165,,DoxX family protein,Unknown,2.0,down,-2.018068122,0.005139977,mid-exponential
10.1038/s43705-022-00197-2_coculture_synechococcus_cc9311_at_800_ez55_rnaseq,Alteromonas macleodii EZ55,Alteromonas,RNASEQ,EZ55_02876,betB,betaine-aldehyde dehydrogenase,Energy production,3.0,up,1.886127593,0.000231983,mid-exponential
10.1038/s43705-022-00197-2_coculture_synechococcus_cc9311_at_800_ez55_rnaseq,Alteromonas macleodii EZ55,Alteromonas,RNASEQ,EZ55_03340,mmsB,3-hydroxyisobutyrate dehydrogenase,Lipid metabolism,3.0,down,-1.589123865,0.000637417,mid-exponential
10.1038/s43705-022-00197-2_coculture_synechococcus_cc9311_at_800_ez55_rnaseq,Alteromonas macleodii EZ55,Alteromonas,RNASEQ,EZ55_00780,,thermostable hemolysin,Unknown,4.0,up,1.637194437,0.003292473,mid-exponential
10.1038/s43705-022-00197-2_coculture_synechococcus_cc9311_at_800_ez55_rnaseq,Alteromonas macleodii EZ55,Alteromonas,RNASEQ,EZ55_02919,pfpI,type 1 glutamine amidotransferase domain-containing protein,Unknown,4.0,down,-1.565373113,0.003806814,mid-exponential
10.1038/s43705-022-00197-2_coculture_synechococcus_cc9311_at_800_ez55_rnaseq,Alteromonas macleodii EZ55,Alteromonas,RNASEQ,EZ55_00391,amtB,ammonium transporter,Inorganic ion transport,5.0,up,1.592647949,0.000996129,mid-exponential
10.1038/s43705-022-00197-2_coculture_synechococcus_cc9311_at_800_ez55_rnaseq,Alteromonas macleodii EZ55,Alteromonas,RNASEQ,EZ55_02164,,DODA-type extradiol aromatic ring-opening family dioxygenase,Unknown,5.0,down,-1.551805208,0.000846552,mid-exponential
10.1038/s43705-022-00197-2_coculture_synechococcus_cc9311_at_800_ez55_rnaseq,Alteromonas macleodii EZ55,Alteromonas,RNASEQ,EZ55_00783,dpm1,glycosyltransferase family 2 protein,Cell wall and membrane,6.0,up,1.576091705,0.004582643,mid-exponential
10.1038/s43705-022-00197-2_coculture_synechococcus_cc9311_at_800_ez55_rnaseq,Alteromonas macleodii EZ55,Alteromonas,RNASEQ,EZ55_02415,,hypothetical protein,Unknown,6.0,down,-1.506808637,0.000383173,mid-exponential
10.1038/s43705-022-00197-2_coculture_synechococcus_cc9311_at_800_ez55_rnaseq,Alteromonas macleodii EZ55,Alteromonas,RNASEQ,EZ55_00390,glnK,P-II family nitrogen regulator,Transcription,7.0,up,1.537124781,0.012573365,mid-exponential
10.1038/s43705-022-00197-2_coculture_synechococcus_cc9311_at_800_ez55_rnaseq,Alteromonas macleodii EZ55,Alteromonas,RNASEQ,EZ55_03376,,EF-hand domain-containing protein,Unknown,7.0,down,-1.490170949,0.00814533,mid-exponential
10.1038/s43705-022-00197-2_coculture_synechococcus_cc9311_at_800_ez55_rnaseq,Alteromonas macleodii EZ55,Alteromonas,RNASEQ,EZ55_01738,,nuclear transport factor 2 family protein,Unknown,8.0,up,1.497648552,0.012084189,mid-exponential
10.1038/s43705-022-00197-2_coculture_synechococcus_cc9311_at_800_ez55_rnaseq,Alteromonas macleodii EZ55,Alteromonas,RNASEQ,EZ55_03462,,sterol desaturase family protein,Lipid metabolism,8.0,down,-1.446773936,0.009990159,mid-exponential
10.1038/s43705-022-00197-2_coculture_synechococcus_cc9311_at_800_ez55_rnaseq,Alteromonas macleodii EZ55,Alteromonas,RNASEQ,EZ55_00777,,SDR family oxidoreductase,Unknown,9.0,down,-1.432206987,0.003496273,mid-exponential
10.1038/s43705-022-00197-2_coculture_synechococcus_cc9311_at_800_ez55_rnaseq,Alteromonas macleodii EZ55,Alteromonas,RNASEQ,EZ55_00782,,TVP38/TMEM64 family protein,Unknown,9.0,up,1.440059192,0.002911579,mid-exponential
10.1038/s43705-022-00197-2_coculture_synechococcus_cc9311_at_800_ez55_rnaseq,Alteromonas macleodii EZ55,Alteromonas,RNASEQ,EZ55_00416,,TorF family putative porin,Unknown,10.0,up,1.39158238,0.002474897,mid-exponential
10.1038/s43705-022-00197-2_coculture_synechococcus_cc9311_at_800_ez55_rnaseq,Alteromonas macleodii EZ55,Alteromonas,RNASEQ,EZ55_02158,yhhW,pirin family protein,Unknown,10.0,down,-1.423136071,0.004249384,mid-exponential
10.1038/s43705-022-00197-2_coculture_synechococcus_wh8102_at_400_ez55_rnaseq,Alteromonas macleodii EZ55,Alteromonas,RNASEQ,EZ55_00798,,spondin domain-containing protein,Unknown,1.0,down,-2.381842083,7.15e-06,mid-exponential
10.1038/s43705-022-00197-2_coculture_synechococcus_wh8102_at_400_ez55_rnaseq,Alteromonas macleodii EZ55,Alteromonas,RNASEQ,EZ55_01738,,nuclear transport factor 2 family protein,Unknown,1.0,up,2.407868642,3.36e-09,mid-exponential
10.1038/s43705-022-00197-2_coculture_synechococcus_wh8102_at_400_ez55_rnaseq,Alteromonas macleodii EZ55,Alteromonas,RNASEQ,EZ55_01737,,glutathione S-transferase family protein,Post-translational modification,2.0,up,2.189354883,2.2e-07,mid-exponential
10.1038/s43705-022-00197-2_coculture_synechococcus_wh8102_at_400_ez55_rnaseq,Alteromonas macleodii EZ55,Alteromonas,RNASEQ,EZ55_03376,,EF-hand domain-containing protein,Unknown,2.0,down,-2.330735713,8.78e-07,mid-exponential
10.1038/s43705-022-00197-2_coculture_synechococcus_wh8102_at_400_ez55_rnaseq,Alteromonas macleodii EZ55,Alteromonas,RNASEQ,EZ55_01736,,pyridoxamine 5^-phosphate oxidase family protein,Unknown,3.0,up,2.091885605,1.48e-07,mid-exponential
10.1038/s43705-022-00197-2_coculture_synechococcus_wh8102_at_400_ez55_rnaseq,Alteromonas macleodii EZ55,Alteromonas,RNASEQ,EZ55_02634,,HvfA family oxazolone/thioamide-modified RiPP metallophore,Unknown,3.0,down,-2.287847221,2.17e-06,mid-exponential
10.1038/s43705-022-00197-2_coculture_synechococcus_wh8102_at_400_ez55_rnaseq,Alteromonas macleodii EZ55,Alteromonas,RNASEQ,EZ55_02418,osmY,BON domain-containing protein,Unknown,4.0,down,-2.28453913,6.26e-08,mid-exponential
10.1038/s43705-022-00197-2_coculture_synechococcus_wh8102_at_400_ez55_rnaseq,Alteromonas macleodii EZ55,Alteromonas,RNASEQ,EZ55_03498,actP,sodium:solute symporter family protein,Unknown,4.0,up,1.505200328,3.51e-07,mid-exponential
10.1038/s43705-022-00197-2_coculture_synechococcus_wh8102_at_400_ez55_rnaseq,Alteromonas macleodii EZ55,Alteromonas,RNASEQ,EZ55_01910,,hypothetical protein,Unknown,5.0,down,-2.237431574,9.27e-08,mid-exponential
10.1038/s43705-022-00197-2_coculture_synechococcus_wh8102_at_400_ez55_rnaseq,Alteromonas macleodii EZ55,Alteromonas,RNASEQ,EZ55_03166,acnD,Fe/S-dependent 2-methylisocitrate dehydratase AcnD,Energy production,5.0,up,1.460902263,2.35e-05,mid-exponential
10.1038/s43705-022-00197-2_coculture_synechococcus_wh8102_at_400_ez55_rnaseq,Alteromonas macleodii EZ55,Alteromonas,RNASEQ,EZ55_03167,prpF,2-methylaconitate cis-trans isomerase PrpF,Unknown,6.0,up,1.339236217,0.000252243,mid-exponential
10.1038/s43705-022-00197-2_coculture_synechococcus_wh8102_at_400_ez55_rnaseq,Alteromonas macleodii EZ55,Alteromonas,RNASEQ,EZ55_03519,,S8 family serine peptidase,Post-translational modification,6.0,down,-2.21090942,1.57e-05,mid-exponential
10.1038/s43705-022-00197-2_coculture_synechococcus_wh8102_at_400_ez55_rnaseq,Alteromonas macleodii EZ55,Alteromonas,RNASEQ,EZ55_02390,,hypothetical protein,Unknown,7.0,down,-2.207267963,5.05e-08,mid-exponential
10.1038/s43705-022-00197-2_coculture_synechococcus_wh8102_at_400_ez55_rnaseq,Alteromonas macleodii EZ55,Alteromonas,RNASEQ,EZ55_03447,yiaA,inner membrane protein YiaA,Unknown,7.0,up,1.300194396,0.000761348,mid-exponential
10.1038/s43705-022-00197-2_coculture_synechococcus_wh8102_at_400_ez55_rnaseq,Alteromonas macleodii EZ55,Alteromonas,RNASEQ,EZ55_02919,pfpI,type 1 glutamine amidotransferase domain-containing protein,Unknown,8.0,down,-2.143635439,1.61e-06,mid-exponential
10.1038/s43705-022-00197-2_coculture_synechococcus_wh8102_at_400_ez55_rnaseq,Alteromonas macleodii EZ55,Alteromonas,RNASEQ,EZ55_03499,,DUF4212 domain-containing protein,Unknown,8.0,up,1.288934264,2.2e-05,mid-exponential
10.1038/s43705-022-00197-2_coculture_synechococcus_wh8102_at_400_ez55_rnaseq,Alteromonas macleodii EZ55,Alteromonas,RNASEQ,EZ55_00872,,organic hydroperoxide resistance protein,Post-translational modification,9.0,down,-2.117147741,2.8e-05,mid-exponential
10.1038/s43705-022-00197-2_coculture_synechococcus_wh8102_at_400_ez55_rnaseq,Alteromonas macleodii EZ55,Alteromonas,RNASEQ,EZ55_03446,,hypothetical protein,Unknown,9.0,up,1.192059378,6.84e-05,mid-exponential
10.1038/s43705-022-00197-2_coculture_synechococcus_wh8102_at_400_ez55_rnaseq,Alteromonas macleodii EZ55,Alteromonas,RNASEQ,EZ55_02591,,EF-hand domain-containing protein,Unknown,10.0,down,-2.070132765,4.12e-07,mid-exponential
10.1038/s43705-022-00197-2_coculture_synechococcus_wh8102_at_400_ez55_rnaseq,Alteromonas macleodii EZ55,Alteromonas,RNASEQ,EZ55_02804,glcB,malate synthase G,Energy production,10.0,up,1.187262305,0.001889613,mid-exponential
10.1038/s43705-022-00197-2_coculture_synechococcus_wh8102_at_800_ez55_rnaseq,Alteromonas macleodii EZ55,Alteromonas,RNASEQ,EZ55_01738,,nuclear transport factor 2 family protein,Unknown,1.0,down,-1.850590858,0.002098257,mid-exponential
10.1038/s43705-022-00197-2_coculture_synechococcus_wh8102_at_800_ez55_rnaseq,Alteromonas macleodii EZ55,Alteromonas,RNASEQ,EZ55_03523,,hypothetical protein,Unknown,1.0,up,2.97627728,3.68e-05,mid-exponential
10.1038/s43705-022-00197-2_coculture_synechococcus_wh8102_at_800_ez55_rnaseq,Alteromonas macleodii EZ55,Alteromonas,RNASEQ,EZ55_01737,,glutathione S-transferase family protein,Post-translational modification,2.0,down,-1.836315512,0.003490411,mid-exponential
10.1038/s43705-022-00197-2_coculture_synechococcus_wh8102_at_800_ez55_rnaseq,Alteromonas macleodii EZ55,Alteromonas,RNASEQ,EZ55_03522,katB,catalase,Energy production,2.0,up,2.417058333,3.56e-05,mid-exponential
10.1038/s43705-022-00197-2_coculture_synechococcus_wh8102_at_800_ez55_rnaseq,Alteromonas macleodii EZ55,Alteromonas,RNASEQ,EZ55_01810,,2OG-Fe(II) oxygenase,Post-translational modification,3.0,down,-1.772884145,0.007615584,mid-exponential
10.1038/s43705-022-00197-2_coculture_synechococcus_wh8102_at_800_ez55_rnaseq,Alteromonas macleodii EZ55,Alteromonas,RNASEQ,EZ55_02008,,TonB-dependent receptor,Coenzyme metabolism,3.0,up,2.083820578,1.2e-06,mid-exponential
10.1038/s43705-022-00197-2_coculture_synechococcus_wh8102_at_800_ez55_rnaseq,Alteromonas macleodii EZ55,Alteromonas,RNASEQ,EZ55_01736,,pyridoxamine 5^-phosphate oxidase family protein,Unknown,4.0,down,-1.767662503,0.002889565,mid-exponential
10.1038/s43705-022-00197-2_coculture_synechococcus_wh8102_at_800_ez55_rnaseq,Alteromonas macleodii EZ55,Alteromonas,RNASEQ,EZ55_02317,amy1,alpha-amylase family protein,Carbohydrate metabolism,4.0,up,1.9570313,2.14e-06,mid-exponential
10.1038/s43705-022-00197-2_coculture_synechococcus_wh8102_at_800_ez55_rnaseq,Alteromonas macleodii EZ55,Alteromonas,RNASEQ,EZ55_00433,katA,catalase,Energy production,5.0,up,1.827229331,0.000629487,mid-exponential
10.1038/s43705-022-00197-2_coculture_synechococcus_wh8102_at_800_ez55_rnaseq,Alteromonas macleodii EZ55,Alteromonas,RNASEQ,EZ55_02372,maoP,DUF413 domain-containing protein,Unknown,5.0,down,-1.762287367,0.011772274,mid-exponential
10.1038/s43705-022-00197-2_coculture_synechococcus_wh8102_at_800_ez55_rnaseq,Alteromonas macleodii EZ55,Alteromonas,RNASEQ,EZ55_00798,,spondin domain-containing protein,Unknown,6.0,up,1.80543817,0.004709734,mid-exponential
10.1038/s43705-022-00197-2_coculture_synechococcus_wh8102_at_800_ez55_rnaseq,Alteromonas macleodii EZ55,Alteromonas,RNASEQ,EZ55_02922,,MFS transporter,Carbohydrate metabolism,6.0,down,-1.604988601,0.001589168,mid-exponential
10.1038/s43705-022-00197-2_coculture_synechococcus_wh8102_at_800_ez55_rnaseq,Alteromonas macleodii EZ55,Alteromonas,RNASEQ,EZ55_00368,rpsQ,30S ribosomal protein S17,Translation,7.0,down,-1.525510519,0.000591757,mid-exponential
10.1038/s43705-022-00197-2_coculture_synechococcus_wh8102_at_800_ez55_rnaseq,Alteromonas macleodii EZ55,Alteromonas,RNASEQ,EZ55_03462,,sterol desaturase family protein,Lipid metabolism,7.0,up,1.697528178,0.002656016,mid-exponential
10.1038/s43705-022-00197-2_coculture_synechococcus_wh8102_at_800_ez55_rnaseq,Alteromonas macleodii EZ55,Alteromonas,RNASEQ,EZ55_00366,rplP,50S ribosomal protein L16,Translation,8.0,down,-1.473011078,0.000427404,mid-exponential
10.1038/s43705-022-00197-2_coculture_synechococcus_wh8102_at_800_ez55_rnaseq,Alteromonas macleodii EZ55,Alteromonas,RNASEQ,EZ55_02006,,TonB-dependent receptor,Inorganic ion transport,8.0,up,1.592360974,0.000746089,mid-exponential
10.1038/s43705-022-00197-2_coculture_synechococcus_wh8102_at_800_ez55_rnaseq,Alteromonas macleodii EZ55,Alteromonas,RNASEQ,EZ55_01395,,RimK family protein,Coenzyme metabolism,9.0,down,-1.470393847,0.002398011,mid-exponential
10.1038/s43705-022-00197-2_coculture_synechococcus_wh8102_at_800_ez55_rnaseq,Alteromonas macleodii EZ55,Alteromonas,RNASEQ,EZ55_04098,,TonB-dependent receptor,Inorganic ion transport,9.0,up,1.584531272,0.002867994,mid-exponential
10.1038/s43705-022-00197-2_coculture_synechococcus_wh8102_at_800_ez55_rnaseq,Alteromonas macleodii EZ55,Alteromonas,RNASEQ,EZ55_01581,romA,MBL fold metallo-hydrolase,Unknown,10.0,up,1.390961314,0.000725665,mid-exponential
10.1038/s43705-022-00197-2_coculture_synechococcus_wh8102_at_800_ez55_rnaseq,Alteromonas macleodii EZ55,Alteromonas,RNASEQ,EZ55_04065,ilvC,ketol-acid reductoisomerase,Amino acid metabolism,10.0,down,-1.450472718,0.002675388,mid-exponential
10.1038/s43705-022-00197-2_carbon_stress_elevated_pco2_800_ppm_ez55_rnaseq,Alteromonas macleodii EZ55,Alteromonas,RNASEQ,EZ55_00798,,spondin domain-containing protein,Unknown,1.0,down,-2.563426942,5.83e-06,mid-exponential
10.1038/s43705-022-00197-2_carbon_stress_elevated_pco2_800_ppm_ez55_rnaseq,Alteromonas macleodii EZ55,Alteromonas,RNASEQ,EZ55_03747,,MFS transporter,Carbohydrate metabolism,1.0,up,2.812841687,1.81e-07,mid-exponential
10.1038/s43705-022-00197-2_carbon_stress_elevated_pco2_800_ppm_ez55_rnaseq,Alteromonas macleodii EZ55,Alteromonas,RNASEQ,EZ55_01828,,DUF547 domain-containing protein,Unknown,2.0,down,-2.440135941,4.44e-06,mid-exponential
10.1038/s43705-022-00197-2_carbon_stress_elevated_pco2_800_ppm_ez55_rnaseq,Alteromonas macleodii EZ55,Alteromonas,RNASEQ,EZ55_02165,,DoxX family protein,Unknown,2.0,up,2.810948577,1.46e-05,mid-exponential
10.1038/s43705-022-00197-2_carbon_stress_elevated_pco2_800_ppm_ez55_rnaseq,Alteromonas macleodii EZ55,Alteromonas,RNASEQ,EZ55_01827,merA,FAD-dependent oxidoreductase,Energy production,3.0,down,-2.298028576,1.83e-05,mid-exponential
10.1038/s43705-022-00197-2_carbon_stress_elevated_pco2_800_ppm_ez55_rnaseq,Alteromonas macleodii EZ55,Alteromonas,RNASEQ,EZ55_02158,yhhW,pirin family protein,Unknown,3.0,up,2.653532263,3.78e-09,mid-exponential
10.1038/s43705-022-00197-2_carbon_stress_elevated_pco2_800_ppm_ez55_rnaseq,Alteromonas macleodii EZ55,Alteromonas,RNASEQ,EZ55_01829,ynjB,ABC transporter substrate-binding protein,Unknown,4.0,down,-2.275973432,6.33e-06,mid-exponential
10.1038/s43705-022-00197-2_carbon_stress_elevated_pco2_800_ppm_ez55_rnaseq,Alteromonas macleodii EZ55,Alteromonas,RNASEQ,EZ55_02855,suxA,TonB-dependent receptor,Cell wall and membrane,4.0,up,2.642916698,7.34e-06,mid-exponential
10.1038/s43705-022-00197-2_carbon_stress_elevated_pco2_800_ppm_ez55_rnaseq,Alteromonas macleodii EZ55,Alteromonas,RNASEQ,EZ55_00872,,organic hydroperoxide resistance protein,Post-translational modification,5.0,down,-2.220061041,4.66e-05,mid-exponential
10.1038/s43705-022-00197-2_carbon_stress_elevated_pco2_800_ppm_ez55_rnaseq,Alteromonas macleodii EZ55,Alteromonas,RNASEQ,EZ55_02269,azoR,FMN-dependent NADH-azoreductase,Lipid metabolism,5.0,up,2.55150313,3.93e-07,mid-exponential
10.1038/s43705-022-00197-2_carbon_stress_elevated_pco2_800_ppm_ez55_rnaseq,Alteromonas macleodii EZ55,Alteromonas,RNASEQ,EZ55_02501,gtfA,sucrose phosphorylase,Carbohydrate metabolism,6.0,up,2.478832386,3.87e-06,mid-exponential
10.1038/s43705-022-00197-2_carbon_stress_elevated_pco2_800_ppm_ez55_rnaseq,Alteromonas macleodii EZ55,Alteromonas,RNASEQ,EZ55_02905,,DUF1223 domain-containing protein,Unknown,6.0,down,-2.094830811,0.000218263,mid-exponential
10.1038/s43705-022-00197-2_carbon_stress_elevated_pco2_800_ppm_ez55_rnaseq,Alteromonas macleodii EZ55,Alteromonas,RNASEQ,EZ55_01991,yqjG,glutathione S-transferase family protein,Post-translational modification,7.0,up,2.149597533,1.09e-08,mid-exponential
10.1038/s43705-022-00197-2_carbon_stress_elevated_pco2_800_ppm_ez55_rnaseq,Alteromonas macleodii EZ55,Alteromonas,RNASEQ,EZ55_03098,ygaZ,AzlC family ABC transporter permease,Amino acid metabolism,7.0,down,-2.08383455,2.59e-08,mid-exponential
10.1038/s43705-022-00197-2_carbon_stress_elevated_pco2_800_ppm_ez55_rnaseq,Alteromonas macleodii EZ55,Alteromonas,RNASEQ,EZ55_00797,,spondin domain-containing protein,Unknown,8.0,down,-2.031628085,4.21e-06,mid-exponential
10.1038/s43705-022-00197-2_carbon_stress_elevated_pco2_800_ppm_ez55_rnaseq,Alteromonas macleodii EZ55,Alteromonas,RNASEQ,EZ55_02865,,glycoside hydrolase family 97 protein,Carbohydrate metabolism,8.0,up,2.035046915,1.55e-07,mid-exponential
10.1038/s43705-022-00197-2_carbon_stress_elevated_pco2_800_ppm_ez55_rnaseq,Alteromonas macleodii EZ55,Alteromonas,RNASEQ,EZ55_03398,,hypothetical protein,Unknown,9.0,down,-2.008981054,4.81e-10,mid-exponential
10.1038/s43705-022-00197-2_carbon_stress_elevated_pco2_800_ppm_ez55_rnaseq,Alteromonas macleodii EZ55,Alteromonas,RNASEQ,EZ55_03879,yceJ,cytochrome b,Energy production,9.0,up,1.670462841,1.03e-05,mid-exponential
10.1038/s43705-022-00197-2_carbon_stress_elevated_pco2_800_ppm_ez55_rnaseq,Alteromonas macleodii EZ55,Alteromonas,RNASEQ,EZ55_00873,pepN,M1 family metallopeptidase,Amino acid metabolism,10.0,down,-1.989588489,1.05e-09,mid-exponential
10.1038/s43705-022-00197-2_carbon_stress_elevated_pco2_800_ppm_ez55_rnaseq,Alteromonas macleodii EZ55,Alteromonas,RNASEQ,EZ55_03462,,sterol desaturase family protein,Lipid metabolism,10.0,up,1.43860926,0.003268911,mid-exponential
10.1038/s43705-022-00197-2_interaction_pco2_coculture_ez55_rnaseq,Alteromonas macleodii EZ55,Alteromonas,RNASEQ,EZ55_02855,suxA,TonB-dependent receptor,Cell wall and membrane,1.0,down,-6.646929746,1.93e-07,mid-exponential
10.1038/s43705-022-00197-2_interaction_pco2_coculture_ez55_rnaseq,Alteromonas macleodii EZ55,Alteromonas,RNASEQ,EZ55_04249,benB,aromatic-ring-hydroxylating dioxygenase subunit beta,Secondary metabolites,1.0,up,3.960953568,2.47e-06,mid-exponential
10.1038/s43705-022-00197-2_interaction_pco2_coculture_ez55_rnaseq,Alteromonas macleodii EZ55,Alteromonas,RNASEQ,EZ55_01060,flaA,flagellin N-terminal helical domain-containing protein,Cell motility,2.0,up,3.915376432,7.19e-09,mid-exponential
10.1038/s43705-022-00197-2_interaction_pco2_coculture_ez55_rnaseq,Alteromonas macleodii EZ55,Alteromonas,RNASEQ,EZ55_03747,,MFS transporter,Carbohydrate metabolism,2.0,down,-6.390902057,3.09e-08,mid-exponential
10.1038/s43705-022-00197-2_interaction_pco2_coculture_ez55_rnaseq,Alteromonas macleodii EZ55,Alteromonas,RNASEQ,EZ55_02501,gtfA,sucrose phosphorylase,Carbohydrate metabolism,3.0,down,-6.080581414,1.55e-07,mid-exponential
10.1038/s43705-022-00197-2_interaction_pco2_coculture_ez55_rnaseq,Alteromonas macleodii EZ55,Alteromonas,RNASEQ,EZ55_03446,,hypothetical protein,Unknown,3.0,up,3.908972301,3.31e-06,mid-exponential
10.1038/s43705-022-00197-2_interaction_pco2_coculture_ez55_rnaseq,Alteromonas macleodii EZ55,Alteromonas,RNASEQ,EZ55_02165,,DoxX family protein,Unknown,4.0,down,-5.485179154,6.18e-05,mid-exponential
10.1038/s43705-022-00197-2_interaction_pco2_coculture_ez55_rnaseq,Alteromonas macleodii EZ55,Alteromonas,RNASEQ,EZ55_04248,benA,"benzoate 1,2-dioxygenase large subunit",Inorganic ion transport,4.0,up,3.846776746,1.65e-06,mid-exponential
10.1038/s43705-022-00197-2_interaction_pco2_coculture_ez55_rnaseq,Alteromonas macleodii EZ55,Alteromonas,RNASEQ,EZ55_02158,yhhW,pirin family protein,Unknown,5.0,down,-5.225439989,4.24e-08,mid-exponential
10.1038/s43705-022-00197-2_interaction_pco2_coculture_ez55_rnaseq,Alteromonas macleodii EZ55,Alteromonas,RNASEQ,EZ55_03447,yiaA,inner membrane protein YiaA,Unknown,5.0,up,3.80829074,0.000456264,mid-exponential
10.1038/s43705-022-00197-2_interaction_pco2_coculture_ez55_rnaseq,Alteromonas macleodii EZ55,Alteromonas,RNASEQ,EZ55_02269,azoR,FMN-dependent NADH-azoreductase,Lipid metabolism,6.0,down,-5.007207867,2.62e-06,mid-exponential
10.1038/s43705-022-00197-2_interaction_pco2_coculture_ez55_rnaseq,Alteromonas macleodii EZ55,Alteromonas,RNASEQ,EZ55_03398,,hypothetical protein,Unknown,6.0,up,3.771298454,4.02e-08,mid-exponential
10.1038/s43705-022-00197-2_interaction_pco2_coculture_ez55_rnaseq,Alteromonas macleodii EZ55,Alteromonas,RNASEQ,EZ55_02865,,glycoside hydrolase family 97 protein,Carbohydrate metabolism,7.0,down,-4.745757845,1.27e-08,mid-exponential
10.1038/s43705-022-00197-2_interaction_pco2_coculture_ez55_rnaseq,Alteromonas macleodii EZ55,Alteromonas,RNASEQ,EZ55_04251,benD,"1,6-dihydroxycyclohexa-2,4-diene-1-carboxylate dehydrogenase",Lipid metabolism,7.0,up,3.530212938,3.37e-05,mid-exponential
10.1038/s43705-022-00197-2_interaction_pco2_coculture_ez55_rnaseq,Alteromonas macleodii EZ55,Alteromonas,RNASEQ,EZ55_01828,,DUF547 domain-containing protein,Unknown,8.0,up,3.488602612,0.001682722,mid-exponential
10.1038/s43705-022-00197-2_interaction_pco2_coculture_ez55_rnaseq,Alteromonas macleodii EZ55,Alteromonas,RNASEQ,EZ55_01991,yqjG,glutathione S-transferase family protein,Post-translational modification,8.0,down,-4.114749561,2.66e-07,mid-exponential
10.1038/s43705-022-00197-2_interaction_pco2_coculture_ez55_rnaseq,Alteromonas macleodii EZ55,Alteromonas,RNASEQ,EZ55_03098,ygaZ,AzlC family ABC transporter permease,Amino acid metabolism,9.0,up,3.408159145,1.69e-05,mid-exponential
10.1038/s43705-022-00197-2_interaction_pco2_coculture_ez55_rnaseq,Alteromonas macleodii EZ55,Alteromonas,RNASEQ,EZ55_03462,,sterol desaturase family protein,Lipid metabolism,9.0,down,-3.7674315,0.000373284,mid-exponential
10.1038/s43705-022-00197-2_interaction_pco2_coculture_ez55_rnaseq,Alteromonas macleodii EZ55,Alteromonas,RNASEQ,EZ55_03399,,PspC domain-containing protein,Transcription,10.0,up,3.306683352,2.03e-06,mid-exponential
10.1038/s43705-022-00197-2_interaction_pco2_coculture_ez55_rnaseq,Alteromonas macleodii EZ55,Alteromonas,RNASEQ,EZ55_03879,yceJ,cytochrome b,Energy production,10.0,down,-2.994664187,0.000212942,mid-exponential
10.3389/fmicb.2022.1038136_salt_low_salinity_acclimation_28_med4_rnaseq,Prochlorococcus MED4,Prochlorococcus,RNASEQ,PMM0731,,uncharacterized conserved membrane protein,Unknown,1.0,down,-3.506,,acclimated
10.3389/fmicb.2022.1038136_salt_low_salinity_acclimation_28_med4_rnaseq,Prochlorococcus MED4,Prochlorococcus,RNASEQ,PMM0814,,conserved hypothetical protein,Unknown,1.0,up,1.927,,acclimated
10.3389/fmicb.2022.1038136_salt_low_salinity_acclimation_28_med4_rnaseq,Prochlorococcus MED4,Prochlorococcus,RNASEQ,PMM1537,rpsM,30S ribosomal protein S13,Translation,2.0,up,1.774,0.001,acclimated
10.3389/fmicb.2022.1038136_salt_low_salinity_acclimation_28_med4_rnaseq,Prochlorococcus MED4,Prochlorococcus,RNASEQ,PMM2003,,Conserved hypothetical protein,Unknown,2.0,down,-2.187,,acclimated
10.3389/fmicb.2022.1038136_salt_low_salinity_acclimation_28_med4_rnaseq,Prochlorococcus MED4,Prochlorococcus,RNASEQ,PMM0348,,conserved hypothetical protein family PM-17,Unknown,3.0,up,1.754,,acclimated
10.3389/fmicb.2022.1038136_salt_low_salinity_acclimation_28_med4_rnaseq,Prochlorococcus MED4,Prochlorococcus,RNASEQ,PMM1961,,conserved hypothetical protein,Unknown,3.0,down,-2.139,0.001,acclimated
10.3389/fmicb.2022.1038136_salt_low_salinity_acclimation_28_med4_rnaseq,Prochlorococcus MED4,Prochlorococcus,RNASEQ,PMM0087,,conserved hypothetical protein,Unknown,4.0,up,1.601,,acclimated
10.3389/fmicb.2022.1038136_salt_low_salinity_acclimation_28_med4_rnaseq,Prochlorococcus MED4,Prochlorococcus,RNASEQ,PMM1854,,Conserved hypothetical protein,Unknown,4.0,down,-1.584,0.001,acclimated
10.3389/fmicb.2022.1038136_salt_low_salinity_acclimation_28_med4_rnaseq,Prochlorococcus MED4,Prochlorococcus,RNASEQ,PMM1894,,Conserved hypothetical protein,Unknown,5.0,down,-1.52,,acclimated
10.3389/fmicb.2022.1038136_salt_low_salinity_acclimation_28_med4_rnaseq,Prochlorococcus MED4,Prochlorococcus,RNASEQ,PMM2013,,conserved hypothetical protein,Unknown,5.0,up,1.206,0.001,acclimated
10.3389/fmicb.2022.1038136_salt_low_salinity_acclimation_28_med4_rnaseq,Prochlorococcus MED4,Prochlorococcus,RNASEQ,PMM1359,,"uncharacterized conserved membrane protein, DoxX family",Stress response and adaptation,6.0,down,-1.413,,acclimated
10.3389/fmicb.2022.1038136_salt_low_salinity_acclimation_28_med4_rnaseq,Prochlorococcus MED4,Prochlorococcus,RNASEQ,PMM1602,,Conserved hypothetical protein,Unknown,6.0,up,1.09,,acclimated
10.3389/fmicb.2022.1038136_salt_low_salinity_acclimation_28_med4_rnaseq,Prochlorococcus MED4,Prochlorococcus,RNASEQ,PMM0316,petF,2Fe-2S ferredoxin,Stress response and adaptation,7.0,down,-1.358,,acclimated
10.3389/fmicb.2022.1038136_salt_low_salinity_acclimation_28_med4_rnaseq,Prochlorococcus MED4,Prochlorococcus,RNASEQ,PMM1538,rpmJ,50S ribosomal protein L36,Translation,7.0,up,1.081,,acclimated
10.3389/fmicb.2022.1038136_salt_low_salinity_acclimation_28_med4_rnaseq,Prochlorococcus MED4,Prochlorococcus,RNASEQ,PMM1028,,uncharacterized conserved secreted protein,Unknown,8.0,down,-1.318,0.001,acclimated
10.3389/fmicb.2022.1038136_salt_low_salinity_acclimation_28_med4_rnaseq,Prochlorococcus MED4,Prochlorococcus,RNASEQ,PMM1881,,Conserved hypothetical protein,Unknown,8.0,up,1.071,,acclimated
10.3389/fmicb.2022.1038136_salt_low_salinity_acclimation_28_med4_rnaseq,Prochlorococcus MED4,Prochlorococcus,RNASEQ,PMM0236,crtR,fatty acid desaturase,Lipid metabolism,9.0,down,-1.252,,acclimated
10.3389/fmicb.2022.1038136_salt_low_salinity_acclimation_28_med4_rnaseq,Prochlorococcus MED4,Prochlorococcus,RNASEQ,PMM1429,,conserved hypothetical protein (DUF2811),Unknown,9.0,up,1.067,,acclimated
10.3389/fmicb.2022.1038136_salt_low_salinity_acclimation_28_med4_rnaseq,Prochlorococcus MED4,Prochlorococcus,RNASEQ,PMM0206,secE,Preprotein translocase SecE subunit,Post-translational modification,10.0,up,1.057,,acclimated
10.3389/fmicb.2022.1038136_salt_low_salinity_acclimation_28_med4_rnaseq,Prochlorococcus MED4,Prochlorococcus,RNASEQ,PMM0280,diox1,"apocarotenoid-15,15^-oxygenase",Coenzyme metabolism,10.0,down,-1.18,,acclimated
10.1038/s43705-022-00197-2_carbon_stress_elevated_pco2_800_ppm_mit9312_rnaseq,Prochlorococcus MIT9312,Prochlorococcus,RNASEQ,PMT9312_0356,,conserved hypothetical protein family PM-17,Unknown,1.0,up,1.550259561,2.49e-07,mid-exponential
10.1038/s43705-022-00197-2_carbon_stress_elevated_pco2_800_ppm_mit9312_rnaseq,Prochlorococcus MIT9312,Prochlorococcus,RNASEQ,PMT9312_0721,,outer membrane porin,Stress response and adaptation,1.0,down,-4.632982366,1.67e-05,mid-exponential
10.1038/s43705-022-00197-2_carbon_stress_elevated_pco2_800_ppm_mit9312_rnaseq,Prochlorococcus MIT9312,Prochlorococcus,RNASEQ,PMT9312_0720,,probable alkaline phosphatase,Secondary metabolites,2.0,down,-4.609260974,6.34e-06,mid-exponential
10.1038/s43705-022-00197-2_carbon_stress_elevated_pco2_800_ppm_mit9312_rnaseq,Prochlorococcus MIT9312,Prochlorococcus,RNASEQ,PMT9312_1790,rpoD4,"RNA polymerase sigma factor, type II",Transcription,2.0,up,1.380440691,0.000426663,mid-exponential
10.1038/s43705-022-00197-2_carbon_stress_elevated_pco2_800_ppm_mit9312_rnaseq,Prochlorococcus MIT9312,Prochlorococcus,RNASEQ,PMT9312_0722,pstS,"phosphate ABC transporter, phosphate-binding protein PstS",Stress response and adaptation,3.0,down,-2.671614963,0.000298283,mid-exponential
10.1038/s43705-022-00197-2_carbon_stress_elevated_pco2_800_ppm_mit9312_rnaseq,Prochlorococcus MIT9312,Prochlorococcus,RNASEQ,PMT9312_1471,,conserved hypothetical protein,Unknown,3.0,up,1.252382497,2.89e-05,mid-exponential
10.1038/s43705-022-00197-2_carbon_stress_elevated_pco2_800_ppm_mit9312_rnaseq,Prochlorococcus MIT9312,Prochlorococcus,RNASEQ,PMT9312_1608,,conserved hypothetical protein,Unknown,4.0,up,1.208521644,0.000793631,mid-exponential
10.1038/s43705-022-00197-2_carbon_stress_elevated_pco2_800_ppm_mit9312_rnaseq,Prochlorococcus MIT9312,Prochlorococcus,RNASEQ,PMT9312_1966,,conserved hypothetical protein,Unknown,4.0,down,-2.432851995,0.000777106,mid-exponential
10.1038/s43705-022-00197-2_carbon_stress_elevated_pco2_800_ppm_mit9312_rnaseq,Prochlorococcus MIT9312,Prochlorococcus,RNASEQ,PMT9312_0549,csoS1A,carboxysome shell protein CsoS1A,Photosynthesis,5.0,down,-2.214434953,0.003151964,mid-exponential
10.1038/s43705-022-00197-2_carbon_stress_elevated_pco2_800_ppm_mit9312_rnaseq,Prochlorococcus MIT9312,Prochlorococcus,RNASEQ,PMT9312_1695,,Conserved hypothetical protein,Unknown,5.0,up,1.144449545,0.005379469,mid-exponential
10.1038/s43705-022-00197-2_carbon_stress_elevated_pco2_800_ppm_mit9312_rnaseq,Prochlorococcus MIT9312,Prochlorococcus,RNASEQ,PMT9312_1520,,conserved hypothetical protein,Unknown,6.0,down,-2.172550389,0.003305489,mid-exponential
10.1038/s43705-022-00197-2_carbon_stress_elevated_pco2_800_ppm_mit9312_rnaseq,Prochlorococcus MIT9312,Prochlorococcus,RNASEQ,PMT9312_1938,,uncharacterized conserved membrane protein,Unknown,6.0,up,1.142203786,0.000348929,mid-exponential
10.1038/s43705-022-00197-2_carbon_stress_elevated_pco2_800_ppm_mit9312_rnaseq,Prochlorococcus MIT9312,Prochlorococcus,RNASEQ,PMT9312_0661,nrdJ,ribonucleoside-diphosphate reductase,Coenzyme metabolism,7.0,up,1.120613366,0.009325449,mid-exponential
10.1038/s43705-022-00197-2_carbon_stress_elevated_pco2_800_ppm_mit9312_rnaseq,Prochlorococcus MIT9312,Prochlorococcus,RNASEQ,PMT9312_0719,,uncharacterized conserved secreted protein,Unknown,7.0,down,-2.157198983,0.00066814,mid-exponential
10.1038/s43705-022-00197-2_carbon_stress_elevated_pco2_800_ppm_mit9312_rnaseq,Prochlorococcus MIT9312,Prochlorococcus,RNASEQ,PMT9312_0247,cobO2,cob(I)alamin adenosyltransferase,Coenzyme metabolism,8.0,up,1.114697608,4.71e-05,mid-exponential
10.1038/s43705-022-00197-2_carbon_stress_elevated_pco2_800_ppm_mit9312_rnaseq,Prochlorococcus MIT9312,Prochlorococcus,RNASEQ,PMT9312_0550,rbcL,"ribulose bisphosphate carboxylase, large subunit",Photosynthesis,8.0,down,-2.154319054,0.007812585,mid-exponential
10.1038/s43705-022-00197-2_carbon_stress_elevated_pco2_800_ppm_mit9312_rnaseq,Prochlorococcus MIT9312,Prochlorococcus,RNASEQ,PMT9312_0551,rbcS,"ribulose bisphosphate carboxylase, small subunit",Photosynthesis,9.0,down,-2.085493636,0.006329026,mid-exponential
10.1038/s43705-022-00197-2_carbon_stress_elevated_pco2_800_ppm_mit9312_rnaseq,Prochlorococcus MIT9312,Prochlorococcus,RNASEQ,PMT9312_1919,,conserved hypothetical protein,Unknown,9.0,up,1.024145557,0.003788054,mid-exponential
10.1038/s43705-022-00197-2_carbon_stress_elevated_pco2_800_ppm_mit9312_rnaseq,Prochlorococcus MIT9312,Prochlorococcus,RNASEQ,PMT9312_1160,,conserved hypothetical protein,Unknown,10.0,up,1.017875917,0.00027832,mid-exponential
10.1038/s43705-022-00197-2_carbon_stress_elevated_pco2_800_ppm_mit9312_rnaseq,Prochlorococcus MIT9312,Prochlorococcus,RNASEQ,PMT9312_1474,,conserved hypothetical protein,Unknown,10.0,down,-2.051261636,0.005006963,mid-exponential
10.3389/fmicb.2022.1038136_salt_low_salinity_acclimation_28_natl1a_rnaseq,Prochlorococcus NATL1A,Prochlorococcus,RNASEQ,NATL1_02111,tsaB,tRNA threonylcarbamoyladenosine biosynthesis protein TsaB,Translation,1.0,down,-2.414,,acclimated
10.3389/fmicb.2022.1038136_salt_low_salinity_acclimation_28_natl1a_rnaseq,Prochlorococcus NATL1A,Prochlorococcus,RNASEQ,NATL1_12621,,Conserved hypothetical protein,Unknown,1.0,up,2.627,,acclimated
10.3389/fmicb.2022.1038136_salt_low_salinity_acclimation_28_natl1a_rnaseq,Prochlorococcus NATL1A,Prochlorococcus,RNASEQ,NATL1_06171,ycf52,uncharacterized acyl-CoA N-acetyltransferase,Transcription,2.0,down,-1.871,,acclimated
10.3389/fmicb.2022.1038136_salt_low_salinity_acclimation_28_natl1a_rnaseq,Prochlorococcus NATL1A,Prochlorococcus,RNASEQ,NATL1_08781,kpsD,polysaccharide biosynthesis/export family protein,Cell wall and membrane,2.0,up,2.444,,acclimated
10.3389/fmicb.2022.1038136_salt_low_salinity_acclimation_28_natl1a_rnaseq,Prochlorococcus NATL1A,Prochlorococcus,RNASEQ,NATL1_05681,,conserved hypothetical protein,Unknown,3.0,down,-1.626,0.001,acclimated
10.3389/fmicb.2022.1038136_salt_low_salinity_acclimation_28_natl1a_rnaseq,Prochlorococcus NATL1A,Prochlorococcus,RNASEQ,NATL1_13941,,conserved hypothetical protein,Unknown,3.0,up,2.103,,acclimated
10.3389/fmicb.2022.1038136_salt_low_salinity_acclimation_28_natl1a_rnaseq,Prochlorococcus NATL1A,Prochlorococcus,RNASEQ,NATL1_08591,,polysaccharide biosynthesis family protein,Cell wall and membrane,4.0,up,2.012,,acclimated
10.3389/fmicb.2022.1038136_salt_low_salinity_acclimation_28_natl1a_rnaseq,Prochlorococcus NATL1A,Prochlorococcus,RNASEQ,NATL1_18471,,conserved hypothetical protein,Unknown,4.0,down,-1.5,,acclimated
10.3389/fmicb.2022.1038136_salt_low_salinity_acclimation_28_natl1a_rnaseq,Prochlorococcus NATL1A,Prochlorococcus,RNASEQ,NATL1_08811,,hypothetical protein,Unknown,5.0,up,1.962,,acclimated
10.3389/fmicb.2022.1038136_salt_low_salinity_acclimation_28_natl1a_rnaseq,Prochlorococcus NATL1A,Prochlorococcus,RNASEQ,NATL1_13731,,glutaredoxin family protein,Energy production,5.0,down,-1.479,,acclimated
10.3389/fmicb.2022.1038136_salt_low_salinity_acclimation_28_natl1a_rnaseq,Prochlorococcus NATL1A,Prochlorococcus,RNASEQ,NATL1_06431,,domain of unknown function DUF4332-containing protein,Unknown,6.0,down,-1.411,0.003,acclimated
10.3389/fmicb.2022.1038136_salt_low_salinity_acclimation_28_natl1a_rnaseq,Prochlorococcus NATL1A,Prochlorococcus,RNASEQ,NATL1_17971,,conserved hypothetical protein,Unknown,6.0,up,1.904,,acclimated
10.3389/fmicb.2022.1038136_salt_low_salinity_acclimation_28_natl1a_rnaseq,Prochlorococcus NATL1A,Prochlorococcus,RNASEQ,NATL1_08021,lptG,"lipopolysaccharide export system, permease component",Transport,7.0,down,-1.381,0.001,acclimated
10.3389/fmicb.2022.1038136_salt_low_salinity_acclimation_28_natl1a_rnaseq,Prochlorococcus NATL1A,Prochlorococcus,RNASEQ,NATL1_08641,wecC,nucleotide sugar dehydrogenase family protein,Carbohydrate metabolism,7.0,up,1.704,,acclimated
10.3389/fmicb.2022.1038136_salt_low_salinity_acclimation_28_natl1a_rnaseq,Prochlorococcus NATL1A,Prochlorococcus,RNASEQ,NATL1_12121,,conserved hypothetical protein,Unknown,8.0,up,1.593,,acclimated
10.3389/fmicb.2022.1038136_salt_low_salinity_acclimation_28_natl1a_rnaseq,Prochlorococcus NATL1A,Prochlorococcus,RNASEQ,NATL1_14411,,conserved hypothetical protein,Unknown,8.0,down,-1.378,,acclimated
10.3389/fmicb.2022.1038136_salt_low_salinity_acclimation_28_natl1a_rnaseq,Prochlorococcus NATL1A,Prochlorococcus,RNASEQ,NATL1_05011,ctaA,cytochrome oxidase biogenesis protein,Coenzyme metabolism,9.0,up,1.573,,acclimated
10.3389/fmicb.2022.1038136_salt_low_salinity_acclimation_28_natl1a_rnaseq,Prochlorococcus NATL1A,Prochlorococcus,RNASEQ,NATL1_09171,,conserved hypothetical protein,Unknown,9.0,down,-1.355,0.001,acclimated
10.3389/fmicb.2022.1038136_salt_low_salinity_acclimation_28_natl1a_rnaseq,Prochlorococcus NATL1A,Prochlorococcus,RNASEQ,NATL1_07981,typA,GTP-binding protein TypA/BipA,Translation,10.0,down,-1.325,,acclimated
10.3389/fmicb.2022.1038136_salt_low_salinity_acclimation_28_natl1a_rnaseq,Prochlorococcus NATL1A,Prochlorococcus,RNASEQ,NATL1_08671,,beta-lactamase superfamily domain protein,Unknown,10.0,up,1.569,0.002,acclimated
10.1038/s43705-022-00197-2_carbon_stress_elevated_pco2_800_ppm_cc9311_rnaseq,Synechococcus CC9311,Synechococcus,RNASEQ,sync_1494,sigI,"RNA polymerase sigma factor, type III (ECF-like)",Transcription,1.0,up,1.199247825,0.026850661,mid-exponential
10.1038/s43705-022-00197-2_carbon_stress_elevated_pco2_800_ppm_cc9311_rnaseq,Synechococcus CC9311,Synechococcus,RNASEQ,sync_2793,desC4,delta-9 fatty-acid desaturase DesC4,Stress response and adaptation,1.0,down,-2.246378341,0.004194161,mid-exponential
10.1038/s43705-022-00197-2_carbon_stress_elevated_pco2_800_ppm_cc9311_rnaseq,Synechococcus CC9311,Synechococcus,RNASEQ,sync_2421,,conserved hypothetical protein,Unknown,2.0,up,1.135952161,0.014851524,mid-exponential
10.1038/s43705-022-00197-2_carbon_stress_elevated_pco2_800_ppm_cc9311_rnaseq,Synechococcus CC9311,Synechococcus,RNASEQ,sync_2758,,hypothetical protein,Unknown,2.0,down,-1.970960599,0.001254599,mid-exponential
10.1038/s43705-022-00197-2_carbon_stress_elevated_pco2_800_ppm_cc9311_rnaseq,Synechococcus CC9311,Synechococcus,RNASEQ,sync_1121,,hypothetical protein,Unknown,3.0,down,-1.618597605,0.006341106,mid-exponential
10.1038/s43705-022-00197-2_carbon_stress_elevated_pco2_800_ppm_cc9311_rnaseq,Synechococcus CC9311,Synechococcus,RNASEQ,sync_1293,dnaK4,chaperone protein DnaK,Post-translational modification,4.0,down,-1.548272406,0.012794159,mid-exponential
10.1038/s43705-022-00197-2_carbon_stress_elevated_pco2_800_ppm_cc9311_rnaseq,Synechococcus CC9311,Synechococcus,RNASEQ,sync_0667,pilA,type IV pilin PilA,Cell motility,5.0,down,-1.455117879,0.039532639,mid-exponential
10.1038/s43705-022-00197-2_carbon_stress_elevated_pco2_800_ppm_cc9311_rnaseq,Synechococcus CC9311,Synechococcus,RNASEQ,sync_2681,VBPO,vanadium-dependent bromoperoxidase,Stress response and adaptation,6.0,down,-1.411505782,0.018852259,mid-exponential
10.1038/s43705-022-00197-2_carbon_stress_elevated_pco2_800_ppm_cc9311_rnaseq,Synechococcus CC9311,Synechococcus,RNASEQ,sync_2757,,conserved hypothetical protein,Unknown,7.0,down,-1.409774131,0.010712751,mid-exponential
10.1038/s43705-022-00197-2_carbon_stress_elevated_pco2_800_ppm_cc9311_rnaseq,Synechococcus CC9311,Synechococcus,RNASEQ,sync_0840,,conserved hypothetical protein,Unknown,8.0,down,-1.390747613,0.035271829,mid-exponential
10.1038/s43705-022-00197-2_carbon_stress_elevated_pco2_800_ppm_cc9311_rnaseq,Synechococcus CC9311,Synechococcus,RNASEQ,sync_1050,,uncharacterized conserved secreted protein,Stress response and adaptation,9.0,down,-1.384301074,0.005139652,mid-exponential
10.1038/s43705-022-00197-2_carbon_stress_elevated_pco2_800_ppm_cc9311_rnaseq,Synechococcus CC9311,Synechococcus,RNASEQ,sync_2439,hli,high light inducible protein,Stress response and adaptation,10.0,down,-1.325959869,0.019379149,mid-exponential
10.1038/s43705-022-00197-2_carbon_stress_elevated_pco2_800_ppm_wh8102_rnaseq,Synechococcus WH8102,Parasynechococcus,RNASEQ,SYNW1382,,conserved hypothetical protein,Unknown,1.0,down,-1.815093538,7.86e-08,mid-exponential
10.1038/s43705-022-00197-2_carbon_stress_elevated_pco2_800_ppm_wh8102_rnaseq,Synechococcus WH8102,Parasynechococcus,RNASEQ,SYNW1414,hypB,hydrogenase expression/formation protein HypB,Post-translational modification,1.0,up,1.468628463,3.71e-05,mid-exponential
10.1038/s43705-022-00197-2_carbon_stress_elevated_pco2_800_ppm_wh8102_rnaseq,Synechococcus WH8102,Parasynechococcus,RNASEQ,SYNW1719,csoS1A,carboxysome shell protein CsoS1A,Photosynthesis,2.0,up,1.275788501,0.014184149,mid-exponential
10.1038/s43705-022-00197-2_carbon_stress_elevated_pco2_800_ppm_wh8102_rnaseq,Synechococcus WH8102,Parasynechococcus,RNASEQ,SYNW2102,,conserved hypothetical protein,Unknown,2.0,down,-1.210253281,0.000798292,mid-exponential
10.1038/s43705-022-00197-2_carbon_stress_elevated_pco2_800_ppm_wh8102_rnaseq,Synechococcus WH8102,Parasynechococcus,RNASEQ,SYNW2442,urtA,"ABC-type urea transporter, substrate binding component",Stress response and adaptation,3.0,up,1.249666215,0.042737817,mid-exponential
10.1038/s43705-022-00197-2_carbon_stress_elevated_pco2_800_ppm_wh8102_rnaseq,Synechococcus WH8102,Parasynechococcus,RNASEQ,SYNW2488,tatB,twin-arginine translocation TatB-like protein,Post-translational modification,3.0,down,-1.143910389,0.000942772,mid-exponential
10.1038/s43705-022-00197-2_carbon_stress_elevated_pco2_800_ppm_wh8102_rnaseq,Synechococcus WH8102,Parasynechococcus,RNASEQ,SYNW1413,hypA,hydrogenase nickel insertion protein,Post-translational modification,4.0,up,1.211592174,0.006938878,mid-exponential
10.1038/s43705-022-00197-2_carbon_stress_elevated_pco2_800_ppm_wh8102_rnaseq,Synechococcus WH8102,Parasynechococcus,RNASEQ,SYNW2100,,conserved hypothetical protein,Unknown,4.0,down,-1.003079147,0.049422849,mid-exponential
10.1038/s43705-022-00197-2_carbon_stress_elevated_pco2_800_ppm_wh8102_rnaseq,Synechococcus WH8102,Parasynechococcus,RNASEQ,SYNW1718,rbcL,"ribulose bisphosphate carboxylase, large subunit",Photosynthesis,5.0,up,1.18055396,0.019368937,mid-exponential
10.1038/s43705-022-00197-2_carbon_stress_elevated_pco2_800_ppm_wh8102_rnaseq,Synechococcus WH8102,Parasynechococcus,RNASEQ,SYNW1412,speB,agmatinase protein family,Carbohydrate metabolism,6.0,up,1.030688236,0.010328469,mid-exponential
10.1038/s43705-022-00197-2_carbon_stress_elevated_pco2_800_ppm_wh8102_rnaseq,Synechococcus WH8102,Parasynechococcus,RNASEQ,SYNW1717,rbcS,"ribulose bisphosphate carboxylase, small subunit",Photosynthesis,7.0,up,1.028342576,0.031368589,mid-exponential
10.1038/s43705-022-00197-2_carbon_stress_elevated_pco2_800_ppm_wh8102_rnaseq,Synechococcus WH8102,Parasynechococcus,RNASEQ,SYNW1416,,"ABC-type nitrate/sulfonate/bicarbonate transport system, permease component",Transport,8.0,up,1.006280485,9.77e-05,mid-exponential
10.1186/s13068-022-02163-5_coculture_ecoli_vs_axenic_utex2973_rnaseq,Synechococcus elongatus UTEX 2973,Synechococcus,RNASEQ,M744_07055,,transglutaminase TgpA family protein,Amino acid metabolism,1.0,up,2.54,,4 days
10.1186/s13068-022-02163-5_coculture_ecoli_vs_axenic_utex2973_rnaseq,Synechococcus elongatus UTEX 2973,Synechococcus,RNASEQ,M744_08450,cmpD,nitrate ABC transporter ATP-binding protein,Inorganic ion transport,1.0,down,-2.52,,4 days
10.1186/s13068-022-02163-5_coculture_ecoli_vs_axenic_utex2973_rnaseq,Synechococcus elongatus UTEX 2973,Synechococcus,RNASEQ,M744_03660,argF,ornithine carbamoyltransferase,Amino acid metabolism,2.0,down,-2.49,,4 days
10.1186/s13068-022-02163-5_coculture_ecoli_vs_axenic_utex2973_rnaseq,Synechococcus elongatus UTEX 2973,Synechococcus,RNASEQ,M744_03840,,hypothetical protein,Unknown,2.0,up,2.52,,4 days
10.1186/s13068-022-02163-5_coculture_ecoli_vs_axenic_utex2973_rnaseq,Synechococcus elongatus UTEX 2973,Synechococcus,RNASEQ,M744_01435,,hypothetical protein,Unknown,3.0,down,-2.06,,4 days
10.1186/s13068-022-02163-5_coculture_ecoli_vs_axenic_utex2973_rnaseq,Synechococcus elongatus UTEX 2973,Synechococcus,RNASEQ,M744_07325,hisA,1-(5-phosphoribosyl)-5-[(5-phosphoribosylamino)methylideneamino]imidazole-4-carboxamide isomerase,Amino acid metabolism,3.0,up,2.48,,4 days
10.1186/s13068-022-02163-5_coculture_ecoli_vs_axenic_utex2973_rnaseq,Synechococcus elongatus UTEX 2973,Synechococcus,RNASEQ,M744_06105,plsY,glycerol-3-phosphate 1-O-acyltransferase PlsY,Lipid metabolism,4.0,up,2.45,,4 days
10.1186/s13068-022-02163-5_coculture_ecoli_vs_axenic_utex2973_rnaseq,Synechococcus elongatus UTEX 2973,Synechococcus,RNASEQ,M744_09255,,iron uptake porin,Lipid metabolism,4.0,down,-1.86,,4 days
10.1186/s13068-022-02163-5_coculture_ecoli_vs_axenic_utex2973_rnaseq,Synechococcus elongatus UTEX 2973,Synechococcus,RNASEQ,M744_10365,,cyclic nucleotide-binding domain-containing protein,Signal transduction,5.0,down,-1.82,,4 days
10.1186/s13068-022-02163-5_coculture_ecoli_vs_axenic_utex2973_rnaseq,Synechococcus elongatus UTEX 2973,Synechococcus,RNASEQ,M744_10785,lnt,apolipoprotein N-acyltransferase,Cell wall and membrane,5.0,up,2.45,,4 days
10.1186/s13068-022-02163-5_coculture_ecoli_vs_axenic_utex2973_rnaseq,Synechococcus elongatus UTEX 2973,Synechococcus,RNASEQ,M744_04015,sphX,PstS family phosphate ABC transporter substrate-binding protein,Inorganic ion transport,6.0,up,2.2,,4 days
10.1186/s13068-022-02163-5_coculture_ecoli_vs_axenic_utex2973_rnaseq,Synechococcus elongatus UTEX 2973,Synechococcus,RNASEQ,M744_11220,clpB,ATP-dependent chaperone ClpB,Post-translational modification,6.0,down,-1.8,,4 days
10.1186/s13068-022-02163-5_coculture_ecoli_vs_axenic_utex2973_rnaseq,Synechococcus elongatus UTEX 2973,Synechococcus,RNASEQ,M744_07860,,hypothetical protein,Unknown,7.0,up,2.03,,4 days
10.1186/s13068-022-02163-5_coculture_ecoli_vs_axenic_utex2973_rnaseq,Synechococcus elongatus UTEX 2973,Synechococcus,RNASEQ,M744_12485,purM,phosphoribosylformylglycinamidine cyclo-ligase,Nucleotide metabolism,7.0,down,-1.63,,4 days
10.1186/s13068-022-02163-5_coculture_ecoli_vs_axenic_utex2973_rnaseq,Synechococcus elongatus UTEX 2973,Synechococcus,RNASEQ,M744_10885,,GTPase family protein,Unknown,8.0,down,-1.62,,4 days
10.1186/s13068-022-02163-5_coculture_ecoli_vs_axenic_utex2973_rnaseq,Synechococcus elongatus UTEX 2973,Synechococcus,RNASEQ,M744_11295,,YbjN domain-containing protein,Unknown,8.0,up,1.98,,4 days
10.1186/s13068-022-02163-5_coculture_ecoli_vs_axenic_utex2973_rnaseq,Synechococcus elongatus UTEX 2973,Synechococcus,RNASEQ,M744_06705,pdhA,pyruvate dehydrogenase (acetyl-transferring) E1 component subunit alpha,Energy production,9.0,down,-1.58,,4 days
10.1186/s13068-022-02163-5_coculture_ecoli_vs_axenic_utex2973_rnaseq,Synechococcus elongatus UTEX 2973,Synechococcus,RNASEQ,M744_13305,psbB,photosystem II chlorophyll-binding protein CP47,Inorganic ion transport,9.0,up,1.91,,4 days
10.1186/s13068-022-02163-5_coculture_ecoli_vs_axenic_utex2973_rnaseq,Synechococcus elongatus UTEX 2973,Synechococcus,RNASEQ,M744_06420,rbpD,RNA recognition motif domain-containing protein,Unknown,10.0,up,1.9,,4 days
10.1186/s13068-022-02163-5_coculture_ecoli_vs_axenic_utex2973_rnaseq,Synechococcus elongatus UTEX 2973,Synechococcus,RNASEQ,M744_RS14125,,hypothetical protein,Unknown,10.0,down,-1.55,,4 days
10.1186/s13068-022-02163-5_coculture_ecoli_vs_axenic_utex2973_proteomics,Synechococcus elongatus UTEX 2973,Synechococcus,PROTEOMICS,M744_04015,sphX,PstS family phosphate ABC transporter substrate-binding protein,Inorganic ion transport,1,up,4.75,,4 days
10.1186/s13068-022-02163-5_coculture_ecoli_vs_axenic_utex2973_proteomics,Synechococcus elongatus UTEX 2973,Synechococcus,PROTEOMICS,M744_10450,ntrB,nitrate ABC transporter permease,Inorganic ion transport,2,up,4.33,,4 days
10.1186/s13068-022-02163-5_coculture_ecoli_vs_axenic_utex2973_proteomics,Synechococcus elongatus UTEX 2973,Synechococcus,PROTEOMICS,M744_04025,pstC,phosphate ABC transporter permease subunit PstC,Inorganic ion transport,3,up,3.8,,4 days
10.1186/s13068-022-02163-5_coculture_ecoli_vs_axenic_utex2973_proteomics,Synechococcus elongatus UTEX 2973,Synechococcus,PROTEOMICS,M744_09635,,choice-of-anchor I family protein,Nucleotide metabolism,4,up,2.89,,4 days
10.1186/s13068-022-02163-5_coculture_ecoli_vs_axenic_utex2973_proteomics,Synechococcus elongatus UTEX 2973,Synechococcus,PROTEOMICS,M744_04020,sphX,PstS family phosphate ABC transporter substrate-binding protein,Inorganic ion transport,5,up,2.67,,4 days
10.1186/s13068-022-02163-5_coculture_ecoli_vs_axenic_utex2973_proteomics,Synechococcus elongatus UTEX 2973,Synechococcus,PROTEOMICS,M744_04035,pstB,phosphate ABC transporter ATP-binding protein PstB,Inorganic ion transport,6,up,2.12,,4 days
10.1186/s13068-022-02163-5_coculture_ecoli_vs_axenic_utex2973_proteomics,Synechococcus elongatus UTEX 2973,Synechococcus,PROTEOMICS,M744_04030,pstA,phosphate ABC transporter permease PstA,Inorganic ion transport,7,up,2.08,,4 days
10.1186/s13068-022-02163-5_coculture_ecoli_vs_axenic_utex2973_proteomics,Synechococcus elongatus UTEX 2973,Synechococcus,PROTEOMICS,M744_10440,nirA,ferredoxin--nitrite reductase,Energy production,8,up,1.95,,4 days
10.1186/s13068-022-02163-5_coculture_ecoli_vs_axenic_utex2973_proteomics,Synechococcus elongatus UTEX 2973,Synechococcus,PROTEOMICS,M744_07195,cobG,precorrin-3B synthase,Energy production,9,up,1.59,,4 days
10.1186/s13068-022-02163-5_coculture_ecoli_vs_axenic_utex2973_proteomics,Synechococcus elongatus UTEX 2973,Synechococcus,PROTEOMICS,M744_11635,phoB,response regulator transcription factor,Transcription,10,up,1.4,,4 days
10.1038/s42003-019-0410-x_plastic_hdpe_plastic_leachate_50_mit9312_rnaseq,Prochlorococcus MIT9312,Prochlorococcus,RNASEQ,PMT9312_1228,hli,high light inducible protein,Stress response and adaptation,1.0,up,3.37,,120 min
10.1038/s42003-019-0410-x_plastic_hdpe_plastic_leachate_50_mit9312_rnaseq,Prochlorococcus MIT9312,Prochlorococcus,RNASEQ,PMT9312_1271,pcb,"divinyl-chlorophyll a/b binding light harvesting protein, photosystem I-associated",Stress response and adaptation,1.0,down,-3.11,,120 min
10.1038/s42003-019-0410-x_plastic_hdpe_plastic_leachate_50_mit9312_rnaseq,Prochlorococcus MIT9312,Prochlorococcus,RNASEQ,PMT9312_1229,hli,high light inducible protein,Stress response and adaptation,2.0,up,3.34,,120 min
10.1038/s42003-019-0410-x_plastic_hdpe_plastic_leachate_50_mit9312_rnaseq,Prochlorococcus MIT9312,Prochlorococcus,RNASEQ,PMT9312_1944,,uncharacterized conserved membrane protein,Unknown,2.0,down,-2.94,,120 min
10.1038/s42003-019-0410-x_plastic_hdpe_plastic_leachate_50_mit9312_rnaseq,Prochlorococcus MIT9312,Prochlorococcus,RNASEQ,PMT9312_0551,rbcS,"ribulose bisphosphate carboxylase, small subunit",Photosynthesis,3.0,down,-2.5,,120 min
10.1038/s42003-019-0410-x_plastic_hdpe_plastic_leachate_50_mit9312_rnaseq,Prochlorococcus MIT9312,Prochlorococcus,RNASEQ,PMT9312_1230,hli,high light inducible protein,Stress response and adaptation,3.0,up,3.23,,120 min
10.1038/s42003-019-0410-x_plastic_hdpe_plastic_leachate_50_mit9312_rnaseq,Prochlorococcus MIT9312,Prochlorococcus,RNASEQ,PMT9312_1272,isiB,flavodoxin,Stress response and adaptation,4.0,down,-2.45,,120 min
10.1038/s42003-019-0410-x_plastic_hdpe_plastic_leachate_50_mit9312_rnaseq,Prochlorococcus MIT9312,Prochlorococcus,RNASEQ,PMT9312_1510,hli,high light inducible protein,Stress response and adaptation,4.0,up,3.12,,120 min
10.1038/s42003-019-0410-x_plastic_hdpe_plastic_leachate_50_mit9312_rnaseq,Prochlorococcus MIT9312,Prochlorococcus,RNASEQ,PMT9312_0550,rbcL,"ribulose bisphosphate carboxylase, large subunit",Photosynthesis,5.0,down,-2.32,,120 min
10.1038/s42003-019-0410-x_plastic_hdpe_plastic_leachate_50_mit9312_rnaseq,Prochlorococcus MIT9312,Prochlorococcus,RNASEQ,PMT9312_0686,hli,high light inducible protein,Stress response and adaptation,5.0,up,3.04,,120 min
10.1038/s42003-019-0410-x_plastic_hdpe_plastic_leachate_50_mit9312_rnaseq,Prochlorococcus MIT9312,Prochlorococcus,RNASEQ,PMT9312_0687,hli,high light inducible protein,Stress response and adaptation,6.0,up,2.66,,120 min
10.1038/s42003-019-0410-x_plastic_hdpe_plastic_leachate_50_mit9312_rnaseq,Prochlorococcus MIT9312,Prochlorococcus,RNASEQ,PMT9312_1261,idiA2,iron deficiency-induced protein A,Stress response and adaptation,6.0,down,-2.29,,120 min
10.1038/s42003-019-0410-x_plastic_hdpe_plastic_leachate_50_mit9312_rnaseq,Prochlorococcus MIT9312,Prochlorococcus,RNASEQ,PMT9312_0553,csoSCA,carboxysomal carbonic anhydrase,Photosynthesis,7.0,down,-2.13,,120 min
10.1038/s42003-019-0410-x_plastic_hdpe_plastic_leachate_50_mit9312_rnaseq,Prochlorococcus MIT9312,Prochlorococcus,RNASEQ,PMT9312_1231,,uncharacterized conserved secreted protein,Unknown,7.0,up,2.63,,120 min
10.1038/s42003-019-0410-x_plastic_hdpe_plastic_leachate_50_mit9312_rnaseq,Prochlorococcus MIT9312,Prochlorococcus,RNASEQ,PMT9312_0552,csoS2,carboxysome shell protein CsoS2,Photosynthesis,8.0,down,-2.1,,120 min
10.1038/s42003-019-0410-x_plastic_hdpe_plastic_leachate_50_mit9312_rnaseq,Prochlorococcus MIT9312,Prochlorococcus,RNASEQ,PMT9312_1169,,NADPH-dependent reductase,Carbohydrate metabolism,8.0,up,2.57,,120 min
10.1038/s42003-019-0410-x_plastic_hdpe_plastic_leachate_50_mit9312_rnaseq,Prochlorococcus MIT9312,Prochlorococcus,RNASEQ,PMT9312_1175,,conserved hypothetical protein,Unknown,9.0,down,-2.05,,120 min
10.1038/s42003-019-0410-x_plastic_hdpe_plastic_leachate_50_mit9312_rnaseq,Prochlorococcus MIT9312,Prochlorococcus,RNASEQ,PMT9312_1843,,conserved hypothetical protein,Unknown,9.0,up,2.29,,120 min
10.1038/s42003-019-0410-x_plastic_hdpe_plastic_leachate_50_mit9312_rnaseq,Prochlorococcus MIT9312,Prochlorococcus,RNASEQ,PMT9312_0549,csoS1A,carboxysome shell protein CsoS1A,Photosynthesis,10.0,down,-1.95,,120 min
10.1038/s42003-019-0410-x_plastic_hdpe_plastic_leachate_50_mit9312_rnaseq,Prochlorococcus MIT9312,Prochlorococcus,RNASEQ,PMT9312_0688,hli,high light inducible protein,Stress response and adaptation,10.0,up,2.28,,120 min
10.1038/s42003-019-0410-x_plastic_pvc_plastic_leachate_2_mit9312_rnaseq,Prochlorococcus MIT9312,Prochlorococcus,RNASEQ,PMT9312_0469,psaF,photosystem I reaction centre PsaF protein,Photosynthesis,1.0,down,-2.07,,90 min
10.1038/s42003-019-0410-x_plastic_pvc_plastic_leachate_2_mit9312_rnaseq,Prochlorococcus MIT9312,Prochlorococcus,RNASEQ,PMT9312_1507,,uncharacterized conserved secreted protein,Unknown,1.0,up,4.69,,90 min
10.1038/s42003-019-0410-x_plastic_pvc_plastic_leachate_2_mit9312_rnaseq,Prochlorococcus MIT9312,Prochlorococcus,RNASEQ,PMT9312_1231,,uncharacterized conserved secreted protein,Unknown,2.0,up,4.63,,90 min
10.1038/s42003-019-0410-x_plastic_pvc_plastic_leachate_2_mit9312_rnaseq,Prochlorococcus MIT9312,Prochlorococcus,RNASEQ,PMT9312_1466,,GAF domain-containing protein,Signal transduction,2.0,down,-1.99,,90 min
10.1038/s42003-019-0410-x_plastic_pvc_plastic_leachate_2_mit9312_rnaseq,Prochlorococcus MIT9312,Prochlorococcus,RNASEQ,PMT9312_0468,psaJ,photosystem I reaction centre subunit IX,Photosynthesis,3.0,down,-1.91,,90 min
10.1038/s42003-019-0410-x_plastic_pvc_plastic_leachate_2_mit9312_rnaseq,Prochlorococcus MIT9312,Prochlorococcus,RNASEQ,PMT9312_0685,,possible M protein repeat,Unknown,3.0,up,4.58,,90 min
10.1038/s42003-019-0410-x_plastic_pvc_plastic_leachate_2_mit9312_rnaseq,Prochlorococcus MIT9312,Prochlorococcus,RNASEQ,PMT9312_0686,hli,high light inducible protein,Stress response and adaptation,4.0,up,4.38,,90 min
10.1038/s42003-019-0410-x_plastic_pvc_plastic_leachate_2_mit9312_rnaseq,Prochlorococcus MIT9312,Prochlorococcus,RNASEQ,PMT9312_1670,psaD,photosystem I reaction center subunit II,Photosynthesis,4.0,down,-1.72,,90 min
10.1038/s42003-019-0410-x_plastic_pvc_plastic_leachate_2_mit9312_rnaseq,Prochlorococcus MIT9312,Prochlorococcus,RNASEQ,PMT9312_0551,rbcS,"ribulose bisphosphate carboxylase, small subunit",Photosynthesis,5.0,down,-1.68,,90 min
10.1038/s42003-019-0410-x_plastic_pvc_plastic_leachate_2_mit9312_rnaseq,Prochlorococcus MIT9312,Prochlorococcus,RNASEQ,PMT9312_1229,hli,high light inducible protein,Stress response and adaptation,5.0,up,4.3,,90 min
10.1038/s42003-019-0410-x_plastic_pvc_plastic_leachate_2_mit9312_rnaseq,Prochlorococcus MIT9312,Prochlorococcus,RNASEQ,PMT9312_0553,csoSCA,carboxysomal carbonic anhydrase,Photosynthesis,6.0,down,-1.65,,90 min
10.1038/s42003-019-0410-x_plastic_pvc_plastic_leachate_2_mit9312_rnaseq,Prochlorococcus MIT9312,Prochlorococcus,RNASEQ,PMT9312_1843,,conserved hypothetical protein,Unknown,6.0,up,4.25,,90 min
10.1038/s42003-019-0410-x_plastic_pvc_plastic_leachate_2_mit9312_rnaseq,Prochlorococcus MIT9312,Prochlorococcus,RNASEQ,PMT9312_1230,hli,high light inducible protein,Stress response and adaptation,7.0,up,4.22,,90 min
10.1038/s42003-019-0410-x_plastic_pvc_plastic_leachate_2_mit9312_rnaseq,Prochlorococcus MIT9312,Prochlorococcus,RNASEQ,PMT9312_1700,psaC,photosystem I iron-sulfur center subunit VII PsaC,Photosynthesis,7.0,down,-1.65,,90 min
10.1038/s42003-019-0410-x_plastic_pvc_plastic_leachate_2_mit9312_rnaseq,Prochlorococcus MIT9312,Prochlorococcus,RNASEQ,PMT9312_0894,psaK,photosystem I reaction center subunit X,Photosynthesis,8.0,down,-1.6,,90 min
10.1038/s42003-019-0410-x_plastic_pvc_plastic_leachate_2_mit9312_rnaseq,Prochlorococcus MIT9312,Prochlorococcus,RNASEQ,PMT9312_1510,hli,high light inducible protein,Stress response and adaptation,8.0,up,4.2,,90 min
10.1038/s42003-019-0410-x_plastic_pvc_plastic_leachate_2_mit9312_rnaseq,Prochlorococcus MIT9312,Prochlorococcus,RNASEQ,PMT9312_0550,rbcL,"ribulose bisphosphate carboxylase, large subunit",Photosynthesis,9.0,down,-1.59,,90 min
10.1038/s42003-019-0410-x_plastic_pvc_plastic_leachate_2_mit9312_rnaseq,Prochlorococcus MIT9312,Prochlorococcus,RNASEQ,PMT9312_1228,hli,high light inducible protein,Stress response and adaptation,9.0,up,3.99,,90 min
10.1038/s42003-019-0410-x_plastic_pvc_plastic_leachate_2_mit9312_rnaseq,Prochlorococcus MIT9312,Prochlorococcus,RNASEQ,PMT9312_0552,csoS2,carboxysome shell protein CsoS2,Photosynthesis,10.0,down,-1.49,,90 min
10.1038/s42003-019-0410-x_plastic_pvc_plastic_leachate_2_mit9312_rnaseq,Prochlorococcus MIT9312,Prochlorococcus,RNASEQ,PMT9312_0687,hli,high light inducible protein,Stress response and adaptation,10.0,up,3.72,,90 min
10.1111/1462-2920.14513_viral_viral_dom_vdom_addition_mit9313_rnaseq,Prochlorococcus MIT9313,Prochlorococcus,RNASEQ,PMT0328,,"possible bromodomain adjacent to zinc finger domain, 2B...",Unknown,1.0,down,-2.17,0.1,8h
10.1111/1462-2920.14513_viral_viral_dom_vdom_addition_mit9313_rnaseq,Prochlorococcus MIT9313,Prochlorococcus,RNASEQ,PMT0917,,putative membrane protein,Cell wall and membrane,1.0,down,-1.59,0.1,2h
10.1111/1462-2920.14513_viral_viral_dom_vdom_addition_mit9313_rnaseq,Prochlorococcus MIT9313,Prochlorococcus,RNASEQ,PMT0992,hli,high light inducible protein,Stress response and adaptation,1.0,up,4.0,0.1,8h
10.1111/1462-2920.14513_viral_viral_dom_vdom_addition_mit9313_rnaseq,Prochlorococcus MIT9313,Prochlorococcus,RNASEQ,PMT1004,,cupin domain-containing protein,Unknown,1.0,down,-1.22,0.1,1h
10.1111/1462-2920.14513_viral_viral_dom_vdom_addition_mit9313_rnaseq,Prochlorococcus MIT9313,Prochlorococcus,RNASEQ,PMT1387,,conserved hypothetical protein,Unknown,1.0,up,3.35,0.1,72h
10.1111/1462-2920.14513_viral_viral_dom_vdom_addition_mit9313_rnaseq,Prochlorococcus MIT9313,Prochlorococcus,RNASEQ,PMT1742,rplN,50S ribosomal protein L14,Translation,1.0,down,-1.6,0.1,72h
10.1111/1462-2920.14513_viral_viral_dom_vdom_addition_mit9313_rnaseq,Prochlorococcus MIT9313,Prochlorococcus,RNASEQ,PMT_0929,,conserved hypothetical protein,Cell wall and membrane,1.0,down,-2.6,0.1,12h
10.1111/1462-2920.14513_viral_viral_dom_vdom_addition_mit9313_rnaseq,Prochlorococcus MIT9313,Prochlorococcus,RNASEQ,PMT_0997,phoR,"two-component system sensor histidine kinase, phosphate sensing PhoR",Stress response and adaptation,1.0,up,6.18,0.1,48h
10.1111/1462-2920.14513_viral_viral_dom_vdom_addition_mit9313_rnaseq,Prochlorococcus MIT9313,Prochlorococcus,RNASEQ,PMT0041,,conserved hypothetical protein,Unknown,2.0,up,2.33,0.1,12h
10.1111/1462-2920.14513_viral_viral_dom_vdom_addition_mit9313_rnaseq,Prochlorococcus MIT9313,Prochlorococcus,RNASEQ,PMT0950,,conserved hypothetical protein,Unknown,2.0,down,-1.36,0.1,2h
10.1111/1462-2920.14513_viral_viral_dom_vdom_addition_mit9313_rnaseq,Prochlorococcus MIT9313,Prochlorococcus,RNASEQ,PMT1223,,hypothetical protein,Unknown,2.0,down,-2.31,0.1,12h
10.1111/1462-2920.14513_viral_viral_dom_vdom_addition_mit9313_rnaseq,Prochlorococcus MIT9313,Prochlorococcus,RNASEQ,PMT1954,psaC,photosystem I iron-sulfur center subunit VII PsaC,Photosynthesis,2.0,up,1.83,0.1,0.5h
10.1111/1462-2920.14513_viral_viral_dom_vdom_addition_mit9313_rnaseq,Prochlorococcus MIT9313,Prochlorococcus,RNASEQ,PMT2091,rplL,50S ribosomal protein L7/L12,Stress response and adaptation,2.0,down,-1.45,0.1,72h
10.1111/1462-2920.14513_viral_viral_dom_vdom_addition_mit9313_rnaseq,Prochlorococcus MIT9313,Prochlorococcus,RNASEQ,PMT0168,,"possible Negative factor, (F-Protein) or Nef.",Unknown,3.0,down,-1.94,0.1,8h
10.1111/1462-2920.14513_viral_viral_dom_vdom_addition_mit9313_rnaseq,Prochlorococcus MIT9313,Prochlorococcus,RNASEQ,PMT_0586,,conserved hypothetical protein,Unknown,3.0,up,2.47,0.1,24h
10.1111/1462-2920.14513_viral_viral_dom_vdom_addition_mit9313_rnaseq,Prochlorococcus MIT9313,Prochlorococcus,RNASEQ,PMT_2155,,possible MARCKS family,Lipid metabolism,3.0,down,-2.38,0.1,24h
10.1111/1462-2920.14513_viral_viral_dom_vdom_addition_mit9313_rnaseq,Prochlorococcus MIT9313,Prochlorococcus,RNASEQ,PMT0390,,possible Coproporphyrinogen III oxidase,Unknown,4.0,up,2.5,0.1,72h
10.1111/1462-2920.14513_viral_viral_dom_vdom_addition_mit9313_rnaseq,Prochlorococcus MIT9313,Prochlorococcus,RNASEQ,PMT0855,pncA,isochorismatase-like hydrolase superfamily,Coenzyme metabolism,4.0,down,-2.47,0.1,4h
10.1111/1462-2920.14513_viral_viral_dom_vdom_addition_mit9313_rnaseq,Prochlorococcus MIT9313,Prochlorococcus,RNASEQ,PMT0870,,conserved hypothetical protein,Unknown,4.0,up,3.16,0.1,8h
10.1111/1462-2920.14513_viral_viral_dom_vdom_addition_mit9313_rnaseq,Prochlorococcus MIT9313,Prochlorococcus,RNASEQ,PMT1561,,conserved hypothetical protein,Unknown,4.0,down,-1.23,0.1,2h
10.1111/1462-2920.14513_viral_viral_dom_vdom_addition_mit9313_rnaseq,Prochlorococcus MIT9313,Prochlorococcus,RNASEQ,PMT_1699,,site-specific recombinase,Replication and repair,4.0,up,2.43,0.1,24h
10.1111/1462-2920.14513_viral_viral_dom_vdom_addition_mit9313_rnaseq,Prochlorococcus MIT9313,Prochlorococcus,RNASEQ,PMT0509,petJ2,cytochrome c553 (cytochrome c6),Carbohydrate metabolism,5.0,up,1.63,0.1,0.5h
10.1111/1462-2920.14513_viral_viral_dom_vdom_addition_mit9313_rnaseq,Prochlorococcus MIT9313,Prochlorococcus,RNASEQ,PMT0551,gbmt2,dimethylglycine N-methyltransferase,Amino acid metabolism,5.0,down,-1.19,0.1,2h
10.1111/1462-2920.14513_viral_viral_dom_vdom_addition_mit9313_rnaseq,Prochlorococcus MIT9313,Prochlorococcus,RNASEQ,PMT1572,,hypothetical protein,Lipid metabolism,5.0,down,-2.22,0.1,24h
10.1111/1462-2920.14513_viral_viral_dom_vdom_addition_mit9313_rnaseq,Prochlorococcus MIT9313,Prochlorococcus,RNASEQ,PMT2117,,possible D12 class N6 adenine-specific DNA met,Unknown,5.0,down,-2.42,0.1,4h
10.1111/1462-2920.14513_viral_viral_dom_vdom_addition_mit9313_rnaseq,Prochlorococcus MIT9313,Prochlorococcus,RNASEQ,PMT0133,sdhB,"succinate dehydrogenase/fumarate reductase, Fe-S protein subunit",Stress response and adaptation,6.0,up,1.96,0.1,24h
10.1111/1462-2920.14513_viral_viral_dom_vdom_addition_mit9313_rnaseq,Prochlorococcus MIT9313,Prochlorococcus,RNASEQ,PMT1559,,conserved hypothetical protein,Unknown,6.0,up,1.43,0.1,0.5h
10.1111/1462-2920.14513_viral_viral_dom_vdom_addition_mit9313_rnaseq,Prochlorococcus MIT9313,Prochlorococcus,RNASEQ,PMT1563,,hypothetical protein,Unknown,6.0,up,2.46,0.1,72h
10.1111/1462-2920.14513_viral_viral_dom_vdom_addition_mit9313_rnaseq,Prochlorococcus MIT9313,Prochlorococcus,RNASEQ,PMT1570,,hypothetical protein,Transcription,6.0,down,-2.14,0.1,24h
10.1111/1462-2920.14513_viral_viral_dom_vdom_addition_mit9313_rnaseq,Prochlorococcus MIT9313,Prochlorococcus,RNASEQ,PMT1768,psaL,photosystem I reaction centre subunit XI,Stress response and adaptation,6.0,down,-1.29,0.1,72h
10.1111/1462-2920.14513_viral_viral_dom_vdom_addition_mit9313_rnaseq,Prochlorococcus MIT9313,Prochlorococcus,RNASEQ,PMT0818,,S4 domain-containing protein,Unknown,8.0,up,1.77,0.1,12h
10.1038/s42003-019-0410-x_plastic_hdpe_plastic_leachate_50_natl2a_rnaseq,Prochlorococcus NATL2A,Prochlorococcus,RNASEQ,PMN2A_0501,PMN2A_RS10105,conserved hypothetical protein (DUF4278),Unknown,1.0,up,1.11,,120 min
10.1038/s42003-019-0410-x_plastic_hdpe_plastic_leachate_50_natl2a_rnaseq,Prochlorococcus NATL2A,Prochlorococcus,RNASEQ,PMN2A_1298,nirA,ferredoxin--nitrite reductase,Stress response and adaptation,1.0,down,-1.79,,120 min
10.1038/s42003-019-0410-x_plastic_hdpe_plastic_leachate_50_natl2a_rnaseq,Prochlorococcus NATL2A,Prochlorococcus,RNASEQ,PMN2A_0436,phoB,two-component system response regulator RR class II (RRII)-CheY-OmpR,Stress response and adaptation,2.0,up,0.99,,120 min
10.1038/s42003-019-0410-x_plastic_hdpe_plastic_leachate_50_natl2a_rnaseq,Prochlorococcus NATL2A,Prochlorococcus,RNASEQ,PMN2A_1299,focA,"nitrite transporter, FNT family",Stress response and adaptation,2.0,down,-1.76,,120 min
10.1038/s42003-019-0410-x_plastic_hdpe_plastic_leachate_50_natl2a_rnaseq,Prochlorococcus NATL2A,Prochlorococcus,RNASEQ,PMN2A_0590,PMN2A_RS06065,conserved hypothetical protein (DUF3104),Unknown,3.0,up,0.97,,120 min
10.1038/s42003-019-0410-x_plastic_hdpe_plastic_leachate_50_natl2a_rnaseq,Prochlorococcus NATL2A,Prochlorococcus,RNASEQ,PMN2A_1048,urtA,"ABC-type urea transporter, substrate binding component",Stress response and adaptation,3.0,down,-1.68,,120 min
10.1038/s42003-019-0410-x_plastic_hdpe_plastic_leachate_50_natl2a_rnaseq,Prochlorococcus NATL2A,Prochlorococcus,RNASEQ,PMN2A_0471,PMN2A_RS10095,conserved hypothetical protein,Unknown,4.0,up,0.92,,120 min
10.1038/s42003-019-0410-x_plastic_hdpe_plastic_leachate_50_natl2a_rnaseq,Prochlorococcus NATL2A,Prochlorococcus,RNASEQ,PMN2A_0992,PMN2A_RS08195,conserved hypothetical protein,Unknown,4.0,down,-1.18,,120 min
10.1038/s42003-019-0410-x_plastic_hdpe_plastic_leachate_50_natl2a_rnaseq,Prochlorococcus NATL2A,Prochlorococcus,RNASEQ,PMN2A_0500,PMN2A_RS10100,conserved hypothetical protein,Unknown,5.0,up,0.79,,120 min
10.1038/s42003-019-0410-x_plastic_hdpe_plastic_leachate_50_natl2a_rnaseq,Prochlorococcus NATL2A,Prochlorococcus,RNASEQ,PMN2A_1042,PMN2A_RS08450,RmlC-like cupin domain-containing protein,Unknown,5.0,down,-1.13,,120 min
10.1038/s42003-019-0410-x_plastic_hdpe_plastic_leachate_50_natl2a_rnaseq,Prochlorococcus NATL2A,Prochlorococcus,RNASEQ,PMN2A_1056,PMN2A_RS08515,conserved hypothetical protein (DUF1830),Unknown,6.0,down,-1.09,,120 min
10.1038/s42003-019-0410-x_plastic_hdpe_plastic_leachate_50_natl2a_rnaseq,Prochlorococcus NATL2A,Prochlorococcus,RNASEQ,PMN2A_2136,PMN2A_RS07090,conserved hypothetical protein,Unknown,6.0,up,0.76,,120 min
10.1038/s42003-019-0410-x_plastic_hdpe_plastic_leachate_50_natl2a_rnaseq,Prochlorococcus NATL2A,Prochlorococcus,RNASEQ,PMN2A_0445,gap3,glyceraldehyde-3-phosphate dehydrogenase,Stress response and adaptation,7.0,up,0.74,,120 min
10.1038/s42003-019-0410-x_plastic_hdpe_plastic_leachate_50_natl2a_rnaseq,Prochlorococcus NATL2A,Prochlorococcus,RNASEQ,PMN2A_1227,PMN2A_RS11065,hemolysin-type calcium-binding repeat family protein,Post-translational modification,7.0,down,-0.92,,120 min
10.1038/s42003-019-0410-x_plastic_hdpe_plastic_leachate_50_natl2a_rnaseq,Prochlorococcus NATL2A,Prochlorococcus,RNASEQ,PMN2A_0728,PMN2A_RS06805,FAD binding domain of DNA photolyase,Stress response and adaptation,8.0,up,0.74,,120 min
10.1038/s42003-019-0410-x_plastic_hdpe_plastic_leachate_50_natl2a_rnaseq,Prochlorococcus NATL2A,Prochlorococcus,RNASEQ,PMN2A_1612,ntcA,global nitrogen regulatory protein,Stress response and adaptation,8.0,down,-0.9,,120 min
10.1038/s42003-019-0410-x_plastic_hdpe_plastic_leachate_50_natl2a_rnaseq,Prochlorococcus NATL2A,Prochlorococcus,RNASEQ,PMN2A_0238,PMN2A_RS04125,conserved hypothetical protein,Unknown,9.0,down,-0.78,,120 min
10.1038/s42003-019-0410-x_plastic_hdpe_plastic_leachate_50_natl2a_rnaseq,Prochlorococcus NATL2A,Prochlorococcus,RNASEQ,PMN2A_1712,PMN2A_RS02005,"possible 7S seed storage protein, N-terminal doma",Unknown,9.0,up,0.71,,120 min
10.1038/s42003-019-0410-x_plastic_hdpe_plastic_leachate_50_natl2a_rnaseq,Prochlorococcus NATL2A,Prochlorococcus,RNASEQ,PMN2A_0727,prxQ,2-Cys peroxiredoxin,Stress response and adaptation,10.0,up,0.68,,120 min
10.1038/s42003-019-0410-x_plastic_hdpe_plastic_leachate_50_natl2a_rnaseq,Prochlorococcus NATL2A,Prochlorococcus,RNASEQ,PMN2A_0733,PMN2A_RS06830,A circularly permuted ATPgrasp family protein,Unknown,10.0,down,-0.77,,120 min
10.1038/s42003-019-0410-x_plastic_pvc_plastic_leachate_2_natl2a_rnaseq,Prochlorococcus NATL2A,Prochlorococcus,RNASEQ,PMN2A_0883,PMN2A_RS07615,putative undecaprenyl-phosphate galactosephosphotransferase,Cell wall and membrane,1.0,down,-1.82,,90 min
10.1038/s42003-019-0410-x_plastic_pvc_plastic_leachate_2_natl2a_rnaseq,Prochlorococcus NATL2A,Prochlorococcus,RNASEQ,PMN2A_1028,PMN2A_RS08380,outer membrane porin,Stress response and adaptation,1.0,up,1.13,,90 min
10.1038/s42003-019-0410-x_plastic_pvc_plastic_leachate_2_natl2a_rnaseq,Prochlorococcus NATL2A,Prochlorococcus,RNASEQ,PMN2A_0576,PMN2A_RS05975,hypothetical protein,Unknown,2.0,up,0.93,,90 min
10.1038/s42003-019-0410-x_plastic_pvc_plastic_leachate_2_natl2a_rnaseq,Prochlorococcus NATL2A,Prochlorococcus,RNASEQ,PMN2A_1757,PMN2A_RS02250,outer membrane porin,Stress response and adaptation,2.0,down,-1.81,,90 min
10.1038/s42003-019-0410-x_plastic_pvc_plastic_leachate_2_natl2a_rnaseq,Prochlorococcus NATL2A,Prochlorococcus,RNASEQ,PMN2A_1216,PMN2A_RS09350,"transcriptional regulator, GntR family",Regulatory functions,3.0,up,0.93,,90 min
10.1038/s42003-019-0410-x_plastic_pvc_plastic_leachate_2_natl2a_rnaseq,Prochlorococcus NATL2A,Prochlorococcus,RNASEQ,PMN2A_1227,PMN2A_RS11065,hemolysin-type calcium-binding repeat family protein,Post-translational modification,3.0,down,-1.6,,90 min
10.1038/s42003-019-0410-x_plastic_pvc_plastic_leachate_2_natl2a_rnaseq,Prochlorococcus NATL2A,Prochlorococcus,RNASEQ,PMN2A_0429,PTOX,plastoquinol terminal oxidase,Stress response and adaptation,4.0,up,0.77,,90 min
10.1038/s42003-019-0410-x_plastic_pvc_plastic_leachate_2_natl2a_rnaseq,Prochlorococcus NATL2A,Prochlorococcus,RNASEQ,PMN2A_1057,PMN2A_RS08525,outer membrane porin,Stress response and adaptation,4.0,down,-1.47,,90 min
10.1038/s42003-019-0410-x_plastic_pvc_plastic_leachate_2_natl2a_rnaseq,Prochlorococcus NATL2A,Prochlorococcus,RNASEQ,PMN2A_0941,PMN2A_RS07920,hypothetical protein,Unknown,5.0,up,0.77,,90 min
10.1038/s42003-019-0410-x_plastic_pvc_plastic_leachate_2_natl2a_rnaseq,Prochlorococcus NATL2A,Prochlorococcus,RNASEQ,PMN2A_1226,PMN2A_RS09405,hypothetical protein,Intracellular trafficking,5.0,down,-1.12,,90 min
10.1038/s42003-019-0410-x_plastic_pvc_plastic_leachate_2_natl2a_rnaseq,Prochlorococcus NATL2A,Prochlorococcus,RNASEQ,PMN2A_1710,PMN2A_RS01985,conserved hypothetical protein,Unknown,6.0,down,-1.11,,90 min
10.1038/s42003-019-0410-x_plastic_pvc_plastic_leachate_2_natl2a_rnaseq,Prochlorococcus NATL2A,Prochlorococcus,RNASEQ,PMN2A_2045,PMN2A_RS05765,Conserved hypothetical protein,Unknown,6.0,up,0.72,,90 min
10.1038/s42003-019-0410-x_plastic_pvc_plastic_leachate_2_natl2a_rnaseq,Prochlorococcus NATL2A,Prochlorococcus,RNASEQ,PMN2A_0414,PMN2A_RS05070,conserved hypothetical protein,Unknown,7.0,down,-0.99,,90 min
10.1038/s42003-019-0410-x_plastic_pvc_plastic_leachate_2_natl2a_rnaseq,Prochlorococcus NATL2A,Prochlorococcus,RNASEQ,PMN2A_0417,hli,high light inducible protein,Stress response and adaptation,7.0,up,0.7,,90 min
10.1038/s42003-019-0410-x_plastic_pvc_plastic_leachate_2_natl2a_rnaseq,Prochlorococcus NATL2A,Prochlorococcus,RNASEQ,PMN2A_0550,PMN2A_RS05835,uncharacterized conserved membrane protein,Unknown,8.0,up,0.63,,90 min
10.1038/s42003-019-0410-x_plastic_pvc_plastic_leachate_2_natl2a_rnaseq,Prochlorococcus NATL2A,Prochlorococcus,RNASEQ,PMN2A_0641,plsC2,1-acyl-sn-glycerol-3-phosphate acyltransferase,Lipid metabolism,8.0,down,-0.96,,90 min
10.1038/s42003-019-0410-x_plastic_pvc_plastic_leachate_2_natl2a_rnaseq,Prochlorococcus NATL2A,Prochlorococcus,RNASEQ,PMN2A_0685,PMN2A_RS06595,conserved hypothetical protein,Unknown,9.0,up,0.63,,90 min
10.1038/s42003-019-0410-x_plastic_pvc_plastic_leachate_2_natl2a_rnaseq,Prochlorococcus NATL2A,Prochlorococcus,RNASEQ,PMN2A_1451,PMN2A_RS00645,conserved hypothetical protein,Unknown,9.0,down,-0.82,,90 min
10.1038/s42003-019-0410-x_plastic_pvc_plastic_leachate_2_natl2a_rnaseq,Prochlorococcus NATL2A,Prochlorococcus,RNASEQ,PMN2A_0542,PMN2A_RS05790,conserved hypothetical protein,Unknown,10.0,down,-0.75,,90 min
10.1038/s42003-019-0410-x_plastic_pvc_plastic_leachate_2_natl2a_rnaseq,Prochlorococcus NATL2A,Prochlorococcus,RNASEQ,PMN2A_0940,hli,high light inducible protein,Stress response and adaptation,10.0,up,0.61,,90 min
10.1038/ismej.2017.189_carbon_stress_elevated_co2_800_ppm_ez55_rnaseq_axenic,Alteromonas macleodii EZ55,Alteromonas,RNASEQ,EZ55_02158,yhhW,pirin family protein,Unknown,1.0,up,1.834924764,0.005812934,acclimated
10.1038/ismej.2017.189_carbon_stress_elevated_co2_800_ppm_ez55_rnaseq_axenic,Alteromonas macleodii EZ55,Alteromonas,RNASEQ,EZ55_04249,benB,aromatic-ring-hydroxylating dioxygenase subunit beta,Secondary metabolites,1.0,down,-2.134253161,8.25e-07,acclimated
10.1038/ismej.2017.189_carbon_stress_elevated_co2_800_ppm_ez55_rnaseq_axenic,Alteromonas macleodii EZ55,Alteromonas,RNASEQ,EZ55_02165,,DoxX family protein,Unknown,2.0,up,1.754344433,0.042076828,acclimated
10.1038/ismej.2017.189_carbon_stress_elevated_co2_800_ppm_ez55_rnaseq_axenic,Alteromonas macleodii EZ55,Alteromonas,RNASEQ,EZ55_04248,benA,"benzoate 1,2-dioxygenase large subunit",Inorganic ion transport,2.0,down,-2.09394027,1.35e-05,acclimated
10.1038/ismej.2017.189_carbon_stress_elevated_co2_800_ppm_ez55_rnaseq_axenic,Alteromonas macleodii EZ55,Alteromonas,RNASEQ,EZ55_03030,,hypothetical protein,Unknown,3.0,up,1.675525008,0.017050593,acclimated
10.1038/ismej.2017.189_carbon_stress_elevated_co2_800_ppm_ez55_rnaseq_axenic,Alteromonas macleodii EZ55,Alteromonas,RNASEQ,EZ55_04246,,hypothetical protein,Replication and repair,3.0,down,-1.945921924,8.56e-05,acclimated
10.1038/ismej.2017.189_carbon_stress_elevated_co2_800_ppm_ez55_rnaseq_axenic,Alteromonas macleodii EZ55,Alteromonas,RNASEQ,EZ55_02269,azoR,FMN-dependent NADH-azoreductase,Lipid metabolism,4.0,up,1.634635497,0.013782986,acclimated
10.1038/ismej.2017.189_carbon_stress_elevated_co2_800_ppm_ez55_rnaseq_axenic,Alteromonas macleodii EZ55,Alteromonas,RNASEQ,EZ55_03398,,hypothetical protein,Unknown,4.0,down,-1.935028236,3.12e-07,acclimated
10.1038/ismej.2017.189_carbon_stress_elevated_co2_800_ppm_ez55_rnaseq_axenic,Alteromonas macleodii EZ55,Alteromonas,RNASEQ,EZ55_01991,yqjG,glutathione S-transferase family protein,Post-translational modification,5.0,up,1.506047187,0.005975197,acclimated
10.1038/ismej.2017.189_carbon_stress_elevated_co2_800_ppm_ez55_rnaseq_axenic,Alteromonas macleodii EZ55,Alteromonas,RNASEQ,EZ55_04251,benD,"1,6-dihydroxycyclohexa-2,4-diene-1-carboxylate dehydrogenase",Lipid metabolism,5.0,down,-1.912550795,1.5e-06,acclimated
10.1038/ismej.2017.189_carbon_stress_elevated_co2_800_ppm_ez55_rnaseq_axenic,Alteromonas macleodii EZ55,Alteromonas,RNASEQ,EZ55_03399,,PspC domain-containing protein,Transcription,6.0,down,-1.787098571,1.75e-07,acclimated
10.1038/ismej.2017.189_carbon_stress_elevated_co2_800_ppm_ez55_rnaseq_axenic,Alteromonas macleodii EZ55,Alteromonas,RNASEQ,EZ55_03879,yceJ,cytochrome b,Energy production,6.0,up,1.367610704,0.042429967,acclimated
10.1038/ismej.2017.189_carbon_stress_elevated_co2_800_ppm_ez55_rnaseq_axenic,Alteromonas macleodii EZ55,Alteromonas,RNASEQ,EZ55_01060,flaA,flagellin N-terminal helical domain-containing protein,Cell motility,7.0,down,-1.761734683,3e-06,acclimated
10.1038/ismej.2017.189_carbon_stress_elevated_co2_800_ppm_ez55_rnaseq_axenic,Alteromonas macleodii EZ55,Alteromonas,RNASEQ,EZ55_02865,,glycoside hydrolase family 97 protein,Carbohydrate metabolism,7.0,up,1.131516545,0.040746008,acclimated
10.1038/ismej.2017.189_carbon_stress_elevated_co2_800_ppm_ez55_rnaseq_axenic,Alteromonas macleodii EZ55,Alteromonas,RNASEQ,EZ55_01198,,fatty acid desaturase family protein,Lipid metabolism,8.0,up,1.060559953,1.8e-06,acclimated
10.1038/ismej.2017.189_carbon_stress_elevated_co2_800_ppm_ez55_rnaseq_axenic,Alteromonas macleodii EZ55,Alteromonas,RNASEQ,EZ55_01932,proA,glutamate-5-semialdehyde dehydrogenase,Amino acid metabolism,8.0,down,-1.741861543,0.000907903,acclimated
10.1038/ismej.2017.189_carbon_stress_elevated_co2_800_ppm_ez55_rnaseq_axenic,Alteromonas macleodii EZ55,Alteromonas,RNASEQ,EZ55_00367,rpmC,50S ribosomal protein L29,Translation,9.0,up,1.040122312,0.001435597,acclimated
10.1038/ismej.2017.189_carbon_stress_elevated_co2_800_ppm_ez55_rnaseq_axenic,Alteromonas macleodii EZ55,Alteromonas,RNASEQ,EZ55_04098,,TonB-dependent receptor,Inorganic ion transport,9.0,down,-1.631758658,2.35e-05,acclimated
10.1038/ismej.2017.189_carbon_stress_elevated_co2_800_ppm_ez55_rnaseq_axenic,Alteromonas macleodii EZ55,Alteromonas,RNASEQ,EZ55_02353,,hypervirulence associated TUDOR domain-containing protein,Unknown,10.0,up,1.020407324,0.006122945,acclimated
10.1038/ismej.2017.189_carbon_stress_elevated_co2_800_ppm_ez55_rnaseq_axenic,Alteromonas macleodii EZ55,Alteromonas,RNASEQ,EZ55_03401,,hypothetical protein,Unknown,10.0,down,-1.607133389,3.18e-05,acclimated
10.1038/ismej.2017.189_carbon_stress_elevated_co2_800_ppm_ez55_rnaseq_coculture,Alteromonas macleodii EZ55,Alteromonas,RNASEQ,EZ55_00872,,organic hydroperoxide resistance protein,Post-translational modification,1.0,down,-2.456432633,2.14e-07,acclimated
10.1038/ismej.2017.189_carbon_stress_elevated_co2_800_ppm_ez55_rnaseq_coculture,Alteromonas macleodii EZ55,Alteromonas,RNASEQ,EZ55_01776,,DUF3718 domain-containing protein,Unknown,1.0,up,3.112733295,0.000498676,acclimated
10.1038/ismej.2017.189_carbon_stress_elevated_co2_800_ppm_ez55_rnaseq_coculture,Alteromonas macleodii EZ55,Alteromonas,RNASEQ,EZ55_02930,srtA,class GN sortase,Cell wall and membrane,1.0,down,-2.920217458,2.33e-10,acclimated
10.1038/ismej.2017.189_carbon_stress_elevated_co2_800_ppm_ez55_rnaseq_coculture,Alteromonas macleodii EZ55,Alteromonas,RNASEQ,EZ55_03037,,methyl-accepting chemotaxis protein,Cell motility,1.0,up,2.682309559,8.46e-10,acclimated
10.1038/ismej.2017.189_carbon_stress_elevated_co2_800_ppm_ez55_rnaseq_coculture,Alteromonas macleodii EZ55,Alteromonas,RNASEQ,EZ55_01782,,DUF3718 domain-containing protein,Unknown,2.0,up,3.018676591,0.000198068,acclimated
10.1038/ismej.2017.189_carbon_stress_elevated_co2_800_ppm_ez55_rnaseq_coculture,Alteromonas macleodii EZ55,Alteromonas,RNASEQ,EZ55_01931,proB,glutamate 5-kinase,Amino acid metabolism,2.0,down,-2.455571066,2.17e-10,acclimated
10.1038/ismej.2017.189_carbon_stress_elevated_co2_800_ppm_ez55_rnaseq_coculture,Alteromonas macleodii EZ55,Alteromonas,RNASEQ,EZ55_02117,fecA,TonB-dependent receptor family protein,Inorganic ion transport,2.0,up,2.488423968,1.62e-09,acclimated
10.1038/ismej.2017.189_carbon_stress_elevated_co2_800_ppm_ez55_rnaseq_coculture,Alteromonas macleodii EZ55,Alteromonas,RNASEQ,EZ55_02929,,marine proteobacterial sortase target protein,Unknown,2.0,down,-2.853774704,9.65e-11,acclimated
10.1038/ismej.2017.189_carbon_stress_elevated_co2_800_ppm_ez55_rnaseq_coculture,Alteromonas macleodii EZ55,Alteromonas,RNASEQ,ALTBGP6_RS01855,,hypothetical protein,Unknown,3.0,up,2.832073519,0.017038153,acclimated
10.1038/ismej.2017.189_carbon_stress_elevated_co2_800_ppm_ez55_rnaseq_coculture,Alteromonas macleodii EZ55,Alteromonas,RNASEQ,EZ55_00161,yacH,DUF3300 domain-containing protein,Unknown,3.0,down,-2.554450788,2.11e-10,acclimated
10.1038/ismej.2017.189_carbon_stress_elevated_co2_800_ppm_ez55_rnaseq_coculture,Alteromonas macleodii EZ55,Alteromonas,RNASEQ,EZ55_00310,aer2,methyl-accepting chemotaxis protein,Signal transduction,3.0,up,2.369212837,1.99e-14,acclimated
10.1038/ismej.2017.189_carbon_stress_elevated_co2_800_ppm_ez55_rnaseq_coculture,Alteromonas macleodii EZ55,Alteromonas,RNASEQ,EZ55_01932,proA,glutamate-5-semialdehyde dehydrogenase,Amino acid metabolism,3.0,down,-2.273819372,1.43e-07,acclimated
10.1038/ismej.2017.189_carbon_stress_elevated_co2_800_ppm_ez55_rnaseq_coculture,Alteromonas macleodii EZ55,Alteromonas,RNASEQ,EZ55_01450,trpG,aminodeoxychorismate/anthranilate synthase component II,Amino acid metabolism,4.0,down,-1.808112704,1.08e-06,acclimated
10.1038/ismej.2017.189_carbon_stress_elevated_co2_800_ppm_ez55_rnaseq_coculture,Alteromonas macleodii EZ55,Alteromonas,RNASEQ,EZ55_03008,,SIMPL domain-containing protein,Unknown,4.0,down,-2.494917652,3.72e-09,acclimated
10.1038/ismej.2017.189_carbon_stress_elevated_co2_800_ppm_ez55_rnaseq_coculture,Alteromonas macleodii EZ55,Alteromonas,RNASEQ,EZ55_03258,,hypothetical protein,Unknown,4.0,up,2.715713131,8.05e-12,acclimated
10.1038/ismej.2017.189_carbon_stress_elevated_co2_800_ppm_ez55_rnaseq_coculture,Alteromonas macleodii EZ55,Alteromonas,RNASEQ,EZ55_04065,ilvC,ketol-acid reductoisomerase,Amino acid metabolism,4.0,up,2.34913908,1.02e-05,acclimated
10.1038/ismej.2017.189_carbon_stress_elevated_co2_800_ppm_ez55_rnaseq_coculture,Alteromonas macleodii EZ55,Alteromonas,RNASEQ,EZ55_02984,,TonB-dependent receptor,Inorganic ion transport,5.0,down,-1.753120526,2.64e-05,acclimated
10.1038/ismej.2017.189_carbon_stress_elevated_co2_800_ppm_ez55_rnaseq_coculture,Alteromonas macleodii EZ55,Alteromonas,RNASEQ,EZ55_03095,osmC,OsmC family protein,Post-translational modification,5.0,up,2.256808534,1.02e-05,acclimated
10.1038/ismej.2017.189_carbon_stress_elevated_co2_800_ppm_ez55_rnaseq_coculture,Alteromonas macleodii EZ55,Alteromonas,RNASEQ,EZ55_00313,cheB,protein-glutamate methylesterase/protein-glutamine glutaminase,Cell motility,6.0,up,2.142927544,2.02e-10,acclimated
10.1038/ismej.2017.189_carbon_stress_elevated_co2_800_ppm_ez55_rnaseq_coculture,Alteromonas macleodii EZ55,Alteromonas,RNASEQ,EZ55_00953,leuD,3-isopropylmalate dehydratase small subunit,Amino acid metabolism,6.0,down,-1.725679092,0.001772215,acclimated
10.1038/ismej.2017.189_carbon_stress_elevated_co2_800_ppm_ez55_rnaseq_coculture,Alteromonas macleodii EZ55,Alteromonas,RNASEQ,EZ55_01922,,hemerythrin domain-containing protein,Unknown,6.0,up,2.522480294,1.95e-06,acclimated
10.1038/ismej.2017.189_carbon_stress_elevated_co2_800_ppm_ez55_rnaseq_coculture,Alteromonas macleodii EZ55,Alteromonas,RNASEQ,EZ55_00205,galK,galactokinase,Carbohydrate metabolism,7.0,down,-2.411241575,7.87e-14,acclimated
10.1038/ismej.2017.189_carbon_stress_elevated_co2_800_ppm_ez55_rnaseq_coculture,Alteromonas macleodii EZ55,Alteromonas,RNASEQ,EZ55_00311,cheR,CheR family methyltransferase,Cell motility,7.0,up,2.140302978,7.76e-15,acclimated
10.1038/ismej.2017.189_carbon_stress_elevated_co2_800_ppm_ez55_rnaseq_coculture,Alteromonas macleodii EZ55,Alteromonas,RNASEQ,EZ55_02348,metE,methionine synthase,Amino acid metabolism,7.0,down,-1.568305137,0.002641615,acclimated
10.1038/ismej.2017.189_carbon_stress_elevated_co2_800_ppm_ez55_rnaseq_coculture,Alteromonas macleodii EZ55,Alteromonas,RNASEQ,EZ55_00157,,MauE/DoxX family redox-associated membrane protein,Post-translational modification,8.0,up,1.961721279,9.52e-05,acclimated
10.1038/ismej.2017.189_carbon_stress_elevated_co2_800_ppm_ez55_rnaseq_coculture,Alteromonas macleodii EZ55,Alteromonas,RNASEQ,EZ55_01444,,pyridoxamine 5^-phosphate oxidase family protein,Unknown,8.0,up,2.410721131,3e-08,acclimated
10.1038/ismej.2017.189_carbon_stress_elevated_co2_800_ppm_ez55_rnaseq_coculture,Alteromonas macleodii EZ55,Alteromonas,RNASEQ,EZ55_01449,trpD,anthranilate phosphoribosyltransferase,Amino acid metabolism,8.0,down,-1.523891572,2.43e-05,acclimated
10.1038/ismej.2017.189_carbon_stress_elevated_co2_800_ppm_ez55_rnaseq_coculture,Alteromonas macleodii EZ55,Alteromonas,RNASEQ,EZ55_02298,dat,D-amino acid aminotransferase,Amino acid metabolism,8.0,down,-2.363984283,6.43e-10,acclimated
10.1038/ismej.2017.189_carbon_stress_elevated_co2_800_ppm_ez55_rnaseq_coculture,Alteromonas macleodii EZ55,Alteromonas,RNASEQ,EZ55_00109,,acyl-CoA dehydrogenase family protein,Lipid metabolism,9.0,down,-2.351942848,2.57e-06,acclimated
10.1038/ismej.2017.189_carbon_stress_elevated_co2_800_ppm_ez55_rnaseq_coculture,Alteromonas macleodii EZ55,Alteromonas,RNASEQ,EZ55_00312,cheD,chemoreceptor glutamine deamidase CheD,Cell motility,9.0,up,1.93565913,1.32e-09,acclimated
10.1038/ismej.2017.189_carbon_stress_elevated_co2_800_ppm_ez55_rnaseq_coculture,Alteromonas macleodii EZ55,Alteromonas,RNASEQ,EZ55_00954,leuC,3-isopropylmalate dehydratase large subunit,Amino acid metabolism,9.0,down,-1.469350055,0.016191115,acclimated
10.1038/ismej.2017.189_carbon_stress_elevated_co2_800_ppm_ez55_rnaseq_coculture,Alteromonas macleodii EZ55,Alteromonas,RNASEQ,EZ55_03376,,EF-hand domain-containing protein,Unknown,9.0,up,2.402942541,7.58e-05,acclimated
10.1038/ismej.2017.189_carbon_stress_elevated_co2_800_ppm_ez55_rnaseq_coculture,Alteromonas macleodii EZ55,Alteromonas,RNASEQ,EZ55_00204,galT,UDP-glucose--hexose-1-phosphate uridylyltransferase,Energy production,10.0,down,-2.343973679,9.6e-12,acclimated
10.1038/ismej.2017.189_carbon_stress_elevated_co2_800_ppm_ez55_rnaseq_coculture,Alteromonas macleodii EZ55,Alteromonas,RNASEQ,EZ55_00309,cheW,chemotaxis protein CheW,Cell motility,10.0,up,1.908548031,9.07e-11,acclimated
10.1038/ismej.2017.189_carbon_stress_elevated_co2_800_ppm_ez55_rnaseq_coculture,Alteromonas macleodii EZ55,Alteromonas,RNASEQ,EZ55_03014,aceE,"pyruvate dehydrogenase (acetyl-transferring), homodimeric type",Energy production,10.0,down,-1.458997687,0.000164199,acclimated
10.1128/mSystems.00040-18_darkness_extended_darkness_mit1002_rnaseq,Alteromonas macleodii MIT1002,Alteromonas,RNASEQ,MIT1002_03834,,TonB-dependent receptor,Inorganic ion transport,1.0,up,1.95,,5h extended darkness
10.1128/mSystems.00040-18_darkness_extended_darkness_mit1002_rnaseq,Alteromonas macleodii MIT1002,Alteromonas,RNASEQ,MIT1002_01442,bamE,outer membrane protein assembly factor BamE,Translation,2.0,up,1.75,,1h extended darkness
10.1128/mSystems.00040-18_darkness_extended_darkness_mit1002_rnaseq,Alteromonas macleodii MIT1002,Alteromonas,RNASEQ,MIT1002_02110,tnpT,DNA-binding protein,Cell wall and membrane,2.0,up,1.48,,5h extended darkness
10.1128/mSystems.00040-18_darkness_extended_darkness_mit1002_rnaseq,Alteromonas macleodii MIT1002,Alteromonas,RNASEQ,MIT1002_02782,,hypothetical protein,Unknown,2.0,down,-4.64,,1h extended darkness
10.1128/mSystems.00040-18_darkness_extended_darkness_mit1002_rnaseq,Alteromonas macleodii MIT1002,Alteromonas,RNASEQ,MIT1002_04153,,hypothetical protein,Unknown,2.0,down,-2.99,,5h extended darkness
10.1128/mSystems.00040-18_darkness_extended_darkness_mit1002_rnaseq,Alteromonas macleodii MIT1002,Alteromonas,RNASEQ,MIT1002_00415,,hypothetical protein,Unknown,3.0,up,1.26,,5h extended darkness
10.1128/mSystems.00040-18_darkness_extended_darkness_mit1002_rnaseq,Alteromonas macleodii MIT1002,Alteromonas,RNASEQ,MIT1002_02967,,hypothetical protein,Amino acid metabolism,5.0,up,1.52,,1h extended darkness
10.1128/mSystems.00040-18_darkness_extended_darkness_mit1002_rnaseq,Alteromonas macleodii MIT1002,Alteromonas,RNASEQ,MIT1002_02179,lolA,outer membrane lipoprotein chaperone LolA,Cell wall and membrane,6.0,up,1.42,,1h extended darkness
10.1128/mSystems.00040-18_darkness_extended_darkness_mit1002_rnaseq,Alteromonas macleodii MIT1002,Alteromonas,RNASEQ,MIT1002_02310,msrQ,protein-methionine-sulfoxide reductase heme-binding subunit MsrQ,Energy production,6.0,down,-3.29,,1h extended darkness
10.1038/ismej.2017.189_carbon_stress_elevated_co2_800_ppm_mit9312_rnaseq,Prochlorococcus MIT9312,Prochlorococcus,RNASEQ,PMT9312_0356,,conserved hypothetical protein family PM-17,Unknown,1.0,up,1.62,4.3e-09,acclimated
10.1038/ismej.2017.189_carbon_stress_elevated_co2_800_ppm_mit9312_rnaseq,Prochlorococcus MIT9312,Prochlorococcus,RNASEQ,PMT9312_0549,csoS1A,carboxysome shell protein CsoS1A,Photosynthesis,1.0,down,-1.69,0.039,acclimated
10.1038/ismej.2017.189_carbon_stress_elevated_co2_800_ppm_mit9312_rnaseq,Prochlorococcus MIT9312,Prochlorococcus,RNASEQ,PMT9312_0722,pstS,"phosphate ABC transporter, phosphate-binding protein PstS",Stress response and adaptation,2.0,down,-1.58,0.023,acclimated
10.1038/ismej.2017.189_carbon_stress_elevated_co2_800_ppm_mit9312_rnaseq,Prochlorococcus MIT9312,Prochlorococcus,RNASEQ,PMT9312_1695,,Conserved hypothetical protein,Unknown,2.0,up,1.25,0.0063,acclimated
10.1038/ismej.2017.189_carbon_stress_elevated_co2_800_ppm_mit9312_rnaseq,Prochlorococcus MIT9312,Prochlorococcus,RNASEQ,PMT9312_1017,,conserved hypothetical protein,Unknown,3.0,down,-1.43,0.00053,acclimated
10.1038/ismej.2017.189_carbon_stress_elevated_co2_800_ppm_mit9312_rnaseq,Prochlorococcus MIT9312,Prochlorococcus,RNASEQ,PMT9312_1608,,conserved hypothetical protein,Unknown,3.0,up,1.22,0.0021,acclimated
10.1038/ismej.2017.189_carbon_stress_elevated_co2_800_ppm_mit9312_rnaseq,Prochlorococcus MIT9312,Prochlorococcus,RNASEQ,PMT9312_0688,hli,high light inducible protein,Stress response and adaptation,4.0,down,-1.41,7.2e-05,acclimated
10.1038/ismej.2017.189_carbon_stress_elevated_co2_800_ppm_mit9312_rnaseq,Prochlorococcus MIT9312,Prochlorococcus,RNASEQ,PMT9312_1821,,conserved hypothetical protein,Unknown,4.0,up,1.2,0.0016,acclimated
10.1038/ismej.2017.189_carbon_stress_elevated_co2_800_ppm_mit9312_rnaseq,Prochlorococcus MIT9312,Prochlorococcus,RNASEQ,PMT9312_1484,,conserved hypothetical protein,Unknown,5.0,up,1.2,0.015,acclimated
10.1038/ismej.2017.189_carbon_stress_elevated_co2_800_ppm_mit9312_rnaseq,Prochlorococcus MIT9312,Prochlorococcus,RNASEQ,PMT9312_1511,hli,high light inducible protein,Stress response and adaptation,5.0,down,-1.33,0.00011,acclimated
10.1038/ismej.2017.189_carbon_stress_elevated_co2_800_ppm_mit9312_rnaseq,Prochlorococcus MIT9312,Prochlorococcus,RNASEQ,PMT9312_1510,hli,high light inducible protein,Stress response and adaptation,6.0,down,-1.24,0.0021,acclimated
10.1038/ismej.2017.189_carbon_stress_elevated_co2_800_ppm_mit9312_rnaseq,Prochlorococcus MIT9312,Prochlorococcus,RNASEQ,PMT9312_1822,,conserved hypothetical protein,Unknown,6.0,up,1.14,0.019,acclimated
10.1038/ismej.2017.189_carbon_stress_elevated_co2_800_ppm_mit9312_rnaseq,Prochlorococcus MIT9312,Prochlorococcus,RNASEQ,PMT9312_0552,csoS2,carboxysome shell protein CsoS2,Photosynthesis,7.0,down,-1.23,0.047,acclimated
10.1038/ismej.2017.189_carbon_stress_elevated_co2_800_ppm_mit9312_rnaseq,Prochlorococcus MIT9312,Prochlorococcus,RNASEQ,PMT9312_0661,nrdJ,ribonucleoside-diphosphate reductase,Coenzyme metabolism,7.0,up,1.13,0.0097,acclimated
10.1038/ismej.2017.189_carbon_stress_elevated_co2_800_ppm_mit9312_rnaseq,Prochlorococcus MIT9312,Prochlorococcus,RNASEQ,PMT9312_0687,hli,high light inducible protein,Stress response and adaptation,8.0,down,-1.19,0.00034,acclimated
10.1038/ismej.2017.189_carbon_stress_elevated_co2_800_ppm_mit9312_rnaseq,Prochlorococcus MIT9312,Prochlorococcus,RNASEQ,PMT9312_1938,,uncharacterized conserved membrane protein,Unknown,8.0,up,1.09,0.002,acclimated
10.1038/ismej.2017.189_carbon_stress_elevated_co2_800_ppm_mit9312_rnaseq,Prochlorococcus MIT9312,Prochlorococcus,RNASEQ,PMT9312_1471,,conserved hypothetical protein,Unknown,9.0,up,1.08,0.00036,acclimated
10.1038/ismej.2017.189_carbon_stress_elevated_co2_800_ppm_mit9312_rnaseq,Prochlorococcus MIT9312,Prochlorococcus,RNASEQ,PMT9312_1480,hli,high light inducible protein,Stress response and adaptation,9.0,down,-1.14,0.0003,acclimated
10.1038/ismej.2017.189_carbon_stress_elevated_co2_800_ppm_mit9312_rnaseq,Prochlorococcus MIT9312,Prochlorococcus,RNASEQ,PMT9312_0746,,conserved hypothetical protein,Unknown,10.0,up,1.08,0.0048,acclimated
10.1038/ismej.2017.189_carbon_stress_elevated_co2_800_ppm_mit9312_rnaseq,Prochlorococcus MIT9312,Prochlorococcus,RNASEQ,PMT9312_1858,,conserved hypothetical protein,Unknown,10.0,down,-1.1,9.8e-05,acclimated
10.1128/mSystems.00040-18_darkness_extended_darkness_natl2a_rnaseq_coculture,Prochlorococcus NATL2A,Prochlorococcus,RNASEQ,PMN2A_0542,PMN2A_RS05790,conserved hypothetical protein,Unknown,1.0,up,8.807,0.1,5h extended darkness (40h)
10.1128/mSystems.00040-18_darkness_extended_darkness_natl2a_rnaseq_coculture,Prochlorococcus NATL2A,Prochlorococcus,RNASEQ,PMN2A_0944,PMN2A_RS07935,RmlC-like cupin domain-containing protein,Unknown,1.0,up,10.567,0.1,13h extended darkness (48h)
10.1128/mSystems.00040-18_darkness_extended_darkness_natl2a_rnaseq_coculture,Prochlorococcus NATL2A,Prochlorococcus,RNASEQ,PMN2A_2049,PMN2A_RS10680,conserved hypothetical protein,Unknown,1.0,up,8.335,0.1,1h extended darkness (36h)
10.1128/mSystems.00040-18_darkness_extended_darkness_natl2a_rnaseq_coculture,Prochlorococcus NATL2A,Prochlorococcus,RNASEQ,PMN2A_0500,PMN2A_RS10100,conserved hypothetical protein,Unknown,2.0,up,7.491,0.1,1h extended darkness (36h)
10.1128/mSystems.00040-18_darkness_extended_darkness_natl2a_rnaseq_coculture,Prochlorococcus NATL2A,Prochlorococcus,RNASEQ,PMN2A_0525,PMN2A_RS10655,conserved hypothetical protein family PM-14,Unknown,2.0,up,8.523,0.1,5h extended darkness (40h)
10.1128/mSystems.00040-18_darkness_extended_darkness_natl2a_rnaseq_coculture,Prochlorococcus NATL2A,Prochlorococcus,RNASEQ,PMN2A_1227,PMN2A_RS11065,hemolysin-type calcium-binding repeat family protein,Post-translational modification,2.0,down,-7.843,0.1,5h extended darkness (40h)
10.1128/mSystems.00040-18_darkness_extended_darkness_natl2a_rnaseq_coculture,Prochlorococcus NATL2A,Prochlorococcus,RNASEQ,PMN2A_0620,PMN2A_RS06235,possible Legume lectins alpha domain,Unknown,5.0,up,7.098,0.1,5h extended darkness (40h)
10.1128/mSystems.00040-18_darkness_extended_darkness_natl2a_rnaseq_coculture,Prochlorococcus NATL2A,Prochlorococcus,RNASEQ,PMN2A_0554,PMN2A_RS11075,conserved hypothetical protein,Unknown,6.0,up,5.518,0.1,1h extended darkness (36h)
10.1128/mSystems.00040-18_darkness_extended_darkness_natl2a_rnaseq_coculture,Prochlorococcus NATL2A,Prochlorococcus,RNASEQ,PMN2A_0995,PMN2A_RS08210,conserved hypothetical protein,Unknown,6.0,down,-6.99,0.1,13h extended darkness (48h)
10.1128/mSystems.00040-18_darkness_extended_darkness_natl2a_rnaseq_coculture,Prochlorococcus NATL2A,Prochlorococcus,RNASEQ,PMN2A_2046,PMN2A_RS05770,conserved hypothetical protein,Unknown,7.0,up,6.923,0.1,5h extended darkness (40h)
10.1128/mSystems.00040-18_darkness_extended_darkness_natl2a_rnaseq_coculture,Prochlorococcus NATL2A,Prochlorococcus,RNASEQ,PMN2A_0619,PMN2A_RS10785,conserved hypothetical protein family PM-14,Unknown,9.0,up,5.596,0.1,5h extended darkness (40h)
10.1128/mSystems.00040-18_darkness_extended_darkness_natl2a_rnaseq_axenic,Prochlorococcus NATL2A,Prochlorococcus,RNASEQ,PMN2A_0944,PMN2A_RS07935,RmlC-like cupin domain-containing protein,Unknown,1.0,up,8.031,0.1,5h extended darkness (40h)
10.1128/mSystems.00040-18_darkness_extended_darkness_natl2a_rnaseq_axenic,Prochlorococcus NATL2A,Prochlorococcus,RNASEQ,PMN2A_0525,PMN2A_RS10655,conserved hypothetical protein family PM-14,Unknown,2.0,up,7.461,0.1,1h extended darkness (36h)
10.1128/mSystems.00040-18_darkness_extended_darkness_natl2a_rnaseq_axenic,Prochlorococcus NATL2A,Prochlorococcus,RNASEQ,PMN2A_0542,PMN2A_RS05790,conserved hypothetical protein,Unknown,2.0,up,7.856,0.1,5h extended darkness (40h)
10.1128/mSystems.00040-18_darkness_extended_darkness_natl2a_rnaseq_axenic,Prochlorococcus NATL2A,Prochlorococcus,RNASEQ,PMN2A_0713,PMN2A_RS06735,conserved hypothetical protein,Unknown,2.0,down,-10.509,0.1,5h extended darkness (40h)
10.1128/mSystems.00040-18_darkness_extended_darkness_natl2a_rnaseq_axenic,Prochlorococcus NATL2A,Prochlorococcus,RNASEQ,PMN2A_2115,PMN2A_RS10310,conserved hypothetical protein,Unknown,4.0,up,7.475,0.1,5h extended darkness (40h)
10.1128/mSystems.00040-18_darkness_extended_darkness_natl2a_rnaseq_axenic,Prochlorococcus NATL2A,Prochlorococcus,RNASEQ,PMN2A_0620,PMN2A_RS06235,possible Legume lectins alpha domain,Unknown,5.0,up,7.294,0.1,5h extended darkness (40h)
10.1128/mSystems.00040-18_darkness_extended_darkness_natl2a_rnaseq_axenic,Prochlorococcus NATL2A,Prochlorococcus,RNASEQ,PMN2A_0554,PMN2A_RS11075,conserved hypothetical protein,Unknown,6.0,up,7.252,0.1,5h extended darkness (40h)
10.1128/mSystems.00040-18_darkness_extended_darkness_natl2a_rnaseq_axenic,Prochlorococcus NATL2A,Prochlorococcus,RNASEQ,PMN2A_1994,PMN2A_RS10560,conserved hypothetical protein,Unknown,6.0,down,-9.248,0.1,5h extended darkness (40h)
10.1111/1462-2920.14012_rpom_dss3_exoproteome_asw,Ruegeria pomeroyi DSS-3,Ruegeria,EXOPROTEOMICS,SPO0347,sucC,ADP-forming succinate--CoA ligase subunit beta,Coenzyme metabolism,1.0,down,-4213.3,0.0,day 21
10.1111/1462-2920.14012_rpom_dss3_exoproteome_asw,Ruegeria pomeroyi DSS-3,Ruegeria,EXOPROTEOMICS,SPO0362,,hypothetical protein,Secondary metabolites,1.0,down,-1627.2,0.0,day 60
10.1111/1462-2920.14012_rpom_dss3_exoproteome_asw,Ruegeria pomeroyi DSS-3,Ruegeria,EXOPROTEOMICS,SPO1490,,substrate-binding domain-containing protein,Amino acid metabolism,1.0,up,136.4,0.0,day 21
10.1111/1462-2920.14012_rpom_dss3_exoproteome_asw,Ruegeria pomeroyi DSS-3,Ruegeria,EXOPROTEOMICS,SPO3109,tolB,Tol-Pal system beta propeller repeat protein TolB,Intracellular trafficking,1.0,up,8.1,0.04,day 3
10.1111/1462-2920.14012_rpom_dss3_exoproteome_asw,Ruegeria pomeroyi DSS-3,Ruegeria,EXOPROTEOMICS,SPO3162,atpD,F0F1 ATP synthase subunit beta,Energy production,1.0,down,-8463.9,0.0,day 32
10.1111/1462-2920.14012_rpom_dss3_exoproteome_asw,Ruegeria pomeroyi DSS-3,Ruegeria,EXOPROTEOMICS,SPO3452a,,hypothetical protein,Unknown,1.0,up,40.0,0.0,day 7
10.1111/1462-2920.14012_rpom_dss3_exoproteome_asw,Ruegeria pomeroyi DSS-3,Ruegeria,EXOPROTEOMICS,SPO3705,,substrate-binding domain-containing protein,Amino acid metabolism,1.0,up,301.3,0.0,day 60
10.1111/1462-2920.14012_rpom_dss3_exoproteome_asw,Ruegeria pomeroyi DSS-3,Ruegeria,EXOPROTEOMICS,SPO0728,tuf,elongation factor Tu,Translation,2.0,down,-2367.2,0.0,day 32
10.1111/1462-2920.14012_rpom_dss3_exoproteome_asw,Ruegeria pomeroyi DSS-3,Ruegeria,EXOPROTEOMICS,SPO0887,groL,chaperonin GroEL,Post-translational modification,2.0,down,-124.0,0.01,day 100
10.1111/1462-2920.14012_rpom_dss3_exoproteome_asw,Ruegeria pomeroyi DSS-3,Ruegeria,EXOPROTEOMICS,SPO1001,soxF,NAD(P)/FAD-dependent oxidoreductase,Energy production,2.0,up,203.7,0.0,day 60
10.1111/1462-2920.14012_rpom_dss3_exoproteome_asw,Ruegeria pomeroyi DSS-3,Ruegeria,EXOPROTEOMICS,SPO1960,,serine hydrolase domain-containing protein,Defense mechanisms,2.0,up,37.4,0.0,day 7
10.1111/1462-2920.14012_rpom_dss3_exoproteome_asw,Ruegeria pomeroyi DSS-3,Ruegeria,EXOPROTEOMICS,SPO2441,,ABC transporter substrate-binding protein,Amino acid metabolism,2.0,up,140.8,0.0,day 100
10.1111/1462-2920.14012_rpom_dss3_exoproteome_asw,Ruegeria pomeroyi DSS-3,Ruegeria,EXOPROTEOMICS,SPO2802,,BMP family protein,Unknown,2.0,up,176.3,0.0,day 32
10.1111/1462-2920.14012_rpom_dss3_exoproteome_asw,Ruegeria pomeroyi DSS-3,Ruegeria,EXOPROTEOMICS,SPO1210,,ABC transporter substrate-binding protein,Amino acid metabolism,3.0,up,94.8,0.01,day 100
10.1111/1462-2920.14012_rpom_dss3_exoproteome_asw,Ruegeria pomeroyi DSS-3,Ruegeria,EXOPROTEOMICS,SPO1429,omp28,SIMPL domain-containing protein,Unknown,3.0,up,11.4,0.04,day 7
10.1111/1462-2920.14012_rpom_dss3_exoproteome_asw,Ruegeria pomeroyi DSS-3,Ruegeria,EXOPROTEOMICS,SPO1990,rplU,50S ribosomal protein L21,Translation,3.0,down,-72.4,0.01,day 100
10.1111/1462-2920.14012_rpom_dss3_exoproteome_asw,Ruegeria pomeroyi DSS-3,Ruegeria,EXOPROTEOMICS,SPO2260,,head-tail connector protein,Unknown,3.0,down,-1315.7,0.0,day 32
10.1111/1462-2920.14012_rpom_dss3_exoproteome_asw,Ruegeria pomeroyi DSS-3,Ruegeria,EXOPROTEOMICS,SPO2264,gp34,phage portal protein,Unknown,3.0,down,-3242.8,0.0,day 21
10.1111/1462-2920.14012_rpom_dss3_exoproteome_asw,Ruegeria pomeroyi DSS-3,Ruegeria,EXOPROTEOMICS,SPO2305,purB,adenylosuccinate lyase,Nucleotide metabolism,3.0,up,155.5,0.0,day 32
10.1111/1462-2920.14012_rpom_dss3_exoproteome_asw,Ruegeria pomeroyi DSS-3,Ruegeria,EXOPROTEOMICS,SPO0326,phbA,acetyl-CoA C-acetyltransferase,Lipid metabolism,4.0,down,-139.2,0.0,day 14
10.1111/1462-2920.14012_rpom_dss3_exoproteome_asw,Ruegeria pomeroyi DSS-3,Ruegeria,EXOPROTEOMICS,SPO0349,mdh,malate dehydrogenase,Energy production,4.0,down,-34.0,0.0,day 100
10.1111/1462-2920.14012_rpom_dss3_exoproteome_asw,Ruegeria pomeroyi DSS-3,Ruegeria,EXOPROTEOMICS,SPO2929,deoA,thymidine phosphorylase,Nucleotide metabolism,4.0,up,124.8,0.0,day 21
10.1111/1462-2920.14012_rpom_dss3_exoproteome_asw,Ruegeria pomeroyi DSS-3,Ruegeria,EXOPROTEOMICS,SPO3415,lolA,LolA family protein,Cell wall and membrane,4.0,up,154.5,0.0,day 32
10.1111/1462-2920.14012_rpom_dss3_exoproteome_asw,Ruegeria pomeroyi DSS-3,Ruegeria,EXOPROTEOMICS,SPO0709,pckA,phosphoenolpyruvate carboxykinase,Nucleotide metabolism,5.0,down,-30.3,0.0,day 100
10.1111/1462-2920.14012_rpom_dss3_exoproteome_asw,Ruegeria pomeroyi DSS-3,Ruegeria,EXOPROTEOMICS,SPO0719,etfA,electron transfer flavoprotein subunit alpha/FixB family protein,Energy production,5.0,down,-22.5,0.02,day 7
10.1111/1462-2920.14012_rpom_dss3_exoproteome_asw,Ruegeria pomeroyi DSS-3,Ruegeria,EXOPROTEOMICS,SPO0193,flgK,flagellar hook-associated protein FlgK,Cell motility,6.0,down,-1051.4,0.0,day 32
10.1111/1462-2920.14012_rpom_dss3_exoproteome_asw,Ruegeria pomeroyi DSS-3,Ruegeria,EXOPROTEOMICS,SPO2231,,bactofilin family protein,Cell wall and membrane,6.0,down,-11.1,0.03,day 7
10.1111/1462-2920.14012_rpom_dss3_exoproteome_asw,Ruegeria pomeroyi DSS-3,Ruegeria,EXOPROTEOMICS,SPO0379,tmpC,BMP family lipoprotein,Unknown,7.0,up,55.5,0.0,day 100
10.1111/1462-2920.14012_rpom_dss3_exoproteome_asw,Ruegeria pomeroyi DSS-3,Ruegeria,EXOPROTEOMICS,SPO1742,,TadE/TadG family type IV pilus assembly protein,Unknown,7.0,down,-308.1,0.0,day 60
10.1111/1462-2920.14012_rpom_dss3_exoproteome_asw,Ruegeria pomeroyi DSS-3,Ruegeria,EXOPROTEOMICS,SPOA0144,bhcA,L-aspartate--glyoxylate aminotransferase BhcA,Amino acid metabolism,7.0,down,-1010.0,0.0,day 32
10.1111/1462-2920.14012_rpom_dss3_exoproteome_asw,Ruegeria pomeroyi DSS-3,Ruegeria,EXOPROTEOMICS,SPO0825,,ABC transporter substrate-binding protein,Amino acid metabolism,9.0,up,50.7,0.01,day 100
10.1111/1462-2920.14012_rpom_dss3_exoproteome_asw,Ruegeria pomeroyi DSS-3,Ruegeria,EXOPROTEOMICS,SPO3291,,ABC transporter substrate-binding protein,Amino acid metabolism,9.0,up,94.2,0.0,day 60
10.1111/1462-2920.14012_rpom_dss3_exoproteome_asw,Ruegeria pomeroyi DSS-3,Ruegeria,EXOPROTEOMICS,SPO0674,tauA,taurine ABC transporter substrate-binding protein,Inorganic ion transport,10.0,up,87.0,0.0,day 60
10.1111/1462-2920.14012_rpom_dss3_exoproteome_sw,Ruegeria pomeroyi DSS-3,Ruegeria,EXOPROTEOMICS,SPO1085,,isocitrate lyase/PEP mutase family protein,Carbohydrate metabolism,1.0,down,-2252.4,0.02,day 21
10.1111/1462-2920.14012_rpom_dss3_exoproteome_sw,Ruegeria pomeroyi DSS-3,Ruegeria,EXOPROTEOMICS,SPO1210,,ABC transporter substrate-binding protein,Amino acid metabolism,1.0,up,40.3,0.02,day 21
10.1111/1462-2920.14012_rpom_dss3_exoproteome_sw,Ruegeria pomeroyi DSS-3,Ruegeria,EXOPROTEOMICS,SPO1293,phaP,"phasin, PhaP",Unknown,1.0,down,-195.2,0.0,day 7
10.1111/1462-2920.14012_rpom_dss3_exoproteome_sw,Ruegeria pomeroyi DSS-3,Ruegeria,EXOPROTEOMICS,SPO2231,,bactofilin family protein,Cell wall and membrane,1.0,down,-308.9,0.0,day 60
10.1111/1462-2920.14012_rpom_dss3_exoproteome_sw,Ruegeria pomeroyi DSS-3,Ruegeria,EXOPROTEOMICS,SPO3705,,substrate-binding domain-containing protein,Amino acid metabolism,1.0,up,237.5,0.0,day 100
10.1111/1462-2920.14012_rpom_dss3_exoproteome_sw,Ruegeria pomeroyi DSS-3,Ruegeria,EXOPROTEOMICS,SPO3825,rplC,50S ribosomal protein L3,Translation,1.0,down,-7.2,0.0,day 3
10.1111/1462-2920.14012_rpom_dss3_exoproteome_sw,Ruegeria pomeroyi DSS-3,Ruegeria,EXOPROTEOMICS,SPO0719,etfA,electron transfer flavoprotein subunit alpha/FixB family protein,Energy production,2.0,down,-43.0,0.01,day 32
10.1111/1462-2920.14012_rpom_dss3_exoproteome_sw,Ruegeria pomeroyi DSS-3,Ruegeria,EXOPROTEOMICS,SPO1465,dctP,TRAP transporter substrate-binding protein DctP,Carbohydrate metabolism,2.0,up,94.0,0.0,day 100
10.1111/1462-2920.14012_rpom_dss3_exoproteome_sw,Ruegeria pomeroyi DSS-3,Ruegeria,EXOPROTEOMICS,SPO3366,,"metal ABC transporter solute-binding protein, Zn/Mn family",Inorganic ion transport,2.0,down,-454.0,0.0,day 100
10.1111/1462-2920.14012_rpom_dss3_exoproteome_sw,Ruegeria pomeroyi DSS-3,Ruegeria,EXOPROTEOMICS,SPO3537,yejA,extracellular solute-binding protein,Amino acid metabolism,2.0,up,23.5,0.05,day 14
10.1111/1462-2920.14012_rpom_dss3_exoproteome_sw,Ruegeria pomeroyi DSS-3,Ruegeria,EXOPROTEOMICS,SPO0349,mdh,malate dehydrogenase,Energy production,3.0,down,-41.6,0.01,day 32
10.1111/1462-2920.14012_rpom_dss3_exoproteome_sw,Ruegeria pomeroyi DSS-3,Ruegeria,EXOPROTEOMICS,SPO2904,,bifunctional metallophosphatase/5^-nucleotidase,Nucleotide metabolism,3.0,up,7.1,0.04,day 14
10.1111/1462-2920.14012_rpom_dss3_exoproteome_sw,Ruegeria pomeroyi DSS-3,Ruegeria,EXOPROTEOMICS,SPO0186,tctC,tripartite tricarboxylate transporter substrate binding protein,Unknown,4.0,up,4.8,0.04,day 14
10.1111/1462-2920.14012_rpom_dss3_exoproteome_sw,Ruegeria pomeroyi DSS-3,Ruegeria,EXOPROTEOMICS,SPO0326,phbA,acetyl-CoA C-acetyltransferase,Lipid metabolism,4.0,down,-157.7,0.0,day 100
10.1111/1462-2920.14012_rpom_dss3_exoproteome_sw,Ruegeria pomeroyi DSS-3,Ruegeria,EXOPROTEOMICS,SPO2554,,ABC transporter substrate-binding protein,Amino acid metabolism,4.0,down,-126.1,0.0,day 60
10.1111/1462-2920.14012_rpom_dss3_exoproteome_sw,Ruegeria pomeroyi DSS-3,Ruegeria,EXOPROTEOMICS,SPO3036,,alkyl/aryl-sulfatase,Secondary metabolites,4.0,up,14.4,0.02,day 32
10.1111/1462-2920.14012_rpom_dss3_exoproteome_sw,Ruegeria pomeroyi DSS-3,Ruegeria,EXOPROTEOMICS,SPO3720,tyrB,aromatic amino acid transaminase,Amino acid metabolism,4.0,down,-34.0,0.02,day 32
10.1111/1462-2920.14012_rpom_dss3_exoproteome_sw,Ruegeria pomeroyi DSS-3,Ruegeria,EXOPROTEOMICS,SPO0674,tauA,taurine ABC transporter substrate-binding protein,Inorganic ion transport,5.0,up,21.2,0.0,day 60
10.1111/1462-2920.14012_rpom_dss3_exoproteome_sw,Ruegeria pomeroyi DSS-3,Ruegeria,EXOPROTEOMICS,SPO0720,etfB,electron transfer flavoprotein subunit beta/FixA family protein,Energy production,5.0,down,-28.8,0.02,day 32
10.1111/1462-2920.14012_rpom_dss3_exoproteome_sw,Ruegeria pomeroyi DSS-3,Ruegeria,EXOPROTEOMICS,SPO0825,,ABC transporter substrate-binding protein,Amino acid metabolism,5.0,up,4.2,0.03,day 14
10.1111/1462-2920.14012_rpom_dss3_exoproteome_sw,Ruegeria pomeroyi DSS-3,Ruegeria,EXOPROTEOMICS,SPO2802,,BMP family protein,Unknown,5.0,up,11.7,0.01,day 32
10.1111/1462-2920.14012_rpom_dss3_exoproteome_sw,Ruegeria pomeroyi DSS-3,Ruegeria,EXOPROTEOMICS,SPO3774,,ABC transporter substrate-binding protein,Amino acid metabolism,5.0,up,39.1,0.0,day 100
10.1111/1462-2920.14012_rpom_dss3_exoproteome_sw,Ruegeria pomeroyi DSS-3,Ruegeria,EXOPROTEOMICS,SPO0887,groL,chaperonin GroEL,Post-translational modification,6.0,down,-27.2,0.04,day 32
10.1111/1462-2920.14012_rpom_dss3_exoproteome_sw,Ruegeria pomeroyi DSS-3,Ruegeria,EXOPROTEOMICS,SPO3744,hup,HU family DNA-binding protein,Replication and repair,6.0,down,-146.1,0.0,day 100
10.1111/1462-2920.14012_rpom_dss3_exoproteome_sw,Ruegeria pomeroyi DSS-3,Ruegeria,EXOPROTEOMICS,SPO0483,,phage tail protein,Unknown,8.0,up,20.0,0.0,day 60
10.1111/1462-2920.14012_rpom_dss3_exoproteome_sw,Ruegeria pomeroyi DSS-3,Ruegeria,EXOPROTEOMICS,SPO1159,,DUF2147 domain-containing protein,Unknown,9.0,up,26.6,0.0,day 100
10.1111/1462-2920.14012_rpom_dss3_exoproteome_sw,Ruegeria pomeroyi DSS-3,Ruegeria,EXOPROTEOMICS,SPO0193,flgK,flagellar hook-associated protein FlgK,Cell motility,10.0,down,-15.3,0.02,day 21
10.1111/1462-2920.14012_syn_wh7803_exoproteome_asw,Synechococcus WH7803,Synechococcus,EXOPROTEOMICS,SynWH7803_0032,efp,translation elongation factor P,Translation,1.0,down,-2561.1,0.0,day 21
10.1111/1462-2920.14012_syn_wh7803_exoproteome_asw,Synechococcus WH7803,Synechococcus,EXOPROTEOMICS,SynWH7803_0171,ssb,single-stranded DNA-binding protein,Replication and repair,1.0,up,304.2,0.0,day 32
10.1111/1462-2920.14012_syn_wh7803_exoproteome_asw,Synechococcus WH7803,Synechococcus,EXOPROTEOMICS,SynWH7803_0353,psbO,photosystem II manganese-stabilizing protein PsbO,Photosynthesis,1.0,down,-47.8,0.03,day 60
10.1111/1462-2920.14012_syn_wh7803_exoproteome_asw,Synechococcus WH7803,Synechococcus,EXOPROTEOMICS,SynWH7803_0845,smtA,"metallothionein, family 14",Stress response and adaptation,1.0,up,29.6,0.05,day 7
10.1111/1462-2920.14012_syn_wh7803_exoproteome_asw,Synechococcus WH7803,Synechococcus,EXOPROTEOMICS,SynWH7803_1705,,uncharacterized conserved lipoprotein (DUF1254/DUF1214),Unknown,1.0,up,353.9,0.0,day 21
10.1111/1462-2920.14012_syn_wh7803_exoproteome_asw,Synechococcus WH7803,Synechococcus,EXOPROTEOMICS,SynWH7803_2418,rplI,50S ribosomal protein L9,Translation,1.0,down,-889.6,0.0,day 32
10.1111/1462-2920.14012_syn_wh7803_exoproteome_asw,Synechococcus WH7803,Synechococcus,EXOPROTEOMICS,SYNWH7803_RS10220,,carbohydrate-binding protein (CBM2),Central intermediary metabolism,2.0,down,-6.8,0.0,day 100
10.1111/1462-2920.14012_syn_wh7803_exoproteome_asw,Synechococcus WH7803,Synechococcus,EXOPROTEOMICS,SynWH7803_0151,gpx,glutathione peroxidase,Coenzyme metabolism,2.0,down,-5.1,0.03,day 14
10.1111/1462-2920.14012_syn_wh7803_exoproteome_asw,Synechococcus WH7803,Synechococcus,EXOPROTEOMICS,SynWH7803_0196,fabF,beta-ketoacyl-(acyl-carrier-protein) synthase II (KASII),Lipid metabolism,2.0,down,-22.1,0.05,day 7
10.1111/1462-2920.14012_syn_wh7803_exoproteome_asw,Synechococcus WH7803,Synechococcus,EXOPROTEOMICS,SynWH7803_1295,,NADH:ubiquinone oxidoreductase complex I intermediate-associated CIA30-like protein,Carbohydrate metabolism,2.0,up,16.7,0.04,day 100
10.1111/1462-2920.14012_syn_wh7803_exoproteome_asw,Synechococcus WH7803,Synechococcus,EXOPROTEOMICS,SynWH7803_1835,,Prochlorococcus/marine Synechococcus Hyper-Conserved Protein (PSHCP),Photosynthesis,2.0,down,-776.7,0.0,day 21
10.1111/1462-2920.14012_syn_wh7803_exoproteome_asw,Synechococcus WH7803,Synechococcus,EXOPROTEOMICS,SynWH7803_1967,rplU,50S ribosomal protein L21,Translation,2.0,up,12.2,0.05,day 7
10.1111/1462-2920.14012_syn_wh7803_exoproteome_asw,Synechococcus WH7803,Synechococcus,EXOPROTEOMICS,SynWH7803_1384,,carbonic anhydrase-like protein,Photosynthesis,3.0,up,24.5,0.02,day 60
10.1111/1462-2920.14012_syn_wh7803_exoproteome_asw,Synechococcus WH7803,Synechococcus,EXOPROTEOMICS,SynWH7803_1851,petA,apocytochrome f,Photosynthesis,3.0,down,-23.1,0.03,day 60
10.1111/1462-2920.14012_syn_wh7803_exoproteome_asw,Synechococcus WH7803,Synechococcus,EXOPROTEOMICS,SynWH7803_2231,ndhO,NADH dehydrogenase I subunit NdhO,Carbohydrate metabolism,3.0,down,-174.3,0.0,day 32
10.1111/1462-2920.14012_syn_wh7803_exoproteome_asw,Synechococcus WH7803,Synechococcus,EXOPROTEOMICS,SynWH7803_0088,ribH,"6,7-dimethyl-8-ribityllumazine synthase",Coenzyme metabolism,4.0,up,19.4,0.0,day 60
10.1111/1462-2920.14012_syn_wh7803_exoproteome_asw,Synechococcus WH7803,Synechococcus,EXOPROTEOMICS,SynWH7803_0434,rplC,50S ribosomal protein L3,Translation,4.0,up,6.8,0.05,day 7
10.1111/1462-2920.14012_syn_wh7803_exoproteome_asw,Synechococcus WH7803,Synechococcus,EXOPROTEOMICS,SynWH7803_1957,fabZ,beta-hydroxy-acyl-(acyl-carrier-protein) dehydratase (DH),Lipid metabolism,4.0,up,65.7,0.02,day 21
10.1111/1462-2920.14012_syn_wh7803_exoproteome_asw,Synechococcus WH7803,Synechococcus,EXOPROTEOMICS,SynWH7803_2000,atpB,ATP synthase beta chain,Photosynthesis,4.0,down,-114.3,0.0,day 32
10.1111/1462-2920.14012_syn_wh7803_exoproteome_asw,Synechococcus WH7803,Synechococcus,EXOPROTEOMICS,SynWH7803_2068,chiC,chitinase,Central intermediary metabolism,4.0,down,-5.4,0.0,day 100
10.1111/1462-2920.14012_syn_wh7803_exoproteome_asw,Synechococcus WH7803,Synechococcus,EXOPROTEOMICS,SynWH7803_0370,dapL,LL-diaminopimelate aminotransferase,Amino acid metabolism,5.0,down,-3.7,0.02,day 14
10.1111/1462-2920.14012_syn_wh7803_exoproteome_asw,Synechococcus WH7803,Synechococcus,EXOPROTEOMICS,SynWH7803_0379,tuf,elongation factor EF-Tu,Translation,5.0,down,-13.5,0.04,day 60
10.1111/1462-2920.14012_syn_wh7803_exoproteome_asw,Synechococcus WH7803,Synechococcus,EXOPROTEOMICS,SynWH7803_1959,bamA,outer membrane protein insertion porin family,Cell wall and membrane,5.0,up,47.3,0.01,day 21
10.1111/1462-2920.14012_syn_wh7803_exoproteome_asw,Synechococcus WH7803,Synechococcus,EXOPROTEOMICS,SynWH7803_0195,tktA,transketolase,Carbohydrate metabolism,6.0,down,-4.3,0.05,day 7
10.1111/1462-2920.14012_syn_wh7803_exoproteome_asw,Synechococcus WH7803,Synechococcus,EXOPROTEOMICS,SynWH7803_0408,rplM,50S ribosomal protein L13,Translation,6.0,up,5.5,0.05,day 7
10.1111/1462-2920.14012_syn_wh7803_exoproteome_asw,Synechococcus WH7803,Synechococcus,EXOPROTEOMICS,SynWH7803_0582,pdhC,"pyruvate dehydrogenase complex, dihydrolipoamide acyltransferase (E2) component",Carbohydrate metabolism,6.0,down,-81.7,0.0,day 32
10.1111/1462-2920.14012_syn_wh7803_exoproteome_asw,Synechococcus WH7803,Synechococcus,EXOPROTEOMICS,SynWH7803_1090,,nif11-like leader peptide domain protein,Cellular processes,6.0,up,15.9,0.03,day 14
10.1111/1462-2920.14012_syn_wh7803_exoproteome_asw,Synechococcus WH7803,Synechococcus,EXOPROTEOMICS,SynWH7803_1706,,uncharacterized conserved lipoprotein (DUF1254/DUF1214),Unknown,6.0,up,46.8,0.01,day 21
10.1111/1462-2920.14012_syn_wh7803_exoproteome_asw,Synechococcus WH7803,Synechococcus,EXOPROTEOMICS,SynWH7803_2099,hemB,delta-aminolevulinic acid dehydratase,Coenzyme metabolism,6.0,up,26.4,0.0,day 32
10.1111/1462-2920.14012_syn_wh7803_exoproteome_asw,Synechococcus WH7803,Synechococcus,EXOPROTEOMICS,SynWH7803_0410,rplQ,50S ribosomal protein L17,Translation,7.0,up,10.1,0.04,day 100
10.1111/1462-2920.14012_syn_wh7803_exoproteome_asw,Synechococcus WH7803,Synechococcus,EXOPROTEOMICS,SynWH7803_1407,metY,O-acetylhomoserine aminocarboxypropyltransferase,Amino acid metabolism,8.0,down,-3.0,0.05,day 7
10.1111/1462-2920.14012_syn_wh7803_exoproteome_asw,Synechococcus WH7803,Synechococcus,EXOPROTEOMICS,SynWH7803_1592,trxA,m-type thioredoxin,Stress response and adaptation,8.0,up,7.0,0.0,day 60
10.1111/1462-2920.14012_syn_wh7803_exoproteome_asw,Synechococcus WH7803,Synechococcus,EXOPROTEOMICS,SynWH7803_0680,csoS2,carboxysome shell protein CsoS2,Photosynthesis,9.0,down,-122.1,0.01,day 21
10.1111/1462-2920.14012_syn_wh7803_exoproteome_asw,Synechococcus WH7803,Synechococcus,EXOPROTEOMICS,SynWH7803_1808,idiA1,iron deficiency-induced protein A,Stress response and adaptation,9.0,up,27.6,0.0,day 21
10.1111/1462-2920.14012_syn_wh7803_exoproteome_asw,Synechococcus WH7803,Synechococcus,EXOPROTEOMICS,SynWH7803_2325,prfB,peptide chain release factor 2,Translation,9.0,up,9.6,0.0,day 100
10.1111/1462-2920.14012_syn_wh7803_exoproteome_sw,Synechococcus WH7803,Synechococcus,EXOPROTEOMICS,SynWH7803_0582,pdhC,"pyruvate dehydrogenase complex, dihydrolipoamide acyltransferase (E2) component",Carbohydrate metabolism,1.0,up,5.8,0.0,day 3
10.1111/1462-2920.14012_syn_wh7803_exoproteome_sw,Synechococcus WH7803,Synechococcus,EXOPROTEOMICS,SynWH7803_1795,pilA,type IV pilin PilA,Cell motility,1.0,down,-1734.8,0.0,day 21
10.1111/1462-2920.14012_syn_wh7803_exoproteome_sw,Synechococcus WH7803,Synechococcus,EXOPROTEOMICS,SynWH7803_2236,,outer membrane porin,Stress response and adaptation,1.0,up,229.0,0.0,day 100
10.1111/1462-2920.14012_syn_wh7803_exoproteome_sw,Synechococcus WH7803,Synechococcus,EXOPROTEOMICS,SynWH7803_2418,rplI,50S ribosomal protein L9,Translation,1.0,down,-78.7,0.05,day 32
10.1111/1462-2920.14012_syn_wh7803_exoproteome_sw,Synechococcus WH7803,Synechococcus,EXOPROTEOMICS,SynWH7803_0196,fabF,beta-ketoacyl-(acyl-carrier-protein) synthase II (KASII),Lipid metabolism,2.0,down,-105.3,0.01,day 21
10.1111/1462-2920.14012_syn_wh7803_exoproteome_sw,Synechococcus WH7803,Synechococcus,EXOPROTEOMICS,SynWH7803_0408,rplM,50S ribosomal protein L13,Translation,2.0,down,-39.8,0.01,day 32
10.1111/1462-2920.14012_syn_wh7803_exoproteome_sw,Synechococcus WH7803,Synechococcus,EXOPROTEOMICS,SynWH7803_0625,petF,2Fe-2S ferredoxin,Stress response and adaptation,2.0,down,-122.3,0.0,day 60
10.1111/1462-2920.14012_syn_wh7803_exoproteome_sw,Synechococcus WH7803,Synechococcus,EXOPROTEOMICS,SynWH7803_0948,,cupredoxin-like protein,Stress response and adaptation,2.0,up,26.6,0.01,day 32
10.1111/1462-2920.14012_syn_wh7803_exoproteome_sw,Synechococcus WH7803,Synechococcus,EXOPROTEOMICS,SynWH7803_2157,,conserved hypothetical protein,Transcription,2.0,up,22.9,0.02,day 21
10.1111/1462-2920.14012_syn_wh7803_exoproteome_sw,Synechococcus WH7803,Synechococcus,EXOPROTEOMICS,SynWH7803_2307,,putative dockerin type I repeat,Unknown,2.0,up,111.1,0.01,day 60
10.1111/1462-2920.14012_syn_wh7803_exoproteome_sw,Synechococcus WH7803,Synechococcus,EXOPROTEOMICS,SynWH7803_0213,galM,aldose 1-epimerase family protein,Stress response and adaptation,3.0,down,-106.2,0.0,day 60
10.1111/1462-2920.14012_syn_wh7803_exoproteome_sw,Synechococcus WH7803,Synechococcus,EXOPROTEOMICS,SynWH7803_0353,psbO,photosystem II manganese-stabilizing protein PsbO,Photosynthesis,3.0,down,-115.2,0.0,day 100
10.1111/1462-2920.14012_syn_wh7803_exoproteome_sw,Synechococcus WH7803,Synechococcus,EXOPROTEOMICS,SynWH7803_1706,,uncharacterized conserved lipoprotein (DUF1254/DUF1214),Unknown,3.0,up,25.2,0.01,day 32
10.1111/1462-2920.14012_syn_wh7803_exoproteome_sw,Synechococcus WH7803,Synechococcus,EXOPROTEOMICS,SynWH7803_2164,pgmA2,phosphoglucomutase,Carbohydrate metabolism,3.0,down,-75.6,0.0,day 21
10.1111/1462-2920.14012_syn_wh7803_exoproteome_sw,Synechococcus WH7803,Synechococcus,EXOPROTEOMICS,SynWH7803_0993,,outer membrane porin,Stress response and adaptation,4.0,up,35.2,0.0,day 60
10.1111/1462-2920.14012_syn_wh7803_exoproteome_sw,Synechococcus WH7803,Synechococcus,EXOPROTEOMICS,SynWH7803_1472,aspC,aspartate aminotransferase,Amino acid metabolism,4.0,down,-95.0,0.0,day 60
10.1111/1462-2920.14012_syn_wh7803_exoproteome_sw,Synechococcus WH7803,Synechococcus,EXOPROTEOMICS,SynWH7803_0678,rbcL,"ribulose bisphosphate carboxylase, large subunit",Photosynthesis,5.0,down,-36.9,0.0,day 21
10.1111/1462-2920.14012_syn_wh7803_exoproteome_sw,Synechococcus WH7803,Synechococcus,EXOPROTEOMICS,SynWH7803_1823,yajQ,cyclic-di-GMP-binding protein,Signal transduction,5.0,up,12.5,0.04,day 32
10.1111/1462-2920.14012_syn_wh7803_exoproteome_sw,Synechococcus WH7803,Synechococcus,EXOPROTEOMICS,SynWH7803_0982,,uncharacterized conserved secreted protein (UCP028288),Unknown,6.0,up,8.0,0.02,day 21
10.1111/1462-2920.14012_syn_wh7803_exoproteome_sw,Synechococcus WH7803,Synechococcus,EXOPROTEOMICS,SynWH7803_2199,tolC,"TolC-like outer membrane efflux protein, RND family",Stress response and adaptation,6.0,up,45.5,0.0,day 100
10.1111/1462-2920.14012_syn_wh7803_exoproteome_sw,Synechococcus WH7803,Synechococcus,EXOPROTEOMICS,SynWH7803_2356,,uncharacterized conserved lipoprotein (DUF3604),Unknown,6.0,up,28.1,0.0,day 60
10.1111/1462-2920.14012_syn_wh7803_exoproteome_sw,Synechococcus WH7803,Synechococcus,EXOPROTEOMICS,SynWH7803_1951,pepA,leucine aminopeptidase,Amino acid metabolism,7.0,down,-77.8,0.0,day 100
10.1111/1462-2920.14012_syn_wh7803_exoproteome_sw,Synechococcus WH7803,Synechococcus,EXOPROTEOMICS,SynWH7803_0733,cyabrB2,AbrB-like transcriptional regulator involved in photosynthesis regulation,Photosynthesis,8.0,up,10.6,0.01,day 32
10.1111/1462-2920.14012_syn_wh7803_exoproteome_sw,Synechococcus WH7803,Synechococcus,EXOPROTEOMICS,SynWH7803_1959,bamA,outer membrane protein insertion porin family,Cell wall and membrane,10.0,up,27.4,0.01,day 100
10.1038/ismej.2017.88_nitrogen_stress_ndepleted_pro99_medium_med4_rnaseq,Prochlorococcus MED4,Prochlorococcus,RNASEQ,PMM0337,,conserved hypothetical protein,Unknown,1.0,up,8.66,0.0,12h
10.1038/ismej.2017.88_nitrogen_stress_ndepleted_pro99_medium_med4_rnaseq,Prochlorococcus MED4,Prochlorococcus,RNASEQ,PMM0346,,conserved hypothetical protein,Unknown,1.0,down,-6.53,0.0,24h
10.1038/ismej.2017.88_nitrogen_stress_ndepleted_pro99_medium_med4_rnaseq,Prochlorococcus MED4,Prochlorococcus,RNASEQ,PMM1452,atpD,ATP synthase delta chain,Photosynthesis,1.0,down,-5.53,0.0,12h
10.1038/ismej.2017.88_nitrogen_stress_ndepleted_pro99_medium_med4_rnaseq,Prochlorococcus MED4,Prochlorococcus,RNASEQ,PMM0030,,conserved hypothetical protein,Unknown,2.0,up,5.12,0.0,12h
10.1038/ismej.2017.88_nitrogen_stress_ndepleted_pro99_medium_med4_rnaseq,Prochlorococcus MED4,Prochlorococcus,RNASEQ,PMM1404,hli,high light inducible protein,Stress response and adaptation,2.0,up,5.09,0.0,24h
10.1038/ismej.2017.88_nitrogen_stress_ndepleted_pro99_medium_med4_rnaseq,Prochlorococcus MED4,Prochlorococcus,RNASEQ,PMM1453,atpF,ATP synthase subunit B,Photosynthesis,2.0,down,-5.56,0.0,24h
10.1038/ismej.2017.88_nitrogen_stress_ndepleted_pro99_medium_med4_rnaseq,Prochlorococcus MED4,Prochlorococcus,RNASEQ,PMM1454,atpG,ATP synthase B^,Photosynthesis,3.0,down,-4.92,0.0,24h
10.1038/ismej.2017.88_nitrogen_stress_ndepleted_pro99_medium_med4_rnaseq,Prochlorococcus MED4,Prochlorococcus,RNASEQ,PMM1390,hli,high light inducible protein,Stress response and adaptation,4.0,up,4.81,0.0,12h
10.1038/ismej.2017.88_nitrogen_stress_ndepleted_pro99_medium_med4_rnaseq,Prochlorococcus MED4,Prochlorococcus,RNASEQ,PMM0453,fabG,beta-ketoacyl-(acyl-carrier-protein) reductase (KR),Lipid metabolism,5.0,down,-4.63,0.0,24h
10.1038/ismej.2017.88_nitrogen_stress_ndepleted_pro99_medium_med4_rnaseq,Prochlorococcus MED4,Prochlorococcus,RNASEQ,PMM0816,hli,high light inducible protein,Stress response and adaptation,5.0,up,4.64,0.0,12h
10.1038/ismej.2017.88_nitrogen_stress_ndepleted_pro99_medium_med4_rnaseq,Prochlorococcus MED4,Prochlorococcus,RNASEQ,PMM0365,,possible DsrE-like protein,Unknown,6.0,up,4.11,0.0,24h
10.1038/ismej.2017.88_nitrogen_stress_ndepleted_pro99_medium_med4_rnaseq,Prochlorococcus MED4,Prochlorococcus,RNASEQ,PMM1240,,methyltransferase domain protein,Secondary metabolites,6.0,down,-4.39,0.0,24h
10.1128/mSystems.00008-17_azaserine_ss120_proteomics,Prochlorococcus marinus subsp. marinus CCMP1375 (SS120),Prochlorococcus,PROTEOMICS,Pro0330,psbL,photosystem II reaction center protein PsbL,Photosynthesis,1.0,up,1.8401236448263605,0.022439041,24h
10.1128/mSystems.00008-17_azaserine_ss120_proteomics,Prochlorococcus marinus subsp. marinus CCMP1375 (SS120),Prochlorococcus,PROTEOMICS,Pro0993,petF,2Fe-2S ferredoxin,Stress response and adaptation,1.0,down,-4.561582615789077,3.84e-05,24h
10.1128/mSystems.00008-17_azaserine_ss120_proteomics,Prochlorococcus marinus subsp. marinus CCMP1375 (SS120),Prochlorococcus,PROTEOMICS,Pro0368,petD,cytochrome b6/f complex subunit 4,Photosynthesis,2.0,up,1.8270207195233417,0.034473719,24h
10.1128/mSystems.00008-17_azaserine_ss120_proteomics,Prochlorococcus marinus subsp. marinus CCMP1375 (SS120),Prochlorococcus,PROTEOMICS,Pro0417,nifU,NifU-like protein,Stress response and adaptation,2.0,down,-3.996143254978328,1.55e-05,24h
10.1128/mSystems.00008-17_azaserine_ss120_proteomics,Prochlorococcus marinus subsp. marinus CCMP1375 (SS120),Prochlorococcus,PROTEOMICS,Pro0025,ppiB,cyclophilin type peptidyl-prolyl cis-trans isomerase/CLD family protein,Post-translational modification,3.0,down,-2.7850754667573843,0.000160298,24h
10.1128/mSystems.00008-17_azaserine_ss120_proteomics,Prochlorococcus marinus subsp. marinus CCMP1375 (SS120),Prochlorococcus,PROTEOMICS,Pro0278,sll1424,conserved hypothetical protein (DUF3084),Unknown,3.0,up,1.7537579757659394,0.003509886,24h
10.1128/mSystems.00008-17_azaserine_ss120_proteomics,Prochlorococcus marinus subsp. marinus CCMP1375 (SS120),Prochlorococcus,PROTEOMICS,Pro0646,,Predicted protein family PM-6,Unknown,4.0,up,1.6094646562950337,0.005775433,24h
10.1128/mSystems.00008-17_azaserine_ss120_proteomics,Prochlorococcus marinus subsp. marinus CCMP1375 (SS120),Prochlorococcus,PROTEOMICS,Pro1200,,2-oxoglutarate/iron-dependent dioxygenase,Post-translational modification,4.0,down,-2.51078394781755,0.003532773,24h
10.1128/mSystems.00008-17_azaserine_ss120_proteomics,Prochlorococcus marinus subsp. marinus CCMP1375 (SS120),Prochlorococcus,PROTEOMICS,Pro0272,txlA,thioredoxin-like protein TxlA,Energy production,5.0,down,-2.28521709722646,0.001090332,24h
10.1128/mSystems.00008-17_azaserine_ss120_proteomics,Prochlorococcus marinus subsp. marinus CCMP1375 (SS120),Prochlorococcus,PROTEOMICS,Pro1533,pstS,"phosphate ABC transporter, phosphate-binding protein PstS",Stress response and adaptation,5.0,up,1.6026842480290744,0.028593208,24h
10.1128/mSystems.00008-17_azaserine_ss120_proteomics,Prochlorococcus marinus subsp. marinus CCMP1375 (SS120),Prochlorococcus,PROTEOMICS,Pro0328,psbE,"cytochrome b559, alpha subunit",Photosynthesis,6.0,up,1.5863549492019482,0.0388505,24h
10.1128/mSystems.00008-17_azaserine_ss120_proteomics,Prochlorococcus marinus subsp. marinus CCMP1375 (SS120),Prochlorococcus,PROTEOMICS,Pro0610,,conserved hypothetical protein,Unknown,6.0,down,-2.202150589028841,0.002421222,24h
10.1128/mSystems.00008-17_azaserine_ss120_proteomics,Prochlorococcus marinus subsp. marinus CCMP1375 (SS120),Prochlorococcus,PROTEOMICS,Pro0080,hit,histidine triad (HIT) family protein,Nucleotide metabolism,7.0,down,-2.194055283785676,0.008219011,24h
10.1128/mSystems.00008-17_azaserine_ss120_proteomics,Prochlorococcus marinus subsp. marinus CCMP1375 (SS120),Prochlorococcus,PROTEOMICS,Pro1450,pcb,"divinyl-chlorophyll a/b binding light harvesting protein, photosystem II-associated",Stress response and adaptation,7.0,up,1.5700104362504816,0.041182924,24h
10.1128/mSystems.00008-17_azaserine_ss120_proteomics,Prochlorococcus marinus subsp. marinus CCMP1375 (SS120),Prochlorococcus,PROTEOMICS,Pro1167,pcb,"divinyl-chlorophyll a/b binding light harvesting protein, photosystem II-associated",Stress response and adaptation,8.0,up,1.496364009805112,0.044751423,24h
10.1128/mSystems.00008-17_azaserine_ss120_proteomics,Prochlorococcus marinus subsp. marinus CCMP1375 (SS120),Prochlorococcus,PROTEOMICS,Pro1721,,putative fructosamine 3-kinase,Carbohydrate metabolism,8.0,down,-2.149485784181889,0.01668757,24h
10.1128/mSystems.00008-17_azaserine_ss120_proteomics,Prochlorococcus marinus subsp. marinus CCMP1375 (SS120),Prochlorococcus,PROTEOMICS,Pro0794,fur,ferric uptake regulator,Stress response and adaptation,9.0,down,-2.1443892914150164,0.002475818,24h
10.1128/mSystems.00008-17_azaserine_ss120_proteomics,Prochlorococcus marinus subsp. marinus CCMP1375 (SS120),Prochlorococcus,PROTEOMICS,Pro1449,,Predicted protein family PM-20,Unknown,9.0,up,1.2335677095074289,0.019718943,24h
10.1128/mSystems.00008-17_azaserine_ss120_proteomics,Prochlorococcus marinus subsp. marinus CCMP1375 (SS120),Prochlorococcus,PROTEOMICS,Pro1179,,conserved hypothetical protein,Unknown,10.0,down,-2.1402947729143755,0.000108307,24h
10.1128/mSystems.00008-17_azaserine_ss120_proteomics,Prochlorococcus marinus subsp. marinus CCMP1375 (SS120),Prochlorococcus,PROTEOMICS,Pro1609,atpI,ATP synthase A chain,Photosynthesis,10.0,up,1.1934273481734692,0.001274681,24h
10.1038/nmicrobiol.2017.100_longterm_coculture_rpom_dss3_proteomics,Ruegeria pomeroyi DSS-3,Ruegeria,EXOPROTEOMICS,SPO1096,,hypothetical protein,Unknown,1.0,up,47.3,0.0,long-term
10.1038/nmicrobiol.2017.100_longterm_coculture_rpom_dss3_proteomics,Ruegeria pomeroyi DSS-3,Ruegeria,EXOPROTEOMICS,SPO1796,fdhF,formate dehydrogenase subunit alpha,Energy production,1.0,down,-337.3,0.0,long-term
10.1038/nmicrobiol.2017.100_longterm_coculture_rpom_dss3_proteomics,Ruegeria pomeroyi DSS-3,Ruegeria,EXOPROTEOMICS,SPO0568,,indolepyruvate ferredoxin oxidoreductase family protein,Energy production,2.0,up,26.5,0.0,long-term
10.1038/nmicrobiol.2017.100_longterm_coculture_rpom_dss3_proteomics,Ruegeria pomeroyi DSS-3,Ruegeria,EXOPROTEOMICS,SPO3661,,5-oxoprolinase subunit B family protein,Amino acid metabolism,2.0,down,-126.0,0.0,long-term
10.1038/nmicrobiol.2017.100_longterm_coculture_rpom_dss3_proteomics,Ruegeria pomeroyi DSS-3,Ruegeria,EXOPROTEOMICS,SPO1163,hisB,imidazoleglycerol-phosphate dehydratase HisB,Amino acid metabolism,3.0,up,17.8,0.0,long-term
10.1038/nmicrobiol.2017.100_longterm_coculture_rpom_dss3_proteomics,Ruegeria pomeroyi DSS-3,Ruegeria,EXOPROTEOMICS,SPO1820,,ABC transporter substrate-binding protein,Inorganic ion transport,3.0,down,-82.8,0.0,long-term
10.1038/nmicrobiol.2017.100_longterm_coculture_rpom_dss3_proteomics,Ruegeria pomeroyi DSS-3,Ruegeria,EXOPROTEOMICS,SPO0046,thiO,FAD-dependent oxidoreductase,Energy production,4.0,down,-58.9,0.0,long-term
10.1038/nmicrobiol.2017.100_longterm_coculture_rpom_dss3_proteomics,Ruegeria pomeroyi DSS-3,Ruegeria,EXOPROTEOMICS,SPO1710,urtA,urea ABC transporter substrate-binding protein,Amino acid metabolism,4.0,up,15.6,0.03,long-term
10.1038/nmicrobiol.2017.100_longterm_coculture_rpom_dss3_proteomics,Ruegeria pomeroyi DSS-3,Ruegeria,EXOPROTEOMICS,SPO0781,phnD,phosphonate ABC transporter substrate-binding protein,Inorganic ion transport,5.0,down,-56.9,0.01,long-term
10.1038/nmicrobiol.2017.100_longterm_coculture_rpom_dss3_proteomics,Ruegeria pomeroyi DSS-3,Ruegeria,EXOPROTEOMICS,SPOA0300,,ABC transporter substrate-binding protein,Amino acid metabolism,5.0,up,13.1,0.03,long-term
10.1038/nmicrobiol.2017.100_longterm_coculture_rpom_dss3_proteomics,Ruegeria pomeroyi DSS-3,Ruegeria,EXOPROTEOMICS,SPO0470,phnI,carbon-phosphorus lyase complex subunit PhnI,Inorganic ion transport,6.0,down,-42.5,0.0,long-term
10.1038/nmicrobiol.2017.100_longterm_coculture_rpom_dss3_proteomics,Ruegeria pomeroyi DSS-3,Ruegeria,EXOPROTEOMICS,SPO2816,,ABC transporter permease,Amino acid metabolism,6.0,up,11.5,0.02,long-term
10.1038/nmicrobiol.2017.100_longterm_coculture_rpom_dss3_proteomics,Ruegeria pomeroyi DSS-3,Ruegeria,EXOPROTEOMICS,SPO0260,,alkaline phosphatase D family protein,Inorganic ion transport,7.0,down,-30.8,0.01,long-term
10.1038/nmicrobiol.2017.100_longterm_coculture_rpom_dss3_proteomics,Ruegeria pomeroyi DSS-3,Ruegeria,EXOPROTEOMICS,SPO1472,hyuA,hydantoinase/oxoprolinase family protein,Amino acid metabolism,7.0,up,8.3,0.05,long-term
10.1038/nmicrobiol.2017.100_longterm_coculture_rpom_dss3_proteomics,Ruegeria pomeroyi DSS-3,Ruegeria,EXOPROTEOMICS,SPO0047,thiG,thiazole synthase,Coenzyme metabolism,8.0,down,-29.3,0.0,long-term
10.1038/nmicrobiol.2017.100_longterm_coculture_rpom_dss3_proteomics,Ruegeria pomeroyi DSS-3,Ruegeria,EXOPROTEOMICS,SPO2443,opuAA,quaternary amine ABC transporter ATP-binding protein,Amino acid metabolism,8.0,up,8.1,0.01,long-term
10.1038/nmicrobiol.2017.100_longterm_coculture_rpom_dss3_proteomics,Ruegeria pomeroyi DSS-3,Ruegeria,EXOPROTEOMICS,SPO1953,phoB,phosphate regulon transcriptional regulator PhoB,Transcription,9.0,down,-23.6,0.0,long-term
10.1038/nmicrobiol.2017.100_longterm_coculture_rpom_dss3_proteomics,Ruegeria pomeroyi DSS-3,Ruegeria,EXOPROTEOMICS,SPO2441,,ABC transporter substrate-binding protein,Amino acid metabolism,9.0,up,7.8,0.0,long-term
10.1038/nmicrobiol.2017.100_longterm_coculture_rpom_dss3_proteomics,Ruegeria pomeroyi DSS-3,Ruegeria,EXOPROTEOMICS,SPO0784,,chloramphenicol acetyltransferase,Unknown,10.0,down,-17.9,0.0,long-term
10.1038/nmicrobiol.2017.100_longterm_coculture_rpom_dss3_proteomics,Ruegeria pomeroyi DSS-3,Ruegeria,EXOPROTEOMICS,SPO3772,,complex I NDUFA9 subunit family protein,Carbohydrate metabolism,10.0,up,7.2,0.04,long-term
10.1038/nmicrobiol.2017.100_early_coculture_syn_wh7803_proteomics,Synechococcus WH7803,Synechococcus,EXOPROTEOMICS,SynWH7803_0580,fadD,long-chain acyl-CoA synthetase,Lipid metabolism,1.0,down,-7.9,0.0,35 days
10.1038/nmicrobiol.2017.100_early_coculture_syn_wh7803_proteomics,Synechococcus WH7803,Synechococcus,EXOPROTEOMICS,SynWH7803_1017,,uncharacterized conserved secreted protein (DUF1254/DUF1214),Unknown,1.0,up,38.7,0.0,35 days
10.1038/nmicrobiol.2017.100_early_coculture_syn_wh7803_proteomics,Synechococcus WH7803,Synechococcus,EXOPROTEOMICS,SynWH7803_1706,,uncharacterized conserved lipoprotein (DUF1254/DUF1214),Unknown,2.0,up,6.3,0.0,35 days
10.1038/nmicrobiol.2017.100_early_coculture_syn_wh7803_proteomics,Synechococcus WH7803,Synechococcus,EXOPROTEOMICS,SynWH7803_2086,,uncharacterized conserved secreted protein,Unknown,2.0,down,-7.4,0.0,35 days
10.1038/nmicrobiol.2017.100_early_coculture_syn_wh7803_proteomics,Synechococcus WH7803,Synechococcus,EXOPROTEOMICS,SynWH7803_2075,,conserved hypothetical protein,Unknown,3.0,up,6.3,0.02,35 days
10.1038/nmicrobiol.2017.100_early_coculture_syn_wh7803_proteomics,Synechococcus WH7803,Synechococcus,EXOPROTEOMICS,SynWH7803_2164,pgmA2,phosphoglucomutase,Carbohydrate metabolism,3.0,down,-6.4,0.0,35 days
10.1038/nmicrobiol.2017.100_early_coculture_syn_wh7803_proteomics,Synechococcus WH7803,Synechococcus,EXOPROTEOMICS,SynWH7803_0748,clpB1,ATP-dependent Clp protease ATP-binding subunit ClpB,Stress response and adaptation,4.0,down,-5.0,0.04,35 days
10.1038/nmicrobiol.2017.100_early_coculture_syn_wh7803_proteomics,Synechococcus WH7803,Synechococcus,EXOPROTEOMICS,SynWH7803_1218,pyk,pyruvate kinase,Carbohydrate metabolism,4.0,up,5.5,0.01,35 days
10.1038/nmicrobiol.2017.100_early_coculture_syn_wh7803_proteomics,Synechococcus WH7803,Synechococcus,EXOPROTEOMICS,SynWH7803_0410,rplQ,50S ribosomal protein L17,Translation,5.0,down,-4.3,0.0,35 days
10.1038/nmicrobiol.2017.100_early_coculture_syn_wh7803_proteomics,Synechococcus WH7803,Synechococcus,EXOPROTEOMICS,SynWH7803_1703,,uncharacterized conserved secreted protein,Cell wall and membrane,5.0,up,5.5,0.01,35 days
10.1038/nmicrobiol.2017.100_early_coculture_syn_wh7803_proteomics,Synechococcus WH7803,Synechococcus,EXOPROTEOMICS,SynWH7803_0001,dnaN,"DNA polymerase III, beta subunit",Replication and repair,6.0,down,-4.1,0.04,35 days
10.1038/nmicrobiol.2017.100_early_coculture_syn_wh7803_proteomics,Synechococcus WH7803,Synechococcus,EXOPROTEOMICS,SynWH7803_0948,,cupredoxin-like protein,Stress response and adaptation,6.0,up,5.4,0.0,35 days
10.1038/nmicrobiol.2017.100_early_coculture_syn_wh7803_proteomics,Synechococcus WH7803,Synechococcus,EXOPROTEOMICS,SynWH7803_1449,ompR,two-component system response regulator RR class II (RRII)-OmpR,Regulatory functions,7.0,down,-3.9,0.0,35 days
10.1038/nmicrobiol.2017.100_early_coculture_syn_wh7803_proteomics,Synechococcus WH7803,Synechococcus,EXOPROTEOMICS,SynWH7803_1841,pilT2,twitching motility protein PilT,Cell wall and membrane,7.0,up,5.1,0.0,35 days
10.1038/nmicrobiol.2017.100_early_coculture_syn_wh7803_proteomics,Synechococcus WH7803,Synechococcus,EXOPROTEOMICS,SynWH7803_0750,,conserved hypothetical protein,Unknown,8.0,down,-3.8,0.0,35 days
10.1038/nmicrobiol.2017.100_early_coculture_syn_wh7803_proteomics,Synechococcus WH7803,Synechococcus,EXOPROTEOMICS,SynWH7803_2356,,uncharacterized conserved lipoprotein (DUF3604),Unknown,8.0,up,4.7,0.0,35 days
10.1038/nmicrobiol.2017.100_early_coculture_syn_wh7803_proteomics,Synechococcus WH7803,Synechococcus,EXOPROTEOMICS,SynWH7803_0014,,RNA-binding domain RNP-1 (RNA recognition motif) containing protein,Regulatory functions,9.0,up,4.0,0.03,35 days
10.1038/nmicrobiol.2017.100_early_coculture_syn_wh7803_proteomics,Synechococcus WH7803,Synechococcus,EXOPROTEOMICS,SynWH7803_1371,pdxJ,pyridoxine 5^-phosphate synthase,Coenzyme metabolism,9.0,down,-3.8,0.0,35 days
10.1038/nmicrobiol.2017.100_early_coculture_syn_wh7803_proteomics,Synechococcus WH7803,Synechococcus,EXOPROTEOMICS,SynWH7803_0269,hisB,imidazoleglycerol-phosphate dehydratase family protein,Amino acid metabolism,10.0,down,-3.7,0.0,35 days
10.1038/nmicrobiol.2017.100_early_coculture_syn_wh7803_proteomics,Synechococcus WH7803,Synechococcus,EXOPROTEOMICS,SynWH7803_2072,grrP,"extracellular substrate-binding orphan, GRRM family protein",Transport,10.0,up,3.6,0.0,35 days
10.1038/nmicrobiol.2017.100_late_coculture_syn_wh7803_proteomics,Synechococcus WH7803,Synechococcus,EXOPROTEOMICS,SynWH7803_0139,,"possible alpha-glycosyltransferase, family 4",Cell wall and membrane,1.0,up,2.39,0.0,10 days
10.1038/nmicrobiol.2017.100_late_coculture_syn_wh7803_proteomics,Synechococcus WH7803,Synechococcus,EXOPROTEOMICS,SynWH7803_1508,recB,"exodeoxyribonuclease V (RecBCD complex), beta subunit",Replication and repair,1.0,down,-4.53,0.0,10 days
10.1038/nmicrobiol.2017.100_late_coculture_syn_wh7803_proteomics,Synechococcus WH7803,Synechococcus,EXOPROTEOMICS,SynWH7803_1102,cycI1,Mg-protoporphyrin IX monomethylester oxidative cyclase,Coenzyme metabolism,2.0,down,-4.52,0.01,10 days
10.1038/nmicrobiol.2017.100_late_coculture_syn_wh7803_proteomics,Synechococcus WH7803,Synechococcus,EXOPROTEOMICS,SynWH7803_2414,metC,cystathionine beta-lyase family aluminum resistance protein,Stress response and adaptation,2.0,up,2.33,0.0,10 days
10.1038/nmicrobiol.2017.100_late_coculture_syn_wh7803_proteomics,Synechococcus WH7803,Synechococcus,EXOPROTEOMICS,SynWH7803_1275,cobN,"cobaltochelatase, CobN subunit",Coenzyme metabolism,3.0,down,-4.15,0.03,10 days
10.1038/nmicrobiol.2017.100_late_coculture_syn_wh7803_proteomics,Synechococcus WH7803,Synechococcus,EXOPROTEOMICS,SynWH7803_1930,glgX,isoamylase,Carbohydrate metabolism,3.0,up,1.98,0.0,10 days
10.1038/nmicrobiol.2017.100_late_coculture_syn_wh7803_proteomics,Synechococcus WH7803,Synechococcus,EXOPROTEOMICS,SynWH7803_0036,wcaG,uncharacterized conserved NADP-binding domain-containing protein,Carbohydrate metabolism,4.0,down,-3.58,0.0,10 days
10.1038/nmicrobiol.2017.100_late_coculture_syn_wh7803_proteomics,Synechococcus WH7803,Synechococcus,EXOPROTEOMICS,SynWH7803_2403,hspA,small heat shock protein (HSP20) family protein,Stress response and adaptation,4.0,up,1.88,0.0,10 days
10.1038/nmicrobiol.2017.100_late_coculture_syn_wh7803_proteomics,Synechococcus WH7803,Synechococcus,EXOPROTEOMICS,SynWH7803_0367,,radical SAM superfamily protein,Energy production,5.0,down,-3.51,0.0,10 days
10.1038/nmicrobiol.2017.100_late_coculture_syn_wh7803_proteomics,Synechococcus WH7803,Synechococcus,EXOPROTEOMICS,SynWH7803_0584,queA,S-adenosylmethionine:tRNA ribosyltransferase-isomerase,Translation,5.0,up,1.69,0.0,10 days
10.1038/nmicrobiol.2017.100_late_coculture_syn_wh7803_proteomics,Synechococcus WH7803,Synechococcus,EXOPROTEOMICS,SynWH7803_0556,,ABC multidrug efflux transporter,Transport,6.0,down,-3.26,0.0,10 days
10.1038/nmicrobiol.2017.100_late_coculture_syn_wh7803_proteomics,Synechococcus WH7803,Synechococcus,EXOPROTEOMICS,SynWH7803_1874,,abrB-like transcriptional regulator family protein,Transcription,6.0,up,1.62,0.02,10 days
10.1038/nmicrobiol.2017.100_late_coculture_syn_wh7803_proteomics,Synechococcus WH7803,Synechococcus,EXOPROTEOMICS,SynWH7803_1317,chlP,geranylgeranyl reductase,Coenzyme metabolism,7.0,up,1.5,0.01,10 days
10.1038/nmicrobiol.2017.100_late_coculture_syn_wh7803_proteomics,Synechococcus WH7803,Synechococcus,EXOPROTEOMICS,SynWH7803_2466,,"type I secretion system ABC transporter, HlyB family",Cellular processes,7.0,down,-3.25,0.0,10 days
10.1038/nmicrobiol.2017.100_late_coculture_syn_wh7803_proteomics,Synechococcus WH7803,Synechococcus,EXOPROTEOMICS,SynWH7803_0296,lytB,4-hydroxy-3-methylbut-2-enyl diphosphate reductase,Coenzyme metabolism,8.0,down,-3.05,0.05,10 days
10.1038/nmicrobiol.2017.100_late_coculture_syn_wh7803_proteomics,Synechococcus WH7803,Synechococcus,EXOPROTEOMICS,SynWH7803_1071,,conserved hypothetical protein,Unknown,8.0,up,1.49,0.0,10 days
10.1038/nmicrobiol.2017.100_late_coculture_syn_wh7803_proteomics,Synechococcus WH7803,Synechococcus,EXOPROTEOMICS,SynWH7803_0125,,O-linked beta-N-acetylglucosamine transferase,Post-translational modification,9.0,up,1.35,0.0,10 days
10.1038/nmicrobiol.2017.100_late_coculture_syn_wh7803_proteomics,Synechococcus WH7803,Synechococcus,EXOPROTEOMICS,SynWH7803_0393,,RmlC-like cupin domain-containing protein,Secondary metabolites,9.0,down,-2.94,0.03,10 days
10.1038/nmicrobiol.2017.100_late_coculture_syn_wh7803_proteomics,Synechococcus WH7803,Synechococcus,EXOPROTEOMICS,SynWH7803_1045,pstS,"phosphate ABC transporter, phosphate-binding protein PstS",Stress response and adaptation,10.0,up,1.33,0.05,10 days
10.1038/nmicrobiol.2017.100_late_coculture_syn_wh7803_proteomics,Synechococcus WH7803,Synechococcus,EXOPROTEOMICS,SynWH7803_2142,dap2,prolyl oligopeptidase/peptidase S9-like domain containing protein,Post-translational modification,10.0,down,-2.8,0.01,10 days
10.1038/ismej.2016.70_coculture_prochlorococcus_mit9313_high_alteromonas_hot1a3_rnaseq,Alteromonas macleodii HOT1A3,Alteromonas,RNASEQ,ACZ81_07970,wcaJ,undecaprenyl-phosphate glucose phosphotransferase,Cell wall and membrane,1,up,9601.0,0.0,20h
10.1038/ismej.2016.70_coculture_prochlorococcus_mit9313_high_alteromonas_hot1a3_rnaseq,Alteromonas macleodii HOT1A3,Alteromonas,RNASEQ,ACZ81_06975,bamE,outer membrane protein assembly factor BamE,Translation,2,up,8201.0,0.0,20h
10.1038/ismej.2016.70_coculture_prochlorococcus_mit9313_high_alteromonas_hot1a3_rnaseq,Alteromonas macleodii HOT1A3,Alteromonas,RNASEQ,ACZ81_02595,,TA system antitoxin ParD family protein,Unknown,3,up,6601.0,0.0,20h
10.1038/ismej.2016.70_coculture_prochlorococcus_mit9313_high_alteromonas_hot1a3_rnaseq,Alteromonas macleodii HOT1A3,Alteromonas,RNASEQ,ACZ81_10015,,DUF6279 family lipoprotein,Unknown,4,up,6601.0,0.0,20h
10.1038/ismej.2016.70_coculture_prochlorococcus_mit9313_high_alteromonas_hot1a3_rnaseq,Alteromonas macleodii HOT1A3,Alteromonas,RNASEQ,ACZ81_03935,metK,methionine adenosyltransferase,Coenzyme metabolism,5,up,6501.0,0.0,20h
10.1038/ismej.2016.70_coculture_prochlorococcus_mit9313_high_alteromonas_hot1a3_rnaseq,Alteromonas macleodii HOT1A3,Alteromonas,RNASEQ,ACZ81_RS21735,,hypothetical protein,Unknown,6,up,5701.0,0.0,20h
10.1038/ismej.2016.70_coculture_prochlorococcus_mit9313_high_alteromonas_hot1a3_rnaseq,Alteromonas macleodii HOT1A3,Alteromonas,RNASEQ,ACZ81_08725,phhB,4a-hydroxytetrahydrobiopterin dehydratase,Coenzyme metabolism,7,up,5201.0,0.0,20h
10.1038/ismej.2016.70_coculture_prochlorococcus_mit9313_high_alteromonas_hot1a3_rnaseq,Alteromonas macleodii HOT1A3,Alteromonas,RNASEQ,ACZ81_02510,,YnfA family protein,Unknown,8,up,4801.0,0.0,20h
10.1038/ismej.2016.70_coculture_prochlorococcus_mit9313_high_alteromonas_hot1a3_rnaseq,Alteromonas macleodii HOT1A3,Alteromonas,RNASEQ,ACZ81_03545,,hypothetical protein,Unknown,9,up,4701.0,0.0,20h
10.1038/ismej.2016.70_coculture_prochlorococcus_mit9313_high_alteromonas_hot1a3_rnaseq,Alteromonas macleodii HOT1A3,Alteromonas,RNASEQ,ACZ81_06180,,hypothetical protein,Unknown,10,up,4501.0,0.0,20h
10.1038/ismej.2016.70_coculture_prochlorococcus_mit9313_hot1a3_rnaseq,Alteromonas macleodii HOT1A3,Alteromonas,RNASEQ,ACZ81_07025,,TonB-dependent receptor,Inorganic ion transport,1,up,4801.0,0.0,20h
10.1038/ismej.2016.70_coculture_prochlorococcus_mit9313_hot1a3_rnaseq,Alteromonas macleodii HOT1A3,Alteromonas,RNASEQ,ACZ81_02530,,hypothetical protein,Unknown,2,up,4301.0,0.0,20h
10.1038/ismej.2016.70_coculture_prochlorococcus_mit9313_hot1a3_rnaseq,Alteromonas macleodii HOT1A3,Alteromonas,RNASEQ,ACZ81_02595,,TA system antitoxin ParD family protein,Unknown,3,up,3401.0,0.0,20h
10.1038/ismej.2016.70_coculture_prochlorococcus_mit9313_hot1a3_rnaseq,Alteromonas macleodii HOT1A3,Alteromonas,RNASEQ,ACZ81_09710,rimO,30S ribosomal protein S12 methylthiotransferase RimO,Translation,4,up,3001.0,0.0,20h
10.1038/ismej.2016.70_coculture_prochlorococcus_mit9313_hot1a3_rnaseq,Alteromonas macleodii HOT1A3,Alteromonas,RNASEQ,ACZ81_02915,prnA,tryptophan halogenase family protein,Amino acid metabolism,5,up,2201.0,0.0,20h
10.1038/ismej.2016.70_coculture_prochlorococcus_mit9313_hot1a3_rnaseq,Alteromonas macleodii HOT1A3,Alteromonas,RNASEQ,ACZ81_09195,cspD,cold shock domain-containing protein CspD,Transcription,6,up,1901.0,0.0,20h
10.1038/ismej.2016.70_coculture_prochlorococcus_mit9313_hot1a3_rnaseq,Alteromonas macleodii HOT1A3,Alteromonas,RNASEQ,ACZ81_02730,nlpD,peptidoglycan DD-metalloendopeptidase family protein,Cell cycle and division,7,up,1801.0,0.0,20h
10.1038/ismej.2016.70_coculture_prochlorococcus_mit9313_hot1a3_rnaseq,Alteromonas macleodii HOT1A3,Alteromonas,RNASEQ,ACZ81_09240,sppA,signal peptide peptidase SppA,Post-translational modification,8,up,1801.0,0.0,20h
10.1038/ismej.2016.70_coculture_prochlorococcus_mit9313_hot1a3_rnaseq,Alteromonas macleodii HOT1A3,Alteromonas,RNASEQ,ACZ81_08225,,alpha/beta fold hydrolase,Unknown,9,up,43.28855721,1.96e-122,20h
10.1038/ismej.2016.70_coculture_prochlorococcus_mit9313_hot1a3_rnaseq,Alteromonas macleodii HOT1A3,Alteromonas,RNASEQ,ACZ81_09840,,RNA methyltransferase,Translation,10,up,20.93355482,9.059999999999999e-39,20h
10.1038/ismej.2016.82_coculture_24_hours_after_coculturing_mit1002_rnaseq,Alteromonas macleodii MIT1002,Alteromonas,RNASEQ,MIT1002_03528,,hypothetical protein,Unknown,1,up,9.73,,24h vs 12h
10.1038/ismej.2016.82_coculture_24_hours_after_coculturing_mit1002_rnaseq,Alteromonas macleodii MIT1002,Alteromonas,RNASEQ,MIT1002_03521,,S8 family peptidase,Post-translational modification,2,up,8.75,,24h vs 12h
10.1038/ismej.2016.82_coculture_24_hours_after_coculturing_mit1002_rnaseq,Alteromonas macleodii MIT1002,Alteromonas,RNASEQ,MIT1002_03527,,S8 family serine peptidase,Post-translational modification,3,up,8.57,,24h vs 12h
10.1038/ismej.2016.82_coculture_24_hours_after_coculturing_mit1002_rnaseq,Alteromonas macleodii MIT1002,Alteromonas,RNASEQ,MIT1002_00894,,DUF3718 domain-containing protein,Unknown,4,up,7.68,,24h vs 12h
10.1038/ismej.2016.82_coculture_24_hours_after_coculturing_mit1002_rnaseq,Alteromonas macleodii MIT1002,Alteromonas,RNASEQ,MIT1002_00930,,DUF3718 domain-containing protein,Unknown,5,up,7.03,,24h vs 12h
10.1038/ismej.2016.82_coculture_24_hours_after_coculturing_mit1002_rnaseq,Alteromonas macleodii MIT1002,Alteromonas,RNASEQ,MIT1002_03386,,hypothetical protein,Unknown,6,up,6.93,,24h vs 12h
10.1038/ismej.2016.82_coculture_24_hours_after_coculturing_mit1002_rnaseq,Alteromonas macleodii MIT1002,Alteromonas,RNASEQ,MIT1002_00411,,hypothetical protein,Unknown,7,up,6.69,,24h vs 12h
10.1038/ismej.2016.82_coculture_24_hours_after_coculturing_mit1002_rnaseq,Alteromonas macleodii MIT1002,Alteromonas,RNASEQ,MIT1002_01817,,hypothetical protein,Unknown,8,up,5.86,,24h vs 12h
10.1038/ismej.2016.82_coculture_24_hours_after_coculturing_mit1002_rnaseq,Alteromonas macleodii MIT1002,Alteromonas,RNASEQ,MIT1002_00931,,LytR/AlgR family response regulator transcription factor,Transcription,9,up,5.52,,24h vs 12h
10.1038/ismej.2016.82_coculture_24_hours_after_coculturing_mit1002_rnaseq,Alteromonas macleodii MIT1002,Alteromonas,RNASEQ,MIT1002_03620,,GbsR/MarR family transcriptional regulator,Transcription,10,up,5.5,,24h vs 12h
10.1038/ismej.2016.82_coculture_48_hours_after_coculturing_mit1002_rnaseq,Alteromonas macleodii MIT1002,Alteromonas,RNASEQ,MIT1002_03528,,hypothetical protein,Unknown,1,up,9.81,,48h vs 12h
10.1038/ismej.2016.82_coculture_48_hours_after_coculturing_mit1002_rnaseq,Alteromonas macleodii MIT1002,Alteromonas,RNASEQ,MIT1002_00930,,DUF3718 domain-containing protein,Unknown,2,up,9.78,,48h vs 12h
10.1038/ismej.2016.82_coculture_48_hours_after_coculturing_mit1002_rnaseq,Alteromonas macleodii MIT1002,Alteromonas,RNASEQ,MIT1002_00894,,DUF3718 domain-containing protein,Unknown,3,up,9.7,,48h vs 12h
10.1038/ismej.2016.82_coculture_48_hours_after_coculturing_mit1002_rnaseq,Alteromonas macleodii MIT1002,Alteromonas,RNASEQ,MIT1002_03386,,hypothetical protein,Unknown,4,up,9.49,,48h vs 12h
10.1038/ismej.2016.82_coculture_48_hours_after_coculturing_mit1002_rnaseq,Alteromonas macleodii MIT1002,Alteromonas,RNASEQ,MIT1002_03521,,S8 family peptidase,Post-translational modification,5,up,8.59,,48h vs 12h
10.1038/ismej.2016.82_coculture_48_hours_after_coculturing_mit1002_rnaseq,Alteromonas macleodii MIT1002,Alteromonas,RNASEQ,MIT1002_00411,,hypothetical protein,Unknown,6,up,8.48,,48h vs 12h
10.1038/ismej.2016.82_coculture_48_hours_after_coculturing_mit1002_rnaseq,Alteromonas macleodii MIT1002,Alteromonas,RNASEQ,MIT1002_03527,,S8 family serine peptidase,Post-translational modification,7,up,8.4,,48h vs 12h
10.1038/ismej.2016.82_coculture_48_hours_after_coculturing_mit1002_rnaseq,Alteromonas macleodii MIT1002,Alteromonas,RNASEQ,MIT1002_00931,,LytR/AlgR family response regulator transcription factor,Transcription,8,up,8.34,,48h vs 12h
10.1038/ismej.2016.82_coculture_48_hours_after_coculturing_mit1002_rnaseq,Alteromonas macleodii MIT1002,Alteromonas,RNASEQ,MIT1002_03384,,PspC domain-containing protein,Transcription,9,up,7.38,,48h vs 12h
10.1038/ismej.2016.82_coculture_48_hours_after_coculturing_mit1002_rnaseq,Alteromonas macleodii MIT1002,Alteromonas,RNASEQ,MIT1002_03385,pspA,phage shock protein PspA,Transcription,10,up,7.2,,48h vs 12h
10.1038/ismej.2016.70_coculture_alteromonas_hot1a3_med4_rnaseq,Prochlorococcus MED4,Prochlorococcus,RNASEQ,PMM0735,unk1,conserved hypothetical protein,Unknown,1.0,up,12.45146871,0.0,20h
10.1038/ismej.2016.70_coculture_alteromonas_hot1a3_med4_rnaseq,Prochlorococcus MED4,Prochlorococcus,RNASEQ,PMM1110,colA,bolA-like family protein,Cellular processes,1.0,down,-15.38872366,0.0,20h
10.1038/ismej.2016.70_coculture_alteromonas_hot1a3_med4_rnaseq,Prochlorococcus MED4,Prochlorococcus,RNASEQ,PMM0910,ylmG1,cell division membrane protein YlmG1 (factor involved in shape determination),Cell cycle and division,2.0,down,-14.59228183,0.0,20h
10.1038/ismej.2016.70_coculture_alteromonas_hot1a3_med4_rnaseq,Prochlorococcus MED4,Prochlorococcus,RNASEQ,PMM1538,rpmJ,50S ribosomal protein L36,Translation,2.0,up,7.436938256,0.0,20h
10.1038/ismej.2016.70_coculture_alteromonas_hot1a3_med4_rnaseq,Prochlorococcus MED4,Prochlorococcus,RNASEQ,PMM0471,hli,high light inducible protein,Stress response and adaptation,3.0,down,-14.44482078,0.0,20h
10.1038/ismej.2016.70_coculture_alteromonas_hot1a3_med4_rnaseq,Prochlorococcus MED4,Prochlorococcus,RNASEQ,PMM1392,,possible Heat-labile enterotoxin alpha chain,Unknown,3.0,up,4.636949199,8.1200000000000005e-56,20h
10.1038/ismej.2016.70_coculture_alteromonas_hot1a3_med4_rnaseq,Prochlorococcus MED4,Prochlorococcus,RNASEQ,PMM0020,,"DNA-binding protein, YbaB/EbfC family",Unknown,4.0,down,-13.74199358,0.0,20h
10.1038/ismej.2016.70_coculture_alteromonas_hot1a3_med4_rnaseq,Prochlorococcus MED4,Prochlorococcus,RNASEQ,PMM0417,,uncharacterized conserved membrane protein,Unknown,4.0,up,3.839067509,1.88e-25,20h
10.1038/ismej.2016.70_coculture_alteromonas_hot1a3_med4_rnaseq,Prochlorococcus MED4,Prochlorococcus,RNASEQ,PMM0647,,conserved hypothetical protein (DUF2811),Unknown,5.0,up,3.53993167,3.93e-14,20h
10.1038/ismej.2016.70_coculture_alteromonas_hot1a3_med4_rnaseq,Prochlorococcus MED4,Prochlorococcus,RNASEQ,PMM1151,infA,translation initiation factor IF-1,Translation,5.0,down,-13.74199358,0.0,20h
10.1038/ismej.2016.70_coculture_alteromonas_hot1a3_med4_rnaseq,Prochlorococcus MED4,Prochlorococcus,RNASEQ,PMM0345,prxQ,2-Cys peroxiredoxin,Stress response and adaptation,6.0,up,3.48280192,3.98e-17,20h
10.1038/ismej.2016.70_coculture_alteromonas_hot1a3_med4_rnaseq,Prochlorococcus MED4,Prochlorococcus,RNASEQ,PMM0373,cynS,cyanate hydratase,Central intermediary metabolism,6.0,down,-13.42534705,0.0,20h
10.1038/ismej.2016.70_coculture_alteromonas_hot1a3_med4_rnaseq,Prochlorococcus MED4,Prochlorococcus,RNASEQ,PMM0501,,conserved hypothetical protein,Unknown,7.0,up,2.905640968,1.54e-06,20h
10.1038/ismej.2016.70_coculture_alteromonas_hot1a3_med4_rnaseq,Prochlorococcus MED4,Prochlorococcus,RNASEQ,PMM0540,psaM,photosystem I reaction centre subunit XII,Stress response and adaptation,7.0,down,-13.3582391,0.0,20h
10.1038/ismej.2016.70_coculture_alteromonas_hot1a3_med4_rnaseq,Prochlorococcus MED4,Prochlorococcus,RNASEQ,PMM0537,trpF,N-(5^phosphoribosyl)anthranilate isomerase,Amino acid metabolism,8.0,up,2.90065657,1.35e-05,20h
10.1038/ismej.2016.70_coculture_alteromonas_hot1a3_med4_rnaseq,Prochlorococcus MED4,Prochlorococcus,RNASEQ,PMM1633,,conserved hypothetical protein,Unknown,8.0,down,-13.27335853,0.0,20h
10.1038/ismej.2016.70_coculture_alteromonas_hot1a3_med4_rnaseq,Prochlorococcus MED4,Prochlorococcus,RNASEQ,PMM0974,urtE,"ABC-type urea transporter, ATPase component UrtE",Stress response and adaptation,9.0,down,-13.19859851,0.0,20h
10.1038/ismej.2016.70_coculture_alteromonas_hot1a3_med4_rnaseq,Prochlorococcus MED4,Prochlorococcus,RNASEQ,PMM1053,,5-formyltetrahydrofolate cyclo-ligase,Central intermediary metabolism,9.0,up,2.90065657,0.000503,20h
10.1038/ismej.2016.70_coculture_alteromonas_hot1a3_med4_rnaseq,Prochlorococcus MED4,Prochlorococcus,RNASEQ,PMM0181,,conserved hypothetical protein,Unknown,10.0,up,2.744705325,2.6e-05,20h
10.1038/ismej.2016.70_coculture_alteromonas_hot1a3_med4_rnaseq,Prochlorococcus MED4,Prochlorococcus,RNASEQ,PMM1402,,conserved hypothetical protein,Unknown,10.0,down,-13.18317012,0.0,20h
10.1371/journal.pone.0165375_light_stress_constant_dark_med4_rnaseq_dark,Prochlorococcus MED4,Prochlorococcus,RNASEQ,PMM0356,pip,proline iminopeptidase,Amino acid metabolism,1.0,up,3.255,,8.5h post-inoculation
10.1371/journal.pone.0165375_light_stress_constant_dark_med4_rnaseq_dark,Prochlorococcus MED4,Prochlorococcus,RNASEQ,PMM1289,rpoD6,"RNA polymerase sigma factor, type II",Transcription,1.0,down,-3.487,,8.5h post-inoculation
10.1371/journal.pone.0165375_light_stress_constant_dark_med4_rnaseq_dark,Prochlorococcus MED4,Prochlorococcus,RNASEQ,PMM1176,,conserved hypothetical protein,Unknown,2.0,up,2.893,,8.5h post-inoculation
10.1371/journal.pone.0165375_light_stress_constant_dark_med4_rnaseq_dark,Prochlorococcus MED4,Prochlorococcus,RNASEQ,PMM1309,ftsZ,cell division protein FtsZ,Cell cycle and division,2.0,down,-3.355,,8.5h post-inoculation
10.1371/journal.pone.0165375_light_stress_constant_dark_med4_rnaseq_dark,Prochlorococcus MED4,Prochlorococcus,RNASEQ,PMM0502,ycf41,possible single-stranded DNA-binding protein,Transport,3.0,down,-1.984,,4.5h post-inoculation
10.1371/journal.pone.0165375_light_stress_constant_dark_med4_rnaseq_dark,Prochlorococcus MED4,Prochlorococcus,RNASEQ,PMM0577,rpoD7,"RNA polymerase sigma factor, type II",Transcription,3.0,down,-3.18,,8.5h post-inoculation
10.1371/journal.pone.0165375_light_stress_constant_dark_med4_rnaseq_dark,Prochlorococcus MED4,Prochlorococcus,RNASEQ,PMM1058,petG,cytochrome b6-f complex subunit 5,Photosynthesis,3.0,up,2.82,,8.5h post-inoculation
10.1371/journal.pone.0165375_light_stress_constant_dark_med4_rnaseq_dark,Prochlorococcus MED4,Prochlorococcus,RNASEQ,PMM0245,cobO2,cob(I)alamin adenosyltransferase,Coenzyme metabolism,4.0,down,-2.917,,8.5h post-inoculation
10.1371/journal.pone.0165375_light_stress_constant_dark_med4_rnaseq_dark,Prochlorococcus MED4,Prochlorococcus,RNASEQ,PMM1179,,eamA-like transporter family protein,Transport,4.0,up,1.722,,8.5h post-inoculation
10.1371/journal.pone.0165375_light_stress_constant_dark_med4_rnaseq_dark,Prochlorococcus MED4,Prochlorococcus,RNASEQ,PMM0244,dcd,deoxycytidine triphosphate deaminase,Nucleotide metabolism,5.0,down,-1.768,,4.5h post-inoculation
10.1371/journal.pone.0165375_light_stress_constant_dark_med4_rnaseq_dark,Prochlorococcus MED4,Prochlorococcus,RNASEQ,PMM1711,sps,sucrose phosphate synthase,Carbohydrate metabolism,5.0,down,-2.724,,8.5h post-inoculation
10.1371/journal.pone.0165375_light_stress_constant_dark_med4_rnaseq_dark,Prochlorococcus MED4,Prochlorococcus,RNASEQ,PMM0243,thyx,thymidylate synthase,Nucleotide metabolism,8.0,down,-2.196,,8.5h post-inoculation
10.1371/journal.pone.0165375_light_stress_constant_dark_med4_rnaseq_infected,Prochlorococcus MED4,Prochlorococcus,RNASEQ,PMM0356,pip,proline iminopeptidase,Amino acid metabolism,1.0,up,3.793,,4.5h post-inoculation
10.1371/journal.pone.0165375_light_stress_constant_dark_med4_rnaseq_infected,Prochlorococcus MED4,Prochlorococcus,RNASEQ,PMM1289,rpoD6,"RNA polymerase sigma factor, type II",Transcription,1.0,down,-3.35,,8.5h post-inoculation
10.1371/journal.pone.0165375_light_stress_constant_dark_med4_rnaseq_infected,Prochlorococcus MED4,Prochlorococcus,RNASEQ,PMM1176,,conserved hypothetical protein,Unknown,2.0,up,2.424,,8.5h post-inoculation
10.1371/journal.pone.0165375_light_stress_constant_dark_med4_rnaseq_infected,Prochlorococcus MED4,Prochlorococcus,RNASEQ,PMM1309,ftsZ,cell division protein FtsZ,Cell cycle and division,2.0,down,-3.145,,8.5h post-inoculation
10.1371/journal.pone.0165375_light_stress_constant_dark_med4_rnaseq_infected,Prochlorococcus MED4,Prochlorococcus,RNASEQ,PMM1711,sps,sucrose phosphate synthase,Carbohydrate metabolism,2.0,down,-2.07,,4.5h post-inoculation
10.1371/journal.pone.0165375_light_stress_constant_dark_med4_rnaseq_infected,Prochlorococcus MED4,Prochlorococcus,RNASEQ,PMM0243,thyx,thymidylate synthase,Nucleotide metabolism,3.0,down,-1.946,,4.5h post-inoculation
10.1371/journal.pone.0165375_light_stress_constant_dark_med4_rnaseq_infected,Prochlorococcus MED4,Prochlorococcus,RNASEQ,PMM0348,,conserved hypothetical protein family PM-17,Unknown,3.0,up,1.824,,8.5h post-inoculation
10.1371/journal.pone.0165375_light_stress_constant_dark_med4_rnaseq_infected,Prochlorococcus MED4,Prochlorococcus,RNASEQ,PMM0577,rpoD7,"RNA polymerase sigma factor, type II",Transcription,3.0,down,-2.994,,8.5h post-inoculation
10.1371/journal.pone.0165375_light_stress_constant_dark_med4_rnaseq_infected,Prochlorococcus MED4,Prochlorococcus,RNASEQ,PMM0244,dcd,deoxycytidine triphosphate deaminase,Nucleotide metabolism,4.0,down,-1.871,,4.5h post-inoculation
10.1371/journal.pone.0165375_light_stress_constant_dark_med4_rnaseq_infected,Prochlorococcus MED4,Prochlorococcus,RNASEQ,PMM0245,cobO2,cob(I)alamin adenosyltransferase,Coenzyme metabolism,4.0,down,-2.957,,8.5h post-inoculation
10.1371/journal.pone.0165375_viral_phage_phm2_lysate_med4_rnaseq_dark,Prochlorococcus MED4,Prochlorococcus,RNASEQ,PMM0236,crtR,fatty acid desaturase,Lipid metabolism,1.0,down,-1.435,,2.5h post-inoculation
10.1371/journal.pone.0165375_viral_phage_phm2_lysate_med4_rnaseq_dark,Prochlorococcus MED4,Prochlorococcus,RNASEQ,PMM0263,amt1,ammonium transporter,Central intermediary metabolism,1.0,up,0.597,,2.5h post-inoculation
10.1371/journal.pone.0165375_viral_phage_phm2_lysate_med4_rnaseq_dark,Prochlorococcus MED4,Prochlorococcus,RNASEQ,PMM0689,hli,high light inducible protein,Stress response and adaptation,1.0,down,-1.294,,4.5h post-inoculation
10.1371/journal.pone.0165375_viral_phage_phm2_lysate_med4_rnaseq_dark,Prochlorococcus MED4,Prochlorococcus,RNASEQ,PMM0806,,"possible transcriptional regulator of iron metabolism, Crp/Fnr family protein",Stress response and adaptation,1.0,up,0.74,,4.5h post-inoculation
10.1371/journal.pone.0165375_viral_phage_phm2_lysate_med4_rnaseq_dark,Prochlorococcus MED4,Prochlorococcus,RNASEQ,PMM0814,,conserved hypothetical protein,Unknown,4.0,down,-0.879,,4.5h post-inoculation
10.1371/journal.pone.0165375_viral_phage_phm2_lysate_med4_rnaseq_light,Prochlorococcus MED4,Prochlorococcus,RNASEQ,PMM0223,psbA,photosystem II protein D1.1,Photosynthesis,1.0,up,0.452,,2.5h post-inoculation
10.1371/journal.pone.0165375_viral_phage_phm2_lysate_med4_rnaseq_light,Prochlorococcus MED4,Prochlorococcus,RNASEQ,PMM0236,crtR,fatty acid desaturase,Lipid metabolism,1.0,down,-1.021,,1.5h post-inoculation
10.1371/journal.pone.0165375_viral_phage_phm2_lysate_med4_rnaseq_light,Prochlorococcus MED4,Prochlorococcus,RNASEQ,PMM0272,psbK,photosystem II reaction center protein PsbK,Photosynthesis,1.0,up,0.816,,8.5h post-inoculation
10.1371/journal.pone.0165375_viral_phage_phm2_lysate_med4_rnaseq_light,Prochlorococcus MED4,Prochlorococcus,RNASEQ,PMM0573,cyabrB2,AbrB-like transcriptional regulator involved in photosynthesis regulation,Photosynthesis,1.0,down,-0.622,,4.5h post-inoculation
10.1038/ismej.2016.70_coculture_alteromonas_hot1a3_mit9313_rnaseq_inoc_05e6,Prochlorococcus MIT9313,Prochlorococcus,RNASEQ,PMT0934,,conserved hypothetical protein,Unknown,1.0,up,11.5512276,0.0,20h
10.1038/ismej.2016.70_coculture_alteromonas_hot1a3_mit9313_rnaseq_inoc_05e6,Prochlorococcus MIT9313,Prochlorococcus,RNASEQ,PMT1494,,conserved hypothetical protein,Unknown,1.0,down,-12.66644594,0.0,20h
10.1038/ismej.2016.70_coculture_alteromonas_hot1a3_mit9313_rnaseq_inoc_05e6,Prochlorococcus MIT9313,Prochlorococcus,RNASEQ,PMT1693,,conserved hypothetical protein,Unknown,2.0,down,-12.59828517,0.0,20h
10.1038/ismej.2016.70_coculture_alteromonas_hot1a3_mit9313_rnaseq_inoc_05e6,Prochlorococcus MIT9313,Prochlorococcus,RNASEQ,PMT_2051,,conserved hypothetical protein,Secondary metabolites,2.0,up,11.34485068,0.0,20h
10.1038/ismej.2016.70_coculture_alteromonas_hot1a3_mit9313_rnaseq_inoc_05e6,Prochlorococcus MIT9313,Prochlorococcus,RNASEQ,PMT0845,,"possible Histidine kinase-, DNA gyrase B-, phy",Carbohydrate metabolism,3.0,down,-12.55098721,0.0,20h
10.1038/ismej.2016.70_coculture_alteromonas_hot1a3_mit9313_rnaseq_inoc_05e6,Prochlorococcus MIT9313,Prochlorococcus,RNASEQ,PMT1684,,conserved hypothetical protein,Unknown,3.0,up,10.81458247,0.0,20h
10.1038/ismej.2016.70_coculture_alteromonas_hot1a3_mit9313_rnaseq_inoc_05e6,Prochlorococcus MIT9313,Prochlorococcus,RNASEQ,PMT0892,,conserved hypothetical protein,Unknown,4.0,up,10.73216743,2.88e-214,20h
10.1038/ismej.2016.70_coculture_alteromonas_hot1a3_mit9313_rnaseq_inoc_05e6,Prochlorococcus MIT9313,Prochlorococcus,RNASEQ,PMT1283,phhB,pterin-4-alpha-carbinolamine dehydratase,Carbohydrate metabolism,4.0,down,-12.37204883,0.0,20h
10.1038/ismej.2016.70_coculture_alteromonas_hot1a3_mit9313_rnaseq_inoc_05e6,Prochlorococcus MIT9313,Prochlorococcus,RNASEQ,PMT1906,,conserved hypothetical protein,Unknown,5.0,up,10.34540525,3.84e-88,20h
10.1038/ismej.2016.70_coculture_alteromonas_hot1a3_mit9313_rnaseq_inoc_05e6,Prochlorococcus MIT9313,Prochlorococcus,RNASEQ,PMT2266,,conserved hypothetical protein,Unknown,5.0,down,-12.22911922,0.0,20h
10.1038/ismej.2016.70_coculture_alteromonas_hot1a3_mit9313_rnaseq_inoc_05e6,Prochlorococcus MIT9313,Prochlorococcus,RNASEQ,PMT0800,,hypothetical protein,Unknown,6.0,up,4.51668005,1.84e-240,20h
10.1038/ismej.2016.70_coculture_alteromonas_hot1a3_mit9313_rnaseq_inoc_05e6,Prochlorococcus MIT9313,Prochlorococcus,RNASEQ,PMT2262,,uncharacterized conserved membrane protein,Unknown,6.0,down,-12.19875197,0.0,20h
10.1038/ismej.2016.70_coculture_alteromonas_hot1a3_mit9313_rnaseq_inoc_05e6,Prochlorococcus MIT9313,Prochlorococcus,RNASEQ,PMT1436,,conserved hypothetical protein,Unknown,7.0,down,-12.13602985,0.0,20h
10.1038/ismej.2016.70_coculture_alteromonas_hot1a3_mit9313_rnaseq_inoc_05e6,Prochlorococcus MIT9313,Prochlorococcus,RNASEQ,PMT2112,,possible Alanine racemase,Unknown,7.0,up,3.900175912,7.320000000000002e-97,20h
10.1038/ismej.2016.70_coculture_alteromonas_hot1a3_mit9313_rnaseq_inoc_05e6,Prochlorococcus MIT9313,Prochlorococcus,RNASEQ,PMT0279,,conserved hypothetical protein,Unknown,8.0,up,3.354301602,1.41e-57,20h
10.1038/ismej.2016.70_coculture_alteromonas_hot1a3_mit9313_rnaseq_inoc_05e6,Prochlorococcus MIT9313,Prochlorococcus,RNASEQ,PMT2081,,conserved hypothetical protein,Unknown,8.0,down,-12.10361566,0.0,20h
10.1038/ismej.2016.70_coculture_alteromonas_hot1a3_mit9313_rnaseq_inoc_05e6,Prochlorococcus MIT9313,Prochlorococcus,RNASEQ,PMT0365,,conserved membrane protein,Unknown,9.0,down,-12.07045642,0.0,20h
10.1038/ismej.2016.70_coculture_alteromonas_hot1a3_mit9313_rnaseq_inoc_05e6,Prochlorococcus MIT9313,Prochlorococcus,RNASEQ,PMT1021,,hypothetical protein,Unknown,9.0,up,3.270864723,2.31e-74,20h
10.1038/ismej.2016.70_coculture_alteromonas_hot1a3_mit9313_rnaseq_inoc_05e6,Prochlorococcus MIT9313,Prochlorococcus,RNASEQ,PMT1437,,AEC transporter family,Transport,10.0,up,3.054669665,1.1399999999999999e-46,20h
10.1038/ismej.2016.70_coculture_alteromonas_hot1a3_mit9313_rnaseq_inoc_05e6,Prochlorococcus MIT9313,Prochlorococcus,RNASEQ,PMT1774,,possible Methanol dehydrogenase beta subunit,Unknown,10.0,down,-12.00176003,0.0,20h
10.1038/ismej.2016.70_coculture_alteromonas_hot1a3_mit9313_rnaseq_inoc_5e6,Prochlorococcus MIT9313,Prochlorococcus,RNASEQ,PMT0992,hli,high light inducible protein,Stress response and adaptation,1.0,down,-12.16773174,0.0,20h
10.1038/ismej.2016.70_coculture_alteromonas_hot1a3_mit9313_rnaseq_inoc_5e6,Prochlorococcus MIT9313,Prochlorococcus,RNASEQ,PMT1571,,hypothetical protein,Unknown,1.0,up,5.047449869,0.0,20h
10.1038/ismej.2016.70_coculture_alteromonas_hot1a3_mit9313_rnaseq_inoc_5e6,Prochlorococcus MIT9313,Prochlorococcus,RNASEQ,PMT0651,mrnC,ribonuclease III domain protein,Stress response and adaptation,2.0,down,-5.713837343,0.0,20h
10.1038/ismej.2016.70_coculture_alteromonas_hot1a3_mit9313_rnaseq_inoc_5e6,Prochlorococcus MIT9313,Prochlorococcus,RNASEQ,PMT1599,,putative ATP-dependent protease,Regulatory functions,2.0,up,4.308293969,5.45e-50,20h
10.1038/ismej.2016.70_coculture_alteromonas_hot1a3_mit9313_rnaseq_inoc_5e6,Prochlorococcus MIT9313,Prochlorococcus,RNASEQ,PMT0585,wcaA,"beta-glycosyltransferase, family 2",Cell wall and membrane,3.0,down,-2.734923733,0.007408019,20h
10.1038/ismej.2016.70_coculture_alteromonas_hot1a3_mit9313_rnaseq_inoc_5e6,Prochlorococcus MIT9313,Prochlorococcus,RNASEQ,PMT1570,,hypothetical protein,Transcription,3.0,up,4.255031708,0.0,20h
10.1038/ismej.2016.70_coculture_alteromonas_hot1a3_mit9313_rnaseq_inoc_5e6,Prochlorococcus MIT9313,Prochlorococcus,RNASEQ,PMT1572,,hypothetical protein,Lipid metabolism,4.0,up,4.206681695,0.0,20h
10.1038/ismej.2016.70_coculture_alteromonas_hot1a3_mit9313_rnaseq_inoc_5e6,Prochlorococcus MIT9313,Prochlorococcus,RNASEQ,PMT2117,,possible D12 class N6 adenine-specific DNA met,Unknown,5.0,up,3.998241706,0.0,20h
10.1038/ismej.2016.70_coculture_alteromonas_hot1a3_mit9313_rnaseq_inoc_5e6,Prochlorococcus MIT9313,Prochlorococcus,RNASEQ,PMT1940,,possible Peptidase family C9,Unknown,6.0,up,3.992883487,0.0,20h
10.1038/ismej.2016.70_coculture_alteromonas_hot1a3_mit9313_rnaseq_inoc_5e6,Prochlorococcus MIT9313,Prochlorococcus,RNASEQ,PMT1005,,possible Gamma-thionins family,Unknown,7.0,up,3.98654611,9.04e-40,20h
10.1038/ismej.2016.70_coculture_alteromonas_hot1a3_mit9313_rnaseq_inoc_5e6,Prochlorococcus MIT9313,Prochlorococcus,RNASEQ,PMT0631,,conserved hypothetical protein,Unknown,8.0,up,3.951909589,0.0,20h
10.1038/ismej.2016.70_coculture_alteromonas_hot1a3_mit9313_rnaseq_inoc_5e6,Prochlorococcus MIT9313,Prochlorococcus,RNASEQ,PMT0328,,"possible bromodomain adjacent to zinc finger domain, 2B...",Unknown,9.0,up,3.783421723,3.66e-139,20h
10.1038/ismej.2016.70_coculture_alteromonas_hot1a3_mit9313_rnaseq_inoc_5e6,Prochlorococcus MIT9313,Prochlorococcus,RNASEQ,PMT2138,,hypothetical protein,Unknown,10.0,up,3.749200455,0.0,20h
10.1038/ismej.2016.82_coculture_alteromonas_macleodii_mit1002_natl2a_rnaseq,Prochlorococcus NATL2A,Prochlorococcus,RNASEQ,PMN2A_0476,PMN2A_RS05400,conserved hypothetical protein,Unknown,1.0,down,-1.862,0.1,12h
10.1038/ismej.2016.82_coculture_alteromonas_macleodii_mit1002_natl2a_rnaseq,Prochlorococcus NATL2A,Prochlorococcus,RNASEQ,PMN2A_0592,PMN2A_RS06075,conserved hypothetical protein,Unknown,1.0,down,-1.465,0.1,24h
10.1038/ismej.2016.82_coculture_alteromonas_macleodii_mit1002_natl2a_rnaseq,Prochlorococcus NATL2A,Prochlorococcus,RNASEQ,PMN2A_1971,,conserved hypothetical protein,Unknown,1.0,up,1.025,0.1,48h
10.1038/ismej.2016.82_coculture_alteromonas_macleodii_mit1002_natl2a_rnaseq,Prochlorococcus NATL2A,Prochlorococcus,RNASEQ,PMN2A_0509,hli,high light inducible protein,Stress response and adaptation,2.0,down,-0.427,0.1,6h
10.1038/ismej.2016.82_coculture_alteromonas_macleodii_mit1002_natl2a_rnaseq,Prochlorococcus NATL2A,Prochlorococcus,RNASEQ,PMN2A_0525,PMN2A_RS10655,conserved hypothetical protein family PM-14,Unknown,2.0,up,1.0,0.1,48h
10.1038/ismej.2016.82_coculture_alteromonas_macleodii_mit1002_natl2a_rnaseq,Prochlorococcus NATL2A,Prochlorococcus,RNASEQ,PMN2A_2099,,conserved hypothetical protein,Unknown,2.0,down,-1.292,0.1,48h
10.1038/ismej.2016.82_coculture_alteromonas_macleodii_mit1002_natl2a_rnaseq,Prochlorococcus NATL2A,Prochlorococcus,RNASEQ,PMN2A_0561,PMN2A_RS05895,plastid lipid-associated protein (PAP)/fibrillin family,Coenzyme metabolism,3.0,down,-1.436,0.1,24h
10.1038/ismej.2016.82_coculture_alteromonas_macleodii_mit1002_natl2a_rnaseq,Prochlorococcus NATL2A,Prochlorococcus,RNASEQ,PMN2A_0569,,uncharacterized conserved membrane protein,Unknown,3.0,down,-1.28,0.1,48h
10.1038/ismej.2016.82_coculture_alteromonas_macleodii_mit1002_natl2a_rnaseq,Prochlorococcus NATL2A,Prochlorococcus,RNASEQ,PMN2A_1941,,conserved hypothetical protein,Unknown,3.0,up,0.964,0.1,48h
10.1038/ismej.2016.82_coculture_alteromonas_macleodii_mit1002_natl2a_rnaseq,Prochlorococcus NATL2A,Prochlorococcus,RNASEQ,PMN2A_0619,PMN2A_RS10785,conserved hypothetical protein family PM-14,Unknown,4.0,up,0.906,0.1,48h
10.1038/ismej.2016.82_coculture_alteromonas_macleodii_mit1002_natl2a_rnaseq,Prochlorococcus NATL2A,Prochlorococcus,RNASEQ,PMN2A_2019,PMN2A_RS10620,Conserved hypothetical protein,Unknown,4.0,up,1.023,0.1,24h
10.1038/ismej.2016.82_coculture_alteromonas_macleodii_mit1002_natl2a_rnaseq,Prochlorococcus NATL2A,Prochlorococcus,RNASEQ,PMN2A_2022,hli,possible high light inducible protein,Stress response and adaptation,4.0,down,-0.409,0.1,6h
10.1038/ismej.2016.82_coculture_alteromonas_macleodii_mit1002_natl2a_rnaseq,Prochlorococcus NATL2A,Prochlorococcus,RNASEQ,PMN2A_0553,hli,high light inducible protein,Stress response and adaptation,5.0,down,-1.242,0.1,48h
10.1038/ismej.2016.82_coculture_alteromonas_macleodii_mit1002_natl2a_rnaseq,Prochlorococcus NATL2A,Prochlorococcus,RNASEQ,PMN2A_0620,PMN2A_RS06235,possible Legume lectins alpha domain,Unknown,5.0,up,0.902,0.1,48h
10.1038/ismej.2016.82_coculture_alteromonas_macleodii_mit1002_natl2a_rnaseq,Prochlorococcus NATL2A,Prochlorococcus,RNASEQ,PMN2A_0578,hli,high light inducible protein,Stress response and adaptation,7.0,down,-1.219,0.1,48h
10.1038/ismej.2016.82_coculture_alteromonas_macleodii_mit1002_natl2a_rnaseq,Prochlorococcus NATL2A,Prochlorococcus,RNASEQ,PMN2A_2046,PMN2A_RS05770,conserved hypothetical protein,Unknown,7.0,up,0.929,0.1,24h
10.1038/ismej.2016.82_coculture_alteromonas_macleodii_mit1002_natl2a_rnaseq,Prochlorococcus NATL2A,Prochlorococcus,RNASEQ,PMN2A_0551,hli,high light inducible protein,Stress response and adaptation,8.0,down,-1.212,0.1,12h
10.1038/ismej.2016.82_coculture_alteromonas_macleodii_mit1002_natl2a_rnaseq,Prochlorococcus NATL2A,Prochlorococcus,RNASEQ,PMN2A_1715,hli,high light inducible protein,Stress response and adaptation,8.0,down,-1.216,0.1,48h
10.1016/j.micres.2015.04.006_salt_saltacclimated_5_salt_as9601_rnaseq,Prochlorococcus AS9601,Prochlorococcus,RNASEQ,A9601_12501,,Conserved hypothetical protein,Unknown,1.0,up,4.28,0.0,acclimated
10.1016/j.micres.2015.04.006_salt_saltacclimated_5_salt_as9601_rnaseq,Prochlorococcus AS9601,Prochlorococcus,RNASEQ,A9601_15891,,conserved hypothetical protein,Unknown,1.0,down,-4.77,0.0,acclimated
10.1016/j.micres.2015.04.006_salt_saltacclimated_5_salt_as9601_rnaseq,Prochlorococcus AS9601,Prochlorococcus,RNASEQ,A9601_04211,hli,high light inducible protein,Stress response and adaptation,2.0,up,4.11,0.0,acclimated
10.1016/j.micres.2015.04.006_salt_saltacclimated_5_salt_as9601_rnaseq,Prochlorococcus AS9601,Prochlorococcus,RNASEQ,A9601_15761,,Hypothetical protein,Unknown,2.0,down,-3.97,0.0,acclimated
10.1016/j.micres.2015.04.006_salt_saltacclimated_5_salt_as9601_rnaseq,Prochlorococcus AS9601,Prochlorococcus,RNASEQ,A9601_12511,hli,high light inducible protein,Stress response and adaptation,3.0,up,3.75,0.0,acclimated
10.1016/j.micres.2015.04.006_salt_saltacclimated_5_salt_as9601_rnaseq,Prochlorococcus AS9601,Prochlorococcus,RNASEQ,A9601_16241,,conserved hypothetical protein,Unknown,3.0,down,-3.94,0.04,acclimated
10.1016/j.micres.2015.04.006_salt_saltacclimated_5_salt_as9601_rnaseq,Prochlorococcus AS9601,Prochlorococcus,RNASEQ,A9601_04091,,conserved hypothetical protein,Unknown,4.0,up,3.71,0.1,acclimated
10.1016/j.micres.2015.04.006_salt_saltacclimated_5_salt_as9601_rnaseq,Prochlorococcus AS9601,Prochlorococcus,RNASEQ,A9601_11361,,WD40-repeat-containing protein,Unknown,4.0,down,-3.4,0.0,acclimated
10.1016/j.micres.2015.04.006_salt_saltacclimated_5_salt_as9601_rnaseq,Prochlorococcus AS9601,Prochlorococcus,RNASEQ,A9601_12821,,conserved hypothetical protein,Unknown,5.0,down,-3.33,0.0,acclimated
10.1016/j.micres.2015.04.006_salt_saltacclimated_5_salt_as9601_rnaseq,Prochlorococcus AS9601,Prochlorococcus,RNASEQ,A9601_13071,,uncharacterized conserved secreted protein,Unknown,5.0,up,3.26,0.0,acclimated
10.1016/j.micres.2015.04.006_salt_saltacclimated_5_salt_as9601_rnaseq,Prochlorococcus AS9601,Prochlorococcus,RNASEQ,A9601_07501,hli,high light inducible protein,Stress response and adaptation,6.0,up,3.22,0.0,acclimated
10.1016/j.micres.2015.04.006_salt_saltacclimated_5_salt_as9601_rnaseq,Prochlorococcus AS9601,Prochlorococcus,RNASEQ,A9601_11371,,conserved hypothetical protein,Unknown,6.0,down,-3.29,0.0,acclimated
10.1016/j.micres.2015.04.006_salt_saltacclimated_5_salt_as9601_rnaseq,Prochlorococcus AS9601,Prochlorococcus,RNASEQ,A9601_04201,hli,high light inducible protein,Stress response and adaptation,7.0,up,3.04,0.0,acclimated
10.1016/j.micres.2015.04.006_salt_saltacclimated_5_salt_as9601_rnaseq,Prochlorococcus AS9601,Prochlorococcus,RNASEQ,A9601_12991,,conserved hypothetical protein,Unknown,7.0,down,-3.2,0.01,acclimated
10.1016/j.micres.2015.04.006_salt_saltacclimated_5_salt_as9601_rnaseq,Prochlorococcus AS9601,Prochlorococcus,RNASEQ,A9601_13051,hli,high light inducible protein,Stress response and adaptation,8.0,up,2.96,0.0,acclimated
10.1016/j.micres.2015.04.006_salt_saltacclimated_5_salt_as9601_rnaseq,Prochlorococcus AS9601,Prochlorococcus,RNASEQ,A9601_15841,,conserved hypothetical protein,Unknown,8.0,down,-3.15,0.0,acclimated
10.1016/j.micres.2015.04.006_salt_saltacclimated_5_salt_as9601_rnaseq,Prochlorococcus AS9601,Prochlorococcus,RNASEQ,A9601_12911,,conserved hypothetical protein,Unknown,9.0,down,-3.11,0.23,acclimated
10.1016/j.micres.2015.04.006_salt_saltacclimated_5_salt_as9601_rnaseq,Prochlorococcus AS9601,Prochlorococcus,RNASEQ,A9601_18411,,conserved hypothetical protein,Cell cycle and division,9.0,up,2.95,0.45,acclimated
10.1016/j.micres.2015.04.006_salt_saltacclimated_5_salt_as9601_rnaseq,Prochlorococcus AS9601,Prochlorococcus,RNASEQ,A9601_07811,pdeM,"metallophosphoesterase, DNA ligase-associated",Replication and repair,10.0,up,2.92,0.01,acclimated
10.1016/j.micres.2015.04.006_salt_saltacclimated_5_salt_as9601_rnaseq,Prochlorococcus AS9601,Prochlorococcus,RNASEQ,A9601_15901,,conserved hypothetical protein,Unknown,10.0,down,-3.04,0.0,acclimated
10.1038/ismej.2015.36_carbon_air_0036_co2_21_med4_microarray,Prochlorococcus MED4,Prochlorococcus,MICROARRAY,PMM0970,urtA,"ABC-type urea transporter, substrate binding component",Stress response and adaptation,1.0,up,2.1,,max across 3-24h
10.1038/ismej.2015.36_carbon_air_0036_co2_21_med4_microarray,Prochlorococcus MED4,Prochlorococcus,MICROARRAY,PMM2057,,Hypothetical protein,Unknown,1.0,down,-2.7,,max across 3-24h
10.1038/ismej.2015.36_carbon_air_0036_co2_21_med4_microarray,Prochlorococcus MED4,Prochlorococcus,MICROARRAY,PMM0195,pgk,phosphoglycerate kinase,Energy production,2.0,up,1.8,,max across 3-24h
10.1038/ismej.2015.36_carbon_air_0036_co2_21_med4_microarray,Prochlorococcus MED4,Prochlorococcus,MICROARRAY,PMM1999,,Conserved hypothetical protein,Unknown,2.0,down,-2.4,,max across 3-24h
10.1038/ismej.2015.36_carbon_air_0036_co2_21_med4_microarray,Prochlorococcus MED4,Prochlorococcus,MICROARRAY,PMM1147,pntA1,"pyridine nucleotide transhydrogenase, subunit alpha1 (A1)",Coenzyme metabolism,3.0,up,1.7,,max across 3-24h
10.1038/ismej.2015.36_carbon_air_0036_co2_21_med4_microarray,Prochlorococcus MED4,Prochlorococcus,MICROARRAY,PMM2069,,Hypothetical protein,Unknown,3.0,down,-2.4,,max across 3-24h
10.1038/ismej.2015.36_carbon_air_0036_co2_21_med4_microarray,Prochlorococcus MED4,Prochlorococcus,MICROARRAY,PMM0252,psbN,photosystem II reaction center assembly factor,Photosynthesis,4.0,up,1.6,,max across 3-24h
10.1038/ismej.2015.36_carbon_air_0036_co2_21_med4_microarray,Prochlorococcus MED4,Prochlorococcus,MICROARRAY,PMM1988,,Conserved hypothetical protein,Unknown,4.0,down,-2.1,,max across 3-24h
10.1038/ismej.2015.36_carbon_air_0036_co2_21_med4_microarray,Prochlorococcus MED4,Prochlorococcus,MICROARRAY,PMM1829,,Conserved hypothetical protein,Unknown,5.0,down,-1.8,,max across 3-24h
10.1038/ismej.2015.36_carbon_air_0036_co2_21_med4_microarray,Prochlorococcus MED4,Prochlorococcus,MICROARRAY,PMM1983,,uncharacterized conserved membrane protein,Unknown,5.0,up,1.6,,max across 3-24h
10.1038/ismej.2015.36_carbon_air_0036_co2_21_med4_microarray,Prochlorococcus MED4,Prochlorococcus,MICROARRAY,PMM0817,hli,high light inducible protein,Stress response and adaptation,6.0,down,-1.7,,max across 3-24h
10.1038/ismej.2015.36_carbon_air_0036_co2_21_med4_microarray,Prochlorococcus MED4,Prochlorococcus,MICROARRAY,PMM1984,,Hypothetical protein,Unknown,6.0,up,1.6,,max across 3-24h
10.1038/ismej.2015.36_carbon_air_0036_co2_21_med4_microarray,Prochlorococcus MED4,Prochlorococcus,MICROARRAY,PMM1118,hli,high light inducible protein,Stress response and adaptation,7.0,down,-1.7,,max across 3-24h
10.1038/ismej.2015.36_carbon_air_0036_co2_21_med4_microarray,Prochlorococcus MED4,Prochlorococcus,MICROARRAY,PMM1869,,uncharacterized conserved membrane protein,Unknown,7.0,up,1.5,,max across 3-24h
10.1038/ismej.2015.36_carbon_air_0036_co2_21_med4_microarray,Prochlorococcus MED4,Prochlorococcus,MICROARRAY,PMM1135,hli,high light inducible protein,Stress response and adaptation,8.0,down,-1.7,,max across 3-24h
10.1038/ismej.2015.36_carbon_air_0036_co2_21_med4_microarray,Prochlorococcus MED4,Prochlorococcus,MICROARRAY,PMM1985,,conserved hypothetical protein,Unknown,8.0,up,1.5,,max across 3-24h
10.1038/ismej.2015.36_carbon_air_0036_co2_21_med4_microarray,Prochlorococcus MED4,Prochlorococcus,MICROARRAY,PMM0265,,doxX family protein,Unknown,9.0,up,1.4,,max across 3-24h
10.1038/ismej.2015.36_carbon_air_0036_co2_21_med4_microarray,Prochlorococcus MED4,Prochlorococcus,MICROARRAY,PMM1384,hli,high light inducible protein,Stress response and adaptation,9.0,down,-1.7,,max across 3-24h
10.1038/ismej.2015.36_carbon_air_0036_co2_21_med4_microarray,Prochlorococcus MED4,Prochlorococcus,MICROARRAY,PMM0972,urtC,"ABC-type urea transporter, membrane component",Stress response and adaptation,10.0,up,1.4,,max across 3-24h
10.1038/ismej.2015.36_carbon_air_0036_co2_21_med4_microarray,Prochlorococcus MED4,Prochlorococcus,MICROARRAY,PMM1819,,Conserved hypothetical protein,Unknown,10.0,down,-1.7,,max across 3-24h
10.1038/ismej.2015.36_carbon_ambient_co2_no_o2_med4_microarray,Prochlorococcus MED4,Prochlorococcus,MICROARRAY,PMM1135,hli,high light inducible protein,Stress response and adaptation,1,up,1.7,,max across 3-24h
10.1038/ismej.2015.36_carbon_ambient_co2_no_o2_med4_microarray,Prochlorococcus MED4,Prochlorococcus,MICROARRAY,PMM1842,,Hypothetical protein,Unknown,2,up,0.8,,max across 3-24h
10.1038/ismej.2015.36_carbon_ambient_co2_no_o2_med4_microarray,Prochlorococcus MED4,Prochlorococcus,MICROARRAY,PMM0146,,uncharacterized conserved membrane protein (DUF3172),Unknown,3,up,0.7,,max across 3-24h
10.1038/ismej.2015.36_carbon_ambient_co2_no_o2_med4_microarray,Prochlorococcus MED4,Prochlorococcus,MICROARRAY,PMM1984,,Hypothetical protein,Unknown,4,up,0.7,,max across 3-24h
10.1038/ismej.2015.36_carbon_low_co2_0004_co2_med4_microarray,Prochlorococcus MED4,Prochlorococcus,MICROARRAY,PMM0627,pcb,"divinyl-chlorophyll a/b binding light harvesting protein, photosystem II-associated",Stress response and adaptation,1.0,down,-4.5,,max across 3-24h
10.1038/ismej.2015.36_carbon_low_co2_0004_co2_med4_microarray,Prochlorococcus MED4,Prochlorococcus,MICROARRAY,PMM1979,,Conserved hypothetical protein,Unknown,1.0,up,4.6,,max across 3-24h
10.1038/ismej.2015.36_carbon_low_co2_0004_co2_med4_microarray,Prochlorococcus MED4,Prochlorococcus,MICROARRAY,PMM0336,PTOX,plastoquinol terminal oxidase,Stress response and adaptation,2.0,up,3.7,,max across 3-24h
10.1038/ismej.2015.36_carbon_low_co2_0004_co2_med4_microarray,Prochlorococcus MED4,Prochlorococcus,MICROARRAY,PMM1523,psaB,photosystem I core protein PsaB,Photosynthesis,2.0,down,-3.9,,max across 3-24h
10.1038/ismej.2015.36_carbon_low_co2_0004_co2_med4_microarray,Prochlorococcus MED4,Prochlorococcus,MICROARRAY,PMM1404,hli,high light inducible protein,Stress response and adaptation,3.0,up,3.4,,max across 3-24h
10.1038/ismej.2015.36_carbon_low_co2_0004_co2_med4_microarray,Prochlorococcus MED4,Prochlorococcus,MICROARRAY,PMM1451,atpA,ATP synthase alpha chain,Photosynthesis,3.0,down,-3.8,,max across 3-24h
10.1038/ismej.2015.36_carbon_low_co2_0004_co2_med4_microarray,Prochlorococcus MED4,Prochlorococcus,MICROARRAY,PMM0314,psbT,photosystem II reaction center T protein,Photosynthesis,4.0,down,-3.7,,max across 3-24h
10.1038/ismej.2015.36_carbon_low_co2_0004_co2_med4_microarray,Prochlorococcus MED4,Prochlorococcus,MICROARRAY,PMM1815,,Conserved hypothetical protein,Unknown,4.0,up,3.4,,max across 3-24h
10.1038/ismej.2015.36_carbon_low_co2_0004_co2_med4_microarray,Prochlorococcus MED4,Prochlorococcus,MICROARRAY,PMM0806,,"possible transcriptional regulator of iron metabolism, Crp/Fnr family protein",Stress response and adaptation,5.0,up,3.0,,max across 3-24h
10.1038/ismej.2015.36_carbon_low_co2_0004_co2_med4_microarray,Prochlorococcus MED4,Prochlorococcus,MICROARRAY,PMM1814,,Conserved hypothetical protein,Unknown,5.0,down,-3.3,,max across 3-24h
10.1038/ismej.2015.36_carbon_low_co2_0004_co2_med4_microarray,Prochlorococcus MED4,Prochlorococcus,MICROARRAY,PMM1894,,Conserved hypothetical protein,Unknown,6.0,up,2.9,,max across 3-24h
10.1038/ismej.2015.36_carbon_low_co2_0004_co2_med4_microarray,Prochlorococcus MED4,Prochlorococcus,MICROARRAY,PMM1931,,uncharacterized conserved membrane protein,Unknown,6.0,down,-3.2,,max across 3-24h
10.1038/ismej.2015.36_carbon_low_co2_0004_co2_med4_microarray,Prochlorococcus MED4,Prochlorococcus,MICROARRAY,PMM0970,urtA,"ABC-type urea transporter, substrate binding component",Stress response and adaptation,7.0,down,-3.1,,max across 3-24h
10.1038/ismej.2015.36_carbon_low_co2_0004_co2_med4_microarray,Prochlorococcus MED4,Prochlorococcus,MICROARRAY,PMM1958,,uncharacterized conserved membrane protein,Unknown,7.0,up,2.9,,max across 3-24h
10.1038/ismej.2015.36_carbon_low_co2_0004_co2_med4_microarray,Prochlorococcus MED4,Prochlorococcus,MICROARRAY,PMM0817,hli,high light inducible protein,Stress response and adaptation,8.0,up,2.7,,max across 3-24h
10.1038/ismej.2015.36_carbon_low_co2_0004_co2_med4_microarray,Prochlorococcus MED4,Prochlorococcus,MICROARRAY,PMM1519,psaL,photosystem I reaction centre subunit XI,Stress response and adaptation,8.0,down,-3.0,,max across 3-24h
10.1038/ismej.2015.36_carbon_low_co2_0004_co2_med4_microarray,Prochlorococcus MED4,Prochlorococcus,MICROARRAY,PMM1400,,RmlC-like cupin domain-containing protein,Post-translational modification,9.0,down,-2.8,,max across 3-24h
10.1038/ismej.2015.36_carbon_low_co2_0004_co2_med4_microarray,Prochlorococcus MED4,Prochlorococcus,MICROARRAY,PMM1819,,Conserved hypothetical protein,Unknown,9.0,up,2.7,,max across 3-24h
10.1038/ismej.2015.36_carbon_low_co2_0004_co2_med4_microarray,Prochlorococcus MED4,Prochlorococcus,MICROARRAY,PMM0819,,conserved hypothetical protein,Unknown,10.0,up,2.6,,max across 3-24h
10.1038/ismej.2015.36_carbon_low_co2_0004_co2_med4_microarray,Prochlorococcus MED4,Prochlorococcus,MICROARRAY,PMM1524,psaA,photosystem I core protein PsaA,Photosynthesis,10.0,down,-2.8,,max across 3-24h
10.1038/ismej.2015.36_carbon_low_co2_and_no_med4_microarray,Prochlorococcus MED4,Prochlorococcus,MICROARRAY,PMM1404,hli,high light inducible protein,Stress response and adaptation,1.0,up,4.8,,max across 3-24h
10.1038/ismej.2015.36_carbon_low_co2_and_no_med4_microarray,Prochlorococcus MED4,Prochlorococcus,MICROARRAY,PMM1814,,Conserved hypothetical protein,Unknown,1.0,down,-4.1,,max across 3-24h
10.1038/ismej.2015.36_carbon_low_co2_and_no_med4_microarray,Prochlorococcus MED4,Prochlorococcus,MICROARRAY,PMM0336,PTOX,plastoquinol terminal oxidase,Stress response and adaptation,2.0,up,4.4,,max across 3-24h
10.1038/ismej.2015.36_carbon_low_co2_and_no_med4_microarray,Prochlorococcus MED4,Prochlorococcus,MICROARRAY,PMM1451,atpA,ATP synthase alpha chain,Photosynthesis,2.0,down,-3.7,,max across 3-24h
10.1038/ismej.2015.36_carbon_low_co2_and_no_med4_microarray,Prochlorococcus MED4,Prochlorococcus,MICROARRAY,PMM0314,psbT,photosystem II reaction center T protein,Photosynthesis,3.0,down,-3.5,,max across 3-24h
10.1038/ismej.2015.36_carbon_low_co2_and_no_med4_microarray,Prochlorococcus MED4,Prochlorococcus,MICROARRAY,PMM0817,hli,high light inducible protein,Stress response and adaptation,3.0,up,3.8,,max across 3-24h
10.1038/ismej.2015.36_carbon_low_co2_and_no_med4_microarray,Prochlorococcus MED4,Prochlorococcus,MICROARRAY,PMM0818,hli,high light inducible protein,Stress response and adaptation,4.0,up,3.8,,max across 3-24h
10.1038/ismej.2015.36_carbon_low_co2_and_no_med4_microarray,Prochlorococcus MED4,Prochlorococcus,MICROARRAY,PMM1482,hli,high light inducible protein,Stress response and adaptation,4.0,down,-3.2,,max across 3-24h
10.1038/ismej.2015.36_carbon_low_co2_and_no_med4_microarray,Prochlorococcus MED4,Prochlorococcus,MICROARRAY,PMM1455,atpH,ATP synthase C chain,Photosynthesis,5.0,down,-3.1,,max across 3-24h
10.1038/ismej.2015.36_carbon_low_co2_and_no_med4_microarray,Prochlorococcus MED4,Prochlorococcus,MICROARRAY,PMM1815,,Conserved hypothetical protein,Unknown,5.0,up,3.2,,max across 3-24h
10.1038/ismej.2015.36_carbon_low_co2_and_no_med4_microarray,Prochlorococcus MED4,Prochlorococcus,MICROARRAY,PMM0627,pcb,"divinyl-chlorophyll a/b binding light harvesting protein, photosystem II-associated",Stress response and adaptation,6.0,down,-3.0,,max across 3-24h
10.1038/ismej.2015.36_carbon_low_co2_and_no_med4_microarray,Prochlorococcus MED4,Prochlorococcus,MICROARRAY,PMM1135,hli,high light inducible protein,Stress response and adaptation,6.0,up,2.8,,max across 3-24h
10.1038/ismej.2015.36_carbon_low_co2_and_no_med4_microarray,Prochlorococcus MED4,Prochlorococcus,MICROARRAY,PMM1397,hli,high light inducible protein,Stress response and adaptation,7.0,up,2.7,,max across 3-24h
10.1038/ismej.2015.36_carbon_low_co2_and_no_med4_microarray,Prochlorococcus MED4,Prochlorococcus,MICROARRAY,PMM1520,psaI,photosystem I reaction center subunit VIII,Stress response and adaptation,7.0,down,-3.0,,max across 3-24h
10.1038/ismej.2015.36_carbon_low_co2_and_no_med4_microarray,Prochlorococcus MED4,Prochlorococcus,MICROARRAY,PMM1438,atpB,ATP synthase beta chain,Photosynthesis,8.0,down,-2.8,,max across 3-24h
10.1038/ismej.2015.36_carbon_low_co2_and_no_med4_microarray,Prochlorococcus MED4,Prochlorococcus,MICROARRAY,PMM1819,,Conserved hypothetical protein,Unknown,8.0,up,2.7,,max across 3-24h
10.1038/ismej.2015.36_carbon_low_co2_and_no_med4_microarray,Prochlorococcus MED4,Prochlorococcus,MICROARRAY,PMM1456,atpI,ATP synthase A chain,Photosynthesis,9.0,down,-2.8,,max across 3-24h
10.1038/ismej.2015.36_carbon_low_co2_and_no_med4_microarray,Prochlorococcus MED4,Prochlorococcus,MICROARRAY,PMM1813,,conserved hypothetical protein,Unknown,9.0,up,2.5,,max across 3-24h
10.1038/ismej.2015.36_carbon_low_co2_and_no_med4_microarray,Prochlorococcus MED4,Prochlorococcus,MICROARRAY,PMM1118,hli,high light inducible protein,Stress response and adaptation,10.0,up,2.4,,max across 3-24h
10.1038/ismej.2015.36_carbon_low_co2_and_no_med4_microarray,Prochlorococcus MED4,Prochlorococcus,MICROARRAY,PMM1523,psaB,photosystem I core protein PsaB,Photosynthesis,10.0,down,-2.8,,max across 3-24h
10.1111/1462-2920.13104_phosphorus_plimited_natl2a_rnaseq_infected,Prochlorococcus NATL2A,Prochlorococcus,RNASEQ,PMN2A_0440,PMN2A_RS05215,outer membrane porin,Stress response and adaptation,1,up,7.94,2.27e-91,48h
10.1111/1462-2920.13104_phosphorus_plimited_natl2a_rnaseq_infected,Prochlorococcus NATL2A,Prochlorococcus,RNASEQ,PMN2A_0435,ptrA,"transcriptional phosphate regulator, Crp family",Stress response and adaptation,2,up,7.39,1.38e-29,49h
10.1111/1462-2920.13104_phosphorus_plimited_natl2a_rnaseq_infected,Prochlorococcus NATL2A,Prochlorococcus,RNASEQ,PMN2A_0436,phoB,two-component system response regulator RR class II (RRII)-CheY-OmpR,Stress response and adaptation,2,up,2.15,1.19e-09,59h (P added)
10.1111/1462-2920.13104_phosphorus_plimited_natl2a_rnaseq_infected,Prochlorococcus NATL2A,Prochlorococcus,RNASEQ,PMN2A_0439,PMN2A_RS05210,probable alkaline phosphatase,Secondary metabolites,2,up,6.93,9.98e-89,51h
10.1111/1462-2920.13104_phosphorus_plimited_natl2a_rnaseq_infected,Prochlorococcus NATL2A,Prochlorococcus,RNASEQ,PMN2A_0441,pstS,"phosphate ABC transporter, phosphate-binding protein PstS",Stress response and adaptation,3,up,5.53,7.09e-38,55h
10.1111/1462-2920.13104_phosphorus_plimited_natl2a_rnaseq_infected,Prochlorococcus NATL2A,Prochlorococcus,RNASEQ,PMN2A_0445,gap3,glyceraldehyde-3-phosphate dehydrogenase,Stress response and adaptation,4,up,1.92,3.36e-10,59h (P added)
10.1111/1462-2920.13104_phosphorus_plimited_natl2a_rnaseq_infected,Prochlorococcus NATL2A,Prochlorococcus,RNASEQ,PMN2A_0437,phoR,"two-component system sensor histidine kinase, phosphate sensing PhoR",Stress response and adaptation,5,up,1.53,0.000315,55h (P added)
10.1111/1462-2920.13104_phosphorus_plimited_natl2a_rnaseq_infected,Prochlorococcus NATL2A,Prochlorococcus,RNASEQ,PMN2A_0438,PMN2A_RS05205,uncharacterized conserved secreted protein,Unknown,5,up,3.82,2.21e-30,51h
10.1111/1462-2920.13104_phosphorus_plimited_natl2a_rnaseq_infected,Prochlorococcus NATL2A,Prochlorococcus,RNASEQ,PMN2A_2001,PMN2A_RS11005,conserved hypothetical protein,Unknown,5,up,3.46,8.32e-17,47h
10.1111/1462-2920.13104_phosphorus_plimited_natl2a_rnaseq_infected,Prochlorococcus NATL2A,Prochlorococcus,RNASEQ,PMN2A_0454,PMN2A_RS05290,conserved hypothetical protein,Unknown,6,up,1.81,0.02,59h (P added)
10.1111/1462-2920.13104_phosphorus_plimited_natl2a_rnaseq_infected,Prochlorococcus NATL2A,Prochlorococcus,RNASEQ,PMN2A_1997,PMN2A_RS05225,uncharacterized conserved lipoprotein,Unknown,6,up,3.08,2.87e-18,51h
10.1111/1462-2920.13104_phosphorus_plimited_natl2a_rnaseq_infected,Prochlorococcus NATL2A,Prochlorococcus,RNASEQ,PMN2A_2000,PMN2A_RS11000,conserved hypothetical protein,Unknown,6,up,3.37,1.86e-19,47h
10.1111/1462-2920.13104_phosphorus_plimited_natl2a_rnaseq_infected,Prochlorococcus NATL2A,Prochlorococcus,RNASEQ,PMN2A_0444,arsJ,"multidrug efflux transporter, MFS family",Stress response and adaptation,7,up,1.23,0.01,55h (P added)
10.1111/1462-2920.13104_phosphorus_plimited_natl2a_rnaseq_infected,Prochlorococcus NATL2A,Prochlorococcus,RNASEQ,PMN2A_0442,PMN2A_RS05230,conserved hypothetical protein,Unknown,8,up,2.58,6.39e-10,59h
10.1111/1462-2920.13104_phosphorus_plimited_natl2a_rnaseq_uninfected,Prochlorococcus NATL2A,Prochlorococcus,RNASEQ,PMN2A_0436,phoB,two-component system response regulator RR class II (RRII)-CheY-OmpR,Stress response and adaptation,1.0,up,2.14,0.000385,59h (P added)
10.1111/1462-2920.13104_phosphorus_plimited_natl2a_rnaseq_uninfected,Prochlorococcus NATL2A,Prochlorococcus,RNASEQ,PMN2A_0437,phoR,"two-component system sensor histidine kinase, phosphate sensing PhoR",Stress response and adaptation,1.0,up,2.84,1.3e-19,4h
10.1111/1462-2920.13104_phosphorus_plimited_natl2a_rnaseq_uninfected,Prochlorococcus NATL2A,Prochlorococcus,RNASEQ,PMN2A_0440,PMN2A_RS05215,outer membrane porin,Stress response and adaptation,1.0,up,6.46,0.000219,46h
10.1111/1462-2920.13104_phosphorus_plimited_natl2a_rnaseq_uninfected,Prochlorococcus NATL2A,Prochlorococcus,RNASEQ,PMN2A_1757,PMN2A_RS02250,outer membrane porin,Stress response and adaptation,1.0,down,-1.38,1.45e-13,59h
10.1111/1462-2920.13104_phosphorus_plimited_natl2a_rnaseq_uninfected,Prochlorococcus NATL2A,Prochlorococcus,RNASEQ,PMN2A_0441,pstS,"phosphate ABC transporter, phosphate-binding protein PstS",Stress response and adaptation,2.0,up,4.47,0.04,46h
10.1111/1462-2920.13104_phosphorus_plimited_natl2a_rnaseq_uninfected,Prochlorococcus NATL2A,Prochlorococcus,RNASEQ,PMN2A_0445,gap3,glyceraldehyde-3-phosphate dehydrogenase,Stress response and adaptation,2.0,up,2.64,2.34e-26,4h
10.1111/1462-2920.13104_phosphorus_plimited_natl2a_rnaseq_uninfected,Prochlorococcus NATL2A,Prochlorococcus,RNASEQ,PMN2A_0444,arsJ,"multidrug efflux transporter, MFS family",Stress response and adaptation,4.0,up,2.42,9.24e-14,4h
10.1038/ismej.2014.69_coculture_hco3_vs_axenic_shew_w3181_rnaseq,Shewanella sp. W3-18-1,Shewanella,RNASEQ,Sputw3181_2878,,hypothetical protein,Unknown,1,up,6.79012038464125,,steady state
10.1038/ismej.2014.69_coculture_hco3_vs_axenic_shew_w3181_rnaseq,Shewanella sp. W3-18-1,Shewanella,RNASEQ,Sputw3181_1206,yhbV,U32 family peptidase,Post-translational modification,2,up,6.510012465448515,,steady state
10.1038/ismej.2014.69_coculture_hco3_vs_axenic_shew_w3181_rnaseq,Shewanella sp. W3-18-1,Shewanella,RNASEQ,Sputw3181_2907,,hypothetical protein,Unknown,3,up,6.510012465448515,,steady state
10.1038/ismej.2014.69_coculture_hco3_vs_axenic_shew_w3181_rnaseq,Shewanella sp. W3-18-1,Shewanella,RNASEQ,Sputw3181_0086,glcB,malate synthase,Energy production,4,up,6.1037074404803935,,steady state
10.1038/ismej.2014.69_coculture_hco3_vs_axenic_shew_w3181_rnaseq,Shewanella sp. W3-18-1,Shewanella,RNASEQ,Sputw3181_2866,aceB,malate synthase A,Energy production,5,up,5.680042992622571,,steady state
10.1038/ismej.2014.69_coculture_hco3_vs_axenic_shew_w3181_rnaseq,Shewanella sp. W3-18-1,Shewanella,RNASEQ,Sputw3181_2088,trhA,PAQR family membrane homeostasis protein TrhA,Unknown,6,up,4.678071905112637,,steady state
10.1038/ismej.2014.69_coculture_hco3_vs_axenic_shew_w3181_rnaseq,Shewanella sp. W3-18-1,Shewanella,RNASEQ,Sputw3181_1408,flgD,flagellar hook assembly protein FlgD,Cell motility,7,up,4.4269356196483365,,steady state
10.1038/ismej.2014.69_coculture_hco3_vs_axenic_shew_w3181_rnaseq,Shewanella sp. W3-18-1,Shewanella,RNASEQ,Sputw3181_2865,aceA,isocitrate lyase,Energy production,8,up,4.2861418728343015,,steady state
10.1038/ismej.2014.69_coculture_hco3_vs_axenic_shew_w3181_rnaseq,Shewanella sp. W3-18-1,Shewanella,RNASEQ,Sputw3181_1098,mobH,MobH family relaxase,Unknown,9,up,4.1586601753464985,,steady state
10.1038/ismej.2014.69_coculture_hco3_vs_axenic_shew_w3181_rnaseq,Shewanella sp. W3-18-1,Shewanella,RNASEQ,Sputw3181_0575,,cytochrome c-type biogenesis protein CcmH,Energy production,10,up,4.105175192265479,,steady state
10.1038/ismej.2014.69_coculture_lactate_vs_axenic_shew_w3181_rnaseq,Shewanella sp. W3-18-1,Shewanella,RNASEQ,Sputw3181_0808,csgB,curlin,Unknown,1,up,5.537606691495291,,steady state
10.1038/ismej.2014.69_coculture_lactate_vs_axenic_shew_w3181_rnaseq,Shewanella sp. W3-18-1,Shewanella,RNASEQ,Sputw3181_0807,,curlin,Unknown,2,up,5.307428525192248,,steady state
10.1038/ismej.2014.69_coculture_lactate_vs_axenic_shew_w3181_rnaseq,Shewanella sp. W3-18-1,Shewanella,RNASEQ,Sputw3181_0961,csgE,curli production assembly/transport protein CsgE,Unknown,3,up,4.947198584262056,,steady state
10.1038/ismej.2014.69_coculture_lactate_vs_axenic_shew_w3181_rnaseq,Shewanella sp. W3-18-1,Shewanella,RNASEQ,Sputw3181_0700,glnK,P-II family nitrogen regulator,Transcription,4,up,4.669593751188333,,steady state
10.1038/ismej.2014.69_coculture_lactate_vs_axenic_shew_w3181_rnaseq,Shewanella sp. W3-18-1,Shewanella,RNASEQ,Sputw3181_0615,,TorF family putative porin,Unknown,5,up,4.647890091059215,,steady state
10.1038/ismej.2014.69_coculture_lactate_vs_axenic_shew_w3181_rnaseq,Shewanella sp. W3-18-1,Shewanella,RNASEQ,Sputw3181_0962,csgF,curli assembly protein CsgF,Unknown,6,up,4.567423757707283,,steady state
10.1038/ismej.2014.69_coculture_lactate_vs_axenic_shew_w3181_rnaseq,Shewanella sp. W3-18-1,Shewanella,RNASEQ,Sputw3181_0963,csgG,CsgG/HfaB family protein,Cell wall and membrane,7,up,3.997292407636508,,steady state
10.1038/ismej.2014.69_coculture_lactate_vs_axenic_shew_w3181_rnaseq,Shewanella sp. W3-18-1,Shewanella,RNASEQ,Sputw3181_2857,malQ,4-alpha-glucanotransferase,Carbohydrate metabolism,8,up,3.6610654798069477,,steady state
10.1038/ismej.2014.69_coculture_lactate_vs_axenic_shew_w3181_rnaseq,Shewanella sp. W3-18-1,Shewanella,RNASEQ,Sputw3181_2878,,hypothetical protein,Unknown,9,up,3.456806149230474,,steady state
10.1038/ismej.2014.69_coculture_lactate_vs_axenic_shew_w3181_rnaseq,Shewanella sp. W3-18-1,Shewanella,RNASEQ,Sputw3181_3466,,transposase,Replication and repair,10,up,3.1618876823768938,,steady state
10.1038/ismej.2014.69_coculture_hco3_vs_lactate_shew_w3181_rnaseq,Shewanella sp. W3-18-1,Shewanella,RNASEQ,Sputw3181_0919,,LysR family transcriptional regulator,Transcription,1,up,7.287620044112067,,steady state
10.1038/ismej.2014.69_coculture_hco3_vs_lactate_shew_w3181_rnaseq,Shewanella sp. W3-18-1,Shewanella,RNASEQ,Sputw3181_0575,,cytochrome c-type biogenesis protein CcmH,Energy production,2,up,7.024585638278273,,steady state
10.1038/ismej.2014.69_coculture_hco3_vs_lactate_shew_w3181_rnaseq,Shewanella sp. W3-18-1,Shewanella,RNASEQ,Sputw3181_1206,yhbV,U32 family peptidase,Post-translational modification,3,up,6.510012465448515,,steady state
10.1038/ismej.2014.69_coculture_hco3_vs_lactate_shew_w3181_rnaseq,Shewanella sp. W3-18-1,Shewanella,RNASEQ,Sputw3181_2907,,hypothetical protein,Unknown,4,up,6.510012465448515,,steady state
10.1038/ismej.2014.69_coculture_hco3_vs_lactate_shew_w3181_rnaseq,Shewanella sp. W3-18-1,Shewanella,RNASEQ,Sputw3181_0086,glcB,malate synthase,Energy production,5,up,6.402585758232587,,steady state
10.1038/ismej.2014.69_coculture_hco3_vs_lactate_shew_w3181_rnaseq,Shewanella sp. W3-18-1,Shewanella,RNASEQ,Sputw3181_4089,,helix-turn-helix domain-containing protein,Transcription,6,up,6.162089162028208,,steady state
10.1038/ismej.2014.69_coculture_hco3_vs_lactate_shew_w3181_rnaseq,Shewanella sp. W3-18-1,Shewanella,RNASEQ,Sputw3181_1098,mobH,MobH family relaxase,Unknown,7,up,4.620586410451877,,steady state
10.1038/ismej.2014.69_coculture_hco3_vs_lactate_shew_w3181_rnaseq,Shewanella sp. W3-18-1,Shewanella,RNASEQ,Sputw3181_2866,aceB,malate synthase A,Energy production,8,up,4.594548549550354,,steady state
10.1038/ismej.2014.69_coculture_hco3_vs_lactate_shew_w3181_rnaseq,Shewanella sp. W3-18-1,Shewanella,RNASEQ,Sputw3181_2494,,hypothetical protein,Unknown,9,up,4.563158130402808,,steady state
10.1038/ismej.2014.69_coculture_hco3_vs_lactate_shew_w3181_rnaseq,Shewanella sp. W3-18-1,Shewanella,RNASEQ,Sputw3181_2286,,marine proteobacterial sortase target protein,Unknown,10,up,4.341274183692174,,steady state
10.1038/ismej.2014.69_coculture_hco3_vs_axenic_syn7002_rnaseq,Synechococcus PCC 7002,Picosynechococcus,RNASEQ,SYNPCC7002_D0014,,ParM/StbA family protein,Unknown,1,up,6.643856189774724,,steady state
10.1038/ismej.2014.69_coculture_hco3_vs_axenic_syn7002_rnaseq,Synechococcus PCC 7002,Picosynechococcus,RNASEQ,SYNPCC7002_E0006,,hypothetical protein,Unknown,2,up,6.643856189774724,,steady state
10.1038/ismej.2014.69_coculture_hco3_vs_axenic_syn7002_rnaseq,Synechococcus PCC 7002,Picosynechococcus,RNASEQ,SYNPCC7002_C0017,resP,recombinase family protein,Replication and repair,3,up,5.058749412335524,,steady state
10.1038/ismej.2014.69_coculture_hco3_vs_axenic_syn7002_rnaseq,Synechococcus PCC 7002,Picosynechococcus,RNASEQ,SYNPCC7002_E0007,,hypothetical protein,Unknown,4,up,5.058749412335524,,steady state
10.1038/ismej.2014.69_coculture_hco3_vs_axenic_syn7002_rnaseq,Synechococcus PCC 7002,Picosynechococcus,RNASEQ,SYNPCC7002_E0008,,DUF1071 domain-containing protein,Unknown,5,up,5.058749412335524,,steady state
10.1038/ismej.2014.69_coculture_hco3_vs_axenic_syn7002_rnaseq,Synechococcus PCC 7002,Picosynechococcus,RNASEQ,SYNPCC7002_G0059,kdpB,potassium-transporting ATPase subunit KdpB,Inorganic ion transport,6,up,4.643856189774724,,steady state
10.1038/ismej.2014.69_coculture_hco3_vs_axenic_syn7002_rnaseq,Synechococcus PCC 7002,Picosynechococcus,RNASEQ,SYNPCC7002_A0224,,M48 family metallopeptidase,Amino acid metabolism,7,up,4.321928094887363,,steady state
10.1038/ismej.2014.69_coculture_hco3_vs_axenic_syn7002_rnaseq,Synechococcus PCC 7002,Picosynechococcus,RNASEQ,SYNPCC7002_A1284,,thioesterase family protein,Coenzyme metabolism,8,up,4.321928094887363,,steady state
10.1038/ismej.2014.69_coculture_hco3_vs_axenic_syn7002_rnaseq,Synechococcus PCC 7002,Picosynechococcus,RNASEQ,SYNPCC7002_A1666,,Uma2 family endonuclease,Unknown,9,up,4.321928094887363,,steady state
10.1038/ismej.2014.69_coculture_hco3_vs_axenic_syn7002_rnaseq,Synechococcus PCC 7002,Picosynechococcus,RNASEQ,SYNPCC7002_A1946,,hypothetical protein,Unknown,10,up,4.059182199211692,,steady state
10.1038/ismej.2014.69_coculture_lactate_vs_axenic_syn7002_rnaseq,Synechococcus PCC 7002,Picosynechococcus,RNASEQ,SYNPCC7002_E0006,,hypothetical protein,Unknown,1,up,6.643856189774724,,steady state
10.1038/ismej.2014.69_coculture_lactate_vs_axenic_syn7002_rnaseq,Synechococcus PCC 7002,Picosynechococcus,RNASEQ,SYNPCC7002_A0224,,M48 family metallopeptidase,Amino acid metabolism,2,up,5.643856189774724,,steady state
10.1038/ismej.2014.69_coculture_lactate_vs_axenic_syn7002_rnaseq,Synechococcus PCC 7002,Picosynechococcus,RNASEQ,SYNPCC7002_A0304,,hypothetical protein,Unknown,3,up,5.643856189774724,,steady state
10.1038/ismej.2014.69_coculture_lactate_vs_axenic_syn7002_rnaseq,Synechococcus PCC 7002,Picosynechococcus,RNASEQ,SYNPCC7002_A1666,,Uma2 family endonuclease,Unknown,4,up,5.643856189774724,,steady state
10.1038/ismej.2014.69_coculture_lactate_vs_axenic_syn7002_rnaseq,Synechococcus PCC 7002,Picosynechococcus,RNASEQ,SYNPCC7002_G0059,kdpB,potassium-transporting ATPase subunit KdpB,Inorganic ion transport,5,up,5.058749412335524,,steady state
10.1038/ismej.2014.69_coculture_lactate_vs_axenic_syn7002_rnaseq,Synechococcus PCC 7002,Picosynechococcus,RNASEQ,SYNPCC7002_A0754,,YlxR family protein,Transcription,6,up,4.321928094887363,,steady state
10.1038/ismej.2014.69_coculture_lactate_vs_axenic_syn7002_rnaseq,Synechococcus PCC 7002,Picosynechococcus,RNASEQ,SYNPCC7002_A1284,,thioesterase family protein,Coenzyme metabolism,7,up,4.321928094887363,,steady state
10.1038/ismej.2014.69_coculture_lactate_vs_axenic_syn7002_rnaseq,Synechococcus PCC 7002,Picosynechococcus,RNASEQ,SYNPCC7002_A1377,,NAD(P)/FAD-dependent oxidoreductase,Unknown,8,up,4.321928094887363,,steady state
10.1038/ismej.2014.69_coculture_lactate_vs_axenic_syn7002_rnaseq,Synechococcus PCC 7002,Picosynechococcus,RNASEQ,SYNPCC7002_A1877,,hypothetical protein,Unknown,9,up,4.321928094887363,,steady state
10.1038/ismej.2014.69_coculture_lactate_vs_axenic_syn7002_rnaseq,Synechococcus PCC 7002,Picosynechococcus,RNASEQ,SYNPCC7002_A1946,,hypothetical protein,Unknown,10,up,4.321928094887363,,steady state
10.1038/ismej.2014.69_coculture_hco3_vs_lactate_syn7002_rnaseq,Synechococcus PCC 7002,Picosynechococcus,RNASEQ,SYNPCC7002_A2291,,2TM domain-containing protein,Unknown,1,up,8.959132576789656,,steady state
10.1038/ismej.2014.69_coculture_hco3_vs_lactate_syn7002_rnaseq,Synechococcus PCC 7002,Picosynechococcus,RNASEQ,SYNPCC7002_A0820,,hypothetical protein,Unknown,2,up,8.761185526063837,,steady state
10.1038/ismej.2014.69_coculture_hco3_vs_lactate_syn7002_rnaseq,Synechococcus PCC 7002,Picosynechococcus,RNASEQ,SYNPCC7002_C0002,,hypothetical protein,Unknown,3,up,8.258707352196828,,steady state
10.1038/ismej.2014.69_coculture_hco3_vs_lactate_syn7002_rnaseq,Synechococcus PCC 7002,Picosynechococcus,RNASEQ,SYNPCC7002_C0017,resP,recombinase family protein,Replication and repair,4,up,8.19726584712927,,steady state
10.1038/ismej.2014.69_coculture_hco3_vs_lactate_syn7002_rnaseq,Synechococcus PCC 7002,Picosynechococcus,RNASEQ,SYNPCC7002_E0007,,hypothetical protein,Unknown,5,up,7.995654104721899,,steady state
10.1038/ismej.2014.69_coculture_hco3_vs_lactate_syn7002_rnaseq,Synechococcus PCC 7002,Picosynechococcus,RNASEQ,SYNPCC7002_D0002,,hypothetical protein,Unknown,6,up,7.76121877592938,,steady state
10.1038/ismej.2014.69_coculture_hco3_vs_lactate_syn7002_rnaseq,Synechococcus PCC 7002,Picosynechococcus,RNASEQ,SYNPCC7002_C0016,,hypothetical protein,Unknown,7,up,7.481072856827754,,steady state
10.1038/ismej.2014.69_coculture_hco3_vs_lactate_syn7002_rnaseq,Synechococcus PCC 7002,Picosynechococcus,RNASEQ,SYNPCC7002_E0012,,DNA cytosine methyltransferase,Replication and repair,8,up,7.481072856827754,,steady state
10.1038/ismej.2014.69_coculture_hco3_vs_lactate_syn7002_rnaseq,Synechococcus PCC 7002,Picosynechococcus,RNASEQ,SYNPCC7002_A0228,rub,rubredoxin,Energy production,9,up,7.374170076068501,,steady state
10.1038/ismej.2014.69_coculture_hco3_vs_lactate_syn7002_rnaseq,Synechococcus PCC 7002,Picosynechococcus,RNASEQ,SYNPCC7002_A2281,clpS,ATP-dependent Clp protease adapter ClpS,Unknown,10,up,7.374170076068501,,steady state
10.1186/2046-9063-8-7_pi_limitation_mit9312_itraq,Prochlorococcus MIT9312,Prochlorococcus,PROTEOMICS,PMT9312_0551,rbcS,"ribulose bisphosphate carboxylase, small subunit",Photosynthesis,1.0,down,-1.2321162902787308,,stationary
10.1186/2046-9063-8-7_pi_limitation_mit9312_itraq,Prochlorococcus MIT9312,Prochlorococcus,PROTEOMICS,PMT9312_0721,,outer membrane porin,Stress response and adaptation,1.0,up,3.987145802548806,,stationary
10.1186/2046-9063-8-7_pi_limitation_mit9312_itraq,Prochlorococcus MIT9312,Prochlorococcus,PROTEOMICS,PMT9312_0720,,probable alkaline phosphatase,Secondary metabolites,2.0,up,3.2250368285170405,,stationary
10.1186/2046-9063-8-7_pi_limitation_mit9312_itraq,Prochlorococcus MIT9312,Prochlorococcus,PROTEOMICS,PMT9312_0768,chlP,geranylgeranyl reductase,Coenzyme metabolism,2.0,down,-0.9727125612953688,,stationary
10.1186/2046-9063-8-7_pi_limitation_mit9312_itraq,Prochlorococcus MIT9312,Prochlorococcus,PROTEOMICS,PMT9312_0550,rbcL,"ribulose bisphosphate carboxylase, large subunit",Photosynthesis,3.0,down,-0.9158534467776348,,stationary
10.1186/2046-9063-8-7_pi_limitation_mit9312_itraq,Prochlorococcus MIT9312,Prochlorococcus,PROTEOMICS,PMT9312_0722,pstS,"phosphate ABC transporter, phosphate-binding protein PstS",Stress response and adaptation,3.0,up,1.7331539556651812,,stationary
10.1186/2046-9063-8-7_pi_limitation_mit9312_itraq,Prochlorococcus MIT9312,Prochlorococcus,PROTEOMICS,PMT9312_0203,rplL,50S ribosomal protein L7/L12,Stress response and adaptation,4.0,down,-0.8594365567173103,,stationary
10.1186/2046-9063-8-7_pi_limitation_mit9312_itraq,Prochlorococcus MIT9312,Prochlorococcus,PROTEOMICS,PMT9312_1611,psaL,photosystem I reaction centre subunit XI,Stress response and adaptation,4.0,up,0.7773770971750908,,stationary
10.1186/2046-9063-8-7_pi_limitation_natl2a_itraq,Prochlorococcus NATL2A,Prochlorococcus,PROTEOMICS,PMN2A_0794,isiB,flavodoxin,Stress response and adaptation,1,down,-5.222191873735064,,mid-exponential
10.1186/2046-9063-8-7_pi_limitation_natl2a_itraq,Prochlorococcus NATL2A,Prochlorococcus,PROTEOMICS,PMN2A_1879,rbcL,"ribulose bisphosphate carboxylase, large subunit",Photosynthesis,2,down,-5.158812448994808,,mid-exponential
10.1186/2046-9063-8-7_pi_limitation_natl2a_itraq,Prochlorococcus NATL2A,Prochlorococcus,PROTEOMICS,PMN2A_1878,csoS1A,carboxysome shell protein CsoS1A,Photosynthesis,3,down,-5.078583705579064,,mid-exponential
10.1186/2046-9063-8-7_pi_limitation_natl2a_itraq,Prochlorococcus NATL2A,Prochlorococcus,PROTEOMICS,PMN2A_0981,atpA,ATP synthase alpha chain,Photosynthesis,4,down,-4.9317535409552775,,mid-exponential
10.1186/2046-9063-8-7_pi_limitation_natl2a_itraq,Prochlorococcus NATL2A,Prochlorococcus,PROTEOMICS,PMN2A_0921,PMN2A_RS07810,Secreted pentapeptide repeats protein,Unknown,5,down,-4.775197156699379,,mid-exponential
10.1186/2046-9063-8-7_pi_limitation_natl2a_itraq,Prochlorococcus NATL2A,Prochlorococcus,PROTEOMICS,PMN2A_0892,hupB,DNA-binding protein HU-beta,Regulatory functions,6,down,-4.715704737115316,,mid-exponential
10.1186/2046-9063-8-7_pi_limitation_natl2a_itraq,Prochlorococcus NATL2A,Prochlorococcus,PROTEOMICS,PMN2A_1654,chlD,"protoporphyrin IX Mg-chelatase, subunit ChlD",Coenzyme metabolism,7,down,-4.707478953420711,,mid-exponential
10.1186/2046-9063-8-7_pi_limitation_natl2a_itraq,Prochlorococcus NATL2A,Prochlorococcus,PROTEOMICS,PMN2A_0411,cyabrB2,AbrB-like transcriptional regulator involved in photosynthesis regulation,Photosynthesis,8,down,-4.672867141913758,,mid-exponential
10.1186/2046-9063-8-7_pi_limitation_natl2a_itraq,Prochlorococcus NATL2A,Prochlorococcus,PROTEOMICS,PMN2A_1074,tuf,elongation factor EF-Tu,Translation,9,down,-4.644163516549898,,mid-exponential
10.1186/2046-9063-8-7_pi_limitation_natl2a_itraq,Prochlorococcus NATL2A,Prochlorococcus,PROTEOMICS,PMN2A_2181,PMN2A_RS09385,conserved hypothetical protein,Unknown,10,down,-4.535428651904893,,mid-exponential
10.1186/2046-9063-8-7_pi_limitation_ss120_itraq,Prochlorococcus marinus subsp. marinus CCMP1375 (SS120),Prochlorococcus,PROTEOMICS,Pro0001,dnaN,"DNA polymerase III, beta subunit",Replication and repair,1.0,up,1.380445538740877,,stationary
10.1186/2046-9063-8-7_pi_limitation_ss120_itraq,Prochlorococcus marinus subsp. marinus CCMP1375 (SS120),Prochlorococcus,PROTEOMICS,Pro1589,groL1,chaperonin GroEL,Stress response and adaptation,1.0,down,-0.7520569213276539,,stationary
10.1186/2046-9063-8-7_pi_limitation_ss120_itraq,Prochlorococcus marinus subsp. marinus CCMP1375 (SS120),Prochlorococcus,PROTEOMICS,Pro1722,,cyanobacterial aminoacyl-tRNA synthetase domain (CAAD) containing protein,Translation,2.0,up,0.883053102235867,,stationary
10.1186/2046-9063-8-7_pi_limitation_ss120_itraq,Prochlorococcus marinus subsp. marinus CCMP1375 (SS120),Prochlorococcus,PROTEOMICS,Pro0097,citT,"putative sodium/potassium/sulfate transporter, DASS family",Transport,3.0,up,0.8528398813436427,,stationary
10.1186/2046-9063-8-7_pi_limitation_ss120_itraq,Prochlorococcus marinus subsp. marinus CCMP1375 (SS120),Prochlorococcus,PROTEOMICS,Pro1733,psaD,photosystem I reaction center subunit II,Photosynthesis,4.0,up,0.7186443857264896,,stationary
10.1038/ismej.2011.49_iron_iron_starvation_med4_med4_microarray_light_2,Prochlorococcus MED4,Prochlorococcus,MICROARRAY,PMM0362,,uncharacterized conserved membrane protein,Unknown,1.0,up,3.4,0.01,48h
10.1038/ismej.2011.49_iron_iron_starvation_med4_med4_microarray_light_2,Prochlorococcus MED4,Prochlorococcus,MICROARRAY,PMM2065,,Hypothetical protein,Unknown,1.0,down,-1.47,0.01,48h
10.1038/ismej.2011.49_iron_iron_starvation_med4_med4_microarray_light_2,Prochlorococcus MED4,Prochlorococcus,MICROARRAY,PMM1374,,conserved hypothetical protein,Unknown,2.0,down,-1.3,0.01,48h
10.1038/ismej.2011.49_iron_iron_starvation_med4_med4_microarray_light_2,Prochlorococcus MED4,Prochlorococcus,MICROARRAY,PMM1999,,Conserved hypothetical protein,Unknown,2.0,up,2.09,0.01,48h
10.1038/ismej.2011.49_iron_iron_starvation_med4_med4_microarray_light_2,Prochlorococcus MED4,Prochlorococcus,MICROARRAY,PMM1412,,cupin domain-containing protein,Unknown,3.0,up,2.08,0.01,48h
10.1038/ismej.2011.49_iron_iron_starvation_med4_med4_microarray_light_2,Prochlorococcus MED4,Prochlorococcus,MICROARRAY,PMM1951,,conserved hypothetical protein,Unknown,3.0,down,-1.29,0.01,48h
10.1038/ismej.2011.49_iron_iron_starvation_med4_med4_microarray_light_2,Prochlorococcus MED4,Prochlorococcus,MICROARRAY,PMM0805,,"iron stress-induced protein, Prochlorococcus-specific",Stress response and adaptation,4.0,up,2.01,0.01,48h
10.1038/ismej.2011.49_iron_iron_starvation_med4_med4_microarray_light_2,Prochlorococcus MED4,Prochlorococcus,MICROARRAY,PMM2012,,Hypothetical protein,Unknown,4.0,down,-1.22,0.01,48h
10.1038/ismej.2011.49_iron_iron_starvation_med4_med4_microarray_light_2,Prochlorococcus MED4,Prochlorococcus,MICROARRAY,PMM1171,isiB,flavodoxin,Stress response and adaptation,5.0,up,1.84,0.01,48h
10.1038/ismej.2011.49_iron_iron_starvation_med4_med4_microarray_light_2,Prochlorococcus MED4,Prochlorococcus,MICROARRAY,PMM1856,,Hypothetical protein,Unknown,5.0,down,-1.14,0.01,48h
10.1038/ismej.2011.49_iron_iron_starvation_med4_med4_microarray_light_2,Prochlorococcus MED4,Prochlorococcus,MICROARRAY,PMM1519,psaL,photosystem I reaction centre subunit XI,Stress response and adaptation,6.0,down,-1.11,0.01,48h
10.1038/ismej.2011.49_iron_iron_starvation_med4_med4_microarray_light_2,Prochlorococcus MED4,Prochlorococcus,MICROARRAY,PMM2005,,conserved hypothetical protein,Unknown,6.0,up,1.83,0.01,48h
10.1038/ismej.2011.49_iron_iron_starvation_med4_med4_microarray_light_2,Prochlorococcus MED4,Prochlorococcus,MICROARRAY,PMM0806,,"possible transcriptional regulator of iron metabolism, Crp/Fnr family protein",Stress response and adaptation,7.0,up,1.73,0.01,48h
10.1038/ismej.2011.49_iron_iron_starvation_med4_med4_microarray_light_2,Prochlorococcus MED4,Prochlorococcus,MICROARRAY,PMM1352,petF,2Fe-2S ferredoxin,Stress response and adaptation,7.0,down,-1.09,0.01,48h
10.1038/ismej.2011.49_iron_iron_starvation_med4_med4_microarray_light_2,Prochlorococcus MED4,Prochlorococcus,MICROARRAY,PMM0461,petA,apocytochrome f,Photosynthesis,8.0,down,-1.06,0.01,48h
10.1038/ismej.2011.49_iron_iron_starvation_med4_med4_microarray_light_2,Prochlorococcus MED4,Prochlorococcus,MICROARRAY,PMM0463,,conserved hypothetical protein,Unknown,8.0,up,1.71,0.01,48h
10.1038/ismej.2011.49_iron_iron_starvation_med4_med4_microarray_light_2,Prochlorococcus MED4,Prochlorococcus,MICROARRAY,PMM1400,,RmlC-like cupin domain-containing protein,Post-translational modification,9.0,up,1.71,0.01,48h
10.1038/ismej.2011.49_iron_iron_starvation_med4_med4_microarray_light_2,Prochlorococcus MED4,Prochlorococcus,MICROARRAY,PMM1820,,Conserved hypothetical protein,Unknown,9.0,down,-1.05,0.01,48h
10.1038/ismej.2011.49_iron_iron_starvation_med4_med4_microarray_light_2,Prochlorococcus MED4,Prochlorococcus,MICROARRAY,PMM1910,,Conserved hypothetical protein,Unknown,10.0,up,1.71,0.01,48h
10.1038/ismej.2011.49_iron_iron_starvation_med4_med4_microarray_light_2,Prochlorococcus MED4,Prochlorococcus,MICROARRAY,PMM1994,,conserved hypothetical protein,Unknown,10.0,down,-1.02,0.01,48h
10.1038/ismej.2011.49_iron_iron_starvation_med4_med4_microarray_light,Prochlorococcus MED4,Prochlorococcus,MICROARRAY,PMM0362,,uncharacterized conserved membrane protein,Unknown,1.0,up,2.65,0.01,24h
10.1038/ismej.2011.49_iron_iron_starvation_med4_med4_microarray_light,Prochlorococcus MED4,Prochlorococcus,MICROARRAY,PMM0805,,"iron stress-induced protein, Prochlorococcus-specific",Stress response and adaptation,1.0,up,1.74,0.01,12h
10.1038/ismej.2011.49_iron_iron_starvation_med4_med4_microarray_light,Prochlorococcus MED4,Prochlorococcus,MICROARRAY,PMM1352,petF,2Fe-2S ferredoxin,Stress response and adaptation,2.0,down,-1.06,0.01,12h
10.1038/ismej.2011.49_iron_iron_starvation_med4_med4_microarray_light,Prochlorococcus MED4,Prochlorococcus,MICROARRAY,PMM1164,idiA2,iron deficiency-induced protein A,Stress response and adaptation,3.0,up,1.47,0.01,12h
10.1038/ismej.2011.49_iron_iron_starvation_med4_med4_microarray_light,Prochlorococcus MED4,Prochlorococcus,MICROARRAY,PMM2065,,Hypothetical protein,Unknown,3.0,down,-1.06,0.01,24h
10.1038/ismej.2011.49_iron_iron_starvation_med4_med4_microarray_light,Prochlorococcus MED4,Prochlorococcus,MICROARRAY,PMM1400,,RmlC-like cupin domain-containing protein,Post-translational modification,4.0,up,1.42,0.01,12h
10.1038/ismej.2011.49_iron_iron_starvation_med4_med4_microarray_light,Prochlorococcus MED4,Prochlorococcus,MICROARRAY,PMM1856,,Hypothetical protein,Unknown,4.0,down,-0.89,0.01,24h
10.1038/ismej.2011.49_iron_iron_starvation_med4_med4_microarray_light,Prochlorococcus MED4,Prochlorococcus,MICROARRAY,PMM1171,isiB,flavodoxin,Stress response and adaptation,5.0,up,1.56,0.01,24h
10.1038/ismej.2011.49_iron_iron_starvation_med4_med4_microarray_light,Prochlorococcus MED4,Prochlorococcus,MICROARRAY,PMM1826,,conserved hypothetical protein,Unknown,6.0,down,-0.79,0.01,24h
10.1038/ismej.2011.49_iron_iron_starvation_med4_med4_microarray_light,Prochlorococcus MED4,Prochlorococcus,MICROARRAY,PMM2005,,conserved hypothetical protein,Unknown,6.0,up,1.37,0.01,12h
10.1038/ismej.2011.49_iron_iron_starvation_med4_med4_microarray_light,Prochlorococcus MED4,Prochlorococcus,MICROARRAY,PMM0463,,conserved hypothetical protein,Unknown,7.0,up,1.25,0.01,12h
10.1038/ismej.2011.49_iron_iron_starvation_med4_med4_microarray_light,Prochlorococcus MED4,Prochlorococcus,MICROARRAY,PMM0806,,"possible transcriptional regulator of iron metabolism, Crp/Fnr family protein",Stress response and adaptation,7.0,up,1.51,0.01,24h
10.1038/ismej.2011.49_iron_iron_starvation_med4_med4_microarray_light,Prochlorococcus MED4,Prochlorococcus,MICROARRAY,PMM1811,,Conserved hypothetical protein,Unknown,10.0,down,-0.74,0.01,12h
10.1038/ismej.2011.49_growth_medium_ironreplete_control_med4_med4_microarray,Prochlorococcus MED4,Prochlorococcus,MICROARRAY,PMM0362,,uncharacterized conserved membrane protein,Unknown,1.0,down,-4.06,0.01,R (rescue: 70h vs 48h)
10.1038/ismej.2011.49_growth_medium_ironreplete_control_med4_med4_microarray,Prochlorococcus MED4,Prochlorococcus,MICROARRAY,PMM1951,,conserved hypothetical protein,Unknown,1.0,up,2.43,0.01,R (rescue: 70h vs 48h)
10.1038/ismej.2011.49_growth_medium_ironreplete_control_med4_med4_microarray,Prochlorococcus MED4,Prochlorococcus,MICROARRAY,PMM0805,,"iron stress-induced protein, Prochlorococcus-specific",Stress response and adaptation,2.0,down,-3.66,0.01,R (rescue: 70h vs 48h)
10.1038/ismej.2011.49_growth_medium_ironreplete_control_med4_med4_microarray,Prochlorococcus MED4,Prochlorococcus,MICROARRAY,PMM1990,,conserved hypothetical protein,Unknown,2.0,up,2.22,0.01,R (rescue: 70h vs 48h)
10.1038/ismej.2011.49_growth_medium_ironreplete_control_med4_med4_microarray,Prochlorococcus MED4,Prochlorococcus,MICROARRAY,PMM1164,idiA2,iron deficiency-induced protein A,Stress response and adaptation,3.0,down,-3.63,0.01,R (rescue: 70h vs 48h)
10.1038/ismej.2011.49_growth_medium_ironreplete_control_med4_med4_microarray,Prochlorococcus MED4,Prochlorococcus,MICROARRAY,PMM1991,,conserved hypothetical protein,Unknown,3.0,up,2.2,0.01,R (rescue: 70h vs 48h)
10.1038/ismej.2011.49_growth_medium_ironreplete_control_med4_med4_microarray,Prochlorococcus MED4,Prochlorococcus,MICROARRAY,PMM0806,,"possible transcriptional regulator of iron metabolism, Crp/Fnr family protein",Stress response and adaptation,4.0,down,-3.54,0.01,R (rescue: 70h vs 48h)
10.1038/ismej.2011.49_growth_medium_ironreplete_control_med4_med4_microarray,Prochlorococcus MED4,Prochlorococcus,MICROARRAY,PMM1949,,conserved hypothetical protein,Unknown,4.0,up,2.18,0.01,R (rescue: 70h vs 48h)
10.1038/ismej.2011.49_growth_medium_ironreplete_control_med4_med4_microarray,Prochlorococcus MED4,Prochlorococcus,MICROARRAY,PMM0336,PTOX,plastoquinol terminal oxidase,Stress response and adaptation,5.0,down,-2.52,0.01,R (rescue: 70h vs 48h)
10.1038/ismej.2011.49_growth_medium_ironreplete_control_med4_med4_microarray,Prochlorococcus MED4,Prochlorococcus,MICROARRAY,PMM1820,,Conserved hypothetical protein,Unknown,5.0,up,2.09,0.01,R (rescue: 70h vs 48h)
10.1038/ismej.2011.49_growth_medium_ironreplete_control_med4_med4_microarray,Prochlorococcus MED4,Prochlorococcus,MICROARRAY,PMM1374,,conserved hypothetical protein,Unknown,6.0,up,2.08,0.01,R (rescue: 70h vs 48h)
10.1038/ismej.2011.49_growth_medium_ironreplete_control_med4_med4_microarray,Prochlorococcus MED4,Prochlorococcus,MICROARRAY,PMM1400,,RmlC-like cupin domain-containing protein,Post-translational modification,6.0,down,-2.37,0.01,R (rescue: 70h vs 48h)
10.1038/ismej.2011.49_growth_medium_ironreplete_control_med4_med4_microarray,Prochlorococcus MED4,Prochlorococcus,MICROARRAY,PMM1412,,cupin domain-containing protein,Unknown,7.0,down,-2.29,0.01,R (rescue: 70h vs 48h)
10.1038/ismej.2011.49_growth_medium_ironreplete_control_med4_med4_microarray,Prochlorococcus MED4,Prochlorococcus,MICROARRAY,PMM2065,,Hypothetical protein,Unknown,7.0,up,1.96,0.01,R (rescue: 70h vs 48h)
10.1038/ismej.2011.49_growth_medium_ironreplete_control_med4_med4_microarray,Prochlorococcus MED4,Prochlorococcus,MICROARRAY,PMM1856,,Hypothetical protein,Unknown,8.0,up,1.95,0.01,R (rescue: 70h vs 48h)
10.1038/ismej.2011.49_growth_medium_ironreplete_control_med4_med4_microarray,Prochlorococcus MED4,Prochlorococcus,MICROARRAY,PMM2005,,conserved hypothetical protein,Unknown,8.0,down,-2.07,0.01,R (rescue: 70h vs 48h)
10.1038/ismej.2011.49_growth_medium_ironreplete_control_med4_med4_microarray,Prochlorococcus MED4,Prochlorococcus,MICROARRAY,PMM0463,,conserved hypothetical protein,Unknown,9.0,down,-2.04,0.01,R (rescue: 70h vs 48h)
10.1038/ismej.2011.49_growth_medium_ironreplete_control_med4_med4_microarray,Prochlorococcus MED4,Prochlorococcus,MICROARRAY,PMM1028,,uncharacterized conserved secreted protein,Unknown,9.0,up,1.94,0.01,R (rescue: 70h vs 48h)
10.1038/ismej.2011.49_growth_medium_ironreplete_control_med4_med4_microarray,Prochlorococcus MED4,Prochlorococcus,MICROARRAY,PMM1868,,conserved hypothetical protein,Unknown,10.0,up,1.87,0.01,R (rescue: 70h vs 48h)
10.1038/ismej.2011.49_growth_medium_ironreplete_control_med4_med4_microarray,Prochlorococcus MED4,Prochlorococcus,MICROARRAY,PMM2034,,Hypothetical protein,Unknown,10.0,down,-1.97,0.01,R (rescue: 70h vs 48h)
10.1038/ismej.2011.49_iron_iron_starvation_mit9313_mit9313_microarray,Prochlorococcus MIT9313,Prochlorococcus,MICROARRAY,PMT0498,,putative gram-negative pili assembly chaperone,Stress response and adaptation,1.0,down,-2.07,0.01,28h
10.1038/ismej.2011.49_iron_iron_starvation_mit9313_mit9313_microarray,Prochlorococcus MIT9313,Prochlorococcus,MICROARRAY,PMT_2573,,Hypothetical protein,Unknown,1.0,up,6.14,0.01,53h
10.1038/ismej.2011.49_iron_iron_starvation_mit9313_mit9313_microarray,Prochlorococcus MIT9313,Prochlorococcus,MICROARRAY,PMT0510,rimI,acetyltransferase family protein,Transcription,2.0,down,-2.05,0.01,28h
10.1038/ismej.2011.49_iron_iron_starvation_mit9313_mit9313_microarray,Prochlorococcus MIT9313,Prochlorococcus,MICROARRAY,PMT1554,,pentapeptide repeats family protein,Unknown,2.0,up,4.5,0.01,53h
10.1038/ismej.2011.49_iron_iron_starvation_mit9313_mit9313_microarray,Prochlorococcus MIT9313,Prochlorococcus,MICROARRAY,PMT0496,pcb,"divinyl-chlorophyll a/b binding light harvesting protein, photosystem I-associated",Stress response and adaptation,3.0,up,3.78,0.01,53h
10.1038/ismej.2011.49_iron_iron_starvation_mit9313_mit9313_microarray,Prochlorococcus MIT9313,Prochlorococcus,MICROARRAY,PMT_2925,,Hypothetical protein,Unknown,3.0,down,-0.77,0.01,28h
10.1038/ismej.2011.49_iron_iron_starvation_mit9313_mit9313_microarray,Prochlorococcus MIT9313,Prochlorococcus,MICROARRAY,PMT0283,glyQ,"glycine--tRNA ligase, alpha subunit",Translation,4.0,up,1.95,0.01,16h
10.1038/ismej.2011.49_iron_iron_starvation_mit9313_mit9313_microarray,Prochlorococcus MIT9313,Prochlorococcus,MICROARRAY,PMT_0842,,Pyrimidine dimer DNA glycosylase,Replication and repair,4.0,up,1.98,0.01,28h
10.1038/ismej.2011.49_iron_iron_starvation_mit9313_mit9313_microarray,Prochlorococcus MIT9313,Prochlorococcus,MICROARRAY,PMT_2384,,Hypothetical protein,Unknown,4.0,up,3.59,0.01,53h
10.1038/ismej.2011.49_iron_iron_starvation_mit9313_mit9313_microarray,Prochlorococcus MIT9313,Prochlorococcus,MICROARRAY,PMT0801,isiB,flavodoxin,Stress response and adaptation,5.0,up,3.19,0.01,53h
10.1038/ismej.2011.49_growth_medium_ironreplete_control_mit9313_mit9313_microarray,Prochlorococcus MIT9313,Prochlorococcus,MICROARRAY,PMT0498,,putative gram-negative pili assembly chaperone,Stress response and adaptation,1.0,up,2.87,0.01,R (rescue: 72h vs 53h)
10.1038/ismej.2011.49_growth_medium_ironreplete_control_mit9313_mit9313_microarray,Prochlorococcus MIT9313,Prochlorococcus,MICROARRAY,PMT_2573,,Hypothetical protein,Unknown,1.0,down,-6.38,0.01,R (rescue: 72h vs 53h)
10.1038/ismej.2011.49_growth_medium_ironreplete_control_mit9313_mit9313_microarray,Prochlorococcus MIT9313,Prochlorococcus,MICROARRAY,PMT1554,,pentapeptide repeats family protein,Unknown,2.0,down,-4.29,0.01,R (rescue: 72h vs 53h)
10.1038/ismej.2011.49_growth_medium_ironreplete_control_mit9313_mit9313_microarray,Prochlorococcus MIT9313,Prochlorococcus,MICROARRAY,PMT_2330,,Hypothetical protein,Unknown,2.0,up,2.0,0.01,R (rescue: 72h vs 53h)
10.1038/ismej.2011.49_growth_medium_ironreplete_control_mit9313_mit9313_microarray,Prochlorococcus MIT9313,Prochlorococcus,MICROARRAY,PMT_2384,,Hypothetical protein,Unknown,3.0,down,-3.72,0.01,R (rescue: 72h vs 53h)
10.1038/ismej.2011.49_growth_medium_ironreplete_control_mit9313_mit9313_microarray,Prochlorococcus MIT9313,Prochlorococcus,MICROARRAY,PMT_2925,,Hypothetical protein,Unknown,3.0,up,1.62,0.01,R (rescue: 72h vs 53h)
10.1038/ismej.2011.49_growth_medium_ironreplete_control_mit9313_mit9313_microarray,Prochlorococcus MIT9313,Prochlorococcus,MICROARRAY,PMT0496,pcb,"divinyl-chlorophyll a/b binding light harvesting protein, photosystem I-associated",Stress response and adaptation,4.0,down,-3.7,0.01,R (rescue: 72h vs 53h)
10.1038/ismej.2011.49_growth_medium_ironreplete_control_mit9313_mit9313_microarray,Prochlorococcus MIT9313,Prochlorococcus,MICROARRAY,PMT0510,rimI,acetyltransferase family protein,Transcription,4.0,up,1.28,0.01,R (rescue: 72h vs 53h)
10.1038/ismej.2011.49_growth_medium_ironreplete_control_mit9313_mit9313_microarray,Prochlorococcus MIT9313,Prochlorococcus,MICROARRAY,PMT0801,isiB,flavodoxin,Stress response and adaptation,5.0,down,-2.96,0.01,R (rescue: 72h vs 53h)
10.1038/ismej.2011.49_growth_medium_ironreplete_control_mit9313_mit9313_microarray,Prochlorococcus MIT9313,Prochlorococcus,MICROARRAY,PMT1429,petF,2Fe-2S ferredoxin,Stress response and adaptation,5.0,up,1.27,0.01,R (rescue: 72h vs 53h)
10.1038/ismej.2011.49_growth_medium_ironreplete_control_mit9313_mit9313_microarray,Prochlorococcus MIT9313,Prochlorococcus,MICROARRAY,PMT_0842,,Pyrimidine dimer DNA glycosylase,Replication and repair,6.0,down,-2.91,0.01,R (rescue: 72h vs 53h)
10.1038/ismej.2011.49_growth_medium_ironreplete_control_mit9313_mit9313_microarray,Prochlorococcus MIT9313,Prochlorococcus,MICROARRAY,PMT_2924,,Hypothetical protein,Unknown,6.0,up,1.17,0.01,R (rescue: 72h vs 53h)
10.1038/ismej.2011.49_growth_medium_ironreplete_control_mit9313_mit9313_microarray,Prochlorococcus MIT9313,Prochlorococcus,MICROARRAY,PMT0992,hli,high light inducible protein,Stress response and adaptation,7.0,down,-2.78,0.01,R (rescue: 72h vs 53h)
10.1038/ismej.2011.49_growth_medium_ironreplete_control_mit9313_mit9313_microarray,Prochlorococcus MIT9313,Prochlorococcus,MICROARRAY,PMT2240,focA,"nitrite transporter, FNT family",Stress response and adaptation,7.0,up,1.0,0.01,R (rescue: 72h vs 53h)
10.1038/ismej.2011.49_growth_medium_ironreplete_control_mit9313_mit9313_microarray,Prochlorococcus MIT9313,Prochlorococcus,MICROARRAY,PMT0287,idiA2,iron deficiency-induced protein A,Stress response and adaptation,8.0,down,-2.72,0.01,R (rescue: 72h vs 53h)
10.1038/ismej.2011.49_growth_medium_ironreplete_control_mit9313_mit9313_microarray,Prochlorococcus MIT9313,Prochlorococcus,MICROARRAY,PMT_2702,,Hypothetical protein,Unknown,8.0,up,0.98,0.01,R (rescue: 72h vs 53h)
10.1038/ismej.2011.49_growth_medium_ironreplete_control_mit9313_mit9313_microarray,Prochlorococcus MIT9313,Prochlorococcus,MICROARRAY,PMT1220,psaM,photosystem I reaction centre subunit XII,Stress response and adaptation,9.0,up,0.92,0.01,R (rescue: 72h vs 53h)
10.1038/ismej.2011.49_growth_medium_ironreplete_control_mit9313_mit9313_microarray,Prochlorococcus MIT9313,Prochlorococcus,MICROARRAY,PMT1288,,2OG-Fe(II) oxygenase family protein,Unknown,9.0,down,-2.25,0.01,R (rescue: 72h vs 53h)
10.1038/ismej.2011.49_growth_medium_ironreplete_control_mit9313_mit9313_microarray,Prochlorococcus MIT9313,Prochlorococcus,MICROARRAY,PMT1181,maf,septum formation protein,Cell cycle and division,10.0,up,0.86,0.01,R (rescue: 72h vs 53h)
10.1038/ismej.2011.49_growth_medium_ironreplete_control_mit9313_mit9313_microarray,Prochlorococcus MIT9313,Prochlorococcus,MICROARRAY,PMT_2662,,Conserved hypothetical protein,Unknown,10.0,down,-2.18,0.01,R (rescue: 72h vs 53h)
10.1111/j.1462-2920.2009.01997.x_vibrio_coculture_wh8102_microarray,Synechococcus WH8102,Parasynechococcus,MICROARRAY,SYNW1443,,uncharacterized conserved membrane protein,Unknown,1.0,down,-3.48,,mid-log phase
10.1111/j.1462-2920.2009.01997.x_vibrio_coculture_wh8102_microarray,Synechococcus WH8102,Parasynechococcus,MICROARRAY,SYNW2390,,putative alkaline phosphatase/5^ nucleotidase,Stress response and adaptation,1.0,up,2.64,,mid-log phase
10.1111/j.1462-2920.2009.01997.x_vibrio_coculture_wh8102_microarray,Synechococcus WH8102,Parasynechococcus,MICROARRAY,SYNW1018,pstS,"phosphate ABC transporter, phosphate-binding protein PstS",Stress response and adaptation,2.0,up,2.54,,mid-log phase
10.1111/j.1462-2920.2009.01997.x_vibrio_coculture_wh8102_microarray,Synechococcus WH8102,Parasynechococcus,MICROARRAY,SYNW2151,psbA,photosystem II protein D1.2,Stress response and adaptation,2.0,down,-2.77,,mid-log phase
10.1111/j.1462-2920.2009.01997.x_vibrio_coculture_wh8102_microarray,Synechococcus WH8102,Parasynechococcus,MICROARRAY,SYNW1587,ftsH4,cell division protein FtsH,Stress response and adaptation,3.0,down,-2.47,,mid-log phase
10.1111/j.1462-2920.2009.01997.x_vibrio_coculture_wh8102_microarray,Synechococcus WH8102,Parasynechococcus,MICROARRAY,SYNW2391,,putative alkaline phosphatase,Stress response and adaptation,3.0,up,2.18,,mid-log phase
10.1111/j.1462-2920.2009.01997.x_vibrio_coculture_wh8102_microarray,Synechococcus WH8102,Parasynechococcus,MICROARRAY,SYNW1300,ftsH2,photosystem II D1 repair protein FtsH2,Post-translational modification,4.0,down,-2.18,,mid-log phase
10.1111/j.1462-2920.2009.01997.x_vibrio_coculture_wh8102_microarray,Synechococcus WH8102,Parasynechococcus,MICROARRAY,SYNW2496,rpoD4,"RNA polymerase sigma factor, type II",Transcription,4.0,up,1.96,,mid-log phase
10.1111/j.1462-2920.2009.01997.x_vibrio_coculture_wh8102_microarray,Synechococcus WH8102,Parasynechococcus,MICROARRAY,SYNW1444,,uncharacterized conserved membrane protein,Stress response and adaptation,5.0,down,-2.17,,mid-log phase
10.1111/j.1462-2920.2009.01997.x_vibrio_coculture_wh8102_microarray,Synechococcus WH8102,Parasynechococcus,MICROARRAY,SYNW2480,znuB,"ABC zinc transport system, ATPase component",Stress response and adaptation,5.0,up,1.95,,mid-log phase
10.1111/j.1462-2920.2009.01997.x_vibrio_coculture_wh8102_microarray,Synechococcus WH8102,Parasynechococcus,MICROARRAY,SYNW0196,phoD,hemolysin-type calcium-binding repeat family protein,Stress response and adaptation,6.0,up,1.84,,mid-log phase
10.1111/j.1462-2920.2009.01997.x_vibrio_coculture_wh8102_microarray,Synechococcus WH8102,Parasynechococcus,MICROARRAY,SYNW2061,,Conserved hypothetical protein (DUF1815),Unknown,6.0,down,-2.11,,mid-log phase
10.1111/j.1462-2920.2009.01997.x_vibrio_coculture_wh8102_microarray,Synechococcus WH8102,Parasynechococcus,MICROARRAY,SYNW0305,ftsH1,cell division protein FtsH1,Cell cycle and division,7.0,down,-2.06,,mid-log phase
10.1111/j.1462-2920.2009.01997.x_vibrio_coculture_wh8102_microarray,Synechococcus WH8102,Parasynechococcus,MICROARRAY,SYNW1139,,conserved hypothetical protein,Unknown,7.0,up,1.82,,mid-log phase
10.1111/j.1462-2920.2009.01997.x_vibrio_coculture_wh8102_microarray,Synechococcus WH8102,Parasynechococcus,MICROARRAY,SYNW0318,ftrC,"ferredoxin-thioredoxin reductase, catalytic subunit",Carbohydrate metabolism,8.0,down,-1.92,,mid-log phase
10.1111/j.1462-2920.2009.01997.x_vibrio_coculture_wh8102_microarray,Synechococcus WH8102,Parasynechococcus,MICROARRAY,SYNW2244,,conserved hypothetical protein,Unknown,8.0,up,1.65,,mid-log phase
10.1111/j.1462-2920.2009.01997.x_vibrio_coculture_wh8102_microarray,Synechococcus WH8102,Parasynechococcus,MICROARRAY,SYNW0102,rpoD8,"RNA polymerase sigma factor, type II",Stress response and adaptation,9.0,down,-1.84,,mid-log phase
10.1111/j.1462-2920.2009.01997.x_vibrio_coculture_wh8102_microarray,Synechococcus WH8102,Parasynechococcus,MICROARRAY,SYNW2340,rplL,50S ribosomal protein L7/L12,Stress response and adaptation,9.0,up,1.64,,mid-log phase
10.1111/j.1462-2920.2009.01997.x_vibrio_coculture_wh8102_microarray,Synechococcus WH8102,Parasynechococcus,MICROARRAY,SYNW1376,,conserved hypothetical protein,Unknown,10.0,up,1.63,,mid-log phase
10.1111/j.1462-2920.2009.01997.x_vibrio_coculture_wh8102_microarray,Synechococcus WH8102,Parasynechococcus,MICROARRAY,SYNW2508,dnaK3,chaperone protein DnaK,Stress response and adaptation,10.0,down,-1.78,,mid-log phase
10.1038/nature06130_viral_phage_infected_med4_microarray,Prochlorococcus MED4,Prochlorococcus,MICROARRAY,PMM0550,rbcL,"ribulose bisphosphate carboxylase, large subunit",Photosynthesis,1,up,2.01,0.05,1h
10.1038/nature06130_viral_phage_infected_med4_microarray,Prochlorococcus MED4,Prochlorococcus,MICROARRAY,PMM0686,clpS1,ATP-dependent Clp protease adaptor protein ClpS,Post-translational modification,1,up,14.0,0.05,4h
10.1038/nature06130_viral_phage_infected_med4_microarray,Prochlorococcus MED4,Prochlorococcus,MICROARRAY,PMM0551,rbcS,"ribulose bisphosphate carboxylase, small subunit",Photosynthesis,2,up,1.85,0.05,1h
10.1038/nature06130_viral_phage_infected_med4_microarray,Prochlorococcus MED4,Prochlorococcus,MICROARRAY,PMM1501,rne,ribonuclease E,Transcription,2,up,3.51,0.05,3h
10.1038/nature06130_viral_phage_infected_med4_microarray,Prochlorococcus MED4,Prochlorococcus,MICROARRAY,PMM1502,rnhB,ribonuclease HII,Transcription,2,up,3.55,0.05,4h
10.1038/nature06130_viral_phage_infected_med4_microarray,Prochlorococcus MED4,Prochlorococcus,MICROARRAY,PMM0368,,conserved hypothetical protein (DUF3303),Unknown,3,up,1.68,0.05,6h
10.1038/nature06130_viral_phage_infected_med4_microarray,Prochlorococcus MED4,Prochlorococcus,MICROARRAY,PMM0685,,conserved hypothetical protein,Unknown,3,up,2.65,0.05,3h
10.1038/nature06130_viral_phage_infected_med4_microarray,Prochlorococcus MED4,Prochlorococcus,MICROARRAY,PMM0426,sun,ribosomal RNA small subunit methyltransferase B,Translation,4,up,1.81,0.05,7h
10.1038/nature06130_viral_phage_infected_med4_microarray,Prochlorococcus MED4,Prochlorococcus,MICROARRAY,PMM0819,,conserved hypothetical protein,Unknown,4,up,1.66,0.05,6h
10.1038/nature06130_viral_phage_infected_med4_microarray,Prochlorococcus MED4,Prochlorococcus,MICROARRAY,PMM1403,,HNH endonuclease family protein,Replication and repair,4,up,1.51,0.05,8h
10.1038/nature06130_viral_phage_infected_med4_microarray,Prochlorococcus MED4,Prochlorococcus,MICROARRAY,PMM1427,,conserved hypothetical protein,Unknown,6,up,1.93,0.05,4h
10.1038/nature06130_viral_phage_infected_med4_microarray,Prochlorococcus MED4,Prochlorococcus,MICROARRAY,PMM0936,umuD,"DNA polymerase V, subunit D",Replication and repair,8,up,1.31,0.05,2h
10.1038/nature06130_viral_phage_infected_med4_microarray,Prochlorococcus MED4,Prochlorococcus,MICROARRAY,PMM1284,phoH,phosphate starvation-inducible protein,Stress response and adaptation,8,up,1.8,0.05,4h
10.1038/nature06130_viral_phage_infected_med4_microarray,Prochlorococcus MED4,Prochlorococcus,MICROARRAY,PMM0014,dusA,tRNA dihydrouridine synthase,Translation,9,up,1.49,0.05,7h
10.1038/nature06130_viral_phage_infected_med4_microarray,Prochlorococcus MED4,Prochlorococcus,MICROARRAY,PMM0684,,conserved hypothetical protein (DUF1651),Unknown,9,up,1.58,0.05,3h
10.1038/nature06130_viral_phage_infected_med4_microarray,Prochlorococcus MED4,Prochlorococcus,MICROARRAY,PMM1529,prfA,peptide chain release factor 1,Translation,10,up,1.67,0.05,4h
10.1021/pr060460c_light_HL_vs_LL_med4_proteomics,Prochlorococcus MED4,Prochlorococcus,PROTEOMICS,PMM0311,metK,methionine adenosyltransferase,Amino acid metabolism,1.0,down,-0.9300917308262938,0.0267,acclimated mid-exponential
10.1021/pr060460c_light_HL_vs_LL_med4_proteomics,Prochlorococcus MED4,Prochlorococcus,PROTEOMICS,PMM0741,psb29,photosystem II repair protein Psb29,Stress response and adaptation,1.0,up,1.7790797568026109,,acclimated mid-exponential
10.1021/pr060460c_light_HL_vs_LL_med4_proteomics,Prochlorococcus MED4,Prochlorococcus,PROTEOMICS,PMM0208,eno,enolase,Carbohydrate metabolism,2.0,up,1.3365824662183026,,acclimated mid-exponential
10.1021/pr060460c_light_HL_vs_LL_med4_proteomics,Prochlorococcus MED4,Prochlorococcus,PROTEOMICS,PMM1524,psaA,photosystem I core protein PsaA,Photosynthesis,2.0,down,-0.9225799628517276,0.0002,acclimated mid-exponential
10.1021/pr060460c_light_HL_vs_LL_med4_proteomics,Prochlorococcus MED4,Prochlorococcus,PROTEOMICS,PMM1309,ftsZ,cell division protein FtsZ,Cell cycle and division,3.0,up,0.834470124273297,0.0102,acclimated mid-exponential
10.1021/pr060460c_light_HL_vs_LL_med4_proteomics,Prochlorococcus MED4,Prochlorococcus,PROTEOMICS,PMM1523,psaB,photosystem I core protein PsaB,Photosynthesis,3.0,down,-0.8515322817156716,0.0015,acclimated mid-exponential
10.1021/pr060460c_light_HL_vs_LL_med4_proteomics,Prochlorococcus MED4,Prochlorococcus,PROTEOMICS,PMM1484,rpoC1,"DNA-directed RNA polymerase complex, gamma subunit",Transcription,4.0,up,0.7273789331899319,,acclimated mid-exponential
10.1021/pr060460c_light_HL_vs_LL_med4_proteomics,Prochlorococcus MED4,Prochlorococcus,PROTEOMICS,PMM1609,fabF,beta-ketoacyl-(acyl-carrier-protein) synthase II (KASII),Lipid metabolism,4.0,down,-0.6572177180438722,,acclimated mid-exponential
10.1021/pr060460c_light_HL_vs_LL_med4_proteomics,Prochlorococcus MED4,Prochlorococcus,PROTEOMICS,PMM0142,,RNA-binding protein,Transport,5.0,up,0.7244147296713044,0.0249,acclimated mid-exponential
10.1021/pr060460c_light_HL_vs_LL_med4_proteomics,Prochlorococcus MED4,Prochlorococcus,PROTEOMICS,PMM1171,isiB,flavodoxin,Stress response and adaptation,5.0,down,-0.3518571729842594,,acclimated mid-exponential
10.1021/pr060460c_light_HL_vs_LL_med4_proteomics,Prochlorococcus MED4,Prochlorococcus,PROTEOMICS,PMM1436,groL1,chaperonin GroEL,Stress response and adaptation,6.0,up,0.7113821636051452,0.005,acclimated mid-exponential
10.1021/pr060460c_light_HL_vs_LL_med4_proteomics,Prochlorococcus MED4,Prochlorococcus,PROTEOMICS,PMM1145,pntB,pyridine nucleotide transhydrogenase beta subunit,Coenzyme metabolism,7.0,up,0.6570275594624698,,acclimated mid-exponential
10.1021/pr060460c_light_HL_vs_LL_med4_proteomics,Prochlorococcus MED4,Prochlorococcus,PROTEOMICS,PMM0406,queA,S-adenosylmethionine:tRNA ribosyltransferase-isomerase,Translation,8.0,up,0.6420668320299175,,acclimated mid-exponential
10.1021/pr060460c_light_HL_vs_LL_med4_proteomics,Prochlorococcus MED4,Prochlorococcus,PROTEOMICS,PMM0004,purF,amidophosphoribosyltransferase,Nucleotide metabolism,9.0,up,0.4514353304370038,,acclimated mid-exponential
10.1021/pr060460c_light_HL_vs_LL_med4_proteomics,Prochlorococcus MED4,Prochlorococcus,PROTEOMICS,PMM0961,gmgG,possible glucosyl(mannosyl)glycerate-glucosidase,Stress response and adaptation,10.0,up,0.4425960925153159,,acclimated mid-exponential
10.1021/pr060460c_light_ML_vs_LL_med4_proteomics,Prochlorococcus MED4,Prochlorococcus,PROTEOMICS,PMM0134,rpaB,two-component system response regulator RR class II (RRII)-CheY-OmpR,Signal transduction,1.0,down,-0.7742315035704033,0.0375,acclimated mid-exponential
10.1021/pr060460c_light_ML_vs_LL_med4_proteomics,Prochlorococcus MED4,Prochlorococcus,PROTEOMICS,PMM1145,pntB,pyridine nucleotide transhydrogenase beta subunit,Coenzyme metabolism,1.0,up,1.950505740835184,,acclimated mid-exponential
10.1021/pr060460c_light_ML_vs_LL_med4_proteomics,Prochlorococcus MED4,Prochlorococcus,PROTEOMICS,PMM0312,rpsA1,30S ribosomal protein S1,Translation,2.0,down,-0.5631985264294997,0.0491,acclimated mid-exponential
10.1021/pr060460c_light_ML_vs_LL_med4_proteomics,Prochlorococcus MED4,Prochlorococcus,PROTEOMICS,PMM0741,psb29,photosystem II repair protein Psb29,Stress response and adaptation,2.0,up,1.6205394927770855,,acclimated mid-exponential
10.1021/pr060460c_light_ML_vs_LL_med4_proteomics,Prochlorococcus MED4,Prochlorococcus,PROTEOMICS,PMM0263,amt1,ammonium transporter,Central intermediary metabolism,3.0,up,1.1071521986349104,0.0008,acclimated mid-exponential
10.1021/pr060460c_light_ML_vs_LL_med4_proteomics,Prochlorococcus MED4,Prochlorococcus,PROTEOMICS,PMM1166,,conserved hypothetical protein,Unknown,3.0,down,-0.4835813583661317,,acclimated mid-exponential
10.1021/pr060460c_light_ML_vs_LL_med4_proteomics,Prochlorococcus MED4,Prochlorococcus,PROTEOMICS,PMM0214,sul3,sulfate transporter family protein,Transport,4.0,up,0.9218171398466216,0.0017,acclimated mid-exponential
10.1021/pr060460c_light_ML_vs_LL_med4_proteomics,Prochlorococcus MED4,Prochlorococcus,PROTEOMICS,PMM0311,metK,methionine adenosyltransferase,Amino acid metabolism,4.0,down,-0.4552178952133369,0.0172,acclimated mid-exponential
10.1021/pr060460c_light_ML_vs_LL_med4_proteomics,Prochlorococcus MED4,Prochlorococcus,PROTEOMICS,PMM0642,metY,O-acetylhomoserine aminocarboxypropyltransferase,Amino acid metabolism,5.0,down,-0.4490993353524767,0.0018,acclimated mid-exponential
10.1021/pr060460c_light_ML_vs_LL_med4_proteomics,Prochlorococcus MED4,Prochlorococcus,PROTEOMICS,PMM1186,ALB3,photosystem II assembly factor,Stress response and adaptation,5.0,up,0.6845494691838425,0.0384,acclimated mid-exponential
10.1021/pr060460c_light_ML_vs_LL_med4_proteomics,Prochlorococcus MED4,Prochlorococcus,PROTEOMICS,PMM0208,eno,enolase,Carbohydrate metabolism,6.0,down,-0.4254624786979365,,acclimated mid-exponential
10.1021/pr060460c_light_ML_vs_LL_med4_proteomics,Prochlorococcus MED4,Prochlorococcus,PROTEOMICS,PMM0454,ispD,2-C-methyl-D-erythritol 4-phosphate cytidylyltransferase,Coenzyme metabolism,6.0,up,0.6569081834733373,0.008,acclimated mid-exponential
10.1021/pr060460c_light_ML_vs_LL_med4_proteomics,Prochlorococcus MED4,Prochlorococcus,PROTEOMICS,PMM0004,purF,amidophosphoribosyltransferase,Nucleotide metabolism,7.0,up,0.6064422281316076,,acclimated mid-exponential
10.1021/pr060460c_light_ML_vs_LL_med4_proteomics,Prochlorococcus MED4,Prochlorococcus,PROTEOMICS,PMM1309,ftsZ,cell division protein FtsZ,Cell cycle and division,8.0,up,0.5871056977113589,0.0276,acclimated mid-exponential
10.1021/pr060460c_light_ML_vs_LL_med4_proteomics,Prochlorococcus MED4,Prochlorococcus,PROTEOMICS,PMM0406,queA,S-adenosylmethionine:tRNA ribosyltransferase-isomerase,Translation,9.0,up,0.4556494273164153,,acclimated mid-exponential
10.1021/pr060460c_light_ML_vs_LL_med4_proteomics,Prochlorococcus MED4,Prochlorococcus,PROTEOMICS,PMM0627,pcb,"divinyl-chlorophyll a/b binding light harvesting protein, photosystem II-associated",Stress response and adaptation,10.0,up,0.4500443127539092,0.0327,acclimated mid-exponential
10.1128/JB.01097-06_light_stress_blue_light_13_umol_med4_microarray,Prochlorococcus MED4,Prochlorococcus,MICROARRAY,PMM1148,,conserved hypothetical protein,Unknown,1.0,down,-5.0,0.05,45 min
10.1128/JB.01097-06_light_stress_blue_light_13_umol_med4_microarray,Prochlorococcus MED4,Prochlorococcus,MICROARRAY,PMM1359,,"uncharacterized conserved membrane protein, DoxX family",Stress response and adaptation,1.0,up,37.2,0.05,45 min
10.1128/JB.01097-06_light_stress_blue_light_13_umol_med4_microarray,Prochlorococcus MED4,Prochlorococcus,MICROARRAY,PMM0544,chlB,"light-independent protochlorophyllide reductase, B subunit",Coenzyme metabolism,2.0,down,-4.1,0.05,45 min
10.1128/JB.01097-06_light_stress_blue_light_13_umol_med4_microarray,Prochlorococcus MED4,Prochlorococcus,MICROARRAY,PMM1118,hli,high light inducible protein,Stress response and adaptation,2.0,up,25.4,0.05,45 min
10.1128/JB.01097-06_light_stress_blue_light_13_umol_med4_microarray,Prochlorococcus MED4,Prochlorococcus,MICROARRAY,PMM0545,chlN,light-independent protochlorophyllide reductase subunit N,Coenzyme metabolism,3.0,down,-3.6,0.05,45 min
10.1128/JB.01097-06_light_stress_blue_light_13_umol_med4_microarray,Prochlorococcus MED4,Prochlorococcus,MICROARRAY,PMM1135,hli,high light inducible protein,Stress response and adaptation,3.0,up,23.0,0.05,45 min
10.1128/JB.01097-06_light_stress_blue_light_13_umol_med4_microarray,Prochlorococcus MED4,Prochlorococcus,MICROARRAY,PMM1028,,uncharacterized conserved secreted protein,Unknown,4.0,down,-3.5,0.05,45 min
10.1128/JB.01097-06_light_stress_blue_light_13_umol_med4_microarray,Prochlorococcus MED4,Prochlorococcus,MICROARRAY,PMM1404,hli,high light inducible protein,Stress response and adaptation,4.0,up,20.0,0.05,45 min
10.1128/JB.01097-06_light_stress_blue_light_13_umol_med4_microarray,Prochlorococcus MED4,Prochlorococcus,MICROARRAY,PMM0660,,conserved hypothetical protein,Unknown,5.0,down,-3.2,0.05,45 min
10.1128/JB.01097-06_light_stress_blue_light_13_umol_med4_microarray,Prochlorococcus MED4,Prochlorococcus,MICROARRAY,PMM1397,hli,high light inducible protein,Stress response and adaptation,5.0,up,19.2,0.05,45 min
10.1128/JB.01097-06_light_stress_blue_light_13_umol_med4_microarray,Prochlorococcus MED4,Prochlorococcus,MICROARRAY,PMM1396,hli,high light inducible protein,Stress response and adaptation,6.0,up,16.7,0.05,45 min
10.1128/JB.01097-06_light_stress_blue_light_13_umol_med4_microarray,Prochlorococcus MED4,Prochlorococcus,MICROARRAY,PMM1697,rpoD4,"RNA polymerase sigma factor, type II",Transcription,6.0,down,-3.0,0.05,45 min
10.1128/JB.01097-06_light_stress_blue_light_13_umol_med4_microarray,Prochlorococcus MED4,Prochlorococcus,MICROARRAY,PMM0356,pip,proline iminopeptidase,Amino acid metabolism,7.0,down,-2.9,0.05,45 min
10.1128/JB.01097-06_light_stress_blue_light_13_umol_med4_microarray,Prochlorococcus MED4,Prochlorococcus,MICROARRAY,PMM0818,hli,high light inducible protein,Stress response and adaptation,7.0,up,16.4,0.05,45 min
10.1128/JB.01097-06_light_stress_blue_light_13_umol_med4_microarray,Prochlorococcus MED4,Prochlorococcus,MICROARRAY,PMM0481,yajQ,cyclic-di-GMP-binding protein,Signal transduction,8.0,down,-2.7,0.05,45 min
10.1128/JB.01097-06_light_stress_blue_light_13_umol_med4_microarray,Prochlorococcus MED4,Prochlorococcus,MICROARRAY,PMM0817,hli,high light inducible protein,Stress response and adaptation,8.0,up,15.0,0.05,45 min
10.1128/JB.01097-06_light_stress_blue_light_13_umol_med4_microarray,Prochlorococcus MED4,Prochlorococcus,MICROARRAY,PMM1003,,conserved hypothetical protein,Unknown,9.0,down,-2.6,0.05,45 min
10.1128/JB.01097-06_light_stress_blue_light_13_umol_med4_microarray,Prochlorococcus MED4,Prochlorococcus,MICROARRAY,PMM1629,rpoD8,"RNA polymerase sigma factor, type II",Stress response and adaptation,9.0,up,10.3,0.05,45 min
10.1128/JB.01097-06_light_stress_blue_light_13_umol_med4_microarray,Prochlorococcus MED4,Prochlorococcus,MICROARRAY,PMM0690,hli,high light inducible protein,Stress response and adaptation,10.0,up,8.9,0.05,45 min
10.1128/JB.01097-06_light_stress_blue_light_13_umol_med4_microarray,Prochlorococcus MED4,Prochlorococcus,MICROARRAY,PMM1176,,conserved hypothetical protein,Unknown,10.0,down,-2.6,0.05,45 min
10.1128/JB.01097-06_light_stress_dcmu_white_light_13_med4_microarray,Prochlorococcus MED4,Prochlorococcus,MICROARRAY,PMM1028,,uncharacterized conserved secreted protein,Unknown,1.0,up,3.4,0.05,45 min
10.1128/JB.01097-06_light_stress_dcmu_white_light_13_med4_microarray,Prochlorococcus MED4,Prochlorococcus,MICROARRAY,PMM1359,,"uncharacterized conserved membrane protein, DoxX family",Stress response and adaptation,1.0,down,-4.2,0.05,45 min
10.1128/JB.01097-06_light_stress_dcmu_white_light_13_med4_microarray,Prochlorococcus MED4,Prochlorococcus,MICROARRAY,PMM0336,PTOX,plastoquinol terminal oxidase,Stress response and adaptation,2.0,down,-3.6,0.05,45 min
10.1128/JB.01097-06_light_stress_dcmu_white_light_13_med4_microarray,Prochlorococcus MED4,Prochlorococcus,MICROARRAY,PMM0356,pip,proline iminopeptidase,Amino acid metabolism,2.0,up,2.0,0.05,45 min
10.1128/JB.01097-06_light_stress_dcmu_white_light_13_med4_microarray,Prochlorococcus MED4,Prochlorococcus,MICROARRAY,PMM0195,pgk,phosphoglycerate kinase,Energy production,3.0,down,-2.2,0.05,45 min
10.1128/JB.01097-06_light_stress_dcmu_white_light_13_med4_microarray,Prochlorococcus MED4,Prochlorococcus,MICROARRAY,PMM1018,,conserved hypothetical protein,Unknown,4.0,down,-2.1,0.05,45 min
10.1128/JB.01097-06_light_stress_dcmu_white_light_13_med4_microarray,Prochlorococcus MED4,Prochlorococcus,MICROARRAY,PMM0818,hli,high light inducible protein,Stress response and adaptation,5.0,down,-2.0,0.05,45 min
10.1128/JB.01097-06_light_stress_dcmu_white_light_13_med4_microarray,Prochlorococcus MED4,Prochlorococcus,MICROARRAY,PMM1396,hli,high light inducible protein,Stress response and adaptation,6.0,down,-2.0,0.05,45 min
10.1128/JB.01097-06_light_stress_dcmu_white_light_13_med4_microarray,Prochlorococcus MED4,Prochlorococcus,MICROARRAY,PMM1397,hli,high light inducible protein,Stress response and adaptation,7.0,down,-2.0,0.05,45 min
10.1128/JB.01097-06_light_stress_green_light_13_umol_med4_microarray,Prochlorococcus MED4,Prochlorococcus,MICROARRAY,PMM1629,rpoD8,"RNA polymerase sigma factor, type II",Stress response and adaptation,1.0,up,2.3,0.05,45 min
10.1128/JB.01097-06_light_stress_green_light_13_umol_med4_microarray,Prochlorococcus MED4,Prochlorococcus,MICROARRAY,PMM1672,desC4,delta-9 fatty-acid desaturase DesC4,Stress response and adaptation,1.0,down,-2.2,0.05,45 min
10.1038/msb4100087_growth_medium_growth_on_cyanate_as_med4_microarray,Prochlorococcus MED4,Prochlorococcus,MICROARRAY,PMM1390,hli,high light inducible protein,Stress response and adaptation,1.0,up,2.00964087770951,0.01,steady state
10.1038/msb4100087_growth_medium_growth_on_cyanate_as_med4_microarray,Prochlorococcus MED4,Prochlorococcus,MICROARRAY,PMM1672,desC4,delta-9 fatty-acid desaturase DesC4,Stress response and adaptation,1.0,down,-1.53468240439467,0.01,steady state
10.1038/msb4100087_growth_medium_growth_on_cyanate_as_med4_microarray,Prochlorococcus MED4,Prochlorococcus,MICROARRAY,PMM0348,,conserved hypothetical protein family PM-17,Unknown,2.0,up,1.9034061731635,0.01,steady state
10.1038/msb4100087_growth_medium_growth_on_cyanate_as_med4_microarray,Prochlorococcus MED4,Prochlorococcus,MICROARRAY,PMM0550,rbcL,"ribulose bisphosphate carboxylase, large subunit",Photosynthesis,2.0,down,-1.18385467279872,0.01,steady state
10.1038/msb4100087_growth_medium_growth_on_cyanate_as_med4_microarray,Prochlorococcus MED4,Prochlorococcus,MICROARRAY,PMM0347,,uncharacterized conserved membrane protein,Unknown,3.0,up,1.75892982948699,0.01,steady state
10.1038/msb4100087_growth_medium_growth_on_cyanate_as_med4_microarray,Prochlorococcus MED4,Prochlorococcus,MICROARRAY,PMM0549,csoS1A,carboxysome shell protein CsoS1A,Photosynthesis,3.0,down,-1.1225755828196,0.01,steady state
10.1038/msb4100087_growth_medium_growth_on_cyanate_as_med4_microarray,Prochlorococcus MED4,Prochlorococcus,MICROARRAY,PMM0474,,Prochlorococcus/marine Synechococcus Hyper-Conserved Protein (PSHCP),Photosynthesis,4.0,down,-1.05028090975672,0.01,steady state
10.1038/msb4100087_growth_medium_growth_on_cyanate_as_med4_microarray,Prochlorococcus MED4,Prochlorococcus,MICROARRAY,PMM0861,,conserved hypothetical protein,Unknown,4.0,up,1.75368432827684,0.01,steady state
10.1038/msb4100087_growth_medium_growth_on_cyanate_as_med4_microarray,Prochlorococcus MED4,Prochlorococcus,MICROARRAY,PMM0496,rpoD1,"major RNA polymerase sigma factor, type I",Stress response and adaptation,5.0,down,-1.03699635220366,0.01,steady state
10.1038/msb4100087_growth_medium_growth_on_cyanate_as_med4_microarray,Prochlorococcus MED4,Prochlorococcus,MICROARRAY,PMM1365,,conserved hypothetical protein,Unknown,5.0,up,1.49698987274902,0.01,steady state
10.1038/msb4100087_growth_medium_growth_on_cyanate_as_med4_microarray,Prochlorococcus MED4,Prochlorococcus,MICROARRAY,PMM0551,rbcS,"ribulose bisphosphate carboxylase, small subunit",Photosynthesis,6.0,down,-0.945967247022367,0.01,steady state
10.1038/msb4100087_growth_medium_growth_on_cyanate_as_med4_microarray,Prochlorococcus MED4,Prochlorococcus,MICROARRAY,PMM0920,glnA,"glutamine synthetase, type I",Amino acid metabolism,6.0,up,1.39901265866978,0.01,steady state
10.1038/msb4100087_growth_medium_growth_on_cyanate_as_med4_microarray,Prochlorococcus MED4,Prochlorococcus,MICROARRAY,PMM1404,hli,high light inducible protein,Stress response and adaptation,7.0,up,1.39435440492259,0.01,steady state
10.1038/msb4100087_growth_medium_growth_on_cyanate_as_med4_microarray,Prochlorococcus MED4,Prochlorococcus,MICROARRAY,PMM1457,atp1,ATP synthase protein I,Photosynthesis,7.0,down,-0.934708723795444,0.01,steady state
10.1038/msb4100087_growth_medium_growth_on_cyanate_as_med4_microarray,Prochlorococcus MED4,Prochlorococcus,MICROARRAY,PMM0469,psaF,photosystem I reaction centre PsaF protein,Photosynthesis,8.0,down,-0.876264856821257,0.01,steady state
10.1038/msb4100087_growth_medium_growth_on_cyanate_as_med4_microarray,Prochlorococcus MED4,Prochlorococcus,MICROARRAY,PMM0818,hli,high light inducible protein,Stress response and adaptation,8.0,up,1.35946697356617,0.01,steady state
10.1038/msb4100087_growth_medium_growth_on_cyanate_as_med4_microarray,Prochlorococcus MED4,Prochlorococcus,MICROARRAY,PMM0142,,RNA-binding protein,Transport,9.0,down,-0.844894624805942,0.01,steady state
10.1038/msb4100087_growth_medium_growth_on_cyanate_as_med4_microarray,Prochlorococcus MED4,Prochlorococcus,MICROARRAY,PMM1396,hli,high light inducible protein,Stress response and adaptation,9.0,up,1.32412798684196,0.01,steady state
10.1038/msb4100087_growth_medium_growth_on_cyanate_as_med4_microarray,Prochlorococcus MED4,Prochlorococcus,MICROARRAY,PMM0785,prkB,phosphoribulokinase,Carbohydrate metabolism,10.0,down,-0.819442972332764,0.01,steady state
10.1038/msb4100087_growth_medium_growth_on_cyanate_as_med4_microarray,Prochlorococcus MED4,Prochlorococcus,MICROARRAY,PMM0817,hli,high light inducible protein,Stress response and adaptation,10.0,up,1.2727954011662,0.01,steady state
10.1038/msb4100087_growth_medium_growth_on_urea_as_med4_microarray,Prochlorococcus MED4,Prochlorococcus,MICROARRAY,PMM1404,hli,high light inducible protein,Stress response and adaptation,1.0,up,1.5972224828923,0.01,steady state
10.1038/msb4100087_growth_medium_growth_on_urea_as_med4_microarray,Prochlorococcus MED4,Prochlorococcus,MICROARRAY,PMM1672,desC4,delta-9 fatty-acid desaturase DesC4,Stress response and adaptation,1.0,down,-2.55002375341907,0.01,steady state
10.1038/msb4100087_growth_medium_growth_on_urea_as_med4_microarray,Prochlorococcus MED4,Prochlorococcus,MICROARRAY,PMM0861,,conserved hypothetical protein,Unknown,2.0,up,1.47949519424135,0.01,steady state
10.1038/msb4100087_growth_medium_growth_on_urea_as_med4_microarray,Prochlorococcus MED4,Prochlorococcus,MICROARRAY,PMM1671,,conserved hypothetical protein,Unknown,2.0,down,-2.14913733845811,0.01,steady state
10.1038/msb4100087_growth_medium_growth_on_urea_as_med4_microarray,Prochlorococcus MED4,Prochlorococcus,MICROARRAY,PMM1384,hli,high light inducible protein,Stress response and adaptation,3.0,up,1.41620774611957,0.01,steady state
10.1038/msb4100087_growth_medium_growth_on_urea_as_med4_microarray,Prochlorococcus MED4,Prochlorococcus,MICROARRAY,PMM1670,metC,cystathionine beta-lyase family aluminum resistance protein,Stress response and adaptation,3.0,down,-1.709659172458,0.01,steady state
10.1038/msb4100087_growth_medium_growth_on_urea_as_med4_microarray,Prochlorococcus MED4,Prochlorococcus,MICROARRAY,PMM0496,rpoD1,"major RNA polymerase sigma factor, type I",Stress response and adaptation,4.0,down,-1.37961282672872,0.01,steady state
10.1038/msb4100087_growth_medium_growth_on_urea_as_med4_microarray,Prochlorococcus MED4,Prochlorococcus,MICROARRAY,PMM1405,,conserved hypothetical protein,Unknown,4.0,up,1.34516471100717,0.01,steady state
10.1038/msb4100087_growth_medium_growth_on_urea_as_med4_microarray,Prochlorococcus MED4,Prochlorococcus,MICROARRAY,PMM0367,,putative antibiotic biosynthesis monooxygenase domain protein,Cellular processes,5.0,down,-1.15722031268979,0.01,steady state
10.1038/msb4100087_growth_medium_growth_on_urea_as_med4_microarray,Prochlorococcus MED4,Prochlorococcus,MICROARRAY,PMM1135,hli,high light inducible protein,Stress response and adaptation,5.0,up,1.24434925698411,0.01,steady state
10.1038/msb4100087_growth_medium_growth_on_urea_as_med4_microarray,Prochlorococcus MED4,Prochlorococcus,MICROARRAY,PMM0348,,conserved hypothetical protein family PM-17,Unknown,6.0,up,1.17611792889034,0.01,steady state
10.1038/msb4100087_growth_medium_growth_on_urea_as_med4_microarray,Prochlorococcus MED4,Prochlorococcus,MICROARRAY,PMM0444,ctaEI,cytochrome c oxidase subunit III,Carbohydrate metabolism,6.0,down,-1.01749397779381,0.01,steady state
10.1038/msb4100087_growth_medium_growth_on_urea_as_med4_microarray,Prochlorococcus MED4,Prochlorococcus,MICROARRAY,PMM1365,,conserved hypothetical protein,Unknown,7.0,up,1.09478431351356,0.01,steady state
10.1038/msb4100087_growth_medium_growth_on_urea_as_med4_microarray,Prochlorococcus MED4,Prochlorococcus,MICROARRAY,PMM1456,atpI,ATP synthase A chain,Photosynthesis,7.0,down,-0.845953993777346,0.01,steady state
10.1038/msb4100087_growth_medium_growth_on_urea_as_med4_microarray,Prochlorococcus MED4,Prochlorococcus,MICROARRAY,PMM0806,,"possible transcriptional regulator of iron metabolism, Crp/Fnr family protein",Stress response and adaptation,8.0,down,-0.82714223565413,0.01,steady state
10.1038/msb4100087_growth_medium_growth_on_urea_as_med4_microarray,Prochlorococcus MED4,Prochlorococcus,MICROARRAY,PMM1028,,uncharacterized conserved secreted protein,Unknown,8.0,up,1.05873351777093,0.01,steady state
10.1038/msb4100087_growth_medium_growth_on_urea_as_med4_microarray,Prochlorococcus MED4,Prochlorococcus,MICROARRAY,PMM0474,,Prochlorococcus/marine Synechococcus Hyper-Conserved Protein (PSHCP),Photosynthesis,9.0,down,-0.744225227172344,0.01,steady state
10.1038/msb4100087_growth_medium_growth_on_urea_as_med4_microarray,Prochlorococcus MED4,Prochlorococcus,MICROARRAY,PMM1400,,RmlC-like cupin domain-containing protein,Post-translational modification,9.0,up,0.958299671166977,0.01,steady state
10.1038/msb4100087_growth_medium_growth_on_urea_as_med4_microarray,Prochlorococcus MED4,Prochlorococcus,MICROARRAY,PMM0410,rpsD,30S ribosomal protein S4,Translation,10.0,down,-0.726707079051318,0.01,steady state
10.1038/msb4100087_growth_medium_growth_on_urea_as_med4_microarray,Prochlorococcus MED4,Prochlorococcus,MICROARRAY,PMM1385,hli,high light inducible protein,Stress response and adaptation,10.0,up,0.910689439015938,0.01,steady state
10.1128/JB.01097-06_light_stress_high_white_light_55_med4_microarray,Prochlorococcus MED4,Prochlorococcus,MICROARRAY,PMM1148,,conserved hypothetical protein,Unknown,1.0,down,-11.3,0.05,45 min
10.1128/JB.01097-06_light_stress_high_white_light_55_med4_microarray,Prochlorococcus MED4,Prochlorococcus,MICROARRAY,PMM1359,,"uncharacterized conserved membrane protein, DoxX family",Stress response and adaptation,1.0,up,61.2,0.05,45 min
10.1128/JB.01097-06_light_stress_high_white_light_55_med4_microarray,Prochlorococcus MED4,Prochlorococcus,MICROARRAY,PMM1028,,uncharacterized conserved secreted protein,Unknown,2.0,down,-6.6,0.05,45 min
10.1128/JB.01097-06_light_stress_high_white_light_55_med4_microarray,Prochlorococcus MED4,Prochlorococcus,MICROARRAY,PMM1397,hli,high light inducible protein,Stress response and adaptation,2.0,up,42.2,0.05,45 min
10.1128/JB.01097-06_light_stress_high_white_light_55_med4_microarray,Prochlorococcus MED4,Prochlorococcus,MICROARRAY,PMM0544,chlB,"light-independent protochlorophyllide reductase, B subunit",Coenzyme metabolism,3.0,down,-6.2,0.05,45 min
10.1128/JB.01097-06_light_stress_high_white_light_55_med4_microarray,Prochlorococcus MED4,Prochlorococcus,MICROARRAY,PMM0818,hli,high light inducible protein,Stress response and adaptation,3.0,up,41.7,0.05,45 min
10.1128/JB.01097-06_light_stress_high_white_light_55_med4_microarray,Prochlorococcus MED4,Prochlorococcus,MICROARRAY,PMM0545,chlN,light-independent protochlorophyllide reductase subunit N,Coenzyme metabolism,4.0,down,-5.5,0.05,45 min
10.1128/JB.01097-06_light_stress_high_white_light_55_med4_microarray,Prochlorococcus MED4,Prochlorococcus,MICROARRAY,PMM1396,hli,high light inducible protein,Stress response and adaptation,4.0,up,41.3,0.05,45 min
10.1128/JB.01097-06_light_stress_high_white_light_55_med4_microarray,Prochlorococcus MED4,Prochlorococcus,MICROARRAY,PMM0469,psaF,photosystem I reaction centre PsaF protein,Photosynthesis,5.0,down,-5.3,0.05,45 min
10.1128/JB.01097-06_light_stress_high_white_light_55_med4_microarray,Prochlorococcus MED4,Prochlorococcus,MICROARRAY,PMM1135,hli,high light inducible protein,Stress response and adaptation,5.0,up,40.8,0.05,45 min
10.1128/JB.01097-06_light_stress_high_white_light_55_med4_microarray,Prochlorococcus MED4,Prochlorococcus,MICROARRAY,PMM0660,,conserved hypothetical protein,Unknown,6.0,down,-4.6,0.05,45 min
10.1128/JB.01097-06_light_stress_high_white_light_55_med4_microarray,Prochlorococcus MED4,Prochlorococcus,MICROARRAY,PMM1404,hli,high light inducible protein,Stress response and adaptation,6.0,up,39.5,0.05,45 min
10.1128/JB.01097-06_light_stress_high_white_light_55_med4_microarray,Prochlorococcus MED4,Prochlorococcus,MICROARRAY,PMM0468,psaJ,photosystem I reaction centre subunit IX,Photosynthesis,7.0,down,-4.4,0.05,45 min
10.1128/JB.01097-06_light_stress_high_white_light_55_med4_microarray,Prochlorococcus MED4,Prochlorococcus,MICROARRAY,PMM1118,hli,high light inducible protein,Stress response and adaptation,7.0,up,37.0,0.05,45 min
10.1128/JB.01097-06_light_stress_high_white_light_55_med4_microarray,Prochlorococcus MED4,Prochlorococcus,MICROARRAY,PMM0642,metY,O-acetylhomoserine aminocarboxypropyltransferase,Amino acid metabolism,8.0,down,-4.4,0.05,45 min
10.1128/JB.01097-06_light_stress_high_white_light_55_med4_microarray,Prochlorococcus MED4,Prochlorococcus,MICROARRAY,PMM0817,hli,high light inducible protein,Stress response and adaptation,8.0,up,33.1,0.05,45 min
10.1128/JB.01097-06_light_stress_high_white_light_55_med4_microarray,Prochlorococcus MED4,Prochlorococcus,MICROARRAY,PMM0690,hli,high light inducible protein,Stress response and adaptation,9.0,up,29.1,0.05,45 min
10.1128/JB.01097-06_light_stress_high_white_light_55_med4_microarray,Prochlorococcus MED4,Prochlorococcus,MICROARRAY,PMM0906,psaK,photosystem I reaction center subunit X,Photosynthesis,9.0,down,-4.3,0.05,45 min
10.1128/JB.01097-06_light_stress_high_white_light_55_med4_microarray,Prochlorococcus MED4,Prochlorococcus,MICROARRAY,PMM0307,unk6,conserved hypothetical protein,Unknown,10.0,down,-4.1,0.05,45 min
10.1128/JB.01097-06_light_stress_high_white_light_55_med4_microarray,Prochlorococcus MED4,Prochlorococcus,MICROARRAY,PMM1672,desC4,delta-9 fatty-acid desaturase DesC4,Stress response and adaptation,10.0,up,18.9,0.05,45 min
10.1038/msb4100087_nitrogen_nitrogen_deprivation_med4_med4_microarray,Prochlorococcus MED4,Prochlorococcus,MICROARRAY,PMM0030,,conserved hypothetical protein,Unknown,1.0,up,4.46644526664637,0.01,48h
10.1038/msb4100087_nitrogen_nitrogen_deprivation_med4_med4_microarray,Prochlorococcus MED4,Prochlorococcus,MICROARRAY,PMM0370,cynA,"cyanate ABC transporter, substrate-binding protein",Central intermediary metabolism,1.0,up,4.06454932416169,0.01,24h
10.1038/msb4100087_nitrogen_nitrogen_deprivation_med4_med4_microarray,Prochlorococcus MED4,Prochlorococcus,MICROARRAY,PMM0550,rbcL,"ribulose bisphosphate carboxylase, large subunit",Photosynthesis,1.0,down,-3.23622024085443,0.01,6h
10.1038/msb4100087_nitrogen_nitrogen_deprivation_med4_med4_microarray,Prochlorococcus MED4,Prochlorococcus,MICROARRAY,PMM0958,,conserved hypothetical protein (DUF1830),Unknown,1.0,up,6.01862436906552,0.01,6h
10.1038/msb4100087_nitrogen_nitrogen_deprivation_med4_med4_microarray,Prochlorococcus MED4,Prochlorococcus,MICROARRAY,PMM1452,atpD,ATP synthase delta chain,Photosynthesis,1.0,down,-4.32896716299897,0.01,24h
10.1038/msb4100087_nitrogen_nitrogen_deprivation_med4_med4_microarray,Prochlorococcus MED4,Prochlorococcus,MICROARRAY,PMM1453,atpF,ATP synthase subunit B,Photosynthesis,1.0,down,-4.66693634582272,0.01,12h
10.1038/msb4100087_nitrogen_nitrogen_deprivation_med4_med4_microarray,Prochlorococcus MED4,Prochlorococcus,MICROARRAY,PMM0690,hli,high light inducible protein,Stress response and adaptation,2.0,up,4.12560672898169,0.01,48h
10.1038/msb4100087_nitrogen_nitrogen_deprivation_med4_med4_microarray,Prochlorococcus MED4,Prochlorococcus,MICROARRAY,PMM0920,glnA,"glutamine synthetase, type I",Amino acid metabolism,2.0,up,3.92174594063168,0.01,24h
10.1038/msb4100087_nitrogen_nitrogen_deprivation_med4_med4_microarray,Prochlorococcus MED4,Prochlorococcus,MICROARRAY,PMM1454,atpG,ATP synthase B^,Photosynthesis,2.0,down,-4.51957072990943,0.01,12h
10.1038/msb4100087_nitrogen_nitrogen_deprivation_med4_med4_microarray,Prochlorococcus MED4,Prochlorococcus,MICROARRAY,PMM1462,,conserved hypothetical protein,Unknown,2.0,up,4.72778318305637,0.01,3h
10.1038/msb4100087_nitrogen_nitrogen_deprivation_med4_med4_microarray,Prochlorococcus MED4,Prochlorococcus,MICROARRAY,PMM0551,rbcS,"ribulose bisphosphate carboxylase, small subunit",Photosynthesis,3.0,down,-3.94325681684239,0.01,48h
10.1038/msb4100087_nitrogen_nitrogen_deprivation_med4_med4_microarray,Prochlorococcus MED4,Prochlorococcus,MICROARRAY,PMM0970,urtA,"ABC-type urea transporter, substrate binding component",Stress response and adaptation,3.0,up,3.86942338221993,0.01,24h
10.1038/msb4100087_nitrogen_nitrogen_deprivation_med4_med4_microarray,Prochlorococcus MED4,Prochlorococcus,MICROARRAY,PMM1028,,uncharacterized conserved secreted protein,Unknown,3.0,up,0.938454659555945,0.01,0h
10.1038/msb4100087_nitrogen_nitrogen_deprivation_med4_med4_microarray,Prochlorococcus MED4,Prochlorococcus,MICROARRAY,PMM1455,atpH,ATP synthase C chain,Photosynthesis,4.0,down,-3.09825640057912,0.01,24h
10.1038/msb4100087_nitrogen_nitrogen_deprivation_med4_med4_microarray,Prochlorococcus MED4,Prochlorococcus,MICROARRAY,PMM1557,rplD,50S ribosomal protein L4,Translation,4.0,down,-2.83286029346797,0.01,6h
10.1038/msb4100087_nitrogen_nitrogen_deprivation_med4_med4_microarray,Prochlorococcus MED4,Prochlorococcus,MICROARRAY,PMM1041,,RmlC-like cupin domain-containing protein,Central intermediary metabolism,5.0,up,4.10958629684253,0.01,12h
10.1038/msb4100087_nitrogen_nitrogen_deprivation_med4_med4_microarray,Prochlorococcus MED4,Prochlorococcus,MICROARRAY,PMM1450,atpC,ATP synthase gamma chain,Photosynthesis,5.0,down,-2.79542278168432,0.01,6h
10.1038/msb4100087_nitrogen_nitrogen_deprivation_med4_med4_microarray,Prochlorococcus MED4,Prochlorococcus,MICROARRAY,PMM0336,PTOX,plastoquinol terminal oxidase,Stress response and adaptation,6.0,up,3.77550384537103,0.01,12h
10.1038/msb4100087_nitrogen_nitrogen_deprivation_med4_med4_microarray,Prochlorococcus MED4,Prochlorococcus,MICROARRAY,PMM0687,,conserved hypothetical protein,Unknown,6.0,up,2.68333907202567,0.01,3h
10.1038/msb4100087_nitrogen_nitrogen_deprivation_med4_med4_microarray,Prochlorococcus MED4,Prochlorococcus,MICROARRAY,PMM0374,tatA,"twin arginine-targeting translocase, TatA/E family protein",Post-translational modification,8.0,up,3.74934616393761,0.01,6h
10.1038/msb4100087_nitrogen_nitrogen_deprivation_med4_med4_microarray,Prochlorococcus MED4,Prochlorococcus,MICROARRAY,PMM1390,hli,high light inducible protein,Stress response and adaptation,9.0,up,3.19022701968105,0.01,48h
10.1073/pnas.0601301103_phosphorus_phosphate_starvation_med4_microarray,Prochlorococcus MED4,Prochlorococcus,MICROARRAY,PMM0551,rbcS,"ribulose bisphosphate carboxylase, small subunit",Photosynthesis,1.0,down,-2.345,0.0068,0h
10.1073/pnas.0601301103_phosphorus_phosphate_starvation_med4_microarray,Prochlorococcus MED4,Prochlorococcus,MICROARRAY,PMM0705,phoB,two-component system response regulator RR class II (RRII)-CheY-OmpR,Stress response and adaptation,1.0,up,3.49,0.0,12h
10.1073/pnas.0601301103_phosphorus_phosphate_starvation_med4_microarray,Prochlorococcus MED4,Prochlorococcus,MICROARRAY,PMM0708,,probable alkaline phosphatase,Secondary metabolites,1.0,up,162.295,0.0,48h
10.1073/pnas.0601301103_phosphorus_phosphate_starvation_med4_microarray,Prochlorococcus MED4,Prochlorococcus,MICROARRAY,PMM0709,som,outer membrane porin,Stress response and adaptation,1.0,up,13.67,0.0,24h
10.1073/pnas.0601301103_phosphorus_phosphate_starvation_med4_microarray,Prochlorococcus MED4,Prochlorococcus,MICROARRAY,PMM0713,gap3,glyceraldehyde-3-phosphate dehydrogenase,Stress response and adaptation,2.0,up,2.467,0.0011,12h
10.1073/pnas.0601301103_phosphorus_phosphate_starvation_med4_microarray,Prochlorococcus MED4,Prochlorococcus,MICROARRAY,PMM0970,urtA,"ABC-type urea transporter, substrate binding component",Stress response and adaptation,2.0,down,-1.883,0.0256,48h
10.1073/pnas.0601301103_phosphorus_phosphate_starvation_med4_microarray,Prochlorococcus MED4,Prochlorococcus,MICROARRAY,PMM1416,PsiP1,phosphate starvation inducible protein 1,Stress response and adaptation,3.0,up,44.524,0.0,48h
10.1073/pnas.0601301103_phosphorus_phosphate_starvation_med4_microarray,Prochlorococcus MED4,Prochlorococcus,MICROARRAY,PMM0707,,uncharacterized conserved secreted protein,Unknown,4.0,up,29.907,0.0,48h
10.1073/pnas.0601301103_phosphorus_phosphate_starvation_med4_microarray,Prochlorococcus MED4,Prochlorococcus,MICROARRAY,PMM1414,,conserved hypothetical protein (DUF3303),Unknown,6.0,up,16.334,0.0,48h
10.1073/pnas.0601301103_phosphorus_phosphate_starvation_med4_microarray,Prochlorococcus MED4,Prochlorococcus,MICROARRAY,PMM0719,,conserved hypothetical protein (DUF3764),Unknown,8.0,up,12.183,0.0,48h
10.1073/pnas.0601301103_phosphorus_phosphate_starvation_med4_microarray,Prochlorococcus MED4,Prochlorococcus,MICROARRAY,PMM0723,pstC,ABC-type phosphate transport system permease component,Stress response and adaptation,8.0,up,2.264,0.0051,24h
10.1128/JB.01097-06_light_stress_red_light_13_umol_med4_microarray,Prochlorococcus MED4,Prochlorococcus,MICROARRAY,PMM1028,,uncharacterized conserved secreted protein,Unknown,1.0,down,-2.8,0.05,45 min
10.1128/JB.01097-06_light_stress_red_light_13_umol_med4_microarray,Prochlorococcus MED4,Prochlorococcus,MICROARRAY,PMM1118,hli,high light inducible protein,Stress response and adaptation,1.0,up,6.4,0.05,45 min
10.1128/JB.01097-06_light_stress_red_light_13_umol_med4_microarray,Prochlorococcus MED4,Prochlorococcus,MICROARRAY,PMM1148,,conserved hypothetical protein,Unknown,2.0,down,-2.1,0.05,45 min
10.1128/JB.01097-06_light_stress_red_light_13_umol_med4_microarray,Prochlorococcus MED4,Prochlorococcus,MICROARRAY,PMM1672,desC4,delta-9 fatty-acid desaturase DesC4,Stress response and adaptation,2.0,up,6.4,0.05,45 min
10.1128/JB.01097-06_light_stress_red_light_13_umol_med4_microarray,Prochlorococcus MED4,Prochlorococcus,MICROARRAY,PMM0356,pip,proline iminopeptidase,Amino acid metabolism,3.0,down,-2.0,0.05,45 min
10.1128/JB.01097-06_light_stress_red_light_13_umol_med4_microarray,Prochlorococcus MED4,Prochlorococcus,MICROARRAY,PMM1359,,"uncharacterized conserved membrane protein, DoxX family",Stress response and adaptation,3.0,up,5.9,0.05,45 min
10.1128/JB.01097-06_light_stress_red_light_13_umol_med4_microarray,Prochlorococcus MED4,Prochlorococcus,MICROARRAY,PMM1135,hli,high light inducible protein,Stress response and adaptation,4.0,up,4.9,0.05,45 min
10.1128/JB.01097-06_light_stress_red_light_13_umol_med4_microarray,Prochlorococcus MED4,Prochlorococcus,MICROARRAY,PMM1629,rpoD8,"RNA polymerase sigma factor, type II",Stress response and adaptation,5.0,up,4.3,0.05,45 min
10.1128/JB.01097-06_light_stress_red_light_13_umol_med4_microarray,Prochlorococcus MED4,Prochlorococcus,MICROARRAY,PMM1671,,conserved hypothetical protein,Unknown,6.0,up,4.2,0.05,45 min
10.1128/JB.01097-06_light_stress_red_light_13_umol_med4_microarray,Prochlorococcus MED4,Prochlorococcus,MICROARRAY,PMM1404,hli,high light inducible protein,Stress response and adaptation,7.0,up,3.2,0.05,45 min
10.1128/JB.01097-06_light_stress_red_light_13_umol_med4_microarray,Prochlorococcus MED4,Prochlorococcus,MICROARRAY,PMM0195,pgk,phosphoglycerate kinase,Energy production,8.0,up,2.9,0.05,45 min
10.1128/JB.01097-06_light_stress_red_light_13_umol_med4_microarray,Prochlorococcus MED4,Prochlorococcus,MICROARRAY,PMM0818,hli,high light inducible protein,Stress response and adaptation,9.0,up,2.9,0.05,45 min
10.1128/JB.01097-06_light_stress_red_light_13_umol_med4_microarray,Prochlorococcus MED4,Prochlorococcus,MICROARRAY,PMM0817,hli,high light inducible protein,Stress response and adaptation,10.0,up,2.8,0.05,45 min
10.1128/JB.01097-06_light_stress_white_light_13_umol_med4_microarray,Prochlorococcus MED4,Prochlorococcus,MICROARRAY,PMM1028,,uncharacterized conserved secreted protein,Unknown,1.0,down,-3.5,0.05,45 min
10.1128/JB.01097-06_light_stress_white_light_13_umol_med4_microarray,Prochlorococcus MED4,Prochlorococcus,MICROARRAY,PMM1359,,"uncharacterized conserved membrane protein, DoxX family",Stress response and adaptation,1.0,up,17.4,0.05,45 min
10.1128/JB.01097-06_light_stress_white_light_13_umol_med4_microarray,Prochlorococcus MED4,Prochlorococcus,MICROARRAY,PMM1118,hli,high light inducible protein,Stress response and adaptation,2.0,up,12.2,0.05,45 min
10.1128/JB.01097-06_light_stress_white_light_13_umol_med4_microarray,Prochlorococcus MED4,Prochlorococcus,MICROARRAY,PMM1148,,conserved hypothetical protein,Unknown,2.0,down,-2.2,0.05,45 min
10.1128/JB.01097-06_light_stress_white_light_13_umol_med4_microarray,Prochlorococcus MED4,Prochlorococcus,MICROARRAY,PMM0660,,conserved hypothetical protein,Unknown,3.0,down,-2.0,0.05,45 min
10.1128/JB.01097-06_light_stress_white_light_13_umol_med4_microarray,Prochlorococcus MED4,Prochlorococcus,MICROARRAY,PMM1629,rpoD8,"RNA polymerase sigma factor, type II",Stress response and adaptation,3.0,up,11.4,0.05,45 min
10.1128/JB.01097-06_light_stress_white_light_13_umol_med4_microarray,Prochlorococcus MED4,Prochlorococcus,MICROARRAY,PMM1135,hli,high light inducible protein,Stress response and adaptation,4.0,up,11.3,0.05,45 min
10.1128/JB.01097-06_light_stress_white_light_13_umol_med4_microarray,Prochlorococcus MED4,Prochlorococcus,MICROARRAY,PMM1397,hli,high light inducible protein,Stress response and adaptation,5.0,up,8.1,0.05,45 min
10.1128/JB.01097-06_light_stress_white_light_13_umol_med4_microarray,Prochlorococcus MED4,Prochlorococcus,MICROARRAY,PMM1396,hli,high light inducible protein,Stress response and adaptation,6.0,up,6.8,0.05,45 min
10.1128/JB.01097-06_light_stress_white_light_13_umol_med4_microarray,Prochlorococcus MED4,Prochlorococcus,MICROARRAY,PMM0818,hli,high light inducible protein,Stress response and adaptation,7.0,up,6.6,0.05,45 min
10.1128/JB.01097-06_light_stress_white_light_13_umol_med4_microarray,Prochlorococcus MED4,Prochlorococcus,MICROARRAY,PMM0817,hli,high light inducible protein,Stress response and adaptation,8.0,up,6.3,0.05,45 min
10.1128/JB.01097-06_light_stress_white_light_13_umol_med4_microarray,Prochlorococcus MED4,Prochlorococcus,MICROARRAY,PMM0195,pgk,phosphoglycerate kinase,Energy production,9.0,up,4.7,0.05,45 min
10.1128/JB.01097-06_light_stress_white_light_13_umol_med4_microarray,Prochlorococcus MED4,Prochlorococcus,MICROARRAY,PMM0316,petF,2Fe-2S ferredoxin,Stress response and adaptation,10.0,up,4.7,0.05,45 min
10.1038/msb4100087_growth_medium_growth_on_nitrite_as_mit9313_microarray,Prochlorococcus MIT9313,Prochlorococcus,MICROARRAY,PMT_0990,hli,high light inducible protein,Stress response and adaptation,1.0,up,4.87685783821486,0.01,steady state
10.1038/msb4100087_growth_medium_growth_on_nitrite_as_mit9313_microarray,Prochlorococcus MIT9313,Prochlorococcus,MICROARRAY,PMT_1479,,protein of unknown function DUF4278,Unknown,1.0,down,-1.72650482001355,0.01,steady state
10.1038/msb4100087_growth_medium_growth_on_nitrite_as_mit9313_microarray,Prochlorococcus MIT9313,Prochlorococcus,MICROARRAY,PMT2240,focA,"nitrite transporter, FNT family",Stress response and adaptation,2.0,up,4.78450960606584,0.01,steady state
10.1038/msb4100087_growth_medium_growth_on_nitrite_as_mit9313_microarray,Prochlorococcus MIT9313,Prochlorococcus,MICROARRAY,RG24_RS04770,,"uncharacterized secreted protein, Prochlorococcus-specific",Unknown,2.0,down,-1.5994517011157,0.01,steady state
10.1038/msb4100087_growth_medium_growth_on_nitrite_as_mit9313_microarray,Prochlorococcus MIT9313,Prochlorococcus,MICROARRAY,PMT0169,,possible Chitin synthase,Unknown,3.0,down,-1.48351781594686,0.01,steady state
10.1038/msb4100087_growth_medium_growth_on_nitrite_as_mit9313_microarray,Prochlorococcus MIT9313,Prochlorococcus,MICROARRAY,PMT0991,,possible tRNA synthetase class I (E and Q),Unknown,3.0,up,4.23789010450935,0.01,steady state
10.1038/msb4100087_growth_medium_growth_on_nitrite_as_mit9313_microarray,Prochlorococcus MIT9313,Prochlorococcus,MICROARRAY,PMT1481,glnB,nitrogen regulatory protein P-II,Stress response and adaptation,4.0,down,-1.39475258507301,0.01,steady state
10.1038/msb4100087_growth_medium_growth_on_nitrite_as_mit9313_microarray,Prochlorococcus MIT9313,Prochlorococcus,MICROARRAY,PMT2239,nirA,ferredoxin--nitrite reductase,Stress response and adaptation,4.0,up,3.61668756241099,0.01,steady state
10.1038/msb4100087_growth_medium_growth_on_nitrite_as_mit9313_microarray,Prochlorococcus MIT9313,Prochlorococcus,MICROARRAY,PMT0992,hli,high light inducible protein,Stress response and adaptation,5.0,up,3.55111102043755,0.01,steady state
10.1038/msb4100087_growth_medium_growth_on_nitrite_as_mit9313_microarray,Prochlorococcus MIT9313,Prochlorococcus,MICROARRAY,PMT_0915,,Bacterial outer membrane protein,Cell wall and membrane,5.0,down,-1.38483243170885,0.01,steady state
10.1038/msb4100087_growth_medium_growth_on_nitrite_as_mit9313_microarray,Prochlorococcus MIT9313,Prochlorococcus,MICROARRAY,PMT1480,,conserved hypothetical protein,Unknown,6.0,down,-1.21459370308373,0.01,steady state
10.1038/msb4100087_growth_medium_growth_on_nitrite_as_mit9313_microarray,Prochlorococcus MIT9313,Prochlorococcus,MICROARRAY,PMT2241,,Armadillo-like helical-containing protein,Unknown,6.0,up,3.21885640616201,0.01,steady state
10.1038/msb4100087_growth_medium_growth_on_nitrite_as_mit9313_microarray,Prochlorococcus MIT9313,Prochlorococcus,MICROARRAY,PMT1205,rbcL,"ribulose bisphosphate carboxylase, large subunit",Photosynthesis,7.0,down,-1.18252181461478,0.01,steady state
10.1038/msb4100087_growth_medium_growth_on_nitrite_as_mit9313_microarray,Prochlorococcus MIT9313,Prochlorococcus,MICROARRAY,PMT2229,urtA,"ABC-type urea transporter, substrate binding component",Stress response and adaptation,7.0,up,2.20790525370793,0.01,steady state
10.1038/msb4100087_growth_medium_growth_on_nitrite_as_mit9313_microarray,Prochlorococcus MIT9313,Prochlorococcus,MICROARRAY,PMT0916,,conserved hypothetical protein,Unknown,8.0,down,-1.0954987817424,0.01,steady state
10.1038/msb4100087_growth_medium_growth_on_nitrite_as_mit9313_microarray,Prochlorococcus MIT9313,Prochlorococcus,MICROARRAY,PMT0951,,conserved hypothetical protein (DUF3303),Unknown,8.0,up,1.54274883972597,0.01,steady state
10.1038/msb4100087_growth_medium_growth_on_nitrite_as_mit9313_microarray,Prochlorococcus MIT9313,Prochlorococcus,MICROARRAY,PMT1831,ntcA,global nitrogen regulatory protein,Stress response and adaptation,9.0,up,1.43016711339692,0.01,steady state
10.1038/msb4100087_growth_medium_growth_on_nitrite_as_mit9313_microarray,Prochlorococcus MIT9313,Prochlorococcus,MICROARRAY,PMT2228,urtB,"ABC-type urea transporter, permease component",Stress response and adaptation,10.0,up,1.22300756398031,0.01,steady state
10.1038/msb4100087_growth_medium_growth_on_urea_as_mit9313_microarray,Prochlorococcus MIT9313,Prochlorococcus,MICROARRAY,PMT1572,,hypothetical protein,Lipid metabolism,1.0,down,-4.26897050541661,0.01,steady state
10.1038/msb4100087_growth_medium_growth_on_urea_as_mit9313_microarray,Prochlorococcus MIT9313,Prochlorococcus,MICROARRAY,PMT_0990,hli,high light inducible protein,Stress response and adaptation,1.0,up,7.14642005183346,0.01,steady state
10.1038/msb4100087_growth_medium_growth_on_urea_as_mit9313_microarray,Prochlorococcus MIT9313,Prochlorococcus,MICROARRAY,PMT0992,hli,high light inducible protein,Stress response and adaptation,2.0,up,6.53589569152699,0.01,steady state
10.1038/msb4100087_growth_medium_growth_on_urea_as_mit9313_microarray,Prochlorococcus MIT9313,Prochlorococcus,MICROARRAY,PMT1571,,hypothetical protein,Unknown,2.0,down,-3.79052595175774,0.01,steady state
10.1038/msb4100087_growth_medium_growth_on_urea_as_mit9313_microarray,Prochlorococcus MIT9313,Prochlorococcus,MICROARRAY,PMT2138,,hypothetical protein,Unknown,3.0,down,-3.78195511574368,0.01,steady state
10.1038/msb4100087_growth_medium_growth_on_urea_as_mit9313_microarray,Prochlorococcus MIT9313,Prochlorococcus,MICROARRAY,PMT2240,focA,"nitrite transporter, FNT family",Stress response and adaptation,3.0,up,5.99328757407543,0.01,steady state
10.1038/msb4100087_growth_medium_growth_on_urea_as_mit9313_microarray,Prochlorococcus MIT9313,Prochlorococcus,MICROARRAY,PMT0991,,possible tRNA synthetase class I (E and Q),Unknown,4.0,up,5.9382390004953,0.01,steady state
10.1038/msb4100087_growth_medium_growth_on_urea_as_mit9313_microarray,Prochlorococcus MIT9313,Prochlorococcus,MICROARRAY,PMT1573,,"ABC exporter membrane fusion, DevB family",Transport,4.0,down,-3.72318443168956,0.01,steady state
10.1038/msb4100087_growth_medium_growth_on_urea_as_mit9313_microarray,Prochlorococcus MIT9313,Prochlorococcus,MICROARRAY,PMT0120,miaA,tRNA delta-2-isopentenylpyrophosphate (IPP) adenosine transferase,Translation,5.0,down,-3.26689366697143,0.01,steady state
10.1038/msb4100087_growth_medium_growth_on_urea_as_mit9313_microarray,Prochlorococcus MIT9313,Prochlorococcus,MICROARRAY,PMT2241,,Armadillo-like helical-containing protein,Unknown,5.0,up,4.06805300938012,0.01,steady state
10.1038/msb4100087_growth_medium_growth_on_urea_as_mit9313_microarray,Prochlorococcus MIT9313,Prochlorococcus,MICROARRAY,PMT0169,,possible Chitin synthase,Unknown,6.0,down,-3.00121598359076,0.01,steady state
10.1038/msb4100087_growth_medium_growth_on_urea_as_mit9313_microarray,Prochlorococcus MIT9313,Prochlorococcus,MICROARRAY,PMT2239,nirA,ferredoxin--nitrite reductase,Stress response and adaptation,6.0,up,3.75529284119344,0.01,steady state
10.1038/msb4100087_growth_medium_growth_on_urea_as_mit9313_microarray,Prochlorococcus MIT9313,Prochlorococcus,MICROARRAY,PMT1576,,"ABC exporter ATP-binding subunit, DevA type",Transport,7.0,down,-2.47249618802514,0.01,steady state
10.1038/msb4100087_growth_medium_growth_on_urea_as_mit9313_microarray,Prochlorococcus MIT9313,Prochlorococcus,MICROARRAY,PMT2229,urtA,"ABC-type urea transporter, substrate binding component",Stress response and adaptation,7.0,up,3.19610113196305,0.01,steady state
10.1038/msb4100087_growth_medium_growth_on_urea_as_mit9313_microarray,Prochlorococcus MIT9313,Prochlorococcus,MICROARRAY,PMT1152,hli,high light inducible protein,Stress response and adaptation,8.0,up,3.00863941384254,0.01,steady state
10.1038/msb4100087_growth_medium_growth_on_urea_as_mit9313_microarray,Prochlorococcus MIT9313,Prochlorococcus,MICROARRAY,PMT2117,,possible D12 class N6 adenine-specific DNA met,Unknown,8.0,down,-2.37050922622179,0.01,steady state
10.1038/msb4100087_growth_medium_growth_on_urea_as_mit9313_microarray,Prochlorococcus MIT9313,Prochlorococcus,MICROARRAY,PMT1290,,glycosyltransferase 2 family protein,Unknown,9.0,up,2.78932746145074,0.01,steady state
10.1038/msb4100087_growth_medium_growth_on_urea_as_mit9313_microarray,Prochlorococcus MIT9313,Prochlorococcus,MICROARRAY,PMT1574,,"ABC transporter, permease component",Transport,9.0,down,-2.34348999411686,0.01,steady state
10.1038/msb4100087_growth_medium_growth_on_urea_as_mit9313_microarray,Prochlorococcus MIT9313,Prochlorococcus,MICROARRAY,PMT0924,,putative carbamoyl-phosphate synthase L chain,Unknown,10.0,down,-2.2941799686269,0.01,steady state
10.1038/msb4100087_growth_medium_growth_on_urea_as_mit9313_microarray,Prochlorococcus MIT9313,Prochlorococcus,MICROARRAY,PMT1153,hli,high light inducible protein,Stress response and adaptation,10.0,up,2.7659381144887,0.01,steady state
10.1038/msb4100087_nitrogen_nitrogen_deprivation_mit9313_mit9313_microarray,Prochlorococcus MIT9313,Prochlorococcus,MICROARRAY,PMT0992,hli,high light inducible protein,Stress response and adaptation,1.0,up,6.62123114264358,0.01,48h
10.1038/msb4100087_nitrogen_nitrogen_deprivation_mit9313_mit9313_microarray,Prochlorococcus MIT9313,Prochlorococcus,MICROARRAY,PMT2229,urtA,"ABC-type urea transporter, substrate binding component",Stress response and adaptation,1.0,up,2.84356915577768,0.01,3h
10.1038/msb4100087_nitrogen_nitrogen_deprivation_mit9313_mit9313_microarray,Prochlorococcus MIT9313,Prochlorococcus,MICROARRAY,PMT_0990,hli,high light inducible protein,Stress response and adaptation,1.0,up,8.3151300006273,0.01,24h
10.1038/msb4100087_nitrogen_nitrogen_deprivation_mit9313_mit9313_microarray,Prochlorococcus MIT9313,Prochlorococcus,MICROARRAY,PMT_1479,,protein of unknown function DUF4278,Unknown,1.0,down,-5.53118026239039,0.01,48h
10.1038/msb4100087_nitrogen_nitrogen_deprivation_mit9313_mit9313_microarray,Prochlorococcus MIT9313,Prochlorococcus,MICROARRAY,PMT0991,,possible tRNA synthetase class I (E and Q),Unknown,2.0,up,7.68728093668169,0.01,24h
10.1038/msb4100087_nitrogen_nitrogen_deprivation_mit9313_mit9313_microarray,Prochlorococcus MIT9313,Prochlorococcus,MICROARRAY,PMT1574,,"ABC transporter, permease component",Transport,2.0,down,-5.2338712856931,0.01,48h
10.1038/msb4100087_nitrogen_nitrogen_deprivation_mit9313_mit9313_microarray,Prochlorococcus MIT9313,Prochlorococcus,MICROARRAY,PMT1733,rplD,50S ribosomal protein L4,Translation,2.0,down,-2.55256618506013,0.01,12h
10.1038/msb4100087_nitrogen_nitrogen_deprivation_mit9313_mit9313_microarray,Prochlorococcus MIT9313,Prochlorococcus,MICROARRAY,PMT2239,nirA,ferredoxin--nitrite reductase,Stress response and adaptation,2.0,up,4.33411106271989,0.01,6h
10.1038/msb4100087_nitrogen_nitrogen_deprivation_mit9313_mit9313_microarray,Prochlorococcus MIT9313,Prochlorococcus,MICROARRAY,PMT2240,focA,"nitrite transporter, FNT family",Stress response and adaptation,3.0,up,3.57381611829108,0.01,6h
10.1038/msb4100087_nitrogen_nitrogen_deprivation_mit9313_mit9313_microarray,Prochlorococcus MIT9313,Prochlorococcus,MICROARRAY,PMT1742,rplN,50S ribosomal protein L14,Translation,4.0,down,-2.3306229118817,0.01,12h
10.1038/msb4100087_nitrogen_nitrogen_deprivation_mit9313_mit9313_microarray,Prochlorococcus MIT9313,Prochlorococcus,MICROARRAY,PMT1734,rplW,50S ribosomal protein L23,Translation,5.0,down,-2.88774787696643,0.01,24h
10.1038/msb4100087_nitrogen_nitrogen_deprivation_mit9313_mit9313_microarray,Prochlorococcus MIT9313,Prochlorococcus,MICROARRAY,PMT1737,rplV,50S ribosomal protein L22,Translation,6.0,down,-4.27680929589146,0.01,48h
10.1038/msb4100087_nitrogen_nitrogen_deprivation_mit9313_mit9313_microarray,Prochlorococcus MIT9313,Prochlorococcus,MICROARRAY,PMT1744,rplE,50S ribosomal protein L5,Translation,6.0,down,-2.23158925559022,0.01,12h
10.1038/msb4100087_nitrogen_nitrogen_deprivation_mit9313_mit9313_microarray,Prochlorococcus MIT9313,Prochlorococcus,MICROARRAY,PMT1831,ntcA,global nitrogen regulatory protein,Stress response and adaptation,6.0,up,3.5427379612893,0.01,24h
10.1038/msb4100087_nitrogen_nitrogen_deprivation_mit9313_mit9313_microarray,Prochlorococcus MIT9313,Prochlorococcus,MICROARRAY,PMT0951,,conserved hypothetical protein (DUF3303),Unknown,7.0,up,3.41377624838425,0.01,48h
10.1038/msb4100087_nitrogen_nitrogen_deprivation_mit9313_mit9313_microarray,Prochlorococcus MIT9313,Prochlorococcus,MICROARRAY,PMT1573,,"ABC exporter membrane fusion, DevB family",Transport,7.0,down,-2.2051020505959,0.01,12h
10.1038/msb4100087_nitrogen_nitrogen_deprivation_mit9313_mit9313_microarray,Prochlorococcus MIT9313,Prochlorococcus,MICROARRAY,PMT2241,,Armadillo-like helical-containing protein,Unknown,8.0,up,3.26282239356254,0.01,12h
10.1038/msb4100087_nitrogen_nitrogen_deprivation_mit9313_mit9313_microarray,Prochlorococcus MIT9313,Prochlorococcus,MICROARRAY,PMT1735,rplB,50S ribosomal protein L2,Translation,10.0,down,-2.55547260993308,0.01,24h
10.1038/msb4100087_nitrogen_nitrogen_deprivation_mit9313_mit9313_microarray,Prochlorococcus MIT9313,Prochlorococcus,MICROARRAY,PMT1853,amt1,ammonium transporter,Central intermediary metabolism,10.0,up,2.29358349814224,0.01,12h
10.1073/pnas.0601301103_phosphorus_phosphate_starvation_mit9313_microarray,Prochlorococcus MIT9313,Prochlorococcus,MICROARRAY,PMT0993,pstS,"phosphate ABC transporter, phosphate-binding protein PstS",Stress response and adaptation,1.0,up,6.577,0.0003,12h
10.1073/pnas.0601301103_phosphorus_phosphate_starvation_mit9313_microarray,Prochlorococcus MIT9313,Prochlorococcus,MICROARRAY,PMT1572,,hypothetical protein,Lipid metabolism,1.0,down,-1.32,0.0174,12h
10.1073/pnas.0601301103_phosphorus_phosphate_starvation_mit9313_microarray,Prochlorococcus MIT9313,Prochlorococcus,MICROARRAY,PMT0994,phoB,two-component system response regulator RR class II (RRII)-CheY-OmpR,Stress response and adaptation,2.0,up,3.661,0.049,12h
10.1073/pnas.0601301103_phosphorus_phosphate_starvation_mit9313_microarray,Prochlorococcus MIT9313,Prochlorococcus,MICROARRAY,PMT0508,pstS,"phosphate ABC transporter, phosphate-binding protein PstS",Stress response and adaptation,3.0,up,2.349,0.0003,12h
10.1073/pnas.0601301103_phosphorus_phosphate_starvation_mit9313_microarray,Prochlorococcus MIT9313,Prochlorococcus,MICROARRAY,PMT1000,gap3,glyceraldehyde-3-phosphate dehydrogenase,Stress response and adaptation,4.0,up,1.661,0.0098,12h
