locus_tag,organism,genus,gene_name,product,gene_category,freq,best_rank,annotation_state,annotation_quality,ortholog_group_size,ortholog_genera,protein_id,has_seq
DEH24_02300,Alteromonas (MarRef v6),Alteromonas,adk,adenylate kinase,Nucleotide metabolism,10,1.0,informative_multi,3,10.0,Alteromonas,HBY38216.1,True
PMM1135,Prochlorococcus MED4,Prochlorococcus,hli,high light inducible protein,Stress response and adaptation,10,1.0,informative_multi,3,31.0,Prochlorococcus,WP_011132768.1,True
PMM1404,Prochlorococcus MED4,Prochlorococcus,hli,high light inducible protein,Stress response and adaptation,10,1.0,informative_multi,3,40.0,Prochlorococcus,WP_011133033.1,True
PMM1028,Prochlorococcus MED4,Prochlorococcus,,uncharacterized conserved secreted protein,Unknown,9,1.0,catch_all_only,1,28.0,"Prochlorococcus, Synechococcus",WP_011132661.1,True
PMM0817,Prochlorococcus MED4,Prochlorococcus,hli,high light inducible protein,Stress response and adaptation,8,3.0,informative_multi,3,31.0,Prochlorococcus,WP_011132451.1,True
PMM0806,Prochlorococcus MED4,Prochlorococcus,,"possible transcriptional regulator of iron metabolism, Crp/Fnr family protein",Stress response and adaptation,7,1.0,informative_multi,3,18.0,"Prochlorococcus, Synechococcus",WP_011132440.1,True
PMM0818,Prochlorococcus MED4,Prochlorococcus,hli,high light inducible protein,Stress response and adaptation,7,3.0,informative_multi,3,34.0,Prochlorococcus,WP_011132452.1,True
DEH24_14130,Alteromonas (MarRef v6),Alteromonas,cheW,chemotaxis protein CheW,Cell motility,6,1.0,informative_multi,3,10.0,Alteromonas,HBY40558.1,True
HP15_2958,Marinobacter (MarRef v6),Marinobacter,gtsA,ABC transporter substrate-binding protein,Carbohydrate metabolism,6,1.0,informative_multi,3,55.0,"Alteromonas, Marinobacter, Meiothermus, Prochlorococcus, Pseudomonas, Ruegeria, Shewanella, Synechococcus, Thermosynechococcus",WP_041645557.1,True
PMM1118,Prochlorococcus MED4,Prochlorococcus,hli,high light inducible protein,Stress response and adaptation,6,1.0,informative_multi,3,34.0,Prochlorococcus,WP_011132751.1,True
PMM1359,Prochlorococcus MED4,Prochlorococcus,,"uncharacterized conserved membrane protein, DoxX family",Stress response and adaptation,6,1.0,informative_multi,3,17.0,"Prochlorococcus, Synechococcus",WP_011132993.1,True
PMM1400,Prochlorococcus MED4,Prochlorococcus,,RmlC-like cupin domain-containing protein,Post-translational modification,6,1.0,informative_multi,3,19.0,"Prochlorococcus, Synechococcus",WP_011133029.1,True
PMT0992,Prochlorococcus MIT9313,Prochlorococcus,hli,high light inducible protein,Stress response and adaptation,6,1.0,informative_multi,3,12.0,Prochlorococcus,WP_011130364.1,True
PMM0030,Prochlorococcus MED4,Prochlorococcus,,conserved hypothetical protein,Unknown,5,1.0,catch_all_only,1,7.0,Prochlorococcus,WP_152556136.1,True
PMM0356,Prochlorococcus MED4,Prochlorococcus,pip,proline iminopeptidase,Amino acid metabolism,5,1.0,informative_multi,3,13.0,Prochlorococcus,WP_011131993.1,True
PMM1672,Prochlorococcus MED4,Prochlorococcus,desC4,delta-9 fatty-acid desaturase DesC4,Stress response and adaptation,5,1.0,informative_multi,3,19.0,"Prochlorococcus, Synechococcus",WP_036930746.1,True
HP15_1397,Marinobacter (MarRef v6),Marinobacter,katG,catalase/peroxidase HPI,Inorganic ion transport,5,2.0,informative_multi,3,19.0,"Alteromonas, Marinobacter, Pseudomonas, Ruegeria, Shewanella, Synechococcus",WP_041645165.1,True
HP15_372,Marinobacter (MarRef v6),Marinobacter,rplL,50S ribosomal protein L7/L12,Translation,5,2.0,informative_multi,3,39.0,"Alteromonas, Marinobacter, Meiothermus, Prochlorococcus, Pseudomonas, Ruegeria, Shewanella, Synechococcus, Thermosynechococcus",WP_008174836.1,True
PMM0336,Prochlorococcus MED4,Prochlorococcus,PTOX,plastoquinol terminal oxidase,Stress response and adaptation,5,2.0,informative_multi,3,12.0,Prochlorococcus,WP_011131973.1,True
PMM1397,Prochlorococcus MED4,Prochlorococcus,hli,high light inducible protein,Stress response and adaptation,5,2.0,informative_multi,3,14.0,Prochlorococcus,WP_011132450.1,True
PMM1396,Prochlorococcus MED4,Prochlorococcus,hli,high light inducible protein,Stress response and adaptation,5,4.0,informative_multi,3,33.0,Prochlorococcus,,False
BL107_07454,Synechococcus sp. BL107,Synechococcus,nusG,transcription termination/antitermination factor NusG,Transcription,4,1.0,informative_multi,3,20.0,"Prochlorococcus, Synechococcus",WP_009788712.1,True
DEH24_01620,Alteromonas (MarRef v6),Alteromonas,tsaA,alkyl hydroperoxide reductase,Post-translational modification,4,1.0,informative_multi,3,10.0,Alteromonas,HBY38081.1,True
DEH24_07870,Alteromonas (MarRef v6),Alteromonas,lpdA,dihydrolipoyl dehydrogenase,Energy production,4,1.0,informative_multi,3,10.0,Alteromonas,HBY39317.1,True
EZ55_00872,Alteromonas macleodii EZ55,Alteromonas,,organic hydroperoxide resistance protein,Post-translational modification,4,1.0,informative_multi,3,10.0,Alteromonas,WP_014948414.1,True
EZ55_02158,Alteromonas macleodii EZ55,Alteromonas,yhhW,pirin family protein,Unknown,4,1.0,informative_multi,3,7.0,Alteromonas,WP_156086465.1,True
EZ55_02634,Alteromonas macleodii EZ55,Alteromonas,,HvfA family oxazolone/thioamide-modified RiPP metallophore,Unknown,4,1.0,informative_single,2,9.0,Alteromonas,WP_156086632.1,True
EZ55_03523,Alteromonas macleodii EZ55,Alteromonas,,hypothetical protein,Unknown,4,1.0,no_evidence,0,,,WP_155279885.1,True
HP15_2158,Marinobacter (MarRef v6),Marinobacter,,ABC transporter substrate-binding protein,Carbohydrate metabolism,4,1.0,informative_multi,3,55.0,"Alteromonas, Marinobacter, Meiothermus, Prochlorococcus, Pseudomonas, Ruegeria, Shewanella, Synechococcus, Thermosynechococcus",WP_014577497.1,True
HP15_3759,Marinobacter (MarRef v6),Marinobacter,prlC,oligopeptidase A,Amino acid metabolism,4,1.0,informative_multi,3,56.0,"Alteromonas, Marinobacter, Meiothermus, Prochlorococcus, Pseudomonas, Ruegeria, Shewanella, Synechococcus, Thermosynechococcus",WP_014578889.1,True
PMM0551,Prochlorococcus MED4,Prochlorococcus,rbcS,"ribulose bisphosphate carboxylase, small subunit",Photosynthesis,4,1.0,informative_multi,3,20.0,"Prochlorococcus, Synechococcus",WP_011132185.1,True
PMM0627,Prochlorococcus MED4,Prochlorococcus,pcb,"divinyl-chlorophyll a/b binding light harvesting protein, photosystem II-associated",Stress response and adaptation,4,1.0,informative_multi,3,41.0,Prochlorococcus,WP_011132261.1,True
PMM0958,Prochlorococcus MED4,Prochlorococcus,,conserved hypothetical protein (DUF1830),Unknown,4,1.0,informative_single,2,17.0,"Prochlorococcus, Synechococcus",WP_011132591.1,True
PMM0970,Prochlorococcus MED4,Prochlorococcus,urtA,"ABC-type urea transporter, substrate binding component",Stress response and adaptation,4,1.0,informative_multi,3,19.0,"Prochlorococcus, Synechococcus",WP_036930312.1,True
PMM1148,Prochlorococcus MED4,Prochlorococcus,,conserved hypothetical protein,Unknown,4,1.0,informative_single,2,20.0,"Prochlorococcus, Synechococcus",WP_011132781.1,True
PMM1629,Prochlorococcus MED4,Prochlorococcus,rpoD8,"RNA polymerase sigma factor, type II",Stress response and adaptation,4,1.0,informative_multi,3,24.0,"Prochlorococcus, Synechococcus",WP_011133256.1,True
PMT1572,Prochlorococcus MIT9313,Prochlorococcus,,hypothetical protein,Lipid metabolism,4,1.0,informative_multi,3,1.0,Prochlorococcus,WP_162009616.1,True
PMT9312_0551,Prochlorococcus MIT9312,Prochlorococcus,rbcS,"ribulose bisphosphate carboxylase, small subunit",Photosynthesis,4,1.0,informative_multi,3,20.0,"Prochlorococcus, Synechococcus",WP_011376108.1,True
BL107_16040,Synechococcus sp. BL107,Synechococcus,rpoB,"DNA-directed RNA polymerase, beta subunit",Transcription,4,2.0,informative_multi,3,20.0,"Prochlorococcus, Synechococcus",WP_009790367.1,True
EZ55_02165,Alteromonas macleodii EZ55,Alteromonas,,DoxX family protein,Unknown,4,2.0,informative_multi,3,10.0,Alteromonas,WP_014949616.1,True
EZ55_03376,Alteromonas macleodii EZ55,Alteromonas,,EF-hand domain-containing protein,Unknown,4,2.0,informative_single,2,15.0,Alteromonas,WP_156086941.1,True
PMM0195,Prochlorococcus MED4,Prochlorococcus,pgk,phosphoglycerate kinase,Energy production,4,2.0,informative_multi,3,20.0,"Prochlorococcus, Synechococcus",WP_011131834.1,True
PMM0348,Prochlorococcus MED4,Prochlorococcus,,conserved hypothetical protein family PM-17,Unknown,4,2.0,catch_all_only,1,20.0,Prochlorococcus,WP_011131985.1,True
PMM1309,Prochlorococcus MED4,Prochlorococcus,ftsZ,cell division protein FtsZ,Cell cycle and division,4,2.0,informative_multi,3,20.0,"Prochlorococcus, Synechococcus",WP_011132943.1,True
PMM2005,Prochlorococcus MED4,Prochlorococcus,,conserved hypothetical protein,Unknown,4,2.0,catch_all_only,1,8.0,Prochlorococcus,WP_173028055.1,True
PMN2A_0525,Prochlorococcus NATL2A,Prochlorococcus,PMN2A_RS10655,conserved hypothetical protein family PM-14,Unknown,4,2.0,catch_all_only,1,19.0,Prochlorococcus,WP_011294622.1,True
PMT2240,Prochlorococcus MIT9313,Prochlorococcus,focA,"nitrite transporter, FNT family",Stress response and adaptation,4,2.0,informative_multi,3,9.0,"Prochlorococcus, Synechococcus",WP_011131604.1,True
PMT9312_0550,Prochlorococcus MIT9312,Prochlorococcus,rbcL,"ribulose bisphosphate carboxylase, large subunit",Photosynthesis,4,3.0,informative_multi,3,20.0,"Prochlorococcus, Synechococcus",WP_002805854.1,True
EZ55_03398,Alteromonas macleodii EZ55,Alteromonas,,hypothetical protein,Unknown,4,4.0,no_evidence,0,9.0,Alteromonas,WP_014977415.1,True
HP15_3055,Marinobacter (MarRef v6),Marinobacter,braC,branched-chain amino acid ABC transporter substrate-binding protein,Amino acid metabolism,4,5.0,informative_multi,3,103.0,"Alteromonas, Marinobacter, Meiothermus, Prochlorococcus, Pseudomonas, Ruegeria, Synechococcus, Thermosynechococcus",WP_014578283.1,True
EZ55_03462,Alteromonas macleodii EZ55,Alteromonas,,sterol desaturase family protein,Lipid metabolism,4,7.0,informative_multi,3,9.0,Alteromonas,WP_014977457.1,True
DEH24_09265,Alteromonas (MarRef v6),Alteromonas,rne,hypothetical protein,Translation,3,1.0,informative_multi,3,10.0,Alteromonas,HBY39595.1,True
DEH24_13670,Alteromonas (MarRef v6),Alteromonas,,isocitrate dehydrogenase,Energy production,3,1.0,informative_multi,3,10.0,Alteromonas,HBY40467.1,True
EZ55_00798,Alteromonas macleodii EZ55,Alteromonas,,spondin domain-containing protein,Unknown,3,1.0,informative_single,2,8.0,Alteromonas,WP_101563515.1,True
EZ55_01738,Alteromonas macleodii EZ55,Alteromonas,,nuclear transport factor 2 family protein,Unknown,3,1.0,informative_single,2,6.0,Alteromonas,WP_014979105.1,True
EZ55_02348,Alteromonas macleodii EZ55,Alteromonas,metE,methionine synthase,Amino acid metabolism,3,1.0,informative_multi,3,9.0,Alteromonas,WP_014949790.1,True
HP15_2088,Marinobacter (MarRef v6),Marinobacter,purB,adenylosuccinate lyase,Nucleotide metabolism,3,1.0,informative_multi,3,43.0,"Alteromonas, Marinobacter, Meiothermus, Prochlorococcus, Pseudomonas, Ruegeria, Shewanella, Synechococcus, Thermosynechococcus",WP_014577430.1,True
HP15_533,Marinobacter (MarRef v6),Marinobacter,ilvC,ketol-acid reductoisomerase,Amino acid metabolism,3,1.0,informative_multi,3,40.0,"Alteromonas, Marinobacter, Meiothermus, Prochlorococcus, Pseudomonas, Ruegeria, Shewanella, Synechococcus, Thermosynechococcus",WP_008170689.1,True
PMM0236,Prochlorococcus MED4,Prochlorococcus,crtR,fatty acid desaturase,Lipid metabolism,3,1.0,informative_multi,3,17.0,Prochlorococcus,WP_152556156.1,True
PMM0311,Prochlorococcus MED4,Prochlorococcus,metK,methionine adenosyltransferase,Amino acid metabolism,3,1.0,informative_multi,3,20.0,"Prochlorococcus, Synechococcus",WP_011131948.1,True
PMM0362,Prochlorococcus MED4,Prochlorococcus,,uncharacterized conserved membrane protein,Unknown,3,1.0,catch_all_only,1,5.0,Prochlorococcus,WP_036930928.1,True
PMM0370,Prochlorococcus MED4,Prochlorococcus,cynA,"cyanate ABC transporter, substrate-binding protein",Central intermediary metabolism,3,1.0,informative_multi,3,3.0,"Prochlorococcus, Synechococcus",WP_011132007.1,True
PMM0550,Prochlorococcus MED4,Prochlorococcus,rbcL,"ribulose bisphosphate carboxylase, large subunit",Photosynthesis,3,1.0,informative_multi,3,20.0,"Prochlorococcus, Synechococcus",WP_002805854.1,True
PMM0573,Prochlorococcus MED4,Prochlorococcus,cyabrB2,AbrB-like transcriptional regulator involved in photosynthesis regulation,Photosynthesis,3,1.0,informative_multi,3,25.0,"Prochlorococcus, Synechococcus",,False
PMM0805,Prochlorococcus MED4,Prochlorococcus,,"iron stress-induced protein, Prochlorococcus-specific",Stress response and adaptation,3,1.0,informative_single,2,9.0,Prochlorococcus,WP_011132439.1,True
PMM0861,Prochlorococcus MED4,Prochlorococcus,,conserved hypothetical protein,Unknown,3,1.0,catch_all_only,1,3.0,Prochlorococcus,WP_036930458.1,True
PMM1390,Prochlorococcus MED4,Prochlorococcus,hli,high light inducible protein,Stress response and adaptation,3,1.0,informative_multi,3,12.0,Prochlorococcus,WP_042116249.1,True
PMM1814,Prochlorococcus MED4,Prochlorococcus,,Conserved hypothetical protein,Unknown,3,1.0,catch_all_only,1,11.0,Prochlorococcus,WP_036930938.1,True
PMM1828,Prochlorococcus MED4,Prochlorococcus,,Hypothetical protein,Unknown,3,1.0,catch_all_only,1,12.0,Prochlorococcus,WP_036930926.1,True
PMM1951,Prochlorococcus MED4,Prochlorococcus,,conserved hypothetical protein,Unknown,3,1.0,catch_all_only,1,12.0,Prochlorococcus,WP_173028022.1,True
PMM2065,Prochlorococcus MED4,Prochlorococcus,,Hypothetical protein,Unknown,3,1.0,no_evidence,0,2.0,Prochlorococcus,WP_268741254.1,True
PMN2A_0436,Prochlorococcus NATL2A,Prochlorococcus,phoB,two-component system response regulator RR class II (RRII)-CheY-OmpR,Stress response and adaptation,3,1.0,informative_multi,3,10.0,"Prochlorococcus, Synechococcus",WP_011294535.1,True
PMN2A_0542,Prochlorococcus NATL2A,Prochlorococcus,PMN2A_RS05790,conserved hypothetical protein,Unknown,3,1.0,catch_all_only,1,4.0,Prochlorococcus,WP_011294639.1,True
PMT2229,Prochlorococcus MIT9313,Prochlorococcus,urtA,"ABC-type urea transporter, substrate binding component",Stress response and adaptation,3,1.0,informative_multi,3,19.0,"Prochlorococcus, Synechococcus",WP_011131593.1,True
PMT9312_0549,Prochlorococcus MIT9312,Prochlorococcus,csoS1A,carboxysome shell protein CsoS1A,Photosynthesis,3,1.0,informative_multi,3,20.0,"Prochlorococcus, Synechococcus",WP_002807869.1,True
PMT_0990,Prochlorococcus MIT9313,Prochlorococcus,hli,high light inducible protein,Stress response and adaptation,3,1.0,informative_multi,3,2.0,Prochlorococcus,WP_011130362.1,True
SYNW1812,Synechococcus WH8102,Parasynechococcus,,nucleoside 2-deoxyribosyltransferase family protein,Nucleotide metabolism,3,1.0,informative_multi,3,17.0,"Prochlorococcus, Synechococcus",WP_011128672.1,True
DEH24_11560,Alteromonas (MarRef v6),Alteromonas,cysD,sulfate adenylyltransferase subunit CysD,Coenzyme metabolism,3,2.0,informative_multi,3,10.0,Alteromonas,HBY40050.1,True
DEH24_17975,Alteromonas (MarRef v6),Alteromonas,,DUF1329 domain-containing protein,Unknown,3,2.0,informative_single,2,10.0,Alteromonas,HBY41322.1,True
EZ55_01782,Alteromonas macleodii EZ55,Alteromonas,,DUF3718 domain-containing protein,Unknown,3,2.0,informative_single,2,9.0,Alteromonas,WP_014949240.1,True
EZ55_02372,Alteromonas macleodii EZ55,Alteromonas,maoP,DUF413 domain-containing protein,Unknown,3,2.0,informative_single,2,7.0,Alteromonas,WP_049587633.1,True
HP15_382,Marinobacter (MarRef v6),Marinobacter,rplW,50S ribosomal protein L23,Translation,3,2.0,informative_multi,3,39.0,"Alteromonas, Marinobacter, Meiothermus, Prochlorococcus, Pseudomonas, Ruegeria, Shewanella, Synechococcus, Thermosynechococcus",WP_008174862.1,True
PMM0690,Prochlorococcus MED4,Prochlorococcus,hli,high light inducible protein,Stress response and adaptation,3,2.0,informative_multi,3,40.0,Prochlorococcus,WP_011132324.1,True
PMM0920,Prochlorococcus MED4,Prochlorococcus,glnA,"glutamine synthetase, type I",Amino acid metabolism,3,2.0,informative_multi,3,20.0,"Prochlorococcus, Synechococcus",WP_011132553.1,True
PMM1176,Prochlorococcus MED4,Prochlorococcus,,conserved hypothetical protein,Unknown,3,2.0,catch_all_only,1,13.0,Prochlorococcus,WP_011132810.1,True
PMM1523,Prochlorococcus MED4,Prochlorococcus,psaB,photosystem I core protein PsaB,Photosynthesis,3,2.0,informative_multi,3,22.0,"Prochlorococcus, Synechococcus",WP_011133151.1,True
PMM1991,Prochlorococcus MED4,Prochlorococcus,,conserved hypothetical protein,Unknown,3,2.0,catch_all_only,1,26.0,"Prochlorococcus, Synechococcus",WP_173028047.1,True
PMN2A_0445,Prochlorococcus NATL2A,Prochlorococcus,gap3,glyceraldehyde-3-phosphate dehydrogenase,Stress response and adaptation,3,2.0,informative_multi,3,16.0,"Prochlorococcus, Synechococcus",WP_011294544.1,True
PMN2A_1227,Prochlorococcus NATL2A,Prochlorococcus,PMN2A_RS11065,hemolysin-type calcium-binding repeat family protein,Post-translational modification,3,2.0,informative_multi,3,8.0,"Prochlorococcus, Synechococcus",WP_011295571.1,True
PMT0991,Prochlorococcus MIT9313,Prochlorococcus,,possible tRNA synthetase class I (E and Q),Unknown,3,2.0,informative_single,2,2.0,Prochlorococcus,WP_011130363.1,True
PMT2239,Prochlorococcus MIT9313,Prochlorococcus,nirA,ferredoxin--nitrite reductase,Stress response and adaptation,3,2.0,informative_multi,3,13.0,"Prochlorococcus, Synechococcus",WP_011131603.1,True
PMT9312_0722,Prochlorococcus MIT9312,Prochlorococcus,pstS,"phosphate ABC transporter, phosphate-binding protein PstS",Stress response and adaptation,3,2.0,informative_multi,3,28.0,"Prochlorococcus, Synechococcus",WP_036924572.1,True
SYNW1950,Synechococcus WH8102,Parasynechococcus,,conserved hypothetical protein,Unknown,3,2.0,informative_single,2,1.0,Synechococcus,WP_011128808.1,True
SynWH7803_1706,Synechococcus WH7803,Synechococcus,,uncharacterized conserved lipoprotein (DUF1254/DUF1214),Unknown,3,2.0,informative_single,2,3.0,"Prochlorococcus, Synechococcus",WP_011933604.1,True
DEH24_16415,Alteromonas (MarRef v6),Alteromonas,arcA,two-component system response regulator ArcA,Transcription,3,3.0,informative_multi,3,12.0,Alteromonas,HBY41011.1,True
HP15_380,Marinobacter (MarRef v6),Marinobacter,rplC,50S ribosomal protein L3,Translation,3,3.0,informative_multi,3,39.0,"Alteromonas, Marinobacter, Meiothermus, Prochlorococcus, Pseudomonas, Ruegeria, Shewanella, Synechococcus, Thermosynechococcus",WP_008174858.1,True
HP15_529,Marinobacter (MarRef v6),Marinobacter,clpB,ATP-dependent chaperone ClpB,Post-translational modification,3,3.0,informative_multi,3,112.0,"Alteromonas, Marinobacter, Meiothermus, Prochlorococcus, Pseudomonas, Ruegeria, Shewanella, Synechococcus, Thermosynechococcus",WP_014576075.1,True
PMM0660,Prochlorococcus MED4,Prochlorococcus,,conserved hypothetical protein,Unknown,3,3.0,informative_single,2,16.0,Prochlorococcus,WP_036930844.1,True
EZ55_02269,Alteromonas macleodii EZ55,Alteromonas,azoR,FMN-dependent NADH-azoreductase,Lipid metabolism,3,4.0,informative_multi,3,10.0,Alteromonas,WP_039225536.1,True
EZ55_02919,Alteromonas macleodii EZ55,Alteromonas,pfpI,type 1 glutamine amidotransferase domain-containing protein,Unknown,3,4.0,informative_multi,3,9.0,Alteromonas,WP_156086738.1,True
HP15_453,Marinobacter (MarRef v6),Marinobacter,thiC,phosphomethylpyrimidine synthase ThiC,Coenzyme metabolism,3,4.0,informative_multi,3,38.0,"Alteromonas, Marinobacter, Meiothermus, Prochlorococcus, Pseudomonas, Shewanella, Synechococcus, Thermosynechococcus",WP_041644939.1,True
PMM0374,Prochlorococcus MED4,Prochlorococcus,tatA,"twin arginine-targeting translocase, TatA/E family protein",Post-translational modification,3,4.0,informative_multi,3,24.0,"Prochlorococcus, Synechococcus",WP_011132011.1,True
PMM1813,Prochlorococcus MED4,Prochlorococcus,,conserved hypothetical protein,Unknown,3,4.0,catch_all_only,1,9.0,Prochlorococcus,WP_036930939.1,True
PMM1856,Prochlorococcus MED4,Prochlorococcus,,Hypothetical protein,Unknown,3,4.0,no_evidence,0,6.0,Prochlorococcus,,False
PMT9312_1510,Prochlorococcus MIT9312,Prochlorococcus,hli,high light inducible protein,Stress response and adaptation,3,4.0,informative_multi,3,31.0,Prochlorococcus,WP_011377053.1,True
BL107_08264,Synechococcus sp. BL107,Synechococcus,fusA,elongation factor G,Translation,3,5.0,informative_multi,3,20.0,"Prochlorococcus, Synechococcus",WP_009788868.1,True
DEH24_15880,Alteromonas (MarRef v6),Alteromonas,icd,NADP-dependent isocitrate dehydrogenase,Energy production,3,5.0,informative_multi,3,11.0,Alteromonas,HBY40904.1,True
EZ55_01991,Alteromonas macleodii EZ55,Alteromonas,yqjG,glutathione S-transferase family protein,Post-translational modification,3,5.0,informative_multi,3,10.0,Alteromonas,WP_014979276.1,True
PMM0469,Prochlorococcus MED4,Prochlorococcus,psaF,photosystem I reaction centre PsaF protein,Photosynthesis,3,5.0,informative_multi,3,20.0,"Prochlorococcus, Synechococcus",WP_011132105.1,True
PMM1171,Prochlorococcus MED4,Prochlorococcus,isiB,flavodoxin,Stress response and adaptation,3,5.0,informative_multi,3,18.0,"Prochlorococcus, Synechococcus",WP_011132805.1,True
PMN2A_0620,Prochlorococcus NATL2A,Prochlorococcus,PMN2A_RS06235,possible Legume lectins alpha domain,Unknown,3,5.0,no_evidence,0,15.0,Prochlorococcus,WP_011294709.1,True
PMT2117,Prochlorococcus MIT9313,Prochlorococcus,,possible D12 class N6 adenine-specific DNA met,Unknown,3,5.0,no_evidence,0,4.0,Prochlorococcus,WP_011131481.1,True
PMT2241,Prochlorococcus MIT9313,Prochlorococcus,,Armadillo-like helical-containing protein,Unknown,3,5.0,informative_single,2,13.0,"Prochlorococcus, Synechococcus",WP_011131605.1,True
EZ55_03879,Alteromonas macleodii EZ55,Alteromonas,yceJ,cytochrome b,Energy production,3,6.0,informative_multi,3,8.0,Alteromonas,WP_156087179.1,True
PMT9312_0687,Prochlorococcus MIT9312,Prochlorococcus,hli,high light inducible protein,Stress response and adaptation,3,6.0,informative_multi,3,40.0,Prochlorococcus,WP_011376242.1,True
EZ55_02865,Alteromonas macleodii EZ55,Alteromonas,,glycoside hydrolase family 97 protein,Carbohydrate metabolism,3,7.0,informative_multi,3,7.0,Alteromonas,WP_156086703.1,True
PMM0463,Prochlorococcus MED4,Prochlorococcus,,conserved hypothetical protein,Unknown,3,7.0,informative_single,2,18.0,"Prochlorococcus, Synechococcus",WP_011132099.1,True
PMT9312_0552,Prochlorococcus MIT9312,Prochlorococcus,csoS2,carboxysome shell protein CsoS2,Photosynthesis,3,7.0,informative_multi,3,20.0,"Prochlorococcus, Synechococcus",WP_011376109.1,True
PMM1819,Prochlorococcus MED4,Prochlorococcus,,Conserved hypothetical protein,Unknown,3,8.0,no_evidence,0,5.0,Prochlorococcus,,False
ACZ81_05680,Alteromonas macleodii HOT1A3,Alteromonas,slyA,MarR family winged helix-turn-helix transcriptional regulator,Transcription,2,1.0,informative_multi,3,8.0,"Alteromonas, Pseudomonas",WP_014948722.1,True
ACZ81_14325,Alteromonas macleodii HOT1A3,Alteromonas,,retropepsin-like aspartic protease,Unknown,2,1.0,informative_multi,3,9.0,Alteromonas,WP_014950335.1,True
ACZ81_16910,Alteromonas macleodii HOT1A3,Alteromonas,ankB,ankyrin repeat domain-containing protein,Unknown,2,1.0,informative_multi,3,7.0,Alteromonas,WP_014950839.1,True
ACZ81_17120,Alteromonas macleodii HOT1A3,Alteromonas,,hypothetical protein,Unknown,2,1.0,no_evidence,0,3.0,Alteromonas,WP_061486623.1,True
ACZ81_18535,Alteromonas macleodii HOT1A3,Alteromonas,,TonB-dependent receptor,Inorganic ion transport,2,1.0,informative_multi,3,6.0,Alteromonas,WP_014951136.1,True
BL107_08586,Synechococcus sp. BL107,Synechococcus,rplN,50S ribosomal protein L14,Translation,2,1.0,informative_multi,3,20.0,"Prochlorococcus, Synechococcus",WP_006169852.1,True
BL107_09756,Synechococcus sp. BL107,Synechococcus,topA,"DNA topoisomerase I, omega subunit",Replication and repair,2,1.0,informative_multi,3,20.0,"Prochlorococcus, Synechococcus",WP_009789155.1,True
BL107_11441,Synechococcus sp. BL107,Synechococcus,cyabrB2,AbrB-like transcriptional regulator involved in photosynthesis regulation,Photosynthesis,2,1.0,informative_multi,3,25.0,"Prochlorococcus, Synechococcus",WP_009789471.1,True
DEH24_15900,Alteromonas (MarRef v6),Alteromonas,purB,adenylosuccinate lyase,Nucleotide metabolism,2,1.0,informative_multi,3,10.0,Alteromonas,HBY40908.1,True
EZ55_01776,Alteromonas macleodii EZ55,Alteromonas,,DUF3718 domain-containing protein,Unknown,2,1.0,informative_single,2,18.0,Alteromonas,WP_014949234.1,True
EZ55_02855,Alteromonas macleodii EZ55,Alteromonas,suxA,TonB-dependent receptor,Cell wall and membrane,2,1.0,informative_multi,3,9.0,Alteromonas,WP_156086697.1,True
EZ55_02884,Alteromonas macleodii EZ55,Alteromonas,,hypothetical protein,Unknown,2,1.0,no_evidence,0,9.0,Alteromonas,WP_014950289.1,True
EZ55_03067,Alteromonas macleodii EZ55,Alteromonas,,AAA family ATPase,Cell cycle and division,2,1.0,informative_multi,3,11.0,Alteromonas,WP_156086818.1,True
EZ55_03747,Alteromonas macleodii EZ55,Alteromonas,,MFS transporter,Carbohydrate metabolism,2,1.0,informative_multi,3,10.0,Alteromonas,WP_156087072.1,True
EZ55_04249,Alteromonas macleodii EZ55,Alteromonas,benB,aromatic-ring-hydroxylating dioxygenase subunit beta,Secondary metabolites,2,1.0,informative_multi,3,1.0,Alteromonas,WP_156087405.1,True
HP15_1056,Marinobacter (MarRef v6),Marinobacter,,AraC family transcriptional regulator,Transcription,2,1.0,informative_multi,3,150.0,"Alteromonas, Marinobacter, Pseudomonas, Ruegeria, Shewanella, Synechococcus",WP_008170520.1,True
HP15_1691,Marinobacter (MarRef v6),Marinobacter,,ATP-dependent Clp protease ATP-binding subunit,Post-translational modification,2,1.0,informative_multi,3,112.0,"Alteromonas, Marinobacter, Meiothermus, Prochlorococcus, Pseudomonas, Ruegeria, Shewanella, Synechococcus, Thermosynechococcus",WP_014577074.1,True
HP15_2027,Marinobacter (MarRef v6),Marinobacter,dapA,4-hydroxy-tetrahydrodipicolinate synthase,Amino acid metabolism,2,1.0,informative_multi,3,56.0,"Alteromonas, Marinobacter, Meiothermus, Prochlorococcus, Pseudomonas, Ruegeria, Shewanella, Synechococcus, Thermosynechococcus",WP_014577380.1,True
HP15_3052,Marinobacter (MarRef v6),Marinobacter,lon,endopeptidase La,Post-translational modification,2,1.0,informative_multi,3,28.0,"Alteromonas, Marinobacter, Meiothermus, Pseudomonas, Ruegeria, Shewanella",WP_041645590.1,True
HP15_3068,Marinobacter (MarRef v6),Marinobacter,nusA,transcription termination factor NusA,Transcription,2,1.0,informative_multi,3,40.0,"Alteromonas, Marinobacter, Meiothermus, Prochlorococcus, Pseudomonas, Ruegeria, Shewanella, Synechococcus, Thermosynechococcus",WP_014578293.1,True
HP15_3335,Marinobacter (MarRef v6),Marinobacter,hemB,porphobilinogen synthase,Coenzyme metabolism,2,1.0,informative_multi,3,42.0,"Alteromonas, Marinobacter, Meiothermus, Prochlorococcus, Pseudomonas, Ruegeria, Shewanella, Synechococcus, Thermosynechococcus",WP_014578521.1,True
HP15_3373,Marinobacter (MarRef v6),Marinobacter,cspA,cold-shock protein,Transcription,2,1.0,informative_multi,3,53.0,"Alteromonas, Marinobacter, Meiothermus, Pseudomonas, Ruegeria, Shewanella",WP_008172950.1,True
HP15_3649,Marinobacter (MarRef v6),Marinobacter,nrdA,ribonucleoside-diphosphate reductase subunit alpha,Nucleotide metabolism,2,1.0,informative_multi,3,44.0,"Alteromonas, Marinobacter, Meiothermus, Prochlorococcus, Pseudomonas, Ruegeria, Shewanella, Synechococcus, Thermosynechococcus",WP_014578798.1,True
HP15_388,Marinobacter (MarRef v6),Marinobacter,rpmC,50S ribosomal protein L29,Translation,2,1.0,informative_multi,3,39.0,"Alteromonas, Marinobacter, Meiothermus, Prochlorococcus, Pseudomonas, Ruegeria, Shewanella, Synechococcus, Thermosynechococcus",WP_008174877.1,True
HP15_641,Marinobacter (MarRef v6),Marinobacter,metY,O-acetylhomoserine aminocarboxypropyltransferase/cysteine synthase family protein,Amino acid metabolism,2,1.0,informative_multi,3,49.0,"Alteromonas, Marinobacter, Meiothermus, Prochlorococcus, Pseudomonas, Ruegeria, Shewanella, Synechococcus",WP_008176355.1,True
HP15_758,Marinobacter (MarRef v6),Marinobacter,rpsP,30S ribosomal protein S16,Translation,2,1.0,informative_multi,3,39.0,"Alteromonas, Marinobacter, Meiothermus, Prochlorococcus, Pseudomonas, Ruegeria, Shewanella, Synechococcus, Thermosynechococcus",WP_008176245.1,True
M744_04015,Synechococcus elongatus UTEX 2973,Synechococcus,sphX,PstS family phosphate ABC transporter substrate-binding protein,Inorganic ion transport,2,1.0,informative_multi,3,7.0,Synechococcus,WP_011243971.1,True
M8001_12870,Pseudomonas putida KT2440,Pseudomonas,ansB,asparaginase,Amino acid metabolism,2,1.0,informative_multi,3,13.0,"Alteromonas, Pseudomonas, Shewanella",WP_010953400.1,True
M8001_13950,Pseudomonas putida KT2440,Pseudomonas,,porin,Cell wall and membrane,2,1.0,informative_multi,3,4.0,"Alteromonas, Pseudomonas",WP_010953581.1,True
MIT1002_03528,Alteromonas macleodii MIT1002,Alteromonas,,hypothetical protein,Unknown,2,1.0,no_evidence,0,,,WP_014977495.1,True
PMM0263,Prochlorococcus MED4,Prochlorococcus,amt1,ammonium transporter,Central intermediary metabolism,2,1.0,informative_multi,3,20.0,"Prochlorococcus, Synechococcus",WP_011131900.1,True
PMM0337,Prochlorococcus MED4,Prochlorococcus,,conserved hypothetical protein,Unknown,2,1.0,catch_all_only,1,23.0,"Prochlorococcus, Synechococcus",WP_011131974.1,True
PMM0373,Prochlorococcus MED4,Prochlorococcus,cynS,cyanate hydratase,Central intermediary metabolism,2,1.0,informative_multi,3,10.0,"Prochlorococcus, Synechococcus",WP_011132010.1,True
PMM0689,Prochlorococcus MED4,Prochlorococcus,hli,high light inducible protein,Stress response and adaptation,2,1.0,informative_multi,3,9.0,Prochlorococcus,WP_011132323.1,True
PMM0741,Prochlorococcus MED4,Prochlorococcus,psb29,photosystem II repair protein Psb29,Stress response and adaptation,2,1.0,informative_multi,3,20.0,"Prochlorococcus, Synechococcus",WP_011132375.1,True
PMM0814,Prochlorococcus MED4,Prochlorococcus,,conserved hypothetical protein,Unknown,2,1.0,catch_all_only,1,8.0,Prochlorococcus,WP_225866777.1,True
PMM1145,Prochlorococcus MED4,Prochlorococcus,pntB,pyridine nucleotide transhydrogenase beta subunit,Coenzyme metabolism,2,1.0,informative_multi,3,20.0,"Prochlorococcus, Synechococcus",WP_011132778.1,True
PMM1289,Prochlorococcus MED4,Prochlorococcus,rpoD6,"RNA polymerase sigma factor, type II",Transcription,2,1.0,informative_multi,3,20.0,"Prochlorococcus, Synechococcus",WP_011132923.1,True
PMM1452,Prochlorococcus MED4,Prochlorococcus,atpD,ATP synthase delta chain,Photosynthesis,2,1.0,informative_multi,3,20.0,"Prochlorococcus, Synechococcus",WP_011133081.1,True
PMM1453,Prochlorococcus MED4,Prochlorococcus,atpF,ATP synthase subunit B,Photosynthesis,2,1.0,informative_multi,3,20.0,"Prochlorococcus, Synechococcus",WP_011133082.1,True
PMM1971,Prochlorococcus MED4,Prochlorococcus,,conserved hypothetical protein,Unknown,2,1.0,catch_all_only,1,9.0,Prochlorococcus,WP_173028032.1,True
PMM1990,Prochlorococcus MED4,Prochlorococcus,,conserved hypothetical protein,Unknown,2,1.0,catch_all_only,1,9.0,Prochlorococcus,WP_173028045.1,True
PMN2A_0437,Prochlorococcus NATL2A,Prochlorococcus,phoR,"two-component system sensor histidine kinase, phosphate sensing PhoR",Stress response and adaptation,2,1.0,informative_multi,3,11.0,"Prochlorococcus, Synechococcus",WP_011294536.1,True
PMN2A_0440,Prochlorococcus NATL2A,Prochlorococcus,PMN2A_RS05215,outer membrane porin,Stress response and adaptation,2,1.0,informative_multi,3,79.0,"Prochlorococcus, Synechococcus",WP_011294539.1,True
PMN2A_0944,Prochlorococcus NATL2A,Prochlorococcus,PMN2A_RS07935,RmlC-like cupin domain-containing protein,Unknown,2,1.0,catch_all_only,1,19.0,"Prochlorococcus, Synechococcus",WP_011295291.1,True
PMN2A_1057,Prochlorococcus NATL2A,Prochlorococcus,PMN2A_RS08525,outer membrane porin,Stress response and adaptation,2,1.0,informative_multi,3,79.0,"Prochlorococcus, Synechococcus",WP_011295402.1,True
PMN2A_1298,Prochlorococcus NATL2A,Prochlorococcus,nirA,ferredoxin--nitrite reductase,Stress response and adaptation,2,1.0,informative_multi,3,13.0,"Prochlorococcus, Synechococcus",WP_011295642.1,True
PMN2A_1757,Prochlorococcus NATL2A,Prochlorococcus,PMN2A_RS02250,outer membrane porin,Stress response and adaptation,2,1.0,informative_multi,3,79.0,"Prochlorococcus, Synechococcus",WP_011294390.1,True
PMN2A_1878,Prochlorococcus NATL2A,Prochlorococcus,csoS1A,carboxysome shell protein CsoS1A,Photosynthesis,2,1.0,informative_multi,3,20.0,"Prochlorococcus, Synechococcus",WP_011130577.1,True
PMN2A_2049,Prochlorococcus NATL2A,Prochlorococcus,PMN2A_RS10680,conserved hypothetical protein,Unknown,2,1.0,no_evidence,0,4.0,Prochlorococcus,WP_011295171.1,True
PMT0328,Prochlorococcus MIT9313,Prochlorococcus,,"possible bromodomain adjacent to zinc finger domain, 2B...",Unknown,2,1.0,no_evidence,0,1.0,Prochlorococcus,WP_011129707.1,True
PMT0498,Prochlorococcus MIT9313,Prochlorococcus,,putative gram-negative pili assembly chaperone,Stress response and adaptation,2,1.0,informative_single,2,7.0,Prochlorococcus,,False
PMT1571,Prochlorococcus MIT9313,Prochlorococcus,,hypothetical protein,Unknown,2,1.0,no_evidence,0,1.0,Prochlorococcus,,False
PMT1742,Prochlorococcus MIT9313,Prochlorococcus,rplN,50S ribosomal protein L14,Translation,2,1.0,informative_multi,3,20.0,"Prochlorococcus, Synechococcus",WP_011131109.1,True
PMT9312_0356,Prochlorococcus MIT9312,Prochlorococcus,,conserved hypothetical protein family PM-17,Unknown,2,1.0,catch_all_only,1,20.0,Prochlorococcus,WP_011375917.1,True
PMT9312_0721,Prochlorococcus MIT9312,Prochlorococcus,,outer membrane porin,Stress response and adaptation,2,1.0,informative_multi,3,79.0,"Prochlorococcus, Synechococcus",WP_011376276.1,True
PMT9312_1228,Prochlorococcus MIT9312,Prochlorococcus,hli,high light inducible protein,Stress response and adaptation,2,1.0,informative_multi,3,31.0,Prochlorococcus,WP_011376777.1,True
PMT_1479,Prochlorococcus MIT9313,Prochlorococcus,,protein of unknown function DUF4278,Unknown,2,1.0,informative_single,2,3.0,"Prochlorococcus, Synechococcus",WP_011130847.1,True
PMT_2573,Prochlorococcus MIT9313,Prochlorococcus,,Hypothetical protein,Unknown,2,1.0,no_evidence,0,1.0,Prochlorococcus,,False
Pro0418,Prochlorococcus marinus subsp. marinus CCMP1375 (SS120),Prochlorococcus,mqoA,malate:quinone oxidoreductase,Carbohydrate metabolism,2,1.0,informative_multi,3,20.0,"Prochlorococcus, Synechococcus",WP_011124573.1,True
SPO1210,Ruegeria pomeroyi DSS-3,Ruegeria,,ABC transporter substrate-binding protein,Amino acid metabolism,2,1.0,informative_multi,3,1.0,Ruegeria,WP_011046953.1,True
SPO2231,Ruegeria pomeroyi DSS-3,Ruegeria,,bactofilin family protein,Cell wall and membrane,2,1.0,informative_multi,3,1.0,Ruegeria,WP_011047953.1,True
SPO3705,Ruegeria pomeroyi DSS-3,Ruegeria,,substrate-binding domain-containing protein,Amino acid metabolism,2,1.0,informative_multi,3,1.0,Ruegeria,WP_011049383.1,True
SYNPCC7002_E0006,Synechococcus PCC 7002,Picosynechococcus,,hypothetical protein,Unknown,2,1.0,no_evidence,0,,,WP_012308512.1,True
SYNW1780,Synechococcus WH8102,Parasynechococcus,argB,acetylglutamate kinase,Amino acid metabolism,2,1.0,informative_multi,3,20.0,"Prochlorococcus, Synechococcus",WP_011128640.1,True
Sputw3181_2878,Shewanella sp. W3-18-1,Shewanella,,hypothetical protein,Unknown,2,1.0,catch_all_only,1,1.0,Shewanella,WP_011790149.1,True
SynWH7803_0353,Synechococcus WH7803,Synechococcus,psbO,photosystem II manganese-stabilizing protein PsbO,Photosynthesis,2,1.0,informative_multi,3,20.0,"Prochlorococcus, Synechococcus",WP_011932278.1,True
SynWH7803_0582,Synechococcus WH7803,Synechococcus,pdhC,"pyruvate dehydrogenase complex, dihydrolipoamide acyltransferase (E2) component",Carbohydrate metabolism,2,1.0,informative_multi,3,20.0,"Prochlorococcus, Synechococcus",WP_011932494.1,True
SynWH7803_0866,Synechococcus WH7803,Synechococcus,ggt,gamma-glutamyltranspeptidase,Coenzyme metabolism,2,1.0,informative_multi,3,4.0,"Prochlorococcus, Synechococcus",WP_011932774.1,True
SynWH7803_1093,Synechococcus WH7803,Synechococcus,,conserved hypothetical protein,Unknown,2,1.0,catch_all_only,1,11.0,"Prochlorococcus, Synechococcus",WP_041428473.1,True
SynWH7803_2418,Synechococcus WH7803,Synechococcus,rplI,50S ribosomal protein L9,Translation,2,1.0,informative_multi,3,20.0,"Prochlorococcus, Synechococcus",WP_011934304.1,True
TX50_RS09260,Prochlorococcus MED4,Prochlorococcus,,DUF4278 domain-containing protein,Unknown,2,1.0,informative_single,2,26.0,Prochlorococcus,WP_071812974.1,True
ACZ81_08845,Alteromonas macleodii HOT1A3,Alteromonas,ahpF,alkyl hydroperoxide reductase subunit F,Post-translational modification,2,2.0,informative_multi,3,10.0,Alteromonas,WP_061485746.1,True
ACZ81_17215,Alteromonas macleodii HOT1A3,Alteromonas,,FG-GAP-like repeat-containing protein,Cell wall and membrane,2,2.0,informative_multi,3,11.0,"Alteromonas, Synechococcus",WP_158511557.1,True
BL107_08514,Synechococcus sp. BL107,Synechococcus,adk,adenylate kinase,Nucleotide metabolism,2,2.0,informative_multi,3,20.0,"Prochlorococcus, Synechococcus",WP_009788917.1,True
DEH24_14245,Alteromonas (MarRef v6),Alteromonas,argG,argininosuccinate synthase,Amino acid metabolism,2,2.0,informative_multi,3,10.0,Alteromonas,HBY40581.1,True
DEH24_16630,Alteromonas (MarRef v6),Alteromonas,serA,phosphoglycerate dehydrogenase,Amino acid metabolism,2,2.0,informative_multi,3,12.0,Alteromonas,HBY41054.1,True
EZ55_00205,Alteromonas macleodii EZ55,Alteromonas,galK,galactokinase,Carbohydrate metabolism,2,2.0,informative_multi,3,10.0,Alteromonas,WP_014947879.1,True
EZ55_01060,Alteromonas macleodii EZ55,Alteromonas,flaA,flagellin N-terminal helical domain-containing protein,Cell motility,2,2.0,informative_multi,3,29.0,Alteromonas,WP_014975883.1,True
EZ55_01737,Alteromonas macleodii EZ55,Alteromonas,,glutathione S-transferase family protein,Post-translational modification,2,2.0,informative_multi,3,6.0,Alteromonas,WP_156086301.1,True
EZ55_01828,Alteromonas macleodii EZ55,Alteromonas,,DUF547 domain-containing protein,Unknown,2,2.0,informative_single,2,7.0,Alteromonas,WP_061485756.1,True
EZ55_02117,Alteromonas macleodii EZ55,Alteromonas,fecA,TonB-dependent receptor family protein,Inorganic ion transport,2,2.0,informative_multi,3,6.0,"Alteromonas, Pseudomonas, Shewanella",WP_020745975.1,True
EZ55_02347,Alteromonas macleodii EZ55,Alteromonas,,DUF1852 domain-containing protein,Unknown,2,2.0,informative_single,2,9.0,Alteromonas,WP_014949789.1,True
EZ55_02929,Alteromonas macleodii EZ55,Alteromonas,,marine proteobacterial sortase target protein,Unknown,2,2.0,informative_multi,3,8.0,Alteromonas,WP_156086745.1,True
EZ55_03068,Alteromonas macleodii EZ55,Alteromonas,,hypothetical protein,Unknown,2,2.0,informative_single,2,10.0,Alteromonas,WP_014950448.1,True
EZ55_03522,Alteromonas macleodii EZ55,Alteromonas,katB,catalase,Energy production,2,2.0,informative_multi,3,10.0,Alteromonas,WP_273070703.1,True
EZ55_04248,Alteromonas macleodii EZ55,Alteromonas,benA,"benzoate 1,2-dioxygenase large subunit",Inorganic ion transport,2,2.0,informative_multi,3,1.0,Alteromonas,WP_156087404.1,True
HP15_2351,Marinobacter (MarRef v6),Marinobacter,sodB,superoxide dismutase [Fe],Inorganic ion transport,2,2.0,informative_multi,3,22.0,"Alteromonas, Marinobacter, Meiothermus, Pseudomonas, Ruegeria, Shewanella, Synechococcus, Thermosynechococcus",WP_014577657.1,True
HP15_275,Marinobacter (MarRef v6),Marinobacter,glnK,P-II family nitrogen regulator,Transcription,2,2.0,informative_multi,3,78.0,"Alteromonas, Marinobacter, Meiothermus, Prochlorococcus, Pseudomonas, Ruegeria, Shewanella, Synechococcus, Thermosynechococcus",WP_008173268.1,True
HP15_3028,Marinobacter (MarRef v6),Marinobacter,dctP,TRAP transporter substrate-binding protein DctP,Secondary metabolites,2,2.0,informative_multi,3,15.0,"Alteromonas, Marinobacter, Meiothermus, Prochlorococcus, Ruegeria, Shewanella, Synechococcus",WP_041645585.1,True
HP15_3031,Marinobacter (MarRef v6),Marinobacter,artJ,transporter substrate-binding domain-containing protein,Amino acid metabolism,2,2.0,informative_multi,3,238.0,"Alteromonas, Marinobacter, Meiothermus, Prochlorococcus, Pseudomonas, Ruegeria, Shewanella, Synechococcus, Thermosynechococcus",WP_014578262.1,True
HP15_3216,Marinobacter (MarRef v6),Marinobacter,ppa,inorganic diphosphatase,Energy production,2,2.0,informative_multi,3,60.0,"Alteromonas, Marinobacter, Meiothermus, Prochlorococcus, Pseudomonas, Synechococcus, Thermosynechococcus",WP_014578423.1,True
HP15_3286,Marinobacter (MarRef v6),Marinobacter,rpe,ribulose-phosphate 3-epimerase,Carbohydrate metabolism,2,2.0,informative_multi,3,41.0,"Alteromonas, Marinobacter, Meiothermus, Prochlorococcus, Pseudomonas, Ruegeria, Shewanella, Synechococcus, Thermosynechococcus",WP_008173385.1,True
HP15_3453,Marinobacter (MarRef v6),Marinobacter,cysK,cysteine synthase A,Amino acid metabolism,2,2.0,informative_multi,3,84.0,"Alteromonas, Marinobacter, Meiothermus, Prochlorococcus, Pseudomonas, Ruegeria, Shewanella, Synechococcus, Thermosynechococcus",WP_014578627.1,True
HP15_3552,Marinobacter (MarRef v6),Marinobacter,,ribonuclease R family protein,Transcription,2,2.0,informative_multi,3,71.0,"Alteromonas, Marinobacter, Meiothermus, Prochlorococcus, Pseudomonas, Ruegeria, Shewanella, Synechococcus, Thermosynechococcus",WP_014578706.1,True
HP15_3708,Marinobacter (MarRef v6),Marinobacter,gabT,4-aminobutyrate--2-oxoglutarate transaminase,Amino acid metabolism,2,2.0,informative_multi,3,12.0,"Marinobacter, Meiothermus, Pseudomonas, Ruegeria, Shewanella, Synechococcus",WP_014578841.1,True
HP15_764,Marinobacter (MarRef v6),Marinobacter,hom,homoserine dehydrogenase,Amino acid metabolism,2,2.0,informative_multi,3,29.0,"Marinobacter, Meiothermus, Prochlorococcus, Pseudomonas, Synechococcus, Thermosynechococcus",WP_014576269.1,True
MIT1002_00930,Alteromonas macleodii MIT1002,Alteromonas,,DUF3718 domain-containing protein,Unknown,2,2.0,informative_single,2,10.0,Alteromonas,WP_014948465.1,True
MIT1002_03521,Alteromonas macleodii MIT1002,Alteromonas,,S8 family peptidase,Post-translational modification,2,2.0,informative_multi,3,15.0,Alteromonas,WP_049586980.1,True
PMM0042,Prochlorococcus MED4,Prochlorococcus,flv1,flavoprotein involved in Mehler reaction,Carbohydrate metabolism,2,2.0,informative_multi,3,20.0,"Prochlorococcus, Synechococcus",WP_011131680.1,True
PMM0208,Prochlorococcus MED4,Prochlorococcus,eno,enolase,Carbohydrate metabolism,2,2.0,informative_multi,3,20.0,"Prochlorococcus, Synechococcus",WP_011131847.1,True
PMM0544,Prochlorococcus MED4,Prochlorococcus,chlB,"light-independent protochlorophyllide reductase, B subunit",Coenzyme metabolism,2,2.0,informative_multi,3,20.0,"Prochlorococcus, Synechococcus",WP_011132179.1,True
PMM0768,Prochlorococcus MED4,Prochlorococcus,hemA,glutamyl-tRNA reductase,Coenzyme metabolism,2,2.0,informative_multi,3,20.0,"Prochlorococcus, Synechococcus",WP_011132402.1,True
PMM1041,Prochlorococcus MED4,Prochlorococcus,,RmlC-like cupin domain-containing protein,Central intermediary metabolism,2,2.0,informative_single,2,11.0,"Prochlorococcus, Synechococcus",WP_036930329.1,True
PMM1352,Prochlorococcus MED4,Prochlorococcus,petF,2Fe-2S ferredoxin,Stress response and adaptation,2,2.0,informative_multi,3,20.0,"Prochlorococcus, Synechococcus",WP_011132986.1,True
PMM1374,Prochlorococcus MED4,Prochlorococcus,,conserved hypothetical protein,Unknown,2,2.0,catch_all_only,1,9.0,Prochlorococcus,WP_011133008.1,True
PMM1451,Prochlorococcus MED4,Prochlorococcus,atpA,ATP synthase alpha chain,Photosynthesis,2,2.0,informative_multi,3,20.0,"Prochlorococcus, Synechococcus",WP_011133080.1,True
PMM1454,Prochlorococcus MED4,Prochlorococcus,atpG,ATP synthase B^,Photosynthesis,2,2.0,informative_multi,3,20.0,"Prochlorococcus, Synechococcus",WP_011133083.1,True
PMM1462,Prochlorococcus MED4,Prochlorococcus,,conserved hypothetical protein,Unknown,2,2.0,catch_all_only,1,20.0,"Prochlorococcus, Synechococcus",WP_011133090.1,True
PMM1524,Prochlorococcus MED4,Prochlorococcus,psaA,photosystem I core protein PsaA,Photosynthesis,2,2.0,informative_multi,3,20.0,"Prochlorococcus, Synechococcus",WP_011133152.1,True
PMM1538,Prochlorococcus MED4,Prochlorococcus,rpmJ,50S ribosomal protein L36,Translation,2,2.0,informative_multi,3,21.0,"Prochlorococcus, Synechococcus",WP_011133166.1,True
PMM1671,Prochlorococcus MED4,Prochlorococcus,,conserved hypothetical protein,Unknown,2,2.0,catch_all_only,1,18.0,"Prochlorococcus, Synechococcus",WP_011133298.1,True
PMM1711,Prochlorococcus MED4,Prochlorococcus,sps,sucrose phosphate synthase,Carbohydrate metabolism,2,2.0,informative_multi,3,10.0,Prochlorococcus,WP_036930715.1,True
PMM1910,Prochlorococcus MED4,Prochlorococcus,,Conserved hypothetical protein,Unknown,2,2.0,catch_all_only,1,10.0,Prochlorococcus,WP_173027997.1,True
PMM1985,Prochlorococcus MED4,Prochlorococcus,,conserved hypothetical protein,Unknown,2,2.0,catch_all_only,1,9.0,Prochlorococcus,WP_173028041.1,True
PMM1999,Prochlorococcus MED4,Prochlorococcus,,Conserved hypothetical protein,Unknown,2,2.0,no_evidence,0,2.0,Prochlorococcus,,False
PMN2A_0441,Prochlorococcus NATL2A,Prochlorococcus,pstS,"phosphate ABC transporter, phosphate-binding protein PstS",Stress response and adaptation,2,2.0,informative_multi,3,28.0,"Prochlorococcus, Synechococcus",WP_011294540.1,True
PMN2A_0500,Prochlorococcus NATL2A,Prochlorococcus,PMN2A_RS10100,conserved hypothetical protein,Unknown,2,2.0,no_evidence,0,3.0,Prochlorococcus,WP_225866287.1,True
PMN2A_1048,Prochlorococcus NATL2A,Prochlorococcus,urtA,"ABC-type urea transporter, substrate binding component",Stress response and adaptation,2,2.0,informative_multi,3,19.0,"Prochlorococcus, Synechococcus",WP_011295393.1,True
PMN2A_1056,Prochlorococcus NATL2A,Prochlorococcus,PMN2A_RS08515,conserved hypothetical protein (DUF1830),Unknown,2,2.0,informative_single,2,17.0,"Prochlorococcus, Synechococcus",WP_041711064.1,True
PMN2A_1299,Prochlorococcus NATL2A,Prochlorococcus,focA,"nitrite transporter, FNT family",Stress response and adaptation,2,2.0,informative_multi,3,9.0,"Prochlorococcus, Synechococcus",WP_038655547.1,True
PMN2A_1879,Prochlorococcus NATL2A,Prochlorococcus,rbcL,"ribulose bisphosphate carboxylase, large subunit",Photosynthesis,2,2.0,informative_multi,3,20.0,"Prochlorococcus, Synechococcus",WP_011294510.1,True
PMT0510,Prochlorococcus MIT9313,Prochlorococcus,rimI,acetyltransferase family protein,Transcription,2,2.0,informative_multi,3,19.0,"Prochlorococcus, Synechococcus",WP_011129889.1,True
PMT1554,Prochlorococcus MIT9313,Prochlorococcus,,pentapeptide repeats family protein,Unknown,2,2.0,informative_single,2,11.0,Prochlorococcus,WP_236069580.1,True
PMT1574,Prochlorococcus MIT9313,Prochlorococcus,,"ABC transporter, permease component",Transport,2,2.0,informative_multi,3,1.0,Prochlorococcus,WP_041384604.1,True
PMT9312_0720,Prochlorococcus MIT9312,Prochlorococcus,,probable alkaline phosphatase,Secondary metabolites,2,2.0,informative_multi,3,5.0,Prochlorococcus,WP_011376275.1,True
PMT9312_1229,Prochlorococcus MIT9312,Prochlorococcus,hli,high light inducible protein,Stress response and adaptation,2,2.0,informative_multi,3,14.0,Prochlorococcus,WP_036924266.1,True
PMT9312_1231,Prochlorococcus MIT9312,Prochlorococcus,,uncharacterized conserved secreted protein,Unknown,2,2.0,catch_all_only,1,11.0,Prochlorococcus,WP_011376780.1,True
PMT9312_1695,Prochlorococcus MIT9312,Prochlorococcus,,Conserved hypothetical protein,Unknown,2,2.0,catch_all_only,1,20.0,"Prochlorococcus, Synechococcus",WP_011377237.1,True
Pro1401,Prochlorococcus marinus subsp. marinus CCMP1375 (SS120),Prochlorococcus,hupB,DNA-binding protein HU-beta,Regulatory functions,2,2.0,informative_multi,3,20.0,"Prochlorococcus, Synechococcus",WP_011125552.1,True
SPO0719,Ruegeria pomeroyi DSS-3,Ruegeria,etfA,electron transfer flavoprotein subunit alpha/FixB family protein,Energy production,2,2.0,informative_multi,3,15.0,"Alteromonas, Pseudomonas, Ruegeria, Shewanella",WP_011046469.1,True
SPO0887,Ruegeria pomeroyi DSS-3,Ruegeria,groL,chaperonin GroEL,Post-translational modification,2,2.0,informative_multi,3,15.0,"Alteromonas, Pseudomonas, Ruegeria, Shewanella",WP_011046636.1,True
SPO2441,Ruegeria pomeroyi DSS-3,Ruegeria,,ABC transporter substrate-binding protein,Amino acid metabolism,2,2.0,informative_multi,3,4.0,"Pseudomonas, Ruegeria",WP_144084001.1,True
SPO2802,Ruegeria pomeroyi DSS-3,Ruegeria,,BMP family protein,Unknown,2,2.0,informative_multi,3,1.0,Ruegeria,WP_044028559.1,True
SYNPCC7002_A0224,Synechococcus PCC 7002,Picosynechococcus,,M48 family metallopeptidase,Amino acid metabolism,2,2.0,informative_multi,3,1.0,Synechococcus,WP_012305860.1,True
SYNW0152,Synechococcus WH8102,Parasynechococcus,rnc,ribonuclease III,Transcription,2,2.0,informative_multi,3,20.0,"Prochlorococcus, Synechococcus",WP_011127028.1,True
Sputw3181_0575,Shewanella sp. W3-18-1,Shewanella,,cytochrome c-type biogenesis protein CcmH,Energy production,2,2.0,informative_multi,3,15.0,"Alteromonas, Pseudomonas, Ruegeria, Shewanella",WP_011787958.1,True
Sputw3181_1206,Shewanella sp. W3-18-1,Shewanella,yhbV,U32 family peptidase,Post-translational modification,2,2.0,informative_multi,3,2.0,"Alteromonas, Shewanella",WP_011788557.1,True
SynWH7803_0196,Synechococcus WH7803,Synechococcus,fabF,beta-ketoacyl-(acyl-carrier-protein) synthase II (KASII),Lipid metabolism,2,2.0,informative_multi,3,20.0,"Prochlorococcus, Synechococcus",WP_011932128.1,True
SynWH7803_0408,Synechococcus WH7803,Synechococcus,rplM,50S ribosomal protein L13,Translation,2,2.0,informative_multi,3,20.0,"Prochlorococcus, Synechococcus",WP_011932330.1,True
SynWH7803_0948,Synechococcus WH7803,Synechococcus,,cupredoxin-like protein,Stress response and adaptation,2,2.0,informative_multi,3,2.0,"Prochlorococcus, Synechococcus",WP_011932856.1,True
ACZ81_02025,Alteromonas macleodii HOT1A3,Alteromonas,katA,catalase,Energy production,2,3.0,informative_multi,3,16.0,Alteromonas,WP_014975484.1,True
ACZ81_02595,Alteromonas macleodii HOT1A3,Alteromonas,,TA system antitoxin ParD family protein,Unknown,2,3.0,informative_single,2,3.0,Alteromonas,WP_012518669.1,True
BL107_07694,Synechococcus sp. BL107,Synechococcus,,beta-lactamase superfamily domain protein,Unknown,2,3.0,informative_multi,3,16.0,"Prochlorococcus, Synechococcus",WP_009788759.1,True
DEH24_12145,Alteromonas (MarRef v6),Alteromonas,aroF,3-deoxy-7-phosphoheptulonate synthase,Amino acid metabolism,2,3.0,informative_multi,3,10.0,Alteromonas,HBY40165.1,True
DEH24_14880,Alteromonas (MarRef v6),Alteromonas,infB,translation initiation factor IF-2,Translation,2,3.0,informative_multi,3,11.0,Alteromonas,HBY40706.1,True
EZ55_00390,Alteromonas macleodii EZ55,Alteromonas,glnK,P-II family nitrogen regulator,Transcription,2,3.0,informative_multi,3,10.0,Alteromonas,WP_012516988.1,True
EZ55_01736,Alteromonas macleodii EZ55,Alteromonas,,pyridoxamine 5^-phosphate oxidase family protein,Unknown,2,3.0,informative_single,2,6.0,Alteromonas,WP_156086300.1,True
EZ55_01810,Alteromonas macleodii EZ55,Alteromonas,,2OG-Fe(II) oxygenase,Post-translational modification,2,3.0,informative_multi,3,9.0,Alteromonas,WP_156086337.1,True
EZ55_01932,Alteromonas macleodii EZ55,Alteromonas,proA,glutamate-5-semialdehyde dehydrogenase,Amino acid metabolism,2,3.0,informative_multi,3,12.0,Alteromonas,WP_061485817.1,True
EZ55_02501,Alteromonas macleodii EZ55,Alteromonas,gtfA,sucrose phosphorylase,Carbohydrate metabolism,2,3.0,informative_multi,3,9.0,Alteromonas,WP_131136549.1,True
EZ55_02876,Alteromonas macleodii EZ55,Alteromonas,betB,betaine-aldehyde dehydrogenase,Energy production,2,3.0,informative_multi,3,9.0,Alteromonas,WP_014950281.1,True
EZ55_03446,Alteromonas macleodii EZ55,Alteromonas,,hypothetical protein,Unknown,2,3.0,no_evidence,0,8.0,Alteromonas,WP_156086949.1,True
EZ55_03498,Alteromonas macleodii EZ55,Alteromonas,actP,sodium:solute symporter family protein,Unknown,2,3.0,informative_multi,3,9.0,Alteromonas,WP_014980378.1,True
HP15_1360,Marinobacter (MarRef v6),Marinobacter,gyrA,DNA gyrase subunit A,Replication and repair,2,3.0,informative_multi,3,79.0,"Alteromonas, Marinobacter, Meiothermus, Prochlorococcus, Pseudomonas, Ruegeria, Shewanella, Synechococcus, Thermosynechococcus",WP_014576789.1,True
HP15_2034,Marinobacter (MarRef v6),Marinobacter,pal,peptidoglycan-associated lipoprotein Pal,Cell wall and membrane,2,3.0,informative_multi,3,148.0,"Alteromonas, Marinobacter, Prochlorococcus, Pseudomonas, Ruegeria, Shewanella, Synechococcus, Thermosynechococcus",WP_008169120.1,True
HP15_2555,Marinobacter (MarRef v6),Marinobacter,yiaD,OmpA family protein,Cell wall and membrane,2,3.0,informative_multi,3,148.0,"Alteromonas, Marinobacter, Prochlorococcus, Pseudomonas, Ruegeria, Shewanella, Synechococcus, Thermosynechococcus",WP_227497835.1,True
HP15_306,Marinobacter (MarRef v6),Marinobacter,tdcF,RidA family protein,Translation,2,3.0,informative_multi,3,73.0,"Alteromonas, Marinobacter, Meiothermus, Prochlorococcus, Pseudomonas, Ruegeria, Shewanella, Synechococcus, Thermosynechococcus",WP_008169589.1,True
HP15_354,Marinobacter (MarRef v6),Marinobacter,,bactofilin family protein,Cell wall and membrane,2,3.0,informative_multi,3,4.0,"Marinobacter, Meiothermus, Ruegeria, Shewanella",WP_008173148.1,True
HP15_373,Marinobacter (MarRef v6),Marinobacter,rpoB,DNA-directed RNA polymerase subunit beta,Transcription,2,3.0,informative_multi,3,39.0,"Alteromonas, Marinobacter, Meiothermus, Prochlorococcus, Pseudomonas, Ruegeria, Shewanella, Synechococcus, Thermosynechococcus",WP_041646080.1,True
HP15_384,Marinobacter (MarRef v6),Marinobacter,rpsS,30S ribosomal protein S19,Translation,2,3.0,informative_multi,3,39.0,"Alteromonas, Marinobacter, Meiothermus, Prochlorococcus, Pseudomonas, Ruegeria, Shewanella, Synechococcus, Thermosynechococcus",WP_007154011.1,True
MIT1002_00894,Alteromonas macleodii MIT1002,Alteromonas,,DUF3718 domain-containing protein,Unknown,2,3.0,informative_single,2,4.0,Alteromonas,WP_049589028.1,True
MIT1002_03527,Alteromonas macleodii MIT1002,Alteromonas,,S8 family serine peptidase,Post-translational modification,2,3.0,informative_multi,3,15.0,Alteromonas,WP_049586985.1,True
PMM0243,Prochlorococcus MED4,Prochlorococcus,thyx,thymidylate synthase,Nucleotide metabolism,2,3.0,informative_multi,3,16.0,Prochlorococcus,WP_011131881.1,True
PMM0314,Prochlorococcus MED4,Prochlorococcus,psbT,photosystem II reaction center T protein,Photosynthesis,2,3.0,informative_multi,3,16.0,"Prochlorococcus, Synechococcus",WP_011131951.1,True
PMM0545,Prochlorococcus MED4,Prochlorococcus,chlN,light-independent protochlorophyllide reductase subunit N,Coenzyme metabolism,2,3.0,informative_multi,3,20.0,"Prochlorococcus, Synechococcus",WP_011132180.1,True
PMM0577,Prochlorococcus MED4,Prochlorococcus,rpoD7,"RNA polymerase sigma factor, type II",Transcription,2,3.0,informative_multi,3,20.0,"Prochlorococcus, Synechococcus",WP_011132211.1,True
PMM1164,Prochlorococcus MED4,Prochlorococcus,idiA2,iron deficiency-induced protein A,Stress response and adaptation,2,3.0,informative_multi,3,18.0,"Prochlorococcus, Synechococcus",WP_011132798.1,True
PMM1384,Prochlorococcus MED4,Prochlorococcus,hli,high light inducible protein,Stress response and adaptation,2,3.0,informative_multi,3,34.0,Prochlorococcus,WP_011132751.1,True
PMM1412,Prochlorococcus MED4,Prochlorococcus,,cupin domain-containing protein,Unknown,2,3.0,informative_single,2,31.0,"Prochlorococcus, Synechococcus",WP_011133041.1,True
PMT0169,Prochlorococcus MIT9313,Prochlorococcus,,possible Chitin synthase,Unknown,2,3.0,no_evidence,0,1.0,Prochlorococcus,,False
PMT0496,Prochlorococcus MIT9313,Prochlorococcus,pcb,"divinyl-chlorophyll a/b binding light harvesting protein, photosystem I-associated",Stress response and adaptation,2,3.0,informative_multi,3,16.0,Prochlorococcus,WP_011129875.1,True
PMT1570,Prochlorococcus MIT9313,Prochlorococcus,,hypothetical protein,Transcription,2,3.0,informative_single,2,1.0,Prochlorococcus,WP_041384600.1,True
PMT2138,Prochlorococcus MIT9313,Prochlorococcus,,hypothetical protein,Unknown,2,3.0,no_evidence,0,1.0,Prochlorococcus,WP_011131502.1,True
PMT9312_1230,Prochlorococcus MIT9312,Prochlorococcus,hli,high light inducible protein,Stress response and adaptation,2,3.0,informative_multi,3,33.0,Prochlorococcus,WP_011376779.1,True
PMT9312_1471,Prochlorococcus MIT9312,Prochlorococcus,,conserved hypothetical protein,Unknown,2,3.0,catch_all_only,1,9.0,Prochlorococcus,WP_036924048.1,True
PMT9312_1608,Prochlorococcus MIT9312,Prochlorococcus,,conserved hypothetical protein,Unknown,2,3.0,catch_all_only,1,9.0,Prochlorococcus,WP_011377150.1,True
PMT_2384,Prochlorococcus MIT9313,Prochlorococcus,,Hypothetical protein,Unknown,2,3.0,no_evidence,0,2.0,Prochlorococcus,,False
PMT_2925,Prochlorococcus MIT9313,Prochlorococcus,,Hypothetical protein,Unknown,2,3.0,no_evidence,0,3.0,Prochlorococcus,,False
Pro0025,Prochlorococcus marinus subsp. marinus CCMP1375 (SS120),Prochlorococcus,ppiB,cyclophilin type peptidyl-prolyl cis-trans isomerase/CLD family protein,Post-translational modification,2,3.0,informative_multi,3,20.0,"Prochlorococcus, Synechococcus",WP_011124180.1,True
SPO0349,Ruegeria pomeroyi DSS-3,Ruegeria,mdh,malate dehydrogenase,Energy production,2,3.0,informative_multi,3,13.0,"Alteromonas, Pseudomonas, Ruegeria, Shewanella",WP_011046110.1,True
SYNPCC7002_C0017,Synechococcus PCC 7002,Picosynechococcus,resP,recombinase family protein,Replication and repair,2,3.0,informative_multi,3,73.0,"Alteromonas, Marinobacter, Prochlorococcus, Pseudomonas, Ruegeria, Shewanella, Synechococcus, Thermosynechococcus",WP_012308477.1,True
SYNW0321,Synechococcus WH8102,Parasynechococcus,sufD,"ABC transporter involved in Fe-S cluster assembly, permease component",Stress response and adaptation,2,3.0,informative_multi,3,20.0,"Prochlorococcus, Synechococcus",WP_011127195.1,True
Sputw3181_2907,Shewanella sp. W3-18-1,Shewanella,,hypothetical protein,Unknown,2,3.0,no_evidence,0,,,WP_014620654.1,True
SynWH7803_2164,Synechococcus WH7803,Synechococcus,pgmA2,phosphoglucomutase,Carbohydrate metabolism,2,3.0,informative_multi,3,20.0,"Prochlorococcus, Synechococcus",WP_011934052.1,True
ACZ81_08480,Alteromonas macleodii HOT1A3,Alteromonas,,glutathione binding-like protein,Post-translational modification,2,4.0,informative_multi,3,6.0,Alteromonas,WP_061485682.1,True
BL107_06309,Synechococcus sp. BL107,Synechococcus,clpP2,"ATP-dependent Clp protease, protease subunit",Post-translational modification,2,4.0,informative_multi,3,20.0,"Prochlorococcus, Synechococcus",WP_009788487.1,True
BL107_10556,Synechococcus sp. BL107,Synechococcus,csoS1A,carboxysome shell protein CsoS1A,Photosynthesis,2,4.0,informative_multi,3,20.0,"Prochlorococcus, Synechococcus",WP_006169870.1,True
EZ55_00391,Alteromonas macleodii EZ55,Alteromonas,amtB,ammonium transporter,Inorganic ion transport,2,4.0,informative_multi,3,10.0,Alteromonas,WP_014948004.1,True
EZ55_03008,Alteromonas macleodii EZ55,Alteromonas,,SIMPL domain-containing protein,Unknown,2,4.0,informative_single,2,10.0,Alteromonas,WP_014977212.1,True
EZ55_04065,Alteromonas macleodii EZ55,Alteromonas,ilvC,ketol-acid reductoisomerase,Amino acid metabolism,2,4.0,informative_multi,3,10.0,Alteromonas,WP_014951396.1,True
HP15_1494,Marinobacter (MarRef v6),Marinobacter,hisS,histidine--tRNA ligase,Translation,2,4.0,informative_multi,3,40.0,"Alteromonas, Marinobacter, Meiothermus, Prochlorococcus, Pseudomonas, Ruegeria, Shewanella, Synechococcus, Thermosynechococcus",WP_014576905.1,True
HP15_2091,Marinobacter (MarRef v6),Marinobacter,,LysR family transcriptional regulator,Transcription,2,4.0,informative_multi,3,643.0,"Alteromonas, Marinobacter, Meiothermus, Prochlorococcus, Pseudomonas, Ruegeria, Shewanella, Synechococcus, Thermosynechococcus",WP_039882066.1,True
HP15_2229,Marinobacter (MarRef v6),Marinobacter,ppsA,phosphoenolpyruvate synthase,Carbohydrate metabolism,2,4.0,informative_multi,3,24.0,"Alteromonas, Marinobacter, Meiothermus, Pseudomonas, Ruegeria, Shewanella, Synechococcus, Thermosynechococcus",WP_373274841.1,True
HP15_3953,Marinobacter (MarRef v6),Marinobacter,btuB,TonB-dependent receptor plug domain-containing protein,Coenzyme metabolism,2,4.0,informative_multi,3,83.0,"Alteromonas, Marinobacter, Pseudomonas, Shewanella, Synechococcus",WP_014579072.1,True
HP15_781,Marinobacter (MarRef v6),Marinobacter,lepA,translation elongation factor 4,Cell wall and membrane,2,4.0,informative_multi,3,40.0,"Alteromonas, Marinobacter, Meiothermus, Prochlorococcus, Pseudomonas, Ruegeria, Shewanella, Synechococcus, Thermosynechococcus",WP_014576285.1,True
MIT1002_03386,Alteromonas macleodii MIT1002,Alteromonas,,hypothetical protein,Unknown,2,4.0,no_evidence,0,,,WP_049588678.1,True
PMM0172,Prochlorococcus MED4,Prochlorococcus,ndhH,NADH dehydrogenase I subunit NdhH (chain 7 or delta),Carbohydrate metabolism,2,4.0,informative_multi,3,20.0,"Prochlorococcus, Synechococcus",WP_011131811.1,True
PMM0244,Prochlorococcus MED4,Prochlorococcus,dcd,deoxycytidine triphosphate deaminase,Nucleotide metabolism,2,4.0,informative_multi,3,20.0,"Prochlorococcus, Synechococcus",WP_011131882.1,True
PMM0245,Prochlorococcus MED4,Prochlorococcus,cobO2,cob(I)alamin adenosyltransferase,Coenzyme metabolism,2,4.0,informative_multi,3,20.0,"Prochlorococcus, Synechococcus",WP_011131883.1,True
PMM0474,Prochlorococcus MED4,Prochlorococcus,,Prochlorococcus/marine Synechococcus Hyper-Conserved Protein (PSHCP),Photosynthesis,2,4.0,informative_multi,3,20.0,"Prochlorococcus, Synechococcus",WP_006043540.1,True
PMM0496,Prochlorococcus MED4,Prochlorococcus,rpoD1,"major RNA polymerase sigma factor, type I",Stress response and adaptation,2,4.0,informative_multi,3,20.0,"Prochlorococcus, Synechococcus",WP_011132131.1,True
PMM0580,Prochlorococcus MED4,Prochlorococcus,clpB1,ATP-dependent Clp protease ATP-binding subunit ClpB,Stress response and adaptation,2,4.0,informative_multi,3,21.0,"Prochlorococcus, Synechococcus",WP_011132214.1,True
PMM0819,Prochlorococcus MED4,Prochlorococcus,,conserved hypothetical protein,Unknown,2,4.0,informative_single,2,8.0,Prochlorococcus,WP_011132453.1,True
PMM1455,Prochlorococcus MED4,Prochlorococcus,atpH,ATP synthase C chain,Photosynthesis,2,4.0,informative_multi,3,19.0,"Prochlorococcus, Synechococcus",WP_002805169.1,True
PMM1815,Prochlorococcus MED4,Prochlorococcus,,Conserved hypothetical protein,Unknown,2,4.0,no_evidence,0,7.0,Prochlorococcus,,False
PMM1984,Prochlorococcus MED4,Prochlorococcus,,Hypothetical protein,Unknown,2,4.0,no_evidence,0,2.0,Prochlorococcus,,False
PMN2A_0444,Prochlorococcus NATL2A,Prochlorococcus,arsJ,"multidrug efflux transporter, MFS family",Stress response and adaptation,2,4.0,informative_multi,3,16.0,"Prochlorococcus, Synechococcus",WP_011294543.1,True
PMN2A_0619,Prochlorococcus NATL2A,Prochlorococcus,PMN2A_RS10785,conserved hypothetical protein family PM-14,Unknown,2,4.0,catch_all_only,1,19.0,Prochlorococcus,WP_011294708.1,True
PMN2A_2019,Prochlorococcus NATL2A,Prochlorococcus,PMN2A_RS10620,Conserved hypothetical protein,Unknown,2,4.0,no_evidence,0,12.0,Prochlorococcus,WP_011295041.1,True
PMT1573,Prochlorococcus MIT9313,Prochlorococcus,,"ABC exporter membrane fusion, DevB family",Transport,2,4.0,informative_multi,3,1.0,Prochlorococcus,WP_041384602.1,True
PMT9312_0686,Prochlorococcus MIT9312,Prochlorococcus,hli,high light inducible protein,Stress response and adaptation,2,4.0,informative_multi,3,33.0,Prochlorococcus,,False
PMT9312_0688,Prochlorococcus MIT9312,Prochlorococcus,hli,high light inducible protein,Stress response and adaptation,2,4.0,informative_multi,3,12.0,Prochlorococcus,WP_011376243.1,True
PMT_0842,Prochlorococcus MIT9313,Prochlorococcus,,Pyrimidine dimer DNA glycosylase,Replication and repair,2,4.0,informative_multi,3,3.0,Prochlorococcus,WP_041384997.1,True
Pro0829,Prochlorococcus marinus subsp. marinus CCMP1375 (SS120),Prochlorococcus,ddpX,D-alanyl-D-alanine dipeptidase,Stress response and adaptation,2,4.0,informative_multi,3,18.0,"Prochlorococcus, Synechococcus",WP_011124981.1,True
Pro1428,Prochlorococcus marinus subsp. marinus CCMP1375 (SS120),Prochlorococcus,truB,tRNA pseudouridine(55) synthase,Translation,2,4.0,informative_multi,3,20.0,"Prochlorococcus, Synechococcus",WP_011125579.1,True
SPO0326,Ruegeria pomeroyi DSS-3,Ruegeria,phbA,acetyl-CoA C-acetyltransferase,Lipid metabolism,2,4.0,informative_multi,3,60.0,"Alteromonas, Pseudomonas, Ruegeria, Shewanella",WP_011046087.1,True
SYNPCC7002_A1666,Synechococcus PCC 7002,Picosynechococcus,,Uma2 family endonuclease,Unknown,2,4.0,informative_single,2,2.0,Synechococcus,WP_012307278.1,True
SYNPCC7002_E0007,Synechococcus PCC 7002,Picosynechococcus,,hypothetical protein,Unknown,2,4.0,no_evidence,0,1.0,Synechococcus,WP_012308513.1,True
SYNW2320,Synechococcus WH8102,Parasynechococcus,nadC,nicotinate-nucleotide diphosphorylase,Coenzyme metabolism,2,4.0,informative_multi,3,20.0,"Prochlorococcus, Synechococcus",WP_042504493.1,True
Sputw3181_0086,Shewanella sp. W3-18-1,Shewanella,glcB,malate synthase,Energy production,2,4.0,informative_multi,3,14.0,"Alteromonas, Pseudomonas, Ruegeria, Shewanella",WP_011787506.1,True
EZ55_00433,Alteromonas macleodii EZ55,Alteromonas,katA,catalase,Energy production,2,5.0,informative_multi,3,16.0,Alteromonas,WP_156085838.1,True
EZ55_02371,Alteromonas macleodii EZ55,Alteromonas,,hypothetical protein,Unknown,2,5.0,no_evidence,0,9.0,Alteromonas,WP_168463489.1,True
EZ55_02984,Alteromonas macleodii EZ55,Alteromonas,,TonB-dependent receptor,Inorganic ion transport,2,5.0,informative_multi,3,8.0,Alteromonas,WP_069944734.1,True
EZ55_03447,Alteromonas macleodii EZ55,Alteromonas,yiaA,inner membrane protein YiaA,Unknown,2,5.0,informative_multi,3,9.0,Alteromonas,WP_156086950.1,True
EZ55_03499,Alteromonas macleodii EZ55,Alteromonas,,DUF4212 domain-containing protein,Unknown,2,5.0,informative_single,2,10.0,Alteromonas,WP_014950817.1,True
EZ55_04251,Alteromonas macleodii EZ55,Alteromonas,benD,"1,6-dihydroxycyclohexa-2,4-diene-1-carboxylate dehydrogenase",Lipid metabolism,2,5.0,informative_multi,3,1.0,Alteromonas,WP_156087406.1,True
HP15_1755,Marinobacter (MarRef v6),Marinobacter,etfA,electron transfer flavoprotein subunit alpha/FixB family protein,Energy production,2,5.0,informative_multi,3,18.0,"Alteromonas, Marinobacter, Meiothermus, Pseudomonas, Ruegeria, Shewanella",WP_014577132.1,True
HP15_1827,Marinobacter (MarRef v6),Marinobacter,trpB,tryptophan synthase subunit beta,Amino acid metabolism,2,5.0,informative_multi,3,40.0,"Alteromonas, Marinobacter, Meiothermus, Prochlorococcus, Pseudomonas, Ruegeria, Shewanella, Synechococcus, Thermosynechococcus",WP_373274847.1,True
HP15_3000,Marinobacter (MarRef v6),Marinobacter,hmuS,hemin-degrading factor,Inorganic ion transport,2,5.0,informative_multi,3,1.0,Marinobacter,WP_014578240.1,True
HP15_3007,Marinobacter (MarRef v6),Marinobacter,ctpA,S41 family peptidase,Cell wall and membrane,2,5.0,informative_multi,3,126.0,"Alteromonas, Marinobacter, Meiothermus, Prochlorococcus, Pseudomonas, Ruegeria, Shewanella, Synechococcus, Thermosynechococcus",WP_014578245.1,True
HP15_3234,Marinobacter (MarRef v6),Marinobacter,aceA,isocitrate lyase,Energy production,2,5.0,informative_multi,3,16.0,"Alteromonas, Marinobacter, Meiothermus, Pseudomonas, Shewanella",WP_014578440.1,True
PMM0142,Prochlorococcus MED4,Prochlorococcus,,RNA-binding protein,Transport,2,5.0,informative_multi,3,20.0,"Prochlorococcus, Synechococcus",WP_011131781.1,True
PMM0468,Prochlorococcus MED4,Prochlorococcus,psaJ,photosystem I reaction centre subunit IX,Photosynthesis,2,5.0,informative_multi,3,20.0,"Prochlorococcus, Synechococcus",WP_011132104.1,True
PMM0642,Prochlorococcus MED4,Prochlorococcus,metY,O-acetylhomoserine aminocarboxypropyltransferase,Amino acid metabolism,2,5.0,informative_multi,3,20.0,"Prochlorococcus, Synechococcus",WP_011132276.1,True
PMM1365,Prochlorococcus MED4,Prochlorococcus,,conserved hypothetical protein,Unknown,2,5.0,catch_all_only,1,15.0,"Prochlorococcus, Synechococcus",WP_011132999.1,True
PMM1820,Prochlorococcus MED4,Prochlorococcus,,Conserved hypothetical protein,Unknown,2,5.0,no_evidence,0,8.0,Prochlorococcus,,False
PMM1894,Prochlorococcus MED4,Prochlorococcus,,Conserved hypothetical protein,Unknown,2,5.0,no_evidence,0,7.0,Prochlorococcus,WP_036930765.1,True
PMM2013,Prochlorococcus MED4,Prochlorococcus,,conserved hypothetical protein,Unknown,2,5.0,catch_all_only,1,10.0,Prochlorococcus,WP_173028060.1,True
PMT0801,Prochlorococcus MIT9313,Prochlorococcus,isiB,flavodoxin,Stress response and adaptation,2,5.0,informative_multi,3,18.0,"Prochlorococcus, Synechococcus",WP_011130179.1,True
Pro0794,Prochlorococcus marinus subsp. marinus CCMP1375 (SS120),Prochlorococcus,fur,ferric uptake regulator,Stress response and adaptation,2,5.0,informative_multi,3,20.0,"Prochlorococcus, Synechococcus",WP_036892330.1,True
Pro1148,Prochlorococcus marinus subsp. marinus CCMP1375 (SS120),Prochlorococcus,,5-formyltetrahydrofolate cyclo-ligase,Central intermediary metabolism,2,5.0,informative_multi,3,20.0,"Prochlorococcus, Synechococcus",WP_011125300.1,True
SPO0674,Ruegeria pomeroyi DSS-3,Ruegeria,tauA,taurine ABC transporter substrate-binding protein,Inorganic ion transport,2,5.0,informative_multi,3,2.0,"Pseudomonas, Ruegeria",WP_144083951.1,True
SPO0825,Ruegeria pomeroyi DSS-3,Ruegeria,,ABC transporter substrate-binding protein,Amino acid metabolism,2,5.0,informative_multi,3,1.0,Ruegeria,WP_044027914.1,True
SYNPCC7002_G0059,Synechococcus PCC 7002,Picosynechococcus,kdpB,potassium-transporting ATPase subunit KdpB,Inorganic ion transport,2,5.0,informative_multi,3,3.0,Synechococcus,WP_012305536.1,True
SYNW0819,Synechococcus WH8102,Parasynechococcus,dapB,4-hydroxy-tetrahydrodipicolinate reductase,Amino acid metabolism,2,5.0,informative_multi,3,20.0,"Prochlorococcus, Synechococcus",WP_011127684.1,True
Sputw3181_2866,Shewanella sp. W3-18-1,Shewanella,aceB,malate synthase A,Energy production,2,5.0,informative_multi,3,14.0,"Alteromonas, Pseudomonas, Ruegeria, Shewanella",WP_041408431.1,True
SynWH7803_0410,Synechococcus WH7803,Synechococcus,rplQ,50S ribosomal protein L17,Translation,2,5.0,informative_multi,3,20.0,"Prochlorococcus, Synechococcus",WP_006042229.1,True
SynWH7803_1045,Synechococcus WH7803,Synechococcus,pstS,"phosphate ABC transporter, phosphate-binding protein PstS",Stress response and adaptation,2,5.0,informative_multi,3,28.0,"Prochlorococcus, Synechococcus",WP_011932953.1,True
SynWH7803_1959,Synechococcus WH7803,Synechococcus,bamA,outer membrane protein insertion porin family,Cell wall and membrane,2,5.0,informative_multi,3,20.0,"Prochlorococcus, Synechococcus",WP_011933855.1,True
ACZ81_05070,Alteromonas macleodii HOT1A3,Alteromonas,flaA,flagellin N-terminal helical domain-containing protein,Cell motility,2,6.0,informative_multi,3,29.0,Alteromonas,WP_061485007.1,True
BL107_11096,Synechococcus sp. BL107,Synechococcus,lpdA,dihydrolipoamide dehydrogenase,Amino acid metabolism,2,6.0,informative_multi,3,20.0,"Prochlorococcus, Synechococcus",WP_009789403.1,True
DEH24_16585,Alteromonas (MarRef v6),Alteromonas,acnB,bifunctional aconitate hydratase 2/2-methylisocitrate dehydratase,Energy production,2,6.0,informative_multi,3,48.0,"Alteromonas, Marinobacter, Prochlorococcus, Pseudomonas, Shewanella, Synechococcus, Thermosynechococcus",HBY41045.1,True
EZ55_03399,Alteromonas macleodii EZ55,Alteromonas,,PspC domain-containing protein,Transcription,2,6.0,informative_multi,3,10.0,Alteromonas,WP_014950723.1,True
HP15_3169,Marinobacter (MarRef v6),Marinobacter,pedA,YVTN family beta-propeller repeat protein,Unknown,2,6.0,informative_single,2,65.0,"Alteromonas, Marinobacter, Meiothermus, Prochlorococcus, Pseudomonas, Ruegeria, Shewanella, Synechococcus",WP_041645641.1,True
HP15_3679,Marinobacter (MarRef v6),Marinobacter,atpD,F0F1 ATP synthase subunit beta,Energy production,2,6.0,informative_multi,3,40.0,"Alteromonas, Marinobacter, Prochlorococcus, Pseudomonas, Ruegeria, Shewanella, Synechococcus, Thermosynechococcus",WP_008172594.1,True
HP15_3855,Marinobacter (MarRef v6),Marinobacter,ectB,diaminobutyrate--2-oxoglutarate transaminase,Amino acid metabolism,2,6.0,informative_multi,3,12.0,"Marinobacter, Meiothermus, Pseudomonas, Ruegeria, Shewanella, Synechococcus",WP_014578977.1,True
MIT1002_00411,Alteromonas macleodii MIT1002,Alteromonas,,hypothetical protein,Unknown,2,6.0,informative_single,2,,,WP_049588555.1,True
PMM1385,Prochlorococcus MED4,Prochlorococcus,hli,high light inducible protein,Stress response and adaptation,2,6.0,informative_multi,3,40.0,Prochlorococcus,WP_011133018.1,True
PMM1427,Prochlorococcus MED4,Prochlorococcus,,conserved hypothetical protein,Unknown,2,6.0,catch_all_only,1,20.0,"Prochlorococcus, Synechococcus",WP_011133056.1,True
PMM1519,Prochlorococcus MED4,Prochlorococcus,psaL,photosystem I reaction centre subunit XI,Stress response and adaptation,2,6.0,informative_multi,3,20.0,"Prochlorococcus, Synechococcus",WP_011133147.1,True
PMN2A_0554,Prochlorococcus NATL2A,Prochlorococcus,PMN2A_RS11075,conserved hypothetical protein,Unknown,2,6.0,catch_all_only,1,26.0,"Prochlorococcus, Synechococcus",WP_011294649.1,True
PMT1831,Prochlorococcus MIT9313,Prochlorococcus,ntcA,global nitrogen regulatory protein,Stress response and adaptation,2,6.0,informative_multi,3,20.0,"Prochlorococcus, Synechococcus",WP_041384680.1,True
PMT9312_0553,Prochlorococcus MIT9312,Prochlorococcus,csoSCA,carboxysomal carbonic anhydrase,Photosynthesis,2,6.0,informative_multi,3,20.0,"Prochlorococcus, Synechococcus",WP_011376110.1,True
PMT9312_1843,Prochlorococcus MIT9312,Prochlorococcus,,conserved hypothetical protein,Unknown,2,6.0,no_evidence,0,1.0,Prochlorococcus,WP_263891309.1,True
PMT9312_1938,Prochlorococcus MIT9312,Prochlorococcus,,uncharacterized conserved membrane protein,Unknown,2,6.0,catch_all_only,1,9.0,Prochlorococcus,,False
SPO0193,Ruegeria pomeroyi DSS-3,Ruegeria,flgK,flagellar hook-associated protein FlgK,Cell motility,2,6.0,informative_multi,3,14.0,"Alteromonas, Pseudomonas, Ruegeria, Shewanella",WP_011045962.1,True
SynWH7803_2356,Synechococcus WH7803,Synechococcus,,uncharacterized conserved lipoprotein (DUF3604),Unknown,2,6.0,informative_single,2,1.0,Synechococcus,WP_011934243.1,True
EZ55_00416,Alteromonas macleodii EZ55,Alteromonas,,TorF family putative porin,Unknown,2,7.0,informative_multi,3,9.0,Alteromonas,WP_156085832.1,True
EZ55_02586,Alteromonas macleodii EZ55,Alteromonas,,hypothetical protein,Unknown,2,7.0,no_evidence,0,7.0,Alteromonas,WP_039236345.1,True
EZ55_03098,Alteromonas macleodii EZ55,Alteromonas,ygaZ,AzlC family ABC transporter permease,Amino acid metabolism,2,7.0,informative_multi,3,10.0,Alteromonas,WP_061095739.1,True
HP15_2188,Marinobacter (MarRef v6),Marinobacter,glcB,malate synthase G,Energy production,2,7.0,informative_multi,3,16.0,"Alteromonas, Marinobacter, Meiothermus, Pseudomonas, Ruegeria, Shewanella",WP_014577523.1,True
HP15_2212,Marinobacter (MarRef v6),Marinobacter,acpP,acyl carrier protein,Lipid metabolism,2,7.0,informative_multi,3,53.0,"Alteromonas, Marinobacter, Meiothermus, Prochlorococcus, Pseudomonas, Ruegeria, Shewanella, Synechococcus, Thermosynechococcus",WP_008174976.1,True
HP15_3799,Marinobacter (MarRef v6),Marinobacter,,acetoacetate--CoA ligase,Lipid metabolism,2,7.0,informative_multi,3,72.0,"Alteromonas, Marinobacter, Meiothermus, Prochlorococcus, Pseudomonas, Ruegeria, Shewanella, Synechococcus, Thermosynechococcus",WP_014578928.1,True
PMM0004,Prochlorococcus MED4,Prochlorococcus,purF,amidophosphoribosyltransferase,Nucleotide metabolism,2,7.0,informative_multi,3,20.0,"Prochlorococcus, Synechococcus",WP_011131642.1,True
PMM0316,Prochlorococcus MED4,Prochlorococcus,petF,2Fe-2S ferredoxin,Stress response and adaptation,2,7.0,informative_multi,3,16.0,"Prochlorococcus, Synechococcus",WP_011131953.1,True
PMM0769,Prochlorococcus MED4,Prochlorococcus,glgC,glucose-1-phosphate adenylyltransferase,Carbohydrate metabolism,2,7.0,informative_multi,3,20.0,"Prochlorococcus, Synechococcus",WP_011132403.1,True
PMM1133,Prochlorococcus MED4,Prochlorococcus,,cupin domain-containing protein,Unknown,2,7.0,informative_single,2,31.0,"Prochlorococcus, Synechococcus",WP_011132766.1,True
PMM1456,Prochlorococcus MED4,Prochlorococcus,atpI,ATP synthase A chain,Photosynthesis,2,7.0,informative_multi,3,20.0,"Prochlorococcus, Synechococcus",WP_011133084.1,True
PMN2A_2046,Prochlorococcus NATL2A,Prochlorococcus,PMN2A_RS05770,conserved hypothetical protein,Unknown,2,7.0,no_evidence,0,4.0,Prochlorococcus,WP_011295001.1,True
PMT0951,Prochlorococcus MIT9313,Prochlorococcus,,conserved hypothetical protein (DUF3303),Unknown,2,7.0,informative_single,2,15.0,"Prochlorococcus, Synechococcus",WP_041385049.1,True
PMT9312_0661,Prochlorococcus MIT9312,Prochlorococcus,nrdJ,ribonucleoside-diphosphate reductase,Coenzyme metabolism,2,7.0,informative_multi,3,20.0,"Prochlorococcus, Synechococcus",WP_011376217.1,True
SYNPCC7002_A1284,Synechococcus PCC 7002,Picosynechococcus,,thioesterase family protein,Coenzyme metabolism,2,7.0,informative_multi,3,7.0,Synechococcus,WP_012306904.1,True
SYNW2340,Synechococcus WH8102,Parasynechococcus,rplL,50S ribosomal protein L7/L12,Stress response and adaptation,2,7.0,informative_multi,3,20.0,"Prochlorococcus, Synechococcus",WP_011129193.1,True
Sputw3181_1098,Shewanella sp. W3-18-1,Shewanella,mobH,MobH family relaxase,Unknown,2,7.0,informative_multi,3,2.0,"Alteromonas, Shewanella",WP_011788468.1,True
EZ55_01444,Alteromonas macleodii EZ55,Alteromonas,,pyridoxamine 5^-phosphate oxidase family protein,Unknown,2,8.0,informative_single,2,9.0,Alteromonas,WP_156086164.1,True
EZ55_02006,Alteromonas macleodii EZ55,Alteromonas,,TonB-dependent receptor,Inorganic ion transport,2,8.0,informative_multi,3,9.0,Alteromonas,WP_156086417.1,True
HP15_1344,Marinobacter (MarRef v6),Marinobacter,cysP,thiosulfate ABC transporter substrate-binding protein CysP,Inorganic ion transport,2,8.0,informative_multi,3,2.0,"Marinobacter, Shewanella",WP_014576774.1,True
MIT1002_00931,Alteromonas macleodii MIT1002,Alteromonas,,LytR/AlgR family response regulator transcription factor,Transcription,2,8.0,informative_multi,3,10.0,Alteromonas,WP_049585940.1,True
PMM0406,Prochlorococcus MED4,Prochlorococcus,queA,S-adenosylmethionine:tRNA ribosyltransferase-isomerase,Translation,2,8.0,informative_multi,3,20.0,"Prochlorococcus, Synechococcus",WP_011132042.1,True
Pro1179,Prochlorococcus marinus subsp. marinus CCMP1375 (SS120),Prochlorococcus,,conserved hypothetical protein,Unknown,2,8.0,no_evidence,0,1.0,Prochlorococcus,WP_011125331.1,True
SynWH7803_0733,Synechococcus WH7803,Synechococcus,cyabrB2,AbrB-like transcriptional regulator involved in photosynthesis regulation,Photosynthesis,2,8.0,informative_multi,3,25.0,"Prochlorococcus, Synechococcus",WP_011932642.1,True
EZ55_04098,Alteromonas macleodii EZ55,Alteromonas,,TonB-dependent receptor,Inorganic ion transport,2,9.0,informative_multi,3,24.0,Alteromonas,WP_014977831.1,True
SYNPCC7002_A1946,Synechococcus PCC 7002,Picosynechococcus,,hypothetical protein,Unknown,2,10.0,catch_all_only,1,7.0,Synechococcus,WP_012307556.1,True
SynWH7803_0262,Synechococcus WH7803,Synechococcus,phrA,deoxyribodipyrimidine photolyase (DNA photolyase) (photoreactivating enzyme),Stress response and adaptation,2,10.0,informative_multi,3,17.0,"Prochlorococcus, Synechococcus",WP_011932191.1,True
A9601_12501,Prochlorococcus AS9601,Prochlorococcus,,Conserved hypothetical protein,Unknown,1,1.0,no_evidence,0,7.0,Prochlorococcus,,False
A9601_15891,Prochlorococcus AS9601,Prochlorococcus,,conserved hypothetical protein,Unknown,1,1.0,catch_all_only,1,9.0,Prochlorococcus,WP_011819003.1,True
ACZ81_05060,Alteromonas macleodii HOT1A3,Alteromonas,flaA,flagellin N-terminal helical domain-containing protein,Cell motility,1,1.0,informative_multi,3,29.0,Alteromonas,WP_014975882.1,True
ACZ81_05350,Alteromonas macleodii HOT1A3,Alteromonas,cynT,carbonic anhydrase,Inorganic ion transport,1,1.0,informative_multi,3,11.0,Alteromonas,WP_014948664.1,True
ACZ81_07025,Alteromonas macleodii HOT1A3,Alteromonas,,TonB-dependent receptor,Inorganic ion transport,1,1.0,informative_multi,3,10.0,Alteromonas,WP_081106072.1,True
ACZ81_07715,Alteromonas macleodii HOT1A3,Alteromonas,romA,MBL fold metallo-hydrolase,Unknown,1,1.0,informative_multi,3,16.0,Alteromonas,WP_081106076.1,True
ACZ81_07970,Alteromonas macleodii HOT1A3,Alteromonas,wcaJ,undecaprenyl-phosphate glucose phosphotransferase,Cell wall and membrane,1,1.0,informative_multi,3,8.0,Alteromonas,WP_061485569.1,True
ACZ81_11420,Alteromonas macleodii HOT1A3,Alteromonas,,DUF1852 domain-containing protein,Unknown,1,1.0,informative_single,2,9.0,Alteromonas,WP_014949789.1,True
ACZ81_13940,Alteromonas macleodii HOT1A3,Alteromonas,suxA,TonB-dependent receptor,Cell wall and membrane,1,1.0,informative_multi,3,9.0,Alteromonas,WP_061486289.1,True
ACZ81_17190,Alteromonas macleodii HOT1A3,Alteromonas,,glycosyltransferase family 32 protein,Cell wall and membrane,1,1.0,informative_multi,3,2.0,Alteromonas,WP_061486634.1,True
ACZ81_19860,Alteromonas macleodii HOT1A3,Alteromonas,atpE,F0F1 ATP synthase subunit C,Energy production,1,1.0,informative_multi,3,8.0,Alteromonas,WP_012520222.1,True
ACZ81_20300,Alteromonas macleodii HOT1A3,Alteromonas,,hypothetical protein,Unknown,1,1.0,no_evidence,0,7.0,Alteromonas,WP_158511561.1,True
BL107_09306,Synechococcus sp. BL107,Synechococcus,cp12,CP12 polypeptide,Photosynthesis,1,1.0,informative_multi,3,20.0,"Prochlorococcus, Synechococcus",WP_009789067.1,True
BL107_09846,Synechococcus sp. BL107,Synechococcus,groL2,chaperonin GroEL,Stress response and adaptation,1,1.0,informative_multi,3,20.0,"Prochlorococcus, Synechococcus",WP_009789173.1,True
DEH24_01275,Alteromonas (MarRef v6),Alteromonas,dnaN,DNA polymerase III subunit beta,Replication and repair,1,1.0,informative_multi,3,10.0,Alteromonas,HBY38014.1,True
DEH24_08800,Alteromonas (MarRef v6),Alteromonas,pyrB,aspartate carbamoyltransferase,Nucleotide metabolism,1,1.0,informative_multi,3,10.0,Alteromonas,HBY39503.1,True
DEH24_10240,Alteromonas (MarRef v6),Alteromonas,sucB,dihydrolipoamide succinyltransferase,Energy production,1,1.0,informative_multi,3,10.0,Alteromonas,HBY39788.1,True
DEH24_11265,Alteromonas (MarRef v6),Alteromonas,sdhA,succinate dehydrogenase flavoprotein subunit,Energy production,1,1.0,informative_multi,3,10.0,Alteromonas,HBY39991.1,True
DEH24_15195,Alteromonas (MarRef v6),Alteromonas,secA,preprotein translocase subunit SecA,Intracellular trafficking,1,1.0,informative_multi,3,12.0,Alteromonas,HBY40769.1,True
DEH24_19170,Alteromonas (MarRef v6),Alteromonas,glgP,glycogen/starch/alpha-glucan phosphorylase,Carbohydrate metabolism,1,1.0,informative_multi,3,10.0,Alteromonas,HBY41560.1,True
DEH24_21385,Alteromonas (MarRef v6),Alteromonas,ilvH,acetolactate synthase small subunit,Amino acid metabolism,1,1.0,informative_multi,3,10.0,Alteromonas,HBY41995.1,True
EZ55_00776,Alteromonas macleodii EZ55,Alteromonas,,tetratricopeptide repeat protein,Cell motility,1,1.0,informative_multi,3,17.0,Alteromonas,WP_156085958.1,True
EZ55_02930,Alteromonas macleodii EZ55,Alteromonas,srtA,class GN sortase,Cell wall and membrane,1,1.0,informative_multi,3,7.0,Alteromonas,WP_014950323.1,True
EZ55_03037,Alteromonas macleodii EZ55,Alteromonas,,methyl-accepting chemotaxis protein,Cell motility,1,1.0,informative_multi,3,6.0,Alteromonas,WP_039227964.1,True
EZ55_03827,Alteromonas macleodii EZ55,Alteromonas,,TonB-dependent receptor,Inorganic ion transport,1,1.0,informative_multi,3,6.0,Alteromonas,WP_156087115.1,True
H6G84_02080,Synechococcus elongatus PCC 7942,Synechococcus,dpsA,DNA starvation/stress protection protein DpsA,Inorganic ion transport,1,1.0,informative_multi,3,2.0,Synechococcus,WP_011244234.1,True
H6G84_04390,Synechococcus elongatus PCC 7942,Synechococcus,H6G84_RS04390,hypothetical protein,Unknown,1,1.0,no_evidence,0,2.0,Synechococcus,WP_039755663.1,True
H6G84_11350,Synechococcus elongatus PCC 7942,Synechococcus,H6G84_RS11350,chlorophyll a/b binding light-harvesting protein,Unknown,1,1.0,informative_multi,3,3.0,Synechococcus,WP_011242315.1,True
H6G84_12445,Synechococcus elongatus PCC 7942,Synechococcus,ppsA,phosphoenolpyruvate synthase,Coenzyme metabolism,1,1.0,informative_multi,3,3.0,Synechococcus,WP_011377725.1,True
HP15_1076,Marinobacter (MarRef v6),Marinobacter,pheT,phenylalanine--tRNA ligase subunit beta,Translation,1,1.0,informative_multi,3,12.0,"Marinobacter, Meiothermus, Prochlorococcus, Ruegeria, Shewanella, Synechococcus, Thermosynechococcus",WP_014576544.1,True
HP15_1239,Marinobacter (MarRef v6),Marinobacter,purL,phosphoribosylformylglycinamidine synthase,Nucleotide metabolism,1,1.0,informative_multi,3,40.0,"Alteromonas, Marinobacter, Meiothermus, Prochlorococcus, Pseudomonas, Ruegeria, Shewanella, Synechococcus, Thermosynechococcus",WP_014576687.1,True
HP15_1306,Marinobacter (MarRef v6),Marinobacter,,DUF1631 domain-containing protein,Cell motility,1,1.0,informative_multi,3,53.0,"Alteromonas, Marinobacter, Prochlorococcus, Pseudomonas, Shewanella, Synechococcus, Thermosynechococcus",WP_014576739.1,True
HP15_216,Marinobacter (MarRef v6),Marinobacter,yhgF,Tex family protein,Transcription,1,1.0,informative_multi,3,15.0,"Alteromonas, Marinobacter, Pseudomonas, Ruegeria, Shewanella",WP_014575831.1,True
HP15_2231,Marinobacter (MarRef v6),Marinobacter,,insulinase family protein,Unknown,1,1.0,informative_multi,3,1.0,Marinobacter,WP_014577554.1,True
HP15_273,Marinobacter (MarRef v6),Marinobacter,speE,polyamine aminopropyltransferase,Amino acid metabolism,1,1.0,informative_multi,3,32.0,"Marinobacter, Meiothermus, Prochlorococcus, Pseudomonas, Ruegeria, Shewanella, Synechococcus",WP_014575878.1,True
HP15_2984,Marinobacter (MarRef v6),Marinobacter,sufB,Fe-S cluster assembly protein SufB,Post-translational modification,1,1.0,informative_multi,3,77.0,"Alteromonas, Marinobacter, Meiothermus, Prochlorococcus, Ruegeria, Synechococcus, Thermosynechococcus",WP_008169346.1,True
HP15_332,Marinobacter (MarRef v6),Marinobacter,dksA,RNA polymerase-binding protein DksA,Signal transduction,1,1.0,informative_multi,3,29.0,"Alteromonas, Marinobacter, Pseudomonas, Ruegeria, Shewanella",WP_014575920.1,True
HP15_369,Marinobacter (MarRef v6),Marinobacter,rplK,50S ribosomal protein L11,Translation,1,1.0,informative_multi,3,40.0,"Alteromonas, Marinobacter, Meiothermus, Prochlorococcus, Pseudomonas, Ruegeria, Shewanella, Synechococcus, Thermosynechococcus",WP_008174831.1,True
HP15_3821,Marinobacter (MarRef v6),Marinobacter,,MarR family transcriptional regulator,Transcription,1,1.0,informative_multi,3,109.0,"Alteromonas, Marinobacter, Meiothermus, Prochlorococcus, Pseudomonas, Ruegeria, Shewanella, Synechococcus",WP_008176821.1,True
HP15_404,Marinobacter (MarRef v6),Marinobacter,rpoA,DNA-directed RNA polymerase subunit alpha,Transcription,1,1.0,informative_multi,3,39.0,"Alteromonas, Marinobacter, Meiothermus, Prochlorococcus, Pseudomonas, Ruegeria, Shewanella, Synechococcus, Thermosynechococcus",WP_008174911.1,True
HP15_482,Marinobacter (MarRef v6),Marinobacter,gltB,glutamate synthase large subunit,Amino acid metabolism,1,1.0,informative_multi,3,39.0,"Alteromonas, Marinobacter, Meiothermus, Prochlorococcus, Pseudomonas, Ruegeria, Shewanella, Synechococcus, Thermosynechococcus",WP_014576034.1,True
HP15_488,Marinobacter (MarRef v6),Marinobacter,yjjK,energy-dependent translational throttle protein EttA,Unknown,1,1.0,informative_multi,3,98.0,"Alteromonas, Marinobacter, Meiothermus, Prochlorococcus, Pseudomonas, Ruegeria, Shewanella, Synechococcus",WP_014576039.1,True
M744_07055,Synechococcus elongatus UTEX 2973,Synechococcus,,transglutaminase TgpA family protein,Amino acid metabolism,1,1.0,informative_multi,3,5.0,Synechococcus,WP_011244527.1,True
M744_08450,Synechococcus elongatus UTEX 2973,Synechococcus,cmpD,nitrate ABC transporter ATP-binding protein,Inorganic ion transport,1,1.0,informative_multi,3,2.0,Synechococcus,WP_011244787.1,True
M8001_21015,Pseudomonas putida KT2440,Pseudomonas,idh,NADP-dependent isocitrate dehydrogenase,Energy production,1,1.0,informative_multi,3,14.0,"Alteromonas, Pseudomonas, Ruegeria, Shewanella",WP_010954815.1,True
M8001_24150,Pseudomonas putida KT2440,Pseudomonas,pagO,DMT family transporter,Amino acid metabolism,1,1.0,informative_multi,3,10.0,"Alteromonas, Pseudomonas",WP_010955268.1,True
MIT1002_02348,Alteromonas macleodii MIT1002,Alteromonas,,DUF1852 domain-containing protein,Unknown,1,1.0,informative_single,2,9.0,Alteromonas,WP_049587291.1,True
MIT1002_02349,Alteromonas macleodii MIT1002,Alteromonas,metE,methionine synthase,Amino acid metabolism,1,1.0,informative_multi,3,9.0,Alteromonas,WP_049587218.1,True
MIT1002_02411,Alteromonas macleodii MIT1002,Alteromonas,,hypothetical protein,Unknown,1,1.0,no_evidence,0,,,WP_014949857.1,True
MIT1002_03278,Alteromonas macleodii MIT1002,Alteromonas,pedF,cytochrome c-550 PedF,Energy production,1,1.0,informative_multi,3,8.0,Alteromonas,WP_014950662.1,True
MIT1002_03279,Alteromonas macleodii MIT1002,Alteromonas,pedH,PQQ-dependent methanol/ethanol family dehydrogenase,Carbohydrate metabolism,1,1.0,informative_multi,3,8.0,Alteromonas,WP_197047979.1,True
MIT1002_03507,Alteromonas macleodii MIT1002,Alteromonas,actP,sodium:solute symporter family protein,Unknown,1,1.0,informative_multi,3,9.0,Alteromonas,WP_039216400.1,True
MIT1002_03834,Alteromonas macleodii MIT1002,Alteromonas,,TonB-dependent receptor,Inorganic ion transport,1,1.0,informative_multi,3,6.0,Alteromonas,WP_014951136.1,True
NATL1_02111,Prochlorococcus NATL1A,Prochlorococcus,tsaB,tRNA threonylcarbamoyladenosine biosynthesis protein TsaB,Translation,1,1.0,informative_multi,3,20.0,"Prochlorococcus, Synechococcus",WP_011822999.1,True
NATL1_12621,Prochlorococcus NATL1A,Prochlorococcus,,Conserved hypothetical protein,Unknown,1,1.0,no_evidence,0,5.0,Prochlorococcus,WP_011823886.1,True
P9301_10631,Prochlorococcus MIT9301,Prochlorococcus,,conserved hypothetical protein,Unknown,1,1.0,no_evidence,0,4.0,Prochlorococcus,,False
P9301_17921,Prochlorococcus MIT9301,Prochlorococcus,nhaS,"Na+/H+ antiporter, CPA2 family",Transport,1,1.0,informative_multi,3,20.0,"Prochlorococcus, Synechococcus",WP_011863703.1,True
P9303_07141,Prochlorococcus MIT9303,Prochlorococcus,,conserved hypothetical protein,Unknown,1,1.0,no_evidence,0,2.0,Prochlorococcus,WP_011825380.1,True
P9303_12751,Prochlorococcus MIT9303,Prochlorococcus,,conserved hypothetical protein,Unknown,1,1.0,catch_all_only,1,5.0,"Prochlorococcus, Synechococcus",WP_011825920.1,True
PMM0134,Prochlorococcus MED4,Prochlorococcus,rpaB,two-component system response regulator RR class II (RRII)-CheY-OmpR,Signal transduction,1,1.0,informative_multi,3,20.0,"Prochlorococcus, Synechococcus",WP_011131773.1,True
PMM0135,Prochlorococcus MED4,Prochlorococcus,plsX,glycerol-3-phosphate acyltransferase PlsX,Lipid metabolism,1,1.0,informative_multi,3,20.0,"Prochlorococcus, Synechococcus",WP_011131774.1,True
PMM0154,Prochlorococcus MED4,Prochlorococcus,pedR,redox-responsive LuxR-type transcriptional regulator PedR,Regulatory functions,1,1.0,informative_multi,3,20.0,"Prochlorococcus, Synechococcus",WP_011131793.1,True
PMM0223,Prochlorococcus MED4,Prochlorococcus,psbA,photosystem II protein D1.1,Photosynthesis,1,1.0,informative_multi,3,32.0,"Prochlorococcus, Synechococcus",WP_011131862.1,True
PMM0272,Prochlorococcus MED4,Prochlorococcus,psbK,photosystem II reaction center protein PsbK,Photosynthesis,1,1.0,informative_multi,3,18.0,"Prochlorococcus, Synechococcus",WP_011131909.1,True
PMM0332,Prochlorococcus MED4,Prochlorococcus,glpG,uncharacterized conserved membrane protein,Unknown,1,1.0,informative_multi,3,12.0,Prochlorococcus,WP_225866781.1,True
PMM0346,Prochlorococcus MED4,Prochlorococcus,,conserved hypothetical protein,Unknown,1,1.0,informative_single,2,20.0,"Prochlorococcus, Synechococcus",WP_036930987.1,True
PMM0400,Prochlorococcus MED4,Prochlorococcus,lrtA,light repressed protein A,Translation,1,1.0,informative_multi,3,20.0,"Prochlorococcus, Synechococcus",WP_011132036.1,True
PMM0686,Prochlorococcus MED4,Prochlorococcus,clpS1,ATP-dependent Clp protease adaptor protein ClpS,Post-translational modification,1,1.0,informative_multi,3,19.0,"Prochlorococcus, Synechococcus",,False
PMM0705,Prochlorococcus MED4,Prochlorococcus,phoB,two-component system response regulator RR class II (RRII)-CheY-OmpR,Stress response and adaptation,1,1.0,informative_multi,3,10.0,"Prochlorococcus, Synechococcus",WP_011132339.1,True
PMM0708,Prochlorococcus MED4,Prochlorococcus,,probable alkaline phosphatase,Secondary metabolites,1,1.0,informative_multi,3,5.0,Prochlorococcus,WP_011132342.1,True
PMM0709,Prochlorococcus MED4,Prochlorococcus,som,outer membrane porin,Stress response and adaptation,1,1.0,informative_multi,3,79.0,"Prochlorococcus, Synechococcus",WP_011132343.1,True
PMM0731,Prochlorococcus MED4,Prochlorococcus,,uncharacterized conserved membrane protein,Unknown,1,1.0,catch_all_only,1,9.0,Prochlorococcus,WP_011132365.1,True
PMM0735,Prochlorococcus MED4,Prochlorococcus,unk1,conserved hypothetical protein,Unknown,1,1.0,catch_all_only,1,20.0,"Prochlorococcus, Synechococcus",WP_011132369.1,True
PMM0844,Prochlorococcus MED4,Prochlorococcus,cycI1,Mg-protoporphyrin IX monomethylester oxidative cyclase,Coenzyme metabolism,1,1.0,informative_multi,3,13.0,"Prochlorococcus, Synechococcus",WP_011132478.1,True
PMM0993,Prochlorococcus MED4,Prochlorococcus,,peptidase S51,Post-translational modification,1,1.0,informative_multi,3,13.0,Prochlorococcus,WP_011132625.1,True
PMM1038,Prochlorococcus MED4,Prochlorococcus,,A circularly permuted ATPgrasp family protein,Unknown,1,1.0,informative_single,2,15.0,"Prochlorococcus, Synechococcus",WP_011132671.1,True
PMM1076,Prochlorococcus MED4,Prochlorococcus,,Conserved hypothetical protein,Cellular processes,1,1.0,informative_multi,3,16.0,"Prochlorococcus, Synechococcus",WP_011132709.1,True
PMM1104,Prochlorococcus MED4,Prochlorococcus,,phospholipid methyltransferase,Post-translational modification,1,1.0,informative_multi,3,20.0,"Prochlorococcus, Synechococcus",WP_011132737.1,True
PMM1110,Prochlorococcus MED4,Prochlorococcus,colA,bolA-like family protein,Cellular processes,1,1.0,informative_multi,3,20.0,"Prochlorococcus, Synechococcus",WP_011132743.1,True
PMM1314,Prochlorococcus MED4,Prochlorococcus,clpP3,"ATP-dependent Clp protease, protease subunit",Post-translational modification,1,1.0,informative_multi,3,20.0,"Prochlorococcus, Synechococcus",WP_011132948.1,True
PMM1369,Prochlorococcus MED4,Prochlorococcus,,GAF domain-containing protein,Signal transduction,1,1.0,informative_multi,3,17.0,"Prochlorococcus, Synechococcus",WP_036930584.1,True
PMM1594,Prochlorococcus MED4,Prochlorococcus,ho1,heme oxygenase,Coenzyme metabolism,1,1.0,informative_multi,3,20.0,"Prochlorococcus, Synechococcus",WP_011133222.1,True
PMM1846,Prochlorococcus MED4,Prochlorococcus,,conserved hypothetical protein (DUF4278),Unknown,1,1.0,informative_single,2,17.0,"Prochlorococcus, Synechococcus",WP_071812982.1,True
PMM1979,Prochlorococcus MED4,Prochlorococcus,,Conserved hypothetical protein,Unknown,1,1.0,no_evidence,0,4.0,Prochlorococcus,,False
PMM1992,Prochlorococcus MED4,Prochlorococcus,,conserved hypothetical protein,Unknown,1,1.0,catch_all_only,1,9.0,Prochlorococcus,WP_173028049.1,True
PMM2057,Prochlorococcus MED4,Prochlorococcus,,Hypothetical protein,Unknown,1,1.0,no_evidence,0,1.0,Prochlorococcus,,False
PMN2A_0243,Prochlorococcus NATL2A,Prochlorococcus,PMN2A_RS04150,conserved hypothetical protein,Unknown,1,1.0,catch_all_only,1,18.0,"Prochlorococcus, Synechococcus",WP_011293777.1,True
PMN2A_0476,Prochlorococcus NATL2A,Prochlorococcus,PMN2A_RS05400,conserved hypothetical protein,Unknown,1,1.0,catch_all_only,1,6.0,Prochlorococcus,WP_011294574.1,True
PMN2A_0501,Prochlorococcus NATL2A,Prochlorococcus,PMN2A_RS10105,conserved hypothetical protein (DUF4278),Unknown,1,1.0,informative_single,2,17.0,"Prochlorococcus, Synechococcus",WP_011294599.1,True
PMN2A_0566,Prochlorococcus NATL2A,Prochlorococcus,PMN2A_RS05915,Predicted protein family PM-5,Unknown,1,1.0,no_evidence,0,5.0,Prochlorococcus,WP_011294660.1,True
PMN2A_0592,Prochlorococcus NATL2A,Prochlorococcus,PMN2A_RS06075,conserved hypothetical protein,Unknown,1,1.0,no_evidence,0,4.0,Prochlorococcus,WP_011294683.1,True
PMN2A_0794,Prochlorococcus NATL2A,Prochlorococcus,isiB,flavodoxin,Stress response and adaptation,1,1.0,informative_multi,3,18.0,"Prochlorococcus, Synechococcus",WP_011294882.1,True
PMN2A_0883,Prochlorococcus NATL2A,Prochlorococcus,PMN2A_RS07615,putative undecaprenyl-phosphate galactosephosphotransferase,Cell wall and membrane,1,1.0,informative_multi,3,11.0,"Prochlorococcus, Synechococcus",WP_011295231.1,True
PMN2A_0984,Prochlorococcus NATL2A,Prochlorococcus,atpG,ATP synthase B^,Photosynthesis,1,1.0,informative_multi,3,20.0,"Prochlorococcus, Synechococcus",WP_011295330.1,True
PMN2A_1028,Prochlorococcus NATL2A,Prochlorococcus,PMN2A_RS08380,outer membrane porin,Stress response and adaptation,1,1.0,informative_multi,3,79.0,"Prochlorococcus, Synechococcus",WP_011295373.1,True
PMN2A_1880,Prochlorococcus NATL2A,Prochlorococcus,rbcS,"ribulose bisphosphate carboxylase, small subunit",Photosynthesis,1,1.0,informative_multi,3,20.0,"Prochlorococcus, Synechococcus",WP_011294511.1,True
PMN2A_1882,Prochlorococcus NATL2A,Prochlorococcus,csoSCA,carboxysomal carbonic anhydrase,Photosynthesis,1,1.0,informative_multi,3,20.0,"Prochlorococcus, Synechococcus",WP_011294513.1,True
PMN2A_1971,Prochlorococcus NATL2A,Prochlorococcus,,conserved hypothetical protein,Unknown,1,1.0,no_evidence,0,4.0,Prochlorococcus,,False
PMN2A_2003,Prochlorococcus NATL2A,Prochlorococcus,PMN2A_RS10580,conserved hypothetical protein,Unknown,1,1.0,no_evidence,0,4.0,Prochlorococcus,WP_011295160.1,True
PMT0917,Prochlorococcus MIT9313,Prochlorococcus,,putative membrane protein,Cell wall and membrane,1,1.0,informative_multi,3,17.0,"Prochlorococcus, Synechococcus",WP_011130295.1,True
PMT0934,Prochlorococcus MIT9313,Prochlorococcus,,conserved hypothetical protein,Unknown,1,1.0,no_evidence,0,2.0,Prochlorococcus,WP_011130311.1,True
PMT0993,Prochlorococcus MIT9313,Prochlorococcus,pstS,"phosphate ABC transporter, phosphate-binding protein PstS",Stress response and adaptation,1,1.0,informative_multi,3,28.0,"Prochlorococcus, Synechococcus",WP_011130365.1,True
PMT1004,Prochlorococcus MIT9313,Prochlorococcus,,cupin domain-containing protein,Unknown,1,1.0,informative_single,2,31.0,"Prochlorococcus, Synechococcus",WP_236069678.1,True
PMT1200,Prochlorococcus MIT9313,Prochlorococcus,csos4B,pentameric carboxysome shell protein Csos4B (peptide B),Photosynthesis,1,1.0,informative_multi,3,20.0,"Prochlorococcus, Synechococcus",WP_011130571.1,True
PMT1387,Prochlorococcus MIT9313,Prochlorococcus,,conserved hypothetical protein,Unknown,1,1.0,no_evidence,0,2.0,Prochlorococcus,,False
PMT1494,Prochlorococcus MIT9313,Prochlorococcus,,conserved hypothetical protein,Unknown,1,1.0,informative_single,2,16.0,"Prochlorococcus, Synechococcus",WP_041384574.1,True
PMT9312_0469,Prochlorococcus MIT9312,Prochlorococcus,psaF,photosystem I reaction centre PsaF protein,Photosynthesis,1,1.0,informative_multi,3,20.0,"Prochlorococcus, Synechococcus",WP_011376029.1,True
PMT9312_1271,Prochlorococcus MIT9312,Prochlorococcus,pcb,"divinyl-chlorophyll a/b binding light harvesting protein, photosystem I-associated",Stress response and adaptation,1,1.0,informative_multi,3,16.0,Prochlorococcus,WP_011376817.1,True
PMT9312_1507,Prochlorococcus MIT9312,Prochlorococcus,,uncharacterized conserved secreted protein,Unknown,1,1.0,catch_all_only,1,11.0,Prochlorococcus,WP_011377050.1,True
PMT_0929,Prochlorococcus MIT9313,Prochlorococcus,,conserved hypothetical protein,Cell wall and membrane,1,1.0,informative_multi,3,5.0,"Prochlorococcus, Synechococcus",WP_011130306.1,True
PMT_0997,Prochlorococcus MIT9313,Prochlorococcus,phoR,"two-component system sensor histidine kinase, phosphate sensing PhoR",Stress response and adaptation,1,1.0,informative_multi,3,11.0,"Prochlorococcus, Synechococcus",WP_011130369.1,True
PMT_2647,Prochlorococcus MIT9313,Prochlorococcus,clcD,Hypothetical protein,Secondary metabolites,1,1.0,informative_multi,3,1.0,Prochlorococcus,WP_157859850.1,True
Pro0001,Prochlorococcus marinus subsp. marinus CCMP1375 (SS120),Prochlorococcus,dnaN,"DNA polymerase III, beta subunit",Replication and repair,1,1.0,informative_multi,3,20.0,"Prochlorococcus, Synechococcus",WP_011124156.1,True
Pro0218,Prochlorococcus marinus subsp. marinus CCMP1375 (SS120),Prochlorococcus,ddpD,"peptide/nickel ABC transport system, ATP-binding component",Transport,1,1.0,informative_multi,3,20.0,"Prochlorococcus, Synechococcus",WP_052039710.1,True
Pro0242,Prochlorococcus marinus subsp. marinus CCMP1375 (SS120),Prochlorococcus,sul3,sulfate transporter family protein,Transport,1,1.0,informative_multi,3,20.0,"Prochlorococcus, Synechococcus",WP_011124397.1,True
Pro0330,Prochlorococcus marinus subsp. marinus CCMP1375 (SS120),Prochlorococcus,psbL,photosystem II reaction center protein PsbL,Photosynthesis,1,1.0,informative_multi,3,20.0,"Prochlorococcus, Synechococcus",WP_011124485.1,True
Pro0568,Prochlorococcus marinus subsp. marinus CCMP1375 (SS120),Prochlorococcus,gst,glutathione S-transferase,Coenzyme metabolism,1,1.0,informative_multi,3,20.0,"Prochlorococcus, Synechococcus",WP_011124721.1,True
Pro0604,Prochlorococcus marinus subsp. marinus CCMP1375 (SS120),Prochlorococcus,,conserved hypothetical protein,Unknown,1,1.0,no_evidence,0,1.0,Prochlorococcus,WP_011124756.1,True
Pro0989,Prochlorococcus marinus subsp. marinus CCMP1375 (SS120),Prochlorococcus,ubiX,3-octaprenyl-4-hydroxybenzoate carboxy-lyase,Coenzyme metabolism,1,1.0,informative_multi,3,11.0,"Prochlorococcus, Synechococcus",WP_011125141.1,True
Pro0993,Prochlorococcus marinus subsp. marinus CCMP1375 (SS120),Prochlorococcus,petF,2Fe-2S ferredoxin,Stress response and adaptation,1,1.0,informative_multi,3,20.0,"Prochlorococcus, Synechococcus",WP_011125145.1,True
Pro1520,Prochlorococcus marinus subsp. marinus CCMP1375 (SS120),Prochlorococcus,,Predicted protein family PM-12,Unknown,1,1.0,informative_multi,3,1.0,Prochlorococcus,WP_036896479.1,True
Pro1589,Prochlorococcus marinus subsp. marinus CCMP1375 (SS120),Prochlorococcus,groL1,chaperonin GroEL,Stress response and adaptation,1,1.0,informative_multi,3,20.0,"Prochlorococcus, Synechococcus",WP_011125739.1,True
SPO0347,Ruegeria pomeroyi DSS-3,Ruegeria,sucC,ADP-forming succinate--CoA ligase subunit beta,Coenzyme metabolism,1,1.0,informative_multi,3,14.0,"Alteromonas, Pseudomonas, Ruegeria, Shewanella",WP_011046108.1,True
SPO0362,Ruegeria pomeroyi DSS-3,Ruegeria,,hypothetical protein,Secondary metabolites,1,1.0,informative_multi,3,24.0,"Alteromonas, Pseudomonas, Ruegeria, Shewanella",WP_044027809.1,True
SPO1085,Ruegeria pomeroyi DSS-3,Ruegeria,,isocitrate lyase/PEP mutase family protein,Carbohydrate metabolism,1,1.0,informative_multi,3,3.0,"Pseudomonas, Ruegeria",WP_011046832.1,True
SPO1096,Ruegeria pomeroyi DSS-3,Ruegeria,,hypothetical protein,Unknown,1,1.0,no_evidence,0,1.0,Ruegeria,WP_011046843.1,True
SPO1293,Ruegeria pomeroyi DSS-3,Ruegeria,phaP,"phasin, PhaP",Unknown,1,1.0,informative_single,2,1.0,Ruegeria,WP_011047034.1,True
SPO1490,Ruegeria pomeroyi DSS-3,Ruegeria,,substrate-binding domain-containing protein,Amino acid metabolism,1,1.0,informative_multi,3,1.0,Ruegeria,WP_202807077.1,True
SPO1796,Ruegeria pomeroyi DSS-3,Ruegeria,fdhF,formate dehydrogenase subunit alpha,Energy production,1,1.0,informative_multi,3,4.0,"Pseudomonas, Ruegeria, Shewanella",WP_011047529.1,True
SPO3109,Ruegeria pomeroyi DSS-3,Ruegeria,tolB,Tol-Pal system beta propeller repeat protein TolB,Intracellular trafficking,1,1.0,informative_multi,3,14.0,"Alteromonas, Pseudomonas, Ruegeria, Shewanella",WP_011048799.1,True
SPO3162,Ruegeria pomeroyi DSS-3,Ruegeria,atpD,F0F1 ATP synthase subunit beta,Energy production,1,1.0,informative_multi,3,12.0,"Alteromonas, Pseudomonas, Ruegeria, Shewanella",WP_011048852.1,True
SPO3452a,Ruegeria pomeroyi DSS-3,Ruegeria,,hypothetical protein,Unknown,1,1.0,no_evidence,0,1.0,Ruegeria,WP_030003262.1,True
SPO3825,Ruegeria pomeroyi DSS-3,Ruegeria,rplC,50S ribosomal protein L3,Translation,1,1.0,informative_multi,3,12.0,"Alteromonas, Pseudomonas, Ruegeria, Shewanella",WP_011049497.1,True
SYNPCC7002_A2291,Synechococcus PCC 7002,Picosynechococcus,,2TM domain-containing protein,Unknown,1,1.0,informative_single,2,3.0,Synechococcus,WP_012307888.1,True
SYNPCC7002_D0014,Synechococcus PCC 7002,Picosynechococcus,,ParM/StbA family protein,Unknown,1,1.0,informative_single,2,4.0,Synechococcus,WP_012308491.1,True
SYNW1226,Synechococcus WH8102,Parasynechococcus,rpmG,50S ribosomal protein L33,Translation,1,1.0,informative_multi,3,20.0,"Prochlorococcus, Synechococcus",WP_011128090.1,True
SYNW1262,Synechococcus WH8102,Parasynechococcus,argC,N-acetyl-gamma-glutamyl-phosphate reductase,Amino acid metabolism,1,1.0,informative_multi,3,20.0,"Prochlorococcus, Synechococcus",WP_011128126.1,True
SYNW1382,Synechococcus WH8102,Parasynechococcus,,conserved hypothetical protein,Unknown,1,1.0,informative_single,2,2.0,Synechococcus,WP_011128246.1,True
SYNW1414,Synechococcus WH8102,Parasynechococcus,hypB,hydrogenase expression/formation protein HypB,Post-translational modification,1,1.0,informative_multi,3,1.0,Synechococcus,WP_011128278.1,True
SYNW1443,Synechococcus WH8102,Parasynechococcus,,uncharacterized conserved membrane protein,Unknown,1,1.0,informative_single,2,17.0,"Prochlorococcus, Synechococcus",WP_011128307.1,True
SYNW1914,Synechococcus WH8102,Parasynechococcus,gbmt1,glycine/sarcosine N-methyltransferase,Amino acid metabolism,1,1.0,informative_multi,3,4.0,"Prochlorococcus, Synechococcus",WP_011128772.1,True
SYNW2035,Synechococcus WH8102,Parasynechococcus,,conserved hypothetical protein,Unknown,1,1.0,catch_all_only,1,20.0,"Prochlorococcus, Synechococcus",WP_011128893.1,True
SYNW2390,Synechococcus WH8102,Parasynechococcus,,putative alkaline phosphatase/5^ nucleotidase,Stress response and adaptation,1,1.0,informative_multi,3,1.0,Synechococcus,WP_011129243.1,True
SYNW2525,Synechococcus WH8102,Parasynechococcus,,alpha/beta hydrolase of unknown function (DUF1400),Amino acid metabolism,1,1.0,informative_multi,3,20.0,"Prochlorococcus, Synechococcus",WP_011129378.1,True
Sputw3181_0808,Shewanella sp. W3-18-1,Shewanella,csgB,curlin,Unknown,1,1.0,informative_multi,3,2.0,"Pseudomonas, Shewanella",WP_011788187.1,True
Sputw3181_0919,Shewanella sp. W3-18-1,Shewanella,,LysR family transcriptional regulator,Transcription,1,1.0,informative_multi,3,6.0,"Pseudomonas, Shewanella",WP_011788296.1,True
SynWH7803_0032,Synechococcus WH7803,Synechococcus,efp,translation elongation factor P,Translation,1,1.0,informative_multi,3,20.0,"Prochlorococcus, Synechococcus",WP_006042657.1,True
SynWH7803_0139,Synechococcus WH7803,Synechococcus,,"possible alpha-glycosyltransferase, family 4",Cell wall and membrane,1,1.0,informative_multi,3,1.0,Synechococcus,WP_011932073.1,True
SynWH7803_0171,Synechococcus WH7803,Synechococcus,ssb,single-stranded DNA-binding protein,Replication and repair,1,1.0,informative_multi,3,20.0,"Prochlorococcus, Synechococcus",WP_011932105.1,True
SynWH7803_0323,Synechococcus WH7803,Synechococcus,thyx,thymidylate synthase,Nucleotide metabolism,1,1.0,informative_multi,3,4.0,Synechococcus,WP_011932249.1,True
SynWH7803_0381,Synechococcus WH7803,Synechococcus,rpsG,30S ribosomal protein S7,Translation,1,1.0,informative_multi,3,20.0,"Prochlorococcus, Synechococcus",WP_011932305.1,True
SynWH7803_0580,Synechococcus WH7803,Synechococcus,fadD,long-chain acyl-CoA synthetase,Lipid metabolism,1,1.0,informative_multi,3,20.0,"Prochlorococcus, Synechococcus",WP_011932492.1,True
SynWH7803_0754,Synechococcus WH7803,Synechococcus,,short chain dehydrogenase family protein,Carbohydrate metabolism,1,1.0,informative_multi,3,20.0,"Prochlorococcus, Synechococcus",WP_011932663.1,True
SynWH7803_0845,Synechococcus WH7803,Synechococcus,smtA,"metallothionein, family 14",Stress response and adaptation,1,1.0,informative_multi,3,4.0,Synechococcus,WP_011932753.1,True
SynWH7803_1017,Synechococcus WH7803,Synechococcus,,uncharacterized conserved secreted protein (DUF1254/DUF1214),Unknown,1,1.0,informative_single,2,1.0,Synechococcus,WP_011932925.1,True
SynWH7803_1508,Synechococcus WH7803,Synechococcus,recB,"exodeoxyribonuclease V (RecBCD complex), beta subunit",Replication and repair,1,1.0,informative_multi,3,20.0,"Prochlorococcus, Synechococcus",WP_011933411.1,True
SynWH7803_1705,Synechococcus WH7803,Synechococcus,,uncharacterized conserved lipoprotein (DUF1254/DUF1214),Unknown,1,1.0,informative_single,2,2.0,Synechococcus,WP_041428623.1,True
SynWH7803_1733,Synechococcus WH7803,Synechococcus,zipN,cell division protein ZipN,Cell cycle and division,1,1.0,informative_multi,3,20.0,"Prochlorococcus, Synechococcus",WP_011933631.1,True
SynWH7803_1795,Synechococcus WH7803,Synechococcus,pilA,type IV pilin PilA,Cell motility,1,1.0,informative_multi,3,5.0,"Prochlorococcus, Synechococcus",WP_011933693.1,True
SynWH7803_2236,Synechococcus WH7803,Synechococcus,,outer membrane porin,Stress response and adaptation,1,1.0,informative_multi,3,79.0,"Prochlorococcus, Synechococcus",WP_011934124.1,True
TX50_RS09500,Prochlorococcus MED4,Prochlorococcus,,hypothetical protein,Unknown,1,1.0,no_evidence,0,,,WP_157859397.1,True
sync_1494,Synechococcus CC9311,Synechococcus,sigI,"RNA polymerase sigma factor, type III (ECF-like)",Transcription,1,1.0,informative_multi,3,1.0,Synechococcus,WP_049750336.1,True
sync_2793,Synechococcus CC9311,Synechococcus,desC4,delta-9 fatty-acid desaturase DesC4,Stress response and adaptation,1,1.0,informative_multi,3,19.0,"Prochlorococcus, Synechococcus",WP_011620682.1,True
A9601_04211,Prochlorococcus AS9601,Prochlorococcus,hli,high light inducible protein,Stress response and adaptation,1,2.0,informative_multi,3,31.0,Prochlorococcus,WP_011817881.1,True
A9601_15761,Prochlorococcus AS9601,Prochlorococcus,,Hypothetical protein,Unknown,1,2.0,no_evidence,0,8.0,Prochlorococcus,,False
ACZ81_00265,Alteromonas macleodii HOT1A3,Alteromonas,rpmB,50S ribosomal protein L28,Translation,1,2.0,informative_multi,3,9.0,Alteromonas,WP_014947757.1,True
ACZ81_02530,Alteromonas macleodii HOT1A3,Alteromonas,,hypothetical protein,Unknown,1,2.0,no_evidence,0,,,WP_061439334.1,True
ACZ81_03035,Alteromonas macleodii HOT1A3,Alteromonas,,hypothetical protein,Unknown,1,2.0,no_evidence,0,9.0,Alteromonas,WP_044556911.1,True
ACZ81_04245,Alteromonas macleodii HOT1A3,Alteromonas,yhiI,HlyD family secretion protein,Cell wall and membrane,1,2.0,informative_multi,3,6.0,Alteromonas,WP_053103809.1,True
ACZ81_05065,Alteromonas macleodii HOT1A3,Alteromonas,flaA,flagellin N-terminal helical domain-containing protein,Cell motility,1,2.0,informative_multi,3,29.0,Alteromonas,WP_014975883.1,True
ACZ81_06975,Alteromonas macleodii HOT1A3,Alteromonas,bamE,outer membrane protein assembly factor BamE,Translation,1,2.0,informative_multi,3,10.0,Alteromonas,WP_012517879.1,True
ACZ81_15570,Alteromonas macleodii HOT1A3,Alteromonas,plsC,1-acylglycerol-3-phosphate O-acyltransferase,Lipid metabolism,1,2.0,informative_multi,3,10.0,Alteromonas,WP_061486484.1,True
ACZ81_15955,Alteromonas macleodii HOT1A3,Alteromonas,,porin family protein,Cell wall and membrane,1,2.0,informative_multi,3,8.0,Alteromonas,WP_061486522.1,True
ACZ81_16310,Alteromonas macleodii HOT1A3,Alteromonas,pspA,phage shock protein PspA,Transcription,1,2.0,informative_multi,3,9.0,Alteromonas,WP_014950724.1,True
ACZ81_16595,Alteromonas macleodii HOT1A3,Alteromonas,rutC,pyrimidine utilization protein C,Translation,1,2.0,informative_multi,3,8.0,Alteromonas,WP_061486583.1,True
ACZ81_16915,Alteromonas macleodii HOT1A3,Alteromonas,katB,catalase,Energy production,1,2.0,informative_multi,3,10.0,Alteromonas,WP_273070703.1,True
ACZ81_18755,Alteromonas macleodii HOT1A3,Alteromonas,,hypothetical protein,Unknown,1,2.0,no_evidence,0,8.0,Alteromonas,WP_014951188.1,True
ACZ81_19450,Alteromonas macleodii HOT1A3,Alteromonas,,C1 family peptidase,Post-translational modification,1,2.0,informative_multi,3,9.0,Alteromonas,WP_061486834.1,True
BL107_08129,Synechococcus sp. BL107,Synechococcus,psbO,photosystem II manganese-stabilizing protein PsbO,Photosynthesis,1,2.0,informative_multi,3,20.0,"Prochlorococcus, Synechococcus",WP_009788842.1,True
BL107_15760,Synechococcus sp. BL107,Synechococcus,pdhC,"pyruvate dehydrogenase complex, dihydrolipoamide acyltransferase (E2) component",Carbohydrate metabolism,1,2.0,informative_multi,3,20.0,"Prochlorococcus, Synechococcus",WP_037988489.1,True
DEH24_08275,Alteromonas (MarRef v6),Alteromonas,yhbH,ribosome hibernation promoting factor,Translation,1,2.0,informative_multi,3,10.0,Alteromonas,HBY39398.1,True
DEH24_11000,Alteromonas (MarRef v6),Alteromonas,gltD,glutamate synthase small subunit,Amino acid metabolism,1,2.0,informative_multi,3,10.0,Alteromonas,HBY39938.1,True
DEH24_13920,Alteromonas (MarRef v6),Alteromonas,yicC,YicC family protein,Unknown,1,2.0,informative_multi,3,9.0,Alteromonas,HBY40516.1,True
DEH24_14870,Alteromonas (MarRef v6),Alteromonas,infB,translation initiation factor IF-2,Translation,1,2.0,informative_multi,3,11.0,Alteromonas,HBY40704.1,True
EZ55_01931,Alteromonas macleodii EZ55,Alteromonas,proB,glutamate 5-kinase,Amino acid metabolism,1,2.0,informative_multi,3,10.0,Alteromonas,WP_156086388.1,True
EZ55_03366,Alteromonas macleodii EZ55,Alteromonas,,endonuclease/exonuclease/phosphatase family protein,Replication and repair,1,2.0,informative_multi,3,11.0,Alteromonas,WP_014949486.1,True
H6G84_02990,Synechococcus elongatus PCC 7942,Synechococcus,H6G84_RS02990,high light inducible protein,Unknown,1,2.0,informative_single,2,7.0,Synechococcus,WP_011244409.1,True
H6G84_05550,Synechococcus elongatus PCC 7942,Synechococcus,H6G84_RS05550,ammonium transporter,Inorganic ion transport,1,2.0,informative_multi,3,9.0,Synechococcus,WP_011377582.1,True
H6G84_07385,Synechococcus elongatus PCC 7942,Synechococcus,H6G84_RS07385,hypothetical protein,Unknown,1,2.0,no_evidence,0,,,WP_039755509.1,True
H6G84_11345,Synechococcus elongatus PCC 7942,Synechococcus,fldA,flavodoxin FldA,Energy production,1,2.0,informative_multi,3,5.0,Synechococcus,WP_011242314.1,True
HP15_1225,Marinobacter (MarRef v6),Marinobacter,yciK,YciK family oxidoreductase,Lipid metabolism,1,2.0,informative_multi,3,481.0,"Alteromonas, Marinobacter, Meiothermus, Prochlorococcus, Pseudomonas, Ruegeria, Shewanella, Synechococcus, Thermosynechococcus",WP_008171450.1,True
HP15_2025,Marinobacter (MarRef v6),Marinobacter,purC,phosphoribosylaminoimidazolesuccinocarboxamide synthase,Nucleotide metabolism,1,2.0,informative_multi,3,40.0,"Alteromonas, Marinobacter, Meiothermus, Prochlorococcus, Pseudomonas, Ruegeria, Shewanella, Synechococcus, Thermosynechococcus",WP_008169108.1,True
HP15_2184,Marinobacter (MarRef v6),Marinobacter,clpX,ATP-dependent Clp protease ATP-binding subunit ClpX,Post-translational modification,1,2.0,informative_multi,3,40.0,"Alteromonas, Marinobacter, Meiothermus, Prochlorococcus, Pseudomonas, Ruegeria, Shewanella, Synechococcus, Thermosynechococcus",WP_008174598.1,True
HP15_2191,Marinobacter (MarRef v6),Marinobacter,glnS,glutamine--tRNA ligase/YqeY domain fusion protein,Translation,1,2.0,informative_multi,3,76.0,"Alteromonas, Marinobacter, Meiothermus, Prochlorococcus, Pseudomonas, Ruegeria, Shewanella, Synechococcus, Thermosynechococcus",WP_014577525.1,True
HP15_2455,Marinobacter (MarRef v6),Marinobacter,mreB,rod shape-determining protein,Cell cycle and division,1,2.0,informative_multi,3,42.0,"Alteromonas, Marinobacter, Meiothermus, Prochlorococcus, Pseudomonas, Ruegeria, Shewanella, Synechococcus, Thermosynechococcus",WP_008170134.1,True
HP15_2913,Marinobacter (MarRef v6),Marinobacter,tkt1,transketolase,Carbohydrate metabolism,1,2.0,informative_multi,3,52.0,"Alteromonas, Marinobacter, Meiothermus, Prochlorococcus, Pseudomonas, Ruegeria, Shewanella, Synechococcus, Thermosynechococcus",WP_014578165.1,True
HP15_3067,Marinobacter (MarRef v6),Marinobacter,infB,translation initiation factor IF-2,Translation,1,2.0,informative_multi,3,39.0,"Alteromonas, Marinobacter, Meiothermus, Prochlorococcus, Pseudomonas, Ruegeria, Shewanella, Synechococcus, Thermosynechococcus",WP_014578292.1,True
HP15_3288,Marinobacter (MarRef v6),Marinobacter,trpE,anthranilate synthase component I,Amino acid metabolism,1,2.0,informative_multi,3,80.0,"Alteromonas, Marinobacter, Meiothermus, Prochlorococcus, Pseudomonas, Ruegeria, Shewanella, Synechococcus, Thermosynechococcus",WP_041646392.1,True
HP15_3349,Marinobacter (MarRef v6),Marinobacter,rubB,NAD(P)/FAD-dependent oxidoreductase,Energy production,1,2.0,informative_multi,3,30.0,"Alteromonas, Marinobacter, Meiothermus, Pseudomonas, Ruegeria, Synechococcus, Thermosynechococcus",WP_014578533.1,True
HP15_3389,Marinobacter (MarRef v6),Marinobacter,pstS,substrate-binding domain-containing protein,Inorganic ion transport,1,2.0,informative_multi,3,106.0,"Alteromonas, Marinobacter, Meiothermus, Prochlorococcus, Pseudomonas, Ruegeria, Shewanella, Synechococcus, Thermosynechococcus",WP_169702178.1,True
HP15_3673,Marinobacter (MarRef v6),Marinobacter,fhuA,TonB-dependent siderophore receptor,Inorganic ion transport,1,2.0,informative_multi,3,66.0,"Alteromonas, Marinobacter, Pseudomonas, Shewanella, Synechococcus",WP_041645841.1,True
HP15_376,Marinobacter (MarRef v6),Marinobacter,rpsG,30S ribosomal protein S7,Translation,1,2.0,informative_multi,3,39.0,"Alteromonas, Marinobacter, Meiothermus, Prochlorococcus, Pseudomonas, Ruegeria, Shewanella, Synechococcus, Thermosynechococcus",WP_008174847.1,True
HP15_381,Marinobacter (MarRef v6),Marinobacter,rplD,50S ribosomal protein L4,Translation,1,2.0,informative_multi,3,39.0,"Alteromonas, Marinobacter, Meiothermus, Prochlorococcus, Pseudomonas, Ruegeria, Shewanella, Synechococcus, Thermosynechococcus",WP_008174860.1,True
HP15_906,Marinobacter (MarRef v6),Marinobacter,aldH6A1,CoA-acylating methylmalonate-semialdehyde dehydrogenase,Energy production,1,2.0,informative_multi,3,200.0,"Alteromonas, Marinobacter, Meiothermus, Prochlorococcus, Pseudomonas, Ruegeria, Shewanella, Synechococcus, Thermosynechococcus",WP_008175948.1,True
M744_03660,Synechococcus elongatus UTEX 2973,Synechococcus,argF,ornithine carbamoyltransferase,Amino acid metabolism,1,2.0,informative_multi,3,7.0,Synechococcus,WP_011243902.1,True
M744_03840,Synechococcus elongatus UTEX 2973,Synechococcus,,hypothetical protein,Unknown,1,2.0,no_evidence,0,2.0,Synechococcus,WP_039755541.1,True
M744_10450,Synechococcus elongatus UTEX 2973,Synechococcus,ntrB,nitrate ABC transporter permease,Inorganic ion transport,1,2.0,informative_multi,3,6.0,Synechococcus,WP_011242626.1,True
M8001_05600,Pseudomonas putida KT2440,Pseudomonas,gltI,glutamate/aspartate ABC transporter substrate-binding protein,Amino acid metabolism,1,2.0,informative_multi,3,6.0,"Pseudomonas, Ruegeria",WP_049588510.1,True
M8001_21885,Pseudomonas putida KT2440,Pseudomonas,sucD,succinate--CoA ligase subunit alpha,Energy production,1,2.0,informative_multi,3,14.0,"Alteromonas, Pseudomonas, Ruegeria, Shewanella",WP_003254203.1,True
M8001_24155,Pseudomonas putida KT2440,Pseudomonas,tetD,helix-turn-helix domain-containing protein,Transcription,1,2.0,informative_multi,3,1.0,Pseudomonas,WP_010955269.1,True
MIT1002_01442,Alteromonas macleodii MIT1002,Alteromonas,bamE,outer membrane protein assembly factor BamE,Translation,1,2.0,informative_multi,3,10.0,Alteromonas,WP_012517879.1,True
MIT1002_02110,Alteromonas macleodii MIT1002,Alteromonas,tnpT,DNA-binding protein,Cell wall and membrane,1,2.0,informative_multi,3,3.0,"Alteromonas, Shewanella",WP_049588580.1,True
MIT1002_02782,Alteromonas macleodii MIT1002,Alteromonas,,hypothetical protein,Unknown,1,2.0,no_evidence,0,,,WP_014950161.1,True
MIT1002_03314,Alteromonas macleodii MIT1002,Alteromonas,,porin family protein,Cell wall and membrane,1,2.0,informative_multi,3,8.0,Alteromonas,WP_014980250.1,True
MIT1002_03321,Alteromonas macleodii MIT1002,Alteromonas,exaC,acetaldehyde dehydrogenase ExaC,Energy production,1,2.0,informative_multi,3,9.0,Alteromonas,WP_014950684.1,True
MIT1002_03508,Alteromonas macleodii MIT1002,Alteromonas,,DUF4212 domain-containing protein,Unknown,1,2.0,informative_single,2,10.0,Alteromonas,WP_039216401.1,True
MIT1002_04153,Alteromonas macleodii MIT1002,Alteromonas,,hypothetical protein,Unknown,1,2.0,no_evidence,0,3.0,Alteromonas,WP_049587402.1,True
NATL1_06171,Prochlorococcus NATL1A,Prochlorococcus,ycf52,uncharacterized acyl-CoA N-acetyltransferase,Transcription,1,2.0,informative_multi,3,20.0,"Prochlorococcus, Synechococcus",WP_011823344.1,True
NATL1_08781,Prochlorococcus NATL1A,Prochlorococcus,kpsD,polysaccharide biosynthesis/export family protein,Cell wall and membrane,1,2.0,informative_multi,3,10.0,"Prochlorococcus, Synechococcus",WP_011823581.1,True
P9301_10861,Prochlorococcus MIT9301,Prochlorococcus,,conserved hypothetical protein,Unknown,1,2.0,catch_all_only,1,9.0,Prochlorococcus,WP_011818521.1,True
P9301_17081,Prochlorococcus MIT9301,Prochlorococcus,,conserved hypothetical protein,Unknown,1,2.0,catch_all_only,1,9.0,Prochlorococcus,WP_011863625.1,True
P9303_02901,Prochlorococcus MIT9303,Prochlorococcus,,conserved hypothetical protein,Cellular processes,1,2.0,informative_multi,3,2.0,Prochlorococcus,WP_011824970.1,True
P9303_RS01390,Prochlorococcus MIT9303,Prochlorococcus,,tetratricopeptide repeat protein,Unknown,1,2.0,no_evidence,0,,,WP_041374669.1,True
PMM0202,Prochlorococcus MED4,Prochlorococcus,rplJ,50S ribosomal protein L10,Stress response and adaptation,1,2.0,informative_multi,3,20.0,"Prochlorococcus, Synechococcus",WP_011131841.1,True
PMM0251,Prochlorococcus MED4,Prochlorococcus,psbH,photosystem II reaction center protein PsbH,Photosynthesis,1,2.0,informative_multi,3,20.0,"Prochlorococcus, Synechococcus",WP_011131889.1,True
PMM0312,Prochlorococcus MED4,Prochlorococcus,rpsA1,30S ribosomal protein S1,Translation,1,2.0,informative_multi,3,20.0,"Prochlorococcus, Synechococcus",WP_011131949.1,True
PMM0476,Prochlorococcus MED4,Prochlorococcus,,conserved hypothetical protein,Unknown,1,2.0,catch_all_only,1,10.0,"Prochlorococcus, Synechococcus",WP_011132111.1,True
PMM0713,Prochlorococcus MED4,Prochlorococcus,gap3,glyceraldehyde-3-phosphate dehydrogenase,Stress response and adaptation,1,2.0,informative_multi,3,16.0,"Prochlorococcus, Synechococcus",WP_011132347.1,True
PMM0910,Prochlorococcus MED4,Prochlorococcus,ylmG1,cell division membrane protein YlmG1 (factor involved in shape determination),Cell cycle and division,1,2.0,informative_multi,3,20.0,"Prochlorococcus, Synechococcus",WP_011132543.1,True
PMM0915,Prochlorococcus MED4,Prochlorococcus,ispA,signal peptidase II,Post-translational modification,1,2.0,informative_multi,3,20.0,"Prochlorococcus, Synechococcus",WP_011132548.1,True
PMM1173,Prochlorococcus MED4,Prochlorococcus,,putative membrane protein,Cell wall and membrane,1,2.0,informative_multi,3,17.0,"Prochlorococcus, Synechococcus",WP_011132807.1,True
PMM1227,Prochlorococcus MED4,Prochlorococcus,rfe,UDP-N-acetylmuramyl pentapeptide phosphotransferase/UDP-N- acetylglucosamine-1-phosphate transferase,Cell wall and membrane,1,2.0,informative_multi,3,10.0,"Prochlorococcus, Synechococcus",WP_011132861.1,True
PMM1501,Prochlorococcus MED4,Prochlorococcus,rne,ribonuclease E,Transcription,1,2.0,informative_multi,3,20.0,"Prochlorococcus, Synechococcus",WP_011133129.1,True
PMM1502,Prochlorococcus MED4,Prochlorococcus,rnhB,ribonuclease HII,Transcription,1,2.0,informative_multi,3,20.0,"Prochlorococcus, Synechococcus",WP_011133130.1,True
PMM1537,Prochlorococcus MED4,Prochlorococcus,rpsM,30S ribosomal protein S13,Translation,1,2.0,informative_multi,3,20.0,"Prochlorococcus, Synechococcus",WP_011133165.1,True
PMM1658,Prochlorococcus MED4,Prochlorococcus,dnaX,"DNA polymerase III, gamma and tau subunits",Replication and repair,1,2.0,informative_multi,3,20.0,"Prochlorococcus, Synechococcus",WP_011133285.1,True
PMM1842,Prochlorococcus MED4,Prochlorococcus,,Hypothetical protein,Unknown,1,2.0,no_evidence,0,1.0,Prochlorococcus,,False
PMM1982,Prochlorococcus MED4,Prochlorococcus,,uncharacterized conserved membrane protein,Unknown,1,2.0,catch_all_only,1,9.0,Prochlorococcus,WP_225866754.1,True
PMM2003,Prochlorococcus MED4,Prochlorococcus,,Conserved hypothetical protein,Unknown,1,2.0,no_evidence,0,9.0,Prochlorococcus,WP_173028053.1,True
PMN2A_0435,Prochlorococcus NATL2A,Prochlorococcus,ptrA,"transcriptional phosphate regulator, Crp family",Stress response and adaptation,1,2.0,informative_multi,3,8.0,"Prochlorococcus, Synechococcus",WP_011294534.1,True
PMN2A_0439,Prochlorococcus NATL2A,Prochlorococcus,PMN2A_RS05210,probable alkaline phosphatase,Secondary metabolites,1,2.0,informative_multi,3,5.0,Prochlorococcus,WP_011294538.1,True
PMN2A_0509,Prochlorococcus NATL2A,Prochlorococcus,hli,high light inducible protein,Stress response and adaptation,1,2.0,informative_multi,3,12.0,Prochlorococcus,WP_011294349.1,True
PMN2A_0576,Prochlorococcus NATL2A,Prochlorococcus,PMN2A_RS05975,hypothetical protein,Unknown,1,2.0,catch_all_only,1,1.0,Prochlorococcus,WP_011125327.1,True
PMN2A_0581,Prochlorococcus NATL2A,Prochlorococcus,PMN2A_RS06010,conserved hypothetical protein,Unknown,1,2.0,catch_all_only,1,4.0,Prochlorococcus,WP_011294672.1,True
PMN2A_0713,Prochlorococcus NATL2A,Prochlorococcus,PMN2A_RS06735,conserved hypothetical protein,Unknown,1,2.0,no_evidence,0,5.0,Prochlorococcus,WP_225866300.1,True
PMN2A_0983,Prochlorococcus NATL2A,Prochlorococcus,atpF,ATP synthase subunit B,Photosynthesis,1,2.0,informative_multi,3,20.0,"Prochlorococcus, Synechococcus",WP_011295329.1,True
PMN2A_1881,Prochlorococcus NATL2A,Prochlorococcus,csoS2,carboxysome shell protein CsoS2,Photosynthesis,1,2.0,informative_multi,3,20.0,"Prochlorococcus, Synechococcus",WP_011294512.1,True
PMN2A_2004,Prochlorococcus NATL2A,Prochlorococcus,,conserved hypothetical protein,Unknown,1,2.0,no_evidence,0,4.0,Prochlorococcus,,False
PMN2A_2099,Prochlorococcus NATL2A,Prochlorococcus,,conserved hypothetical protein,Unknown,1,2.0,no_evidence,0,3.0,Prochlorococcus,,False
PMT0041,Prochlorococcus MIT9313,Prochlorococcus,,conserved hypothetical protein,Unknown,1,2.0,catch_all_only,1,15.0,"Prochlorococcus, Synechococcus",WP_011129420.1,True
PMT0651,Prochlorococcus MIT9313,Prochlorococcus,mrnC,ribonuclease III domain protein,Stress response and adaptation,1,2.0,informative_multi,3,20.0,"Prochlorococcus, Synechococcus",WP_011130030.1,True
PMT0950,Prochlorococcus MIT9313,Prochlorococcus,,conserved hypothetical protein,Unknown,1,2.0,informative_single,2,15.0,"Prochlorococcus, Synechococcus",WP_011130326.1,True
PMT0994,Prochlorococcus MIT9313,Prochlorococcus,phoB,two-component system response regulator RR class II (RRII)-CheY-OmpR,Stress response and adaptation,1,2.0,informative_multi,3,10.0,"Prochlorococcus, Synechococcus",WP_011130366.1,True
PMT1118,Prochlorococcus MIT9313,Prochlorococcus,,nif11-like leader peptide domain protein,Unknown,1,2.0,informative_single,2,6.0,"Prochlorococcus, Synechococcus",WP_011130490.1,True
PMT1223,Prochlorococcus MIT9313,Prochlorococcus,,hypothetical protein,Unknown,1,2.0,no_evidence,0,1.0,Prochlorococcus,WP_041384499.1,True
PMT1599,Prochlorococcus MIT9313,Prochlorococcus,,putative ATP-dependent protease,Regulatory functions,1,2.0,informative_multi,3,9.0,"Prochlorococcus, Synechococcus",,False
PMT1693,Prochlorococcus MIT9313,Prochlorococcus,,conserved hypothetical protein,Unknown,1,2.0,catch_all_only,1,20.0,"Prochlorococcus, Synechococcus",,False
PMT1733,Prochlorococcus MIT9313,Prochlorococcus,rplD,50S ribosomal protein L4,Translation,1,2.0,informative_multi,3,20.0,"Prochlorococcus, Synechococcus",WP_011131100.1,True
PMT1954,Prochlorococcus MIT9313,Prochlorococcus,psaC,photosystem I iron-sulfur center subunit VII PsaC,Photosynthesis,1,2.0,informative_multi,3,20.0,"Prochlorococcus, Synechococcus",WP_011131319.1,True
PMT2091,Prochlorococcus MIT9313,Prochlorococcus,rplL,50S ribosomal protein L7/L12,Stress response and adaptation,1,2.0,informative_multi,3,20.0,"Prochlorococcus, Synechococcus",WP_011131455.1,True
PMT9312_0768,Prochlorococcus MIT9312,Prochlorococcus,chlP,geranylgeranyl reductase,Coenzyme metabolism,1,2.0,informative_multi,3,20.0,"Prochlorococcus, Synechococcus",WP_011376323.1,True
PMT9312_1466,Prochlorococcus MIT9312,Prochlorococcus,,GAF domain-containing protein,Signal transduction,1,2.0,informative_multi,3,17.0,"Prochlorococcus, Synechococcus",WP_011377010.1,True
PMT9312_1790,Prochlorococcus MIT9312,Prochlorococcus,rpoD4,"RNA polymerase sigma factor, type II",Transcription,1,2.0,informative_multi,3,20.0,"Prochlorococcus, Synechococcus",WP_011377332.1,True
PMT9312_1944,Prochlorococcus MIT9312,Prochlorococcus,,uncharacterized conserved membrane protein,Unknown,1,2.0,catch_all_only,1,9.0,Prochlorococcus,WP_263890849.1,True
PMT_1878,Prochlorococcus MIT9313,Prochlorococcus,,Hemolysin-type calcium-binding protein,Secondary metabolites,1,2.0,informative_multi,3,4.0,Prochlorococcus,WP_011131244.1,True
PMT_2051,Prochlorococcus MIT9313,Prochlorococcus,,conserved hypothetical protein,Secondary metabolites,1,2.0,informative_multi,3,3.0,Prochlorococcus,WP_011131416.1,True
PMT_2330,Prochlorococcus MIT9313,Prochlorococcus,,Hypothetical protein,Unknown,1,2.0,no_evidence,0,1.0,Prochlorococcus,,False
Pro0254,Prochlorococcus marinus subsp. marinus CCMP1375 (SS120),Prochlorococcus,eda,2-keto-3-deoxy-6-phosphogluconate aldolase,Stress response and adaptation,1,2.0,informative_multi,3,20.0,"Prochlorococcus, Synechococcus",WP_011124409.1,True
Pro0368,Prochlorococcus marinus subsp. marinus CCMP1375 (SS120),Prochlorococcus,petD,cytochrome b6/f complex subunit 4,Photosynthesis,1,2.0,informative_multi,3,20.0,"Prochlorococcus, Synechococcus",WP_011124523.1,True
Pro0417,Prochlorococcus marinus subsp. marinus CCMP1375 (SS120),Prochlorococcus,nifU,NifU-like protein,Stress response and adaptation,1,2.0,informative_multi,3,21.0,"Prochlorococcus, Synechococcus",WP_011124572.1,True
Pro0895,Prochlorococcus marinus subsp. marinus CCMP1375 (SS120),Prochlorococcus,rsfS,oligomerisation domain protein,Translation,1,2.0,informative_multi,3,20.0,"Prochlorococcus, Synechococcus",WP_011125047.1,True
Pro1309,Prochlorococcus marinus subsp. marinus CCMP1375 (SS120),Prochlorococcus,rsmI,2-O-methyltransferase,Translation,1,2.0,informative_multi,3,20.0,"Prochlorococcus, Synechococcus",WP_011125460.1,True
Pro1722,Prochlorococcus marinus subsp. marinus CCMP1375 (SS120),Prochlorococcus,,cyanobacterial aminoacyl-tRNA synthetase domain (CAAD) containing protein,Translation,1,2.0,informative_multi,3,20.0,"Prochlorococcus, Synechococcus",WP_011125871.1,True
RG24_RS04770,Prochlorococcus MIT9313,Prochlorococcus,,"uncharacterized secreted protein, Prochlorococcus-specific",Unknown,1,2.0,catch_all_only,1,18.0,Prochlorococcus,WP_041384384.1,True
SPO0568,Ruegeria pomeroyi DSS-3,Ruegeria,,indolepyruvate ferredoxin oxidoreductase family protein,Energy production,1,2.0,informative_multi,3,4.0,Ruegeria,WP_011046324.1,True
SPO0728,Ruegeria pomeroyi DSS-3,Ruegeria,tuf,elongation factor Tu,Translation,1,2.0,informative_multi,3,22.0,"Alteromonas, Pseudomonas, Ruegeria, Shewanella",WP_011046478.1,True
SPO1001,Ruegeria pomeroyi DSS-3,Ruegeria,soxF,NAD(P)/FAD-dependent oxidoreductase,Energy production,1,2.0,informative_multi,3,8.0,"Alteromonas, Pseudomonas, Ruegeria",WP_011046749.1,True
SPO1465,Ruegeria pomeroyi DSS-3,Ruegeria,dctP,TRAP transporter substrate-binding protein DctP,Carbohydrate metabolism,1,2.0,informative_multi,3,1.0,Ruegeria,WP_011047202.1,True
SPO1960,Ruegeria pomeroyi DSS-3,Ruegeria,,serine hydrolase domain-containing protein,Defense mechanisms,1,2.0,informative_multi,3,7.0,"Alteromonas, Ruegeria, Shewanella",WP_011047691.1,True
SPO3366,Ruegeria pomeroyi DSS-3,Ruegeria,,"metal ABC transporter solute-binding protein, Zn/Mn family",Inorganic ion transport,1,2.0,informative_multi,3,2.0,"Pseudomonas, Ruegeria",WP_011049049.1,True
SPO3537,Ruegeria pomeroyi DSS-3,Ruegeria,yejA,extracellular solute-binding protein,Amino acid metabolism,1,2.0,informative_multi,3,5.0,"Pseudomonas, Ruegeria",WP_044028782.1,True
SPO3661,Ruegeria pomeroyi DSS-3,Ruegeria,,5-oxoprolinase subunit B family protein,Amino acid metabolism,1,2.0,informative_multi,3,12.0,"Alteromonas, Pseudomonas, Ruegeria",WP_011049341.1,True
SYNPCC7002_A0820,Synechococcus PCC 7002,Picosynechococcus,,hypothetical protein,Unknown,1,2.0,no_evidence,0,1.0,Synechococcus,WP_041443377.1,True
SYNW0285,Synechococcus WH8102,Parasynechococcus,trmB,tRNA (guanine-N(7)-)-methyltransferase,Translation,1,2.0,informative_multi,3,19.0,"Prochlorococcus, Synechococcus",WP_011127159.1,True
SYNW0637,Synechococcus WH8102,Parasynechococcus,fumC,"fumarate hydratase, class II",Amino acid metabolism,1,2.0,informative_multi,3,20.0,"Prochlorococcus, Synechococcus",WP_042504173.1,True
SYNW0759,Synechococcus WH8102,Parasynechococcus,ppiA,peptidylprolyl isomerase,Post-translational modification,1,2.0,informative_multi,3,4.0,"Prochlorococcus, Synechococcus",WP_011127624.1,True
SYNW1018,Synechococcus WH8102,Parasynechococcus,pstS,"phosphate ABC transporter, phosphate-binding protein PstS",Stress response and adaptation,1,2.0,informative_multi,3,28.0,"Prochlorococcus, Synechococcus",WP_011127883.1,True
SYNW1332,Synechococcus WH8102,Parasynechococcus,,uncharacterized conserved secreted protein,Unknown,1,2.0,catch_all_only,1,4.0,Synechococcus,WP_225867678.1,True
SYNW1719,Synechococcus WH8102,Parasynechococcus,csoS1A,carboxysome shell protein CsoS1A,Photosynthesis,1,2.0,informative_multi,3,20.0,"Prochlorococcus, Synechococcus",WP_006169870.1,True
SYNW2102,Synechococcus WH8102,Parasynechococcus,,conserved hypothetical protein,Unknown,1,2.0,catch_all_only,1,1.0,Synechococcus,WP_011128959.1,True
SYNW2136,Synechococcus WH8102,Parasynechococcus,rpsG,30S ribosomal protein S7,Translation,1,2.0,informative_multi,3,20.0,"Prochlorococcus, Synechococcus",WP_011128992.1,True
SYNW2151,Synechococcus WH8102,Parasynechococcus,psbA,photosystem II protein D1.2,Stress response and adaptation,1,2.0,informative_multi,3,13.0,Synechococcus,WP_011127848.1,True
SYNWH7803_RS10220,Synechococcus WH7803,Synechococcus,,carbohydrate-binding protein (CBM2),Central intermediary metabolism,1,2.0,informative_multi,3,1.0,Synechococcus,WP_011933960.1,True
Sputw3181_0807,Shewanella sp. W3-18-1,Shewanella,,curlin,Unknown,1,2.0,informative_single,2,10.0,"Alteromonas, Shewanella",WP_011788186.1,True
SynWH7803_0151,Synechococcus WH7803,Synechococcus,gpx,glutathione peroxidase,Coenzyme metabolism,1,2.0,informative_multi,3,20.0,"Prochlorococcus, Synechococcus",WP_011932085.1,True
SynWH7803_0625,Synechococcus WH7803,Synechococcus,petF,2Fe-2S ferredoxin,Stress response and adaptation,1,2.0,informative_multi,3,4.0,Synechococcus,WP_011932537.1,True
SynWH7803_0946,Synechococcus WH7803,Synechococcus,,conserved hypothetical protein,Unknown,1,2.0,catch_all_only,1,4.0,Synechococcus,WP_011932854.1,True
SynWH7803_1102,Synechococcus WH7803,Synechococcus,cycI1,Mg-protoporphyrin IX monomethylester oxidative cyclase,Coenzyme metabolism,1,2.0,informative_multi,3,13.0,"Prochlorococcus, Synechococcus",WP_011933010.1,True
SynWH7803_1274,Synechococcus WH7803,Synechococcus,,conserved hypothetical protein,Unknown,1,2.0,catch_all_only,1,4.0,Synechococcus,WP_011933180.1,True
SynWH7803_1295,Synechococcus WH7803,Synechococcus,,NADH:ubiquinone oxidoreductase complex I intermediate-associated CIA30-like protein,Carbohydrate metabolism,1,2.0,informative_multi,3,24.0,"Prochlorococcus, Synechococcus",WP_011933200.1,True
SynWH7803_1473,Synechococcus WH7803,Synechococcus,,conserved hypothetical protein,Stress response and adaptation,1,2.0,informative_multi,3,8.0,"Prochlorococcus, Synechococcus",WP_011933376.1,True
SynWH7803_1835,Synechococcus WH7803,Synechococcus,,Prochlorococcus/marine Synechococcus Hyper-Conserved Protein (PSHCP),Photosynthesis,1,2.0,informative_multi,3,20.0,"Prochlorococcus, Synechococcus",WP_011933733.1,True
SynWH7803_1863,Synechococcus WH7803,Synechococcus,groL2,chaperonin GroEL,Stress response and adaptation,1,2.0,informative_multi,3,20.0,"Prochlorococcus, Synechococcus",WP_011933761.1,True
SynWH7803_1967,Synechococcus WH7803,Synechococcus,rplU,50S ribosomal protein L21,Translation,1,2.0,informative_multi,3,20.0,"Prochlorococcus, Synechococcus",WP_011933863.1,True
SynWH7803_1970,Synechococcus WH7803,Synechococcus,,possible S-adenosyl-L-methionine-dependent methyltransferase,Coenzyme metabolism,1,2.0,informative_multi,3,17.0,"Prochlorococcus, Synechococcus",WP_011933866.1,True
SynWH7803_2086,Synechococcus WH7803,Synechococcus,,uncharacterized conserved secreted protein,Unknown,1,2.0,catch_all_only,1,5.0,"Prochlorococcus, Synechococcus",WP_011933976.1,True
SynWH7803_2157,Synechococcus WH7803,Synechococcus,,conserved hypothetical protein,Transcription,1,2.0,informative_multi,3,20.0,"Prochlorococcus, Synechococcus",WP_011934045.1,True
SynWH7803_2307,Synechococcus WH7803,Synechococcus,,putative dockerin type I repeat,Unknown,1,2.0,catch_all_only,1,3.0,"Prochlorococcus, Synechococcus",WP_041428693.1,True
SynWH7803_2414,Synechococcus WH7803,Synechococcus,metC,cystathionine beta-lyase family aluminum resistance protein,Stress response and adaptation,1,2.0,informative_multi,3,20.0,"Prochlorococcus, Synechococcus",WP_011934300.1,True
sync_2421,Synechococcus CC9311,Synechococcus,,conserved hypothetical protein,Unknown,1,2.0,catch_all_only,1,1.0,Synechococcus,,False
sync_2758,Synechococcus CC9311,Synechococcus,,hypothetical protein,Unknown,1,2.0,no_evidence,0,1.0,Synechococcus,,False
A9601_12511,Prochlorococcus AS9601,Prochlorococcus,hli,high light inducible protein,Stress response and adaptation,1,3.0,informative_multi,3,40.0,Prochlorococcus,WP_011376693.1,True
A9601_16241,Prochlorococcus AS9601,Prochlorococcus,,conserved hypothetical protein,Unknown,1,3.0,no_evidence,0,5.0,Prochlorococcus,,False
ACZ81_00050,Alteromonas macleodii HOT1A3,Alteromonas,yihI,Der GTPase-activating protein YihI,Unknown,1,3.0,informative_multi,3,10.0,Alteromonas,WP_014947719.1,True
ACZ81_02460,Alteromonas macleodii HOT1A3,Alteromonas,,TonB-dependent receptor,Inorganic ion transport,1,3.0,informative_multi,3,9.0,Alteromonas,WP_014975544.1,True
ACZ81_03615,Alteromonas macleodii HOT1A3,Alteromonas,,thermostable hemolysin,Unknown,1,3.0,informative_single,2,8.0,Alteromonas,WP_061486929.1,True
ACZ81_10105,Alteromonas macleodii HOT1A3,Alteromonas,sdaA,L-serine ammonia-lyase,Amino acid metabolism,1,3.0,informative_multi,3,9.0,Alteromonas,WP_061485894.1,True
ACZ81_10335,Alteromonas macleodii HOT1A3,Alteromonas,,c-type cytochrome,Energy production,1,3.0,informative_multi,3,9.0,Alteromonas,WP_014949583.1,True
ACZ81_11425,Alteromonas macleodii HOT1A3,Alteromonas,metE,methionine synthase,Amino acid metabolism,1,3.0,informative_multi,3,9.0,Alteromonas,WP_014949790.1,True
ACZ81_12890,Alteromonas macleodii HOT1A3,Alteromonas,lldP,L-lactate permease,Energy production,1,3.0,informative_multi,3,12.0,"Alteromonas, Pseudomonas, Shewanella",WP_061486133.1,True
ACZ81_16585,Alteromonas macleodii HOT1A3,Alteromonas,rutE,malonic semialdehyde reductase,Energy production,1,3.0,informative_multi,3,8.0,Alteromonas,WP_014977452.1,True
ACZ81_18505,Alteromonas macleodii HOT1A3,Alteromonas,syrP,TauD/TfdA family dioxygenase,Secondary metabolites,1,3.0,informative_multi,3,6.0,Alteromonas,WP_014951130.1,True
ACZ81_19000,Alteromonas macleodii HOT1A3,Alteromonas,cyoB,cytochrome o ubiquinol oxidase subunit I,Energy production,1,3.0,informative_multi,3,9.0,Alteromonas,WP_014980664.1,True
ALTBGP6_RS01855,Alteromonas macleodii EZ55,Alteromonas,,hypothetical protein,Unknown,1,3.0,no_evidence,0,,,WP_014975451.1,True
BL107_08479,Synechococcus sp. BL107,Synechococcus,rplM,50S ribosomal protein L13,Translation,1,3.0,informative_multi,3,20.0,"Prochlorococcus, Synechococcus",WP_009788911.1,True
BL107_10866,Synechococcus sp. BL107,Synechococcus,petP,cytochrome b6-f complex subunit PetP,Photosynthesis,1,3.0,informative_multi,3,20.0,"Prochlorococcus, Synechococcus",WP_009789358.1,True
EZ55_00161,Alteromonas macleodii EZ55,Alteromonas,yacH,DUF3300 domain-containing protein,Unknown,1,3.0,informative_single,2,10.0,Alteromonas,WP_156085737.1,True
EZ55_00310,Alteromonas macleodii EZ55,Alteromonas,aer2,methyl-accepting chemotaxis protein,Signal transduction,1,3.0,informative_multi,3,20.0,Alteromonas,WP_418655454.1,True
EZ55_00751,Alteromonas macleodii EZ55,Alteromonas,,IS110 family RNA-guided transposase,Replication and repair,1,3.0,informative_multi,3,65.0,"Alteromonas, Pseudomonas, Ruegeria, Shewanella",WP_061485171.1,True
EZ55_01827,Alteromonas macleodii EZ55,Alteromonas,merA,FAD-dependent oxidoreductase,Energy production,1,3.0,informative_multi,3,6.0,Alteromonas,WP_156086348.1,True
EZ55_02008,Alteromonas macleodii EZ55,Alteromonas,,TonB-dependent receptor,Coenzyme metabolism,1,3.0,informative_multi,3,10.0,Alteromonas,WP_156086418.1,True
EZ55_03030,Alteromonas macleodii EZ55,Alteromonas,,hypothetical protein,Unknown,1,3.0,no_evidence,0,6.0,Alteromonas,WP_156086803.1,True
EZ55_03340,Alteromonas macleodii EZ55,Alteromonas,mmsB,3-hydroxyisobutyrate dehydrogenase,Lipid metabolism,1,3.0,informative_multi,3,10.0,Alteromonas,WP_061486531.1,True
EZ55_03829,Alteromonas macleodii EZ55,Alteromonas,,glycoside hydrolase family 16 protein,Carbohydrate metabolism,1,3.0,informative_multi,3,8.0,Alteromonas,WP_156087119.1,True
EZ55_04246,Alteromonas macleodii EZ55,Alteromonas,,hypothetical protein,Replication and repair,1,3.0,informative_multi,3,4.0,Alteromonas,WP_231506618.1,True
H6G84_00360,Synechococcus elongatus PCC 7942,Synechococcus,H6G84_RS00360,NAD(P)/FAD-dependent oxidoreductase,Energy production,1,3.0,informative_multi,3,9.0,Synechococcus,WP_011243908.1,True
H6G84_02980,Synechococcus elongatus PCC 7942,Synechococcus,H6G84_RS02980,RNA recognition motif domain-containing protein,Unknown,1,3.0,informative_multi,3,10.0,Synechococcus,WP_011244407.1,True
H6G84_04715,Synechococcus elongatus PCC 7942,Synechococcus,katG,catalase/peroxidase HPI,Coenzyme metabolism,1,3.0,informative_multi,3,4.0,Synechococcus,WP_011244741.1,True
H6G84_05960,Synechococcus elongatus PCC 7942,Synechococcus,cpcS,phycobiliprotein lyase,Coenzyme metabolism,1,3.0,informative_multi,3,2.0,Synechococcus,WP_011243461.1,True
HP15_1758,Marinobacter (MarRef v6),Marinobacter,slyD,FKBP-type peptidyl-prolyl cis-trans isomerase,Post-translational modification,1,3.0,informative_multi,3,32.0,"Alteromonas, Marinobacter, Meiothermus, Pseudomonas, Ruegeria, Shewanella",WP_008171631.1,True
HP15_2198,Marinobacter (MarRef v6),Marinobacter,,acyl-CoA thioesterase,Unknown,1,3.0,informative_multi,3,114.0,"Alteromonas, Marinobacter, Meiothermus, Prochlorococcus, Pseudomonas, Ruegeria, Shewanella, Synechococcus, Thermosynechococcus",WP_014577531.1,True
HP15_2292,Marinobacter (MarRef v6),Marinobacter,cheW,chemotaxis protein CheW,Cell motility,1,3.0,informative_multi,3,99.0,"Alteromonas, Marinobacter, Meiothermus, Pseudomonas, Shewanella, Synechococcus, Thermosynechococcus",WP_008173094.1,True
HP15_383,Marinobacter (MarRef v6),Marinobacter,rplB,50S ribosomal protein L2,Translation,1,3.0,informative_multi,3,39.0,"Alteromonas, Marinobacter, Meiothermus, Prochlorococcus, Pseudomonas, Ruegeria, Shewanella, Synechococcus, Thermosynechococcus",WP_014575956.1,True
HP15_4133,Marinobacter (MarRef v6),Marinobacter,tupA,substrate-binding domain-containing protein,Coenzyme metabolism,1,3.0,informative_multi,3,3.0,"Marinobacter, Ruegeria, Shewanella",WP_041645991.1,True
HP15_478,Marinobacter (MarRef v6),Marinobacter,pilQ,type IV pilus secretin PilQ,Intracellular trafficking,1,3.0,informative_multi,3,20.0,"Alteromonas, Marinobacter, Prochlorococcus, Pseudomonas, Shewanella, Synechococcus",WP_014576031.1,True
HP15_494,Marinobacter (MarRef v6),Marinobacter,ribH,"6,7-dimethyl-8-ribityllumazine synthase",Coenzyme metabolism,1,3.0,informative_multi,3,41.0,"Alteromonas, Marinobacter, Meiothermus, Prochlorococcus, Pseudomonas, Ruegeria, Shewanella, Synechococcus, Thermosynechococcus",WP_008170762.1,True
HP15_768,Marinobacter (MarRef v6),Marinobacter,lysS,lysine--tRNA ligase,Translation,1,3.0,informative_multi,3,39.0,"Alteromonas, Marinobacter, Meiothermus, Prochlorococcus, Pseudomonas, Shewanella, Synechococcus, Thermosynechococcus",WP_014576273.1,True
HP15_770,Marinobacter (MarRef v6),Marinobacter,,HDOD domain-containing protein,Signal transduction,1,3.0,informative_multi,3,54.0,"Alteromonas, Marinobacter, Pseudomonas, Shewanella",WP_014576275.1,True
M744_01435,Synechococcus elongatus UTEX 2973,Synechococcus,,hypothetical protein,Unknown,1,3.0,no_evidence,0,6.0,Synechococcus,WP_011243509.1,True
M744_04025,Synechococcus elongatus UTEX 2973,Synechococcus,pstC,phosphate ABC transporter permease subunit PstC,Inorganic ion transport,1,3.0,informative_multi,3,3.0,Synechococcus,WP_011378465.1,True
M744_07325,Synechococcus elongatus UTEX 2973,Synechococcus,hisA,1-(5-phosphoribosyl)-5-[(5-phosphoribosylamino)methylideneamino]imidazole-4-carboxamide isomerase,Amino acid metabolism,1,3.0,informative_multi,3,7.0,Synechococcus,WP_011244575.1,True
M8001_02475,Pseudomonas putida KT2440,Pseudomonas,rplX,50S ribosomal protein L24,Translation,1,3.0,informative_multi,3,12.0,"Alteromonas, Pseudomonas, Ruegeria, Shewanella",WP_003255476.1,True
M8001_14325,Pseudomonas putida KT2440,Pseudomonas,,NAD(P)/FAD-dependent oxidoreductase,Unknown,1,3.0,informative_multi,3,13.0,"Alteromonas, Pseudomonas, Ruegeria, Shewanella",WP_010953650.1,True
M8001_15495,Pseudomonas putida KT2440,Pseudomonas,dgkA,diacylglycerol kinase,Cell wall and membrane,1,3.0,informative_multi,3,22.0,"Alteromonas, Pseudomonas, Shewanella",WP_031297681.1,True
M8001_27870,Pseudomonas putida KT2440,Pseudomonas,hupA,HU family DNA-binding protein,Replication and repair,1,3.0,informative_multi,3,15.0,"Alteromonas, Pseudomonas, Ruegeria, Shewanella",WP_003253355.1,True
MIT1002_00415,Alteromonas macleodii MIT1002,Alteromonas,,hypothetical protein,Unknown,1,3.0,no_evidence,0,10.0,Alteromonas,WP_049588553.1,True
MIT1002_00747,Alteromonas macleodii MIT1002,Alteromonas,benE,benzoate/H(+) symporter BenE family transporter,Secondary metabolites,1,3.0,informative_multi,3,10.0,Alteromonas,WP_049587052.1,True
MIT1002_01197,Alteromonas macleodii MIT1002,Alteromonas,pedE,methanol/ethanol family PQQ-dependent dehydrogenase,Carbohydrate metabolism,1,3.0,informative_multi,3,6.0,Alteromonas,WP_014948731.1,True
MIT1002_01198,Alteromonas macleodii MIT1002,Alteromonas,,response regulator transcription factor,Transcription,1,3.0,informative_multi,3,14.0,Alteromonas,WP_049585783.1,True
MIT1002_02418,Alteromonas macleodii MIT1002,Alteromonas,,glycosyltransferase family 2 protein,Unknown,1,3.0,informative_multi,3,11.0,Alteromonas,WP_049589024.1,True
MIT1002_03286,Alteromonas macleodii MIT1002,Alteromonas,pqqB,pyrroloquinoline quinone biosynthesis protein PqqB,Unknown,1,3.0,informative_multi,3,9.0,Alteromonas,WP_014950672.1,True
MIT1002_03322,Alteromonas macleodii MIT1002,Alteromonas,,response regulator transcription factor,Transcription,1,3.0,informative_multi,3,14.0,Alteromonas,WP_049588819.1,True
NATL1_05681,Prochlorococcus NATL1A,Prochlorococcus,,conserved hypothetical protein,Unknown,1,3.0,no_evidence,0,4.0,Prochlorococcus,WP_011823306.1,True
NATL1_13941,Prochlorococcus NATL1A,Prochlorococcus,,conserved hypothetical protein,Unknown,1,3.0,no_evidence,0,3.0,Prochlorococcus,,False
P9301_10311,Prochlorococcus MIT9301,Prochlorococcus,,uncharacterized conserved membrane protein,Unknown,1,3.0,catch_all_only,1,9.0,Prochlorococcus,WP_011818467.1,True
P9301_15481,Prochlorococcus MIT9301,Prochlorococcus,,NAD-dependent DNA ligase N-terminal adenylation domain,Replication and repair,1,3.0,informative_multi,3,7.0,Prochlorococcus,WP_011863474.1,True
P9303_08931,Prochlorococcus MIT9303,Prochlorococcus,,methyltransferase domain protein,Secondary metabolites,1,3.0,informative_multi,3,2.0,Prochlorococcus,WP_011825551.1,True
P9303_11191,Prochlorococcus MIT9303,Prochlorococcus,hli,high light inducible protein,Stress response and adaptation,1,3.0,informative_multi,3,12.0,Prochlorococcus,WP_011130364.1,True
PMM0146,Prochlorococcus MED4,Prochlorococcus,,uncharacterized conserved membrane protein (DUF3172),Unknown,1,3.0,informative_single,2,20.0,"Prochlorococcus, Synechococcus",WP_011131785.1,True
PMM0347,Prochlorococcus MED4,Prochlorococcus,,uncharacterized conserved membrane protein,Unknown,1,3.0,informative_single,2,20.0,"Prochlorococcus, Synechococcus",WP_011131984.1,True
PMM0368,Prochlorococcus MED4,Prochlorococcus,,conserved hypothetical protein (DUF3303),Unknown,1,3.0,informative_single,2,16.0,"Prochlorococcus, Synechococcus",WP_011132005.1,True
PMM0371,Prochlorococcus MED4,Prochlorococcus,cynB,"cyanate ABC transporter, permease protein",Central intermediary metabolism,1,3.0,informative_multi,3,3.0,"Prochlorococcus, Synechococcus",WP_011132008.1,True
PMM0383,Prochlorococcus MED4,Prochlorococcus,,uncharacterized TonB box-containing membrane protein,Cell wall and membrane,1,3.0,informative_multi,3,12.0,"Prochlorococcus, Synechococcus",WP_011132020.1,True
PMM0471,Prochlorococcus MED4,Prochlorococcus,hli,high light inducible protein,Stress response and adaptation,1,3.0,informative_single,2,20.0,"Prochlorococcus, Synechococcus",WP_011132107.1,True
PMM0502,Prochlorococcus MED4,Prochlorococcus,ycf41,possible single-stranded DNA-binding protein,Transport,1,3.0,informative_multi,3,20.0,"Prochlorococcus, Synechococcus",WP_011132137.1,True
PMM0549,Prochlorococcus MED4,Prochlorococcus,csoS1A,carboxysome shell protein CsoS1A,Photosynthesis,1,3.0,informative_multi,3,20.0,"Prochlorococcus, Synechococcus",WP_011819929.1,True
PMM0685,Prochlorococcus MED4,Prochlorococcus,,conserved hypothetical protein,Unknown,1,3.0,catch_all_only,1,20.0,"Prochlorococcus, Synechococcus",WP_011132319.1,True
PMM1058,Prochlorococcus MED4,Prochlorococcus,petG,cytochrome b6-f complex subunit 5,Photosynthesis,1,3.0,informative_multi,3,17.0,"Prochlorococcus, Synechococcus",WP_011132691.1,True
PMM1147,Prochlorococcus MED4,Prochlorococcus,pntA1,"pyridine nucleotide transhydrogenase, subunit alpha1 (A1)",Coenzyme metabolism,1,3.0,informative_multi,3,20.0,"Prochlorococcus, Synechococcus",WP_011132780.1,True
PMM1166,Prochlorococcus MED4,Prochlorococcus,,conserved hypothetical protein,Unknown,1,3.0,informative_single,2,20.0,"Prochlorococcus, Synechococcus",WP_011132800.1,True
PMM1287,Prochlorococcus MED4,Prochlorococcus,zipN,cell division protein ZipN,Cell cycle and division,1,3.0,informative_multi,3,20.0,"Prochlorococcus, Synechococcus",WP_011132921.1,True
PMM1392,Prochlorococcus MED4,Prochlorococcus,,possible Heat-labile enterotoxin alpha chain,Unknown,1,3.0,catch_all_only,1,7.0,Prochlorococcus,WP_011133025.1,True
PMM1416,Prochlorococcus MED4,Prochlorococcus,PsiP1,phosphate starvation inducible protein 1,Stress response and adaptation,1,3.0,informative_multi,3,2.0,"Prochlorococcus, Synechococcus",WP_011133045.1,True
PMM1541,Prochlorococcus MED4,Prochlorococcus,rplO,50S ribosomal protein L15,Translation,1,3.0,informative_multi,3,21.0,"Prochlorococcus, Synechococcus",WP_011133169.1,True
PMM1562,Prochlorococcus MED4,Prochlorococcus,recA,recombinase A,Replication and repair,1,3.0,informative_multi,3,20.0,"Prochlorococcus, Synechococcus",WP_011133190.1,True
PMM1670,Prochlorococcus MED4,Prochlorococcus,metC,cystathionine beta-lyase family aluminum resistance protein,Stress response and adaptation,1,3.0,informative_multi,3,20.0,"Prochlorococcus, Synechococcus",WP_011133297.1,True
PMM1903,Prochlorococcus MED4,Prochlorococcus,,Conserved hypothetical protein,Unknown,1,3.0,catch_all_only,1,13.0,Prochlorococcus,WP_173027992.1,True
PMM1961,Prochlorococcus MED4,Prochlorococcus,,conserved hypothetical protein,Unknown,1,3.0,catch_all_only,1,9.0,Prochlorococcus,WP_036930569.1,True
PMM2069,Prochlorococcus MED4,Prochlorococcus,,Hypothetical protein,Unknown,1,3.0,no_evidence,0,1.0,Prochlorococcus,,False
PMN2A_0546,Prochlorococcus NATL2A,Prochlorococcus,psaJ2,photosystem I reaction centre subunit IX,Photosynthesis,1,3.0,informative_multi,3,4.0,Prochlorococcus,WP_011294643.1,True
PMN2A_0561,Prochlorococcus NATL2A,Prochlorococcus,PMN2A_RS05895,plastid lipid-associated protein (PAP)/fibrillin family,Coenzyme metabolism,1,3.0,informative_multi,3,16.0,"Prochlorococcus, Synechococcus",WP_011294655.1,True
PMN2A_0569,Prochlorococcus NATL2A,Prochlorococcus,,uncharacterized conserved membrane protein,Unknown,1,3.0,catch_all_only,1,18.0,Prochlorococcus,,False
PMN2A_0590,Prochlorococcus NATL2A,Prochlorococcus,PMN2A_RS06065,conserved hypothetical protein (DUF3104),Unknown,1,3.0,informative_single,2,28.0,"Prochlorococcus, Synechococcus",WP_041711006.1,True
PMN2A_0621,Prochlorococcus NATL2A,Prochlorococcus,PMN2A_RS06245,hydrogenase/urease accessory protein,Post-translational modification,1,3.0,informative_multi,3,15.0,"Prochlorococcus, Synechococcus",WP_011294710.1,True
PMN2A_0985,Prochlorococcus NATL2A,Prochlorococcus,atpH,ATP synthase C chain,Photosynthesis,1,3.0,informative_multi,3,19.0,"Prochlorococcus, Synechococcus",WP_011125758.1,True
PMN2A_1216,Prochlorococcus NATL2A,Prochlorococcus,PMN2A_RS09350,"transcriptional regulator, GntR family",Regulatory functions,1,3.0,informative_multi,3,20.0,"Prochlorococcus, Synechococcus",WP_011295560.1,True
PMN2A_1941,Prochlorococcus NATL2A,Prochlorococcus,,conserved hypothetical protein,Unknown,1,3.0,no_evidence,0,4.0,Prochlorococcus,,False
PMT0168,Prochlorococcus MIT9313,Prochlorococcus,,"possible Negative factor, (F-Protein) or Nef.",Unknown,1,3.0,no_evidence,0,1.0,Prochlorococcus,WP_011129546.1,True
PMT0508,Prochlorococcus MIT9313,Prochlorococcus,pstS,"phosphate ABC transporter, phosphate-binding protein PstS",Stress response and adaptation,1,3.0,informative_multi,3,28.0,"Prochlorococcus, Synechococcus",WP_011129887.1,True
PMT0585,Prochlorococcus MIT9313,Prochlorococcus,wcaA,"beta-glycosyltransferase, family 2",Cell wall and membrane,1,3.0,informative_multi,3,20.0,"Prochlorococcus, Synechococcus",WP_197524596.1,True
PMT0845,Prochlorococcus MIT9313,Prochlorococcus,,"possible Histidine kinase-, DNA gyrase B-, phy",Carbohydrate metabolism,1,3.0,informative_single,2,2.0,Prochlorococcus,WP_041384352.1,True
PMT1091,Prochlorococcus MIT9313,Prochlorococcus,pdxJ,pyridoxine 5^-phosphate synthase,Coenzyme metabolism,1,3.0,informative_multi,3,19.0,"Prochlorococcus, Synechococcus",WP_011130463.1,True
PMT1684,Prochlorococcus MIT9313,Prochlorococcus,,conserved hypothetical protein,Unknown,1,3.0,catch_all_only,1,2.0,Prochlorococcus,,False
PMT9312_0468,Prochlorococcus MIT9312,Prochlorococcus,psaJ,photosystem I reaction centre subunit IX,Photosynthesis,1,3.0,informative_multi,3,20.0,"Prochlorococcus, Synechococcus",WP_011376028.1,True
PMT9312_0685,Prochlorococcus MIT9312,Prochlorococcus,,possible M protein repeat,Unknown,1,3.0,catch_all_only,1,11.0,Prochlorococcus,WP_011376240.1,True
PMT9312_1017,Prochlorococcus MIT9312,Prochlorococcus,,conserved hypothetical protein,Unknown,1,3.0,catch_all_only,1,9.0,Prochlorococcus,WP_011376568.1,True
PMT_0586,Prochlorococcus MIT9313,Prochlorococcus,,conserved hypothetical protein,Unknown,1,3.0,catch_all_only,1,20.0,"Prochlorococcus, Synechococcus",WP_011129965.1,True
PMT_2155,Prochlorococcus MIT9313,Prochlorococcus,,possible MARCKS family,Lipid metabolism,1,3.0,informative_multi,3,1.0,Prochlorococcus,WP_011131519.1,True
PMT_2397,Prochlorococcus MIT9313,Prochlorococcus,,Hypothetical protein,Unknown,1,3.0,no_evidence,0,2.0,Prochlorococcus,WP_157859795.1,True
Pro0097,Prochlorococcus marinus subsp. marinus CCMP1375 (SS120),Prochlorococcus,citT,"putative sodium/potassium/sulfate transporter, DASS family",Transport,1,3.0,informative_multi,3,21.0,"Prochlorococcus, Synechococcus",WP_011124252.1,True
Pro0278,Prochlorococcus marinus subsp. marinus CCMP1375 (SS120),Prochlorococcus,sll1424,conserved hypothetical protein (DUF3084),Unknown,1,3.0,informative_single,2,20.0,"Prochlorococcus, Synechococcus",WP_011124433.1,True
Pro0402,Prochlorococcus marinus subsp. marinus CCMP1375 (SS120),Prochlorococcus,queA,S-adenosylmethionine:tRNA ribosyltransferase-isomerase,Translation,1,3.0,informative_multi,3,20.0,"Prochlorococcus, Synechococcus",WP_011124557.1,True
Pro1884,Prochlorococcus marinus subsp. marinus CCMP1375 (SS120),Prochlorococcus,,alpha/beta hydrolase of unknown function (DUF1400),Unknown,1,3.0,informative_single,2,20.0,"Prochlorococcus, Synechococcus",WP_011126033.1,True
SPO1163,Ruegeria pomeroyi DSS-3,Ruegeria,hisB,imidazoleglycerol-phosphate dehydratase HisB,Amino acid metabolism,1,3.0,informative_multi,3,13.0,"Alteromonas, Pseudomonas, Ruegeria, Shewanella",WP_011046909.1,True
SPO1429,Ruegeria pomeroyi DSS-3,Ruegeria,omp28,SIMPL domain-containing protein,Unknown,1,3.0,informative_multi,3,13.0,"Alteromonas, Ruegeria, Shewanella",WP_011047166.1,True
SPO1820,Ruegeria pomeroyi DSS-3,Ruegeria,,ABC transporter substrate-binding protein,Inorganic ion transport,1,3.0,informative_multi,3,1.0,Ruegeria,WP_011047553.1,True
SPO1990,Ruegeria pomeroyi DSS-3,Ruegeria,rplU,50S ribosomal protein L21,Translation,1,3.0,informative_multi,3,13.0,"Alteromonas, Pseudomonas, Ruegeria, Shewanella",WP_011047721.1,True
SPO2260,Ruegeria pomeroyi DSS-3,Ruegeria,,head-tail connector protein,Unknown,1,3.0,informative_single,2,1.0,Ruegeria,WP_044028335.1,True
SPO2264,Ruegeria pomeroyi DSS-3,Ruegeria,gp34,phage portal protein,Unknown,1,3.0,informative_multi,3,4.0,"Pseudomonas, Ruegeria, Shewanella",WP_011047985.1,True
SPO2305,Ruegeria pomeroyi DSS-3,Ruegeria,purB,adenylosuccinate lyase,Nucleotide metabolism,1,3.0,informative_multi,3,13.0,"Alteromonas, Pseudomonas, Ruegeria, Shewanella",WP_011048022.1,True
SPO2904,Ruegeria pomeroyi DSS-3,Ruegeria,,bifunctional metallophosphatase/5^-nucleotidase,Nucleotide metabolism,1,3.0,informative_multi,3,16.0,"Alteromonas, Pseudomonas, Ruegeria, Shewanella",WP_011048604.1,True
SYNPCC7002_A0304,Synechococcus PCC 7002,Picosynechococcus,,hypothetical protein,Unknown,1,3.0,no_evidence,0,1.0,Synechococcus,WP_012305938.1,True
SYNPCC7002_C0002,Synechococcus PCC 7002,Picosynechococcus,,hypothetical protein,Unknown,1,3.0,no_evidence,0,1.0,Synechococcus,WP_012308462.1,True
SYNW0083,Synechococcus WH8102,Parasynechococcus,,sulfotransferase,Secondary metabolites,1,3.0,informative_multi,3,3.0,"Prochlorococcus, Synechococcus",WP_011126961.1,True
SYNW1263,Synechococcus WH8102,Parasynechococcus,ribBA,"3,4-dihydroxy 2-butanone 4-phosphate synthase / GTP cyclohydrolase II",Coenzyme metabolism,1,3.0,informative_multi,3,20.0,"Prochlorococcus, Synechococcus",WP_071820871.1,True
SYNW1587,Synechococcus WH8102,Parasynechococcus,ftsH4,cell division protein FtsH,Stress response and adaptation,1,3.0,informative_multi,3,20.0,"Prochlorococcus, Synechococcus",WP_011128451.1,True
SYNW1599,Synechococcus WH8102,Parasynechococcus,ppnK,ATP-NAD kinase family protein,Coenzyme metabolism,1,3.0,informative_multi,3,20.0,"Prochlorococcus, Synechococcus",WP_011128463.1,True
SYNW1686,Synechococcus WH8102,Parasynechococcus,mqoA,malate:quinone oxidoreductase,Carbohydrate metabolism,1,3.0,informative_multi,3,20.0,"Prochlorococcus, Synechococcus",WP_011128548.1,True
SYNW1815,Synechococcus WH8102,Parasynechococcus,pstS,"phosphate ABC transporter, phosphate-binding protein PstS",Stress response and adaptation,1,3.0,informative_multi,3,28.0,"Prochlorococcus, Synechococcus",WP_011128675.1,True
SYNW2047,Synechococcus WH8102,Parasynechococcus,ppc,phosphoenol pyruvate carboxylase,Carbohydrate metabolism,1,3.0,informative_multi,3,20.0,"Prochlorococcus, Synechococcus",WP_011128905.1,True
SYNW2391,Synechococcus WH8102,Parasynechococcus,,putative alkaline phosphatase,Stress response and adaptation,1,3.0,informative_multi,3,1.0,Synechococcus,WP_011129244.1,True
SYNW2442,Synechococcus WH8102,Parasynechococcus,urtA,"ABC-type urea transporter, substrate binding component",Stress response and adaptation,1,3.0,informative_multi,3,19.0,"Prochlorococcus, Synechococcus",WP_042504522.1,True
SYNW2488,Synechococcus WH8102,Parasynechococcus,tatB,twin-arginine translocation TatB-like protein,Post-translational modification,1,3.0,informative_multi,3,1.0,Synechococcus,WP_011129341.1,True
Sputw3181_0961,Shewanella sp. W3-18-1,Shewanella,csgE,curli production assembly/transport protein CsgE,Unknown,1,3.0,informative_multi,3,10.0,"Alteromonas, Shewanella",WP_011788337.1,True
SynWH7803_0213,Synechococcus WH7803,Synechococcus,galM,aldose 1-epimerase family protein,Stress response and adaptation,1,3.0,informative_multi,3,22.0,"Prochlorococcus, Synechococcus",WP_041428329.1,True
SynWH7803_1022,Synechococcus WH7803,Synechococcus,menB,naphthoate synthase,Coenzyme metabolism,1,3.0,informative_multi,3,20.0,"Prochlorococcus, Synechococcus",WP_011932930.1,True
SynWH7803_1275,Synechococcus WH7803,Synechococcus,cobN,"cobaltochelatase, CobN subunit",Coenzyme metabolism,1,3.0,informative_multi,3,20.0,"Prochlorococcus, Synechococcus",WP_011933181.1,True
SynWH7803_1277,Synechococcus WH7803,Synechococcus,metH,methionine synthase,Amino acid metabolism,1,3.0,informative_multi,3,20.0,"Prochlorococcus, Synechococcus",WP_011933183.1,True
SynWH7803_1384,Synechococcus WH7803,Synechococcus,,carbonic anhydrase-like protein,Photosynthesis,1,3.0,informative_multi,3,4.0,Synechococcus,WP_011933288.1,True
SynWH7803_1851,Synechococcus WH7803,Synechococcus,petA,apocytochrome f,Photosynthesis,1,3.0,informative_multi,3,20.0,"Prochlorococcus, Synechococcus",WP_011933749.1,True
SynWH7803_1930,Synechococcus WH7803,Synechococcus,glgX,isoamylase,Carbohydrate metabolism,1,3.0,informative_multi,3,20.0,"Prochlorococcus, Synechococcus",WP_041428660.1,True
SynWH7803_2075,Synechococcus WH7803,Synechococcus,,conserved hypothetical protein,Unknown,1,3.0,catch_all_only,1,6.0,"Prochlorococcus, Synechococcus",WP_011933966.1,True
SynWH7803_2122,Synechococcus WH7803,Synechococcus,,"uncharacterized conserved inner membrane protein, YqjD/ElaB family",Unknown,1,3.0,informative_single,2,20.0,"Prochlorococcus, Synechococcus",WP_041428951.1,True
SynWH7803_2231,Synechococcus WH7803,Synechococcus,ndhO,NADH dehydrogenase I subunit NdhO,Carbohydrate metabolism,1,3.0,informative_multi,3,20.0,"Prochlorococcus, Synechococcus",WP_011934119.1,True
TX50_RS09290,Prochlorococcus MED4,Prochlorococcus,,hypothetical protein,Unknown,1,3.0,catch_all_only,1,15.0,Prochlorococcus,WP_071812976.1,True
sync_1121,Synechococcus CC9311,Synechococcus,,hypothetical protein,Unknown,1,3.0,no_evidence,0,1.0,Synechococcus,,False
A9601_04091,Prochlorococcus AS9601,Prochlorococcus,,conserved hypothetical protein,Unknown,1,4.0,no_evidence,0,1.0,Prochlorococcus,,False
A9601_11361,Prochlorococcus AS9601,Prochlorococcus,,WD40-repeat-containing protein,Unknown,1,4.0,informative_multi,3,16.0,"Prochlorococcus, Synechococcus",WP_011818569.1,True
ACZ81_02485,Alteromonas macleodii HOT1A3,Alteromonas,glyA,serine hydroxymethyltransferase,Amino acid metabolism,1,4.0,informative_multi,3,17.0,Alteromonas,WP_061439323.1,True
ACZ81_03610,Alteromonas macleodii HOT1A3,Alteromonas,,AMP-binding protein,Lipid metabolism,1,4.0,informative_multi,3,8.0,Alteromonas,WP_061439588.1,True
ACZ81_08360,Alteromonas macleodii HOT1A3,Alteromonas,VP2647,DUF2061 domain-containing protein,Unknown,1,4.0,informative_single,2,10.0,Alteromonas,WP_014976293.1,True
ACZ81_09710,Alteromonas macleodii HOT1A3,Alteromonas,rimO,30S ribosomal protein S12 methylthiotransferase RimO,Translation,1,4.0,informative_multi,3,10.0,Alteromonas,WP_061485851.1,True
ACZ81_10015,Alteromonas macleodii HOT1A3,Alteromonas,,DUF6279 family lipoprotein,Unknown,1,4.0,no_evidence,0,10.0,Alteromonas,WP_039227740.1,True
ACZ81_11930,Alteromonas macleodii HOT1A3,Alteromonas,,ExeM/NucH family extracellular endonuclease,Replication and repair,1,4.0,informative_multi,3,18.0,Alteromonas,WP_061486054.1,True
ACZ81_13975,Alteromonas macleodii HOT1A3,Alteromonas,,pectin acetylesterase-family hydrolase,Lipid metabolism,1,4.0,informative_multi,3,8.0,Alteromonas,WP_039228476.1,True
ACZ81_16085,Alteromonas macleodii HOT1A3,Alteromonas,csgB,minor curlin subunit CsgB,Unknown,1,4.0,informative_multi,3,9.0,Alteromonas,WP_049588827.1,True
ACZ81_17270,Alteromonas macleodii HOT1A3,Alteromonas,rplQ,50S ribosomal protein L17,Translation,1,4.0,informative_multi,3,9.0,Alteromonas,WP_012519212.1,True
ACZ81_18130,Alteromonas macleodii HOT1A3,Alteromonas,,MFS transporter,Carbohydrate metabolism,1,4.0,informative_multi,3,10.0,Alteromonas,WP_014980533.1,True
ACZ81_18525,Alteromonas macleodii HOT1A3,Alteromonas,yicI,glycoside hydrolase family 31 protein,Carbohydrate metabolism,1,4.0,informative_multi,3,6.0,Alteromonas,WP_081106144.1,True
BL107_08494,Synechococcus sp. BL107,Synechococcus,rpoA,"DNA-directed RNA polymerase, alpha subunit",Transcription,1,4.0,informative_multi,3,20.0,"Prochlorococcus, Synechococcus",WP_009788914.1,True
DEH24_05375,Alteromonas (MarRef v6),Alteromonas,pheS,phenylalanine--tRNA ligase subunit alpha,Translation,1,4.0,informative_multi,3,10.0,Alteromonas,HBY38823.1,True
DEH24_12210,Alteromonas (MarRef v6),Alteromonas,ssb,single-stranded DNA-binding protein,Replication and repair,1,4.0,informative_multi,3,11.0,Alteromonas,HBY40178.1,True
EZ55_00780,Alteromonas macleodii EZ55,Alteromonas,,thermostable hemolysin,Unknown,1,4.0,informative_single,2,8.0,Alteromonas,WP_156085962.1,True
EZ55_01450,Alteromonas macleodii EZ55,Alteromonas,trpG,aminodeoxychorismate/anthranilate synthase component II,Amino acid metabolism,1,4.0,informative_multi,3,10.0,Alteromonas,WP_014978834.1,True
EZ55_01829,Alteromonas macleodii EZ55,Alteromonas,ynjB,ABC transporter substrate-binding protein,Unknown,1,4.0,informative_multi,3,7.0,Alteromonas,WP_156086349.1,True
EZ55_02317,Alteromonas macleodii EZ55,Alteromonas,amy1,alpha-amylase family protein,Carbohydrate metabolism,1,4.0,informative_multi,3,8.0,Alteromonas,WP_083605958.1,True
EZ55_02418,Alteromonas macleodii EZ55,Alteromonas,osmY,BON domain-containing protein,Unknown,1,4.0,informative_multi,3,10.0,Alteromonas,WP_014949860.1,True
EZ55_02711,Alteromonas macleodii EZ55,Alteromonas,pilW,PilW family protein,Cell motility,1,4.0,informative_multi,3,10.0,Alteromonas,WP_014950126.1,True
EZ55_03258,Alteromonas macleodii EZ55,Alteromonas,,hypothetical protein,Unknown,1,4.0,no_evidence,0,,,WP_156086888.1,True
H6G84_00820,Synechococcus elongatus PCC 7942,Synechococcus,rpaB,response regulator transcription factor RpaB,Transcription,1,4.0,informative_multi,3,2.0,Synechococcus,WP_011244000.1,True
H6G84_01150,Synechococcus elongatus PCC 7942,Synechococcus,hpf,"ribosome hibernation-promoting factor, HPF/YfiA family",Translation,1,4.0,informative_multi,3,7.0,Synechococcus,WP_011378421.1,True
H6G84_01725,Synechococcus elongatus PCC 7942,Synechococcus,proA,glutamate-5-semialdehyde dehydrogenase,Amino acid metabolism,1,4.0,informative_multi,3,3.0,Synechococcus,WP_011378369.1,True
H6G84_03570,Synechococcus elongatus PCC 7942,Synechococcus,psbU,photosystem II complex extrinsic protein PsbU,Replication and repair,1,4.0,informative_multi,3,7.0,Synechococcus,WP_011244523.1,True
HP15_1757,Marinobacter (MarRef v6),Marinobacter,etfD,electron transfer flavoprotein-ubiquinone oxidoreductase,Energy production,1,4.0,informative_multi,3,17.0,"Alteromonas, Marinobacter, Pseudomonas, Ruegeria, Shewanella",WP_041646211.1,True
HP15_1878,Marinobacter (MarRef v6),Marinobacter,,VWA domain-containing protein,Unknown,1,4.0,informative_single,2,111.0,"Alteromonas, Marinobacter, Meiothermus, Prochlorococcus, Pseudomonas, Ruegeria, Shewanella, Synechococcus, Thermosynechococcus",WP_227499740.1,True
HP15_3063,Marinobacter (MarRef v6),Marinobacter,pnp,polyribonucleotide nucleotidyltransferase,Translation,1,4.0,informative_multi,3,40.0,"Alteromonas, Marinobacter, Meiothermus, Prochlorococcus, Pseudomonas, Ruegeria, Shewanella, Synechococcus, Thermosynechococcus",WP_014578290.1,True
HP15_3079,Marinobacter (MarRef v6),Marinobacter,dapB,4-hydroxy-tetrahydrodipicolinate reductase,Amino acid metabolism,1,4.0,informative_multi,3,38.0,"Alteromonas, Marinobacter, Prochlorococcus, Pseudomonas, Ruegeria, Shewanella, Synechococcus, Thermosynechococcus",WP_014578299.1,True
HP15_3160,Marinobacter (MarRef v6),Marinobacter,pedH,PQQ-dependent methanol/ethanol family dehydrogenase,Carbohydrate metabolism,1,4.0,informative_multi,3,21.0,"Alteromonas, Marinobacter, Pseudomonas, Ruegeria",WP_014578370.1,True
HP15_317,Marinobacter (MarRef v6),Marinobacter,rpsU,30S ribosomal protein S21,Translation,1,4.0,informative_multi,3,39.0,"Alteromonas, Marinobacter, Prochlorococcus, Pseudomonas, Ruegeria, Shewanella, Synechococcus, Thermosynechococcus",WP_007153483.1,True
HP15_3376,Marinobacter (MarRef v6),Marinobacter,rapA,RNA polymerase-associated protein RapA,Transcription,1,4.0,informative_multi,3,39.0,"Alteromonas, Marinobacter, Meiothermus, Prochlorococcus, Pseudomonas, Ruegeria, Shewanella, Synechococcus, Thermosynechococcus",WP_014578556.1,True
HP15_3827,Marinobacter (MarRef v6),Marinobacter,oprI,Lpp/OprI family alanine-zipper lipoprotein,Unknown,1,4.0,informative_single,2,2.0,"Marinobacter, Pseudomonas",WP_014578950.1,True
HP15_471,Marinobacter (MarRef v6),Marinobacter,rpmE,50S ribosomal protein L31,Translation,1,4.0,informative_multi,3,40.0,"Alteromonas, Marinobacter, Meiothermus, Prochlorococcus, Pseudomonas, Ruegeria, Shewanella, Synechococcus, Thermosynechococcus",WP_008170804.1,True
M744_06105,Synechococcus elongatus UTEX 2973,Synechococcus,plsY,glycerol-3-phosphate 1-O-acyltransferase PlsY,Lipid metabolism,1,4.0,informative_multi,3,7.0,Synechococcus,WP_011244346.1,True
M744_09255,Synechococcus elongatus UTEX 2973,Synechococcus,,iron uptake porin,Lipid metabolism,1,4.0,informative_multi,3,2.0,Synechococcus,WP_039755710.1,True
M744_09635,Synechococcus elongatus UTEX 2973,Synechococcus,,choice-of-anchor I family protein,Nucleotide metabolism,1,4.0,informative_multi,3,3.0,Synechococcus,WP_011242477.1,True
M8001_08450,Pseudomonas putida KT2440,Pseudomonas,recA,recombinase RecA,Replication and repair,1,4.0,informative_multi,3,13.0,"Alteromonas, Pseudomonas, Ruegeria, Shewanella",WP_003252365.1,True
M8001_24260,Pseudomonas putida KT2440,Pseudomonas,,alpha/beta fold hydrolase,Unknown,1,4.0,informative_multi,3,11.0,"Alteromonas, Pseudomonas",WP_049587072.1,True
M8001_25435,Pseudomonas putida KT2440,Pseudomonas,oprC,TonB-dependent copper receptor,Cell wall and membrane,1,4.0,informative_multi,3,12.0,"Alteromonas, Pseudomonas, Shewanella",WP_010955445.1,True
MIT1002_01952,Alteromonas macleodii MIT1002,Alteromonas,,TonB-dependent receptor,Inorganic ion transport,1,4.0,informative_multi,3,9.0,Alteromonas,WP_049588625.1,True
MIT1002_02386,Alteromonas macleodii MIT1002,Alteromonas,ytjA,DUF1328 domain-containing protein,Unknown,1,4.0,informative_single,2,14.0,"Alteromonas, Pseudomonas, Shewanella",WP_049587611.1,True
MIT1002_03506,Alteromonas macleodii MIT1002,Alteromonas,,DUF294 nucleotidyltransferase-like domain-containing protein,Signal transduction,1,4.0,informative_multi,3,10.0,Alteromonas,WP_049586969.1,True
MIT1002_03517,Alteromonas macleodii MIT1002,Alteromonas,,DcaP family trimeric outer membrane transporter,Cell wall and membrane,1,4.0,informative_multi,3,10.0,Alteromonas,WP_014977485.1,True
NATL1_08591,Prochlorococcus NATL1A,Prochlorococcus,,polysaccharide biosynthesis family protein,Cell wall and membrane,1,4.0,informative_multi,3,9.0,"Prochlorococcus, Synechococcus",WP_011823562.1,True
NATL1_18471,Prochlorococcus NATL1A,Prochlorococcus,,conserved hypothetical protein,Unknown,1,4.0,catch_all_only,1,20.0,"Prochlorococcus, Synechococcus",WP_011824389.1,True
P9301_02151,Prochlorococcus MIT9301,Prochlorococcus,pgk,phosphoglycerate kinase,Energy production,1,4.0,informative_multi,3,20.0,"Prochlorococcus, Synechococcus",WP_011862240.1,True
P9301_11341,Prochlorococcus MIT9301,Prochlorococcus,lraI,"ABC-type Mn2+/Zn2+ transport system, periplasmic component",Stress response and adaptation,1,4.0,informative_multi,3,20.0,"Prochlorococcus, Synechococcus",WP_011863093.1,True
P9303_03621,Prochlorococcus MIT9303,Prochlorococcus,,conserved hypothetical protein,Unknown,1,4.0,no_evidence,0,3.0,Prochlorococcus,WP_236069863.1,True
P9303_17791,Prochlorococcus MIT9303,Prochlorococcus,,conserved hypothetical protein,Unknown,1,4.0,catch_all_only,1,6.0,"Prochlorococcus, Synechococcus",WP_196757591.1,True
PMM0020,Prochlorococcus MED4,Prochlorococcus,,"DNA-binding protein, YbaB/EbfC family",Unknown,1,4.0,informative_multi,3,20.0,"Prochlorococcus, Synechococcus",WP_011131658.1,True
PMM0087,Prochlorococcus MED4,Prochlorococcus,,conserved hypothetical protein,Unknown,1,4.0,catch_all_only,1,20.0,"Prochlorococcus, Synechococcus",WP_011131725.1,True
PMM0187,Prochlorococcus MED4,Prochlorococcus,argS,arginine--tRNA ligase,Translation,1,4.0,informative_multi,3,20.0,"Prochlorococcus, Synechococcus",WP_011131826.1,True
PMM0214,Prochlorococcus MED4,Prochlorococcus,sul3,sulfate transporter family protein,Transport,1,4.0,informative_multi,3,20.0,"Prochlorococcus, Synechococcus",WP_011131853.1,True
PMM0227,Prochlorococcus MED4,Prochlorococcus,sat,sulfate adenylyltransferase,Central intermediary metabolism,1,4.0,informative_multi,3,20.0,"Prochlorococcus, Synechococcus",WP_011131866.1,True
PMM0246,Prochlorococcus MED4,Prochlorococcus,ntcA,global nitrogen regulatory protein,Stress response and adaptation,1,4.0,informative_multi,3,20.0,"Prochlorococcus, Synechococcus",WP_011131884.1,True
PMM0252,Prochlorococcus MED4,Prochlorococcus,psbN,photosystem II reaction center assembly factor,Photosynthesis,1,4.0,informative_multi,3,16.0,"Prochlorococcus, Synechococcus",WP_011131890.1,True
PMM0372,Prochlorococcus MED4,Prochlorococcus,cynD,cyanate ABC transporter ATP-binding protein,Central intermediary metabolism,1,4.0,informative_multi,3,3.0,"Prochlorococcus, Synechococcus",WP_011132009.1,True
PMM0417,Prochlorococcus MED4,Prochlorococcus,,uncharacterized conserved membrane protein,Unknown,1,4.0,catch_all_only,1,14.0,Prochlorococcus,WP_011132053.1,True
PMM0426,Prochlorococcus MED4,Prochlorococcus,sun,ribosomal RNA small subunit methyltransferase B,Translation,1,4.0,informative_multi,3,20.0,"Prochlorococcus, Synechococcus",WP_011132062.1,True
PMM0509,Prochlorococcus MED4,Prochlorococcus,,conserved hypothetical protein,Unknown,1,4.0,catch_all_only,1,20.0,"Prochlorococcus, Synechococcus",WP_011132144.1,True
PMM0707,Prochlorococcus MED4,Prochlorococcus,,uncharacterized conserved secreted protein,Unknown,1,4.0,catch_all_only,1,5.0,Prochlorococcus,WP_011132341.1,True
PMM1018,Prochlorococcus MED4,Prochlorococcus,,conserved hypothetical protein,Unknown,1,4.0,informative_single,2,14.0,Prochlorococcus,WP_011132650.1,True
PMM1179,Prochlorococcus MED4,Prochlorococcus,,eamA-like transporter family protein,Transport,1,4.0,informative_multi,3,20.0,"Prochlorococcus, Synechococcus",WP_011132813.1,True
PMM1403,Prochlorococcus MED4,Prochlorococcus,,HNH endonuclease family protein,Replication and repair,1,4.0,informative_multi,3,21.0,"Prochlorococcus, Synechococcus",WP_011133032.1,True
PMM1405,Prochlorococcus MED4,Prochlorococcus,,conserved hypothetical protein,Unknown,1,4.0,no_evidence,0,1.0,Prochlorococcus,WP_011133034.1,True
PMM1482,Prochlorococcus MED4,Prochlorococcus,hli,high light inducible protein,Stress response and adaptation,1,4.0,informative_multi,3,20.0,"Prochlorococcus, Synechococcus",WP_011133110.1,True
PMM1484,Prochlorococcus MED4,Prochlorococcus,rpoC1,"DNA-directed RNA polymerase complex, gamma subunit",Transcription,1,4.0,informative_multi,3,20.0,"Prochlorococcus, Synechococcus",WP_011133112.1,True
PMM1557,Prochlorococcus MED4,Prochlorococcus,rplD,50S ribosomal protein L4,Translation,1,4.0,informative_multi,3,20.0,"Prochlorococcus, Synechococcus",WP_011133185.1,True
PMM1609,Prochlorococcus MED4,Prochlorococcus,fabF,beta-ketoacyl-(acyl-carrier-protein) synthase II (KASII),Lipid metabolism,1,4.0,informative_multi,3,20.0,"Prochlorococcus, Synechococcus",WP_011133236.1,True
PMM1830,Prochlorococcus MED4,Prochlorococcus,,conserved hypothetical protein,Unknown,1,4.0,catch_all_only,1,9.0,Prochlorococcus,WP_173027947.1,True
PMM1832,Prochlorococcus MED4,Prochlorococcus,,Conserved hypothetical protein,Unknown,1,4.0,no_evidence,0,7.0,Prochlorococcus,WP_173027949.1,True
PMM1854,Prochlorococcus MED4,Prochlorococcus,,Conserved hypothetical protein,Unknown,1,4.0,no_evidence,0,13.0,Prochlorococcus,WP_036930966.1,True
PMM1859,Prochlorococcus MED4,Prochlorococcus,,uncharacterized conserved membrane protein,Unknown,1,4.0,catch_all_only,1,9.0,Prochlorococcus,WP_036930846.1,True
PMM1883,Prochlorococcus MED4,Prochlorococcus,,conserved hypothetical protein,Unknown,1,4.0,catch_all_only,1,14.0,Prochlorococcus,WP_036930795.1,True
PMM1949,Prochlorococcus MED4,Prochlorococcus,,conserved hypothetical protein,Unknown,1,4.0,catch_all_only,1,9.0,Prochlorococcus,WP_173028018.1,True
PMM1988,Prochlorococcus MED4,Prochlorococcus,,Conserved hypothetical protein,Unknown,1,4.0,no_evidence,0,13.0,Prochlorococcus,WP_173028043.1,True
PMM2012,Prochlorococcus MED4,Prochlorococcus,,Hypothetical protein,Unknown,1,4.0,no_evidence,0,7.0,Prochlorococcus,,False
PMN2A_0119,Prochlorococcus NATL2A,Prochlorococcus,PMN2A_RS03545,uncharacterized conserved membrane protein,Unknown,1,4.0,catch_all_only,1,14.0,Prochlorococcus,WP_011293653.1,True
PMN2A_0348,Prochlorococcus NATL2A,Prochlorococcus,PMN2A_RS04700,conserved hypothetical protein,Unknown,1,4.0,no_evidence,0,4.0,Prochlorococcus,WP_011293882.1,True
PMN2A_0429,Prochlorococcus NATL2A,Prochlorococcus,PTOX,plastoquinol terminal oxidase,Stress response and adaptation,1,4.0,informative_multi,3,12.0,Prochlorococcus,WP_011294528.1,True
PMN2A_0471,Prochlorococcus NATL2A,Prochlorococcus,PMN2A_RS10095,conserved hypothetical protein,Unknown,1,4.0,catch_all_only,1,20.0,"Prochlorococcus, Synechococcus",WP_011294569.1,True
PMN2A_0981,Prochlorococcus NATL2A,Prochlorococcus,atpA,ATP synthase alpha chain,Photosynthesis,1,4.0,informative_multi,3,20.0,"Prochlorococcus, Synechococcus",WP_011295327.1,True
PMN2A_0987,Prochlorococcus NATL2A,Prochlorococcus,atp1,ATP synthase protein I,Photosynthesis,1,4.0,informative_multi,3,20.0,"Prochlorococcus, Synechococcus",WP_011295332.1,True
PMN2A_0992,Prochlorococcus NATL2A,Prochlorococcus,PMN2A_RS08195,conserved hypothetical protein,Unknown,1,4.0,catch_all_only,1,20.0,"Prochlorococcus, Synechococcus",WP_011295337.1,True
PMN2A_2022,Prochlorococcus NATL2A,Prochlorococcus,hli,possible high light inducible protein,Stress response and adaptation,1,4.0,informative_single,2,29.0,Prochlorococcus,WP_011294968.1,True
PMN2A_2115,Prochlorococcus NATL2A,Prochlorococcus,PMN2A_RS10310,conserved hypothetical protein,Unknown,1,4.0,no_evidence,0,4.0,Prochlorococcus,WP_011295006.1,True
PMN2A_2186,Prochlorococcus NATL2A,Prochlorococcus,,conserved hypothetical protein,Unknown,1,4.0,catch_all_only,1,8.0,"Prochlorococcus, Synechococcus",,False
PMT0237,Prochlorococcus MIT9313,Prochlorococcus,,possible (AF314193) Toutatis,Unknown,1,4.0,no_evidence,0,3.0,Prochlorococcus,WP_011129616.1,True
PMT0283,Prochlorococcus MIT9313,Prochlorococcus,glyQ,"glycine--tRNA ligase, alpha subunit",Translation,1,4.0,informative_multi,3,20.0,"Prochlorococcus, Synechococcus",WP_011129662.1,True
PMT0390,Prochlorococcus MIT9313,Prochlorococcus,,possible Coproporphyrinogen III oxidase,Unknown,1,4.0,no_evidence,0,2.0,Prochlorococcus,WP_157859786.1,True
PMT0855,Prochlorococcus MIT9313,Prochlorococcus,pncA,isochorismatase-like hydrolase superfamily,Coenzyme metabolism,1,4.0,informative_multi,3,16.0,Prochlorococcus,WP_052646170.1,True
PMT0870,Prochlorococcus MIT9313,Prochlorococcus,,conserved hypothetical protein,Unknown,1,4.0,no_evidence,0,1.0,Prochlorococcus,WP_157859814.1,True
PMT0892,Prochlorococcus MIT9313,Prochlorococcus,,conserved hypothetical protein,Unknown,1,4.0,catch_all_only,1,2.0,Prochlorococcus,WP_236069663.1,True
PMT1000,Prochlorococcus MIT9313,Prochlorococcus,gap3,glyceraldehyde-3-phosphate dehydrogenase,Stress response and adaptation,1,4.0,informative_multi,3,16.0,"Prochlorococcus, Synechococcus",WP_041385057.1,True
PMT1283,Prochlorococcus MIT9313,Prochlorococcus,phhB,pterin-4-alpha-carbinolamine dehydratase,Carbohydrate metabolism,1,4.0,informative_multi,3,20.0,"Prochlorococcus, Synechococcus",WP_011130652.1,True
PMT1481,Prochlorococcus MIT9313,Prochlorococcus,glnB,nitrogen regulatory protein P-II,Stress response and adaptation,1,4.0,informative_multi,3,20.0,"Prochlorococcus, Synechococcus",WP_011130849.1,True
PMT1561,Prochlorococcus MIT9313,Prochlorococcus,,conserved hypothetical protein,Unknown,1,4.0,catch_all_only,1,2.0,Prochlorococcus,WP_011130928.1,True
PMT2041,Prochlorococcus MIT9313,Prochlorococcus,,putative dockerin type I repeat,Unknown,1,4.0,catch_all_only,1,3.0,"Prochlorococcus, Synechococcus",WP_041384725.1,True
PMT9312_0203,Prochlorococcus MIT9312,Prochlorococcus,rplL,50S ribosomal protein L7/L12,Stress response and adaptation,1,4.0,informative_multi,3,20.0,"Prochlorococcus, Synechococcus",WP_011375769.1,True
PMT9312_1272,Prochlorococcus MIT9312,Prochlorococcus,isiB,flavodoxin,Stress response and adaptation,1,4.0,informative_multi,3,18.0,"Prochlorococcus, Synechococcus",WP_011376818.1,True
PMT9312_1611,Prochlorococcus MIT9312,Prochlorococcus,psaL,photosystem I reaction centre subunit XI,Stress response and adaptation,1,4.0,informative_multi,3,20.0,"Prochlorococcus, Synechococcus",WP_011377153.1,True
PMT9312_1670,Prochlorococcus MIT9312,Prochlorococcus,psaD,photosystem I reaction center subunit II,Photosynthesis,1,4.0,informative_multi,3,20.0,"Prochlorococcus, Synechococcus",WP_011377212.1,True
PMT9312_1821,Prochlorococcus MIT9312,Prochlorococcus,,conserved hypothetical protein,Unknown,1,4.0,catch_all_only,1,9.0,Prochlorococcus,WP_193741828.1,True
PMT9312_1966,Prochlorococcus MIT9312,Prochlorococcus,,conserved hypothetical protein,Unknown,1,4.0,no_evidence,0,2.0,Prochlorococcus,WP_155105306.1,True
PMT_1699,Prochlorococcus MIT9313,Prochlorococcus,,site-specific recombinase,Replication and repair,1,4.0,informative_multi,3,1.0,Prochlorococcus,WP_011131066.1,True
Pro0022,Prochlorococcus marinus subsp. marinus CCMP1375 (SS120),Prochlorococcus,murC,UDP-N-acetylmuramate-alanine ligase,Cell wall and membrane,1,4.0,informative_multi,3,20.0,"Prochlorococcus, Synechococcus",WP_011124177.1,True
Pro0391,Prochlorococcus marinus subsp. marinus CCMP1375 (SS120),Prochlorococcus,ylmE,conserved hypothetical protein YlmE,Cellular processes,1,4.0,informative_multi,3,20.0,"Prochlorococcus, Synechococcus",WP_011124546.1,True
Pro0646,Prochlorococcus marinus subsp. marinus CCMP1375 (SS120),Prochlorococcus,,Predicted protein family PM-6,Unknown,1,4.0,catch_all_only,1,8.0,Prochlorococcus,WP_011124798.1,True
Pro1200,Prochlorococcus marinus subsp. marinus CCMP1375 (SS120),Prochlorococcus,,2-oxoglutarate/iron-dependent dioxygenase,Post-translational modification,1,4.0,informative_multi,3,14.0,"Prochlorococcus, Synechococcus",WP_011125352.1,True
Pro1733,Prochlorococcus marinus subsp. marinus CCMP1375 (SS120),Prochlorococcus,psaD,photosystem I reaction center subunit II,Photosynthesis,1,4.0,informative_multi,3,20.0,"Prochlorococcus, Synechococcus",WP_011125882.1,True
SPO0046,Ruegeria pomeroyi DSS-3,Ruegeria,thiO,FAD-dependent oxidoreductase,Energy production,1,4.0,informative_multi,3,2.0,"Alteromonas, Ruegeria",WP_011045818.1,True
SPO0186,Ruegeria pomeroyi DSS-3,Ruegeria,tctC,tripartite tricarboxylate transporter substrate binding protein,Unknown,1,4.0,informative_multi,3,2.0,"Pseudomonas, Ruegeria",WP_011045955.1,True
SPO1710,Ruegeria pomeroyi DSS-3,Ruegeria,urtA,urea ABC transporter substrate-binding protein,Amino acid metabolism,1,4.0,informative_multi,3,3.0,"Alteromonas, Pseudomonas, Ruegeria",WP_044029188.1,True
SPO2554,Ruegeria pomeroyi DSS-3,Ruegeria,,ABC transporter substrate-binding protein,Amino acid metabolism,1,4.0,informative_multi,3,17.0,"Alteromonas, Pseudomonas, Ruegeria",WP_044029270.1,True
SPO2929,Ruegeria pomeroyi DSS-3,Ruegeria,deoA,thymidine phosphorylase,Nucleotide metabolism,1,4.0,informative_multi,3,2.0,"Ruegeria, Shewanella",WP_011048629.1,True
SPO3036,Ruegeria pomeroyi DSS-3,Ruegeria,,alkyl/aryl-sulfatase,Secondary metabolites,1,4.0,informative_multi,3,2.0,"Pseudomonas, Ruegeria",WP_230981747.1,True
SPO3415,Ruegeria pomeroyi DSS-3,Ruegeria,lolA,LolA family protein,Cell wall and membrane,1,4.0,informative_multi,3,1.0,Ruegeria,WP_011049098.1,True
SPO3720,Ruegeria pomeroyi DSS-3,Ruegeria,tyrB,aromatic amino acid transaminase,Amino acid metabolism,1,4.0,informative_multi,3,15.0,"Alteromonas, Pseudomonas, Ruegeria, Shewanella",WP_011049398.1,True
SYNW0136,Synechococcus WH8102,Parasynechococcus,,TPR repeat family protein,Cell motility,1,4.0,informative_multi,3,20.0,"Prochlorococcus, Synechococcus",WP_042504070.1,True
SYNW0790,Synechococcus WH8102,Parasynechococcus,mviM,"oxidoreductase, NAD-binding Rossmann fold family protein",Unknown,1,4.0,informative_multi,3,20.0,"Prochlorococcus, Synechococcus",WP_011127655.1,True
SYNW1230,Synechococcus WH8102,Parasynechococcus,,DnaJ type IV chaperone protein,Post-translational modification,1,4.0,informative_multi,3,20.0,"Prochlorococcus, Synechococcus",WP_011128094.1,True
SYNW1300,Synechococcus WH8102,Parasynechococcus,ftsH2,photosystem II D1 repair protein FtsH2,Post-translational modification,1,4.0,informative_multi,3,20.0,"Prochlorococcus, Synechococcus",WP_011128164.1,True
SYNW1413,Synechococcus WH8102,Parasynechococcus,hypA,hydrogenase nickel insertion protein,Post-translational modification,1,4.0,informative_multi,3,1.0,Synechococcus,WP_011128277.1,True
SYNW1479,Synechococcus WH8102,Parasynechococcus,,conserved hypothetical protein,Unknown,1,4.0,informative_single,2,20.0,"Prochlorococcus, Synechococcus",WP_011128343.1,True
SYNW2078,Synechococcus WH8102,Parasynechococcus,rplX,50S ribosomal protein L24,Translation,1,4.0,informative_multi,3,20.0,"Prochlorococcus, Synechococcus",WP_011128936.1,True
SYNW2100,Synechococcus WH8102,Parasynechococcus,,conserved hypothetical protein,Unknown,1,4.0,catch_all_only,1,1.0,Synechococcus,,False
SYNW2365,Synechococcus WH8102,Parasynechococcus,hspA,small heat shock protein (HSP20) family protein,Stress response and adaptation,1,4.0,informative_multi,3,4.0,Synechococcus,WP_011129218.1,True
SYNW2496,Synechococcus WH8102,Parasynechococcus,rpoD4,"RNA polymerase sigma factor, type II",Transcription,1,4.0,informative_multi,3,20.0,"Prochlorococcus, Synechococcus",WP_011129349.1,True
Sputw3181_0700,Shewanella sp. W3-18-1,Shewanella,glnK,P-II family nitrogen regulator,Transcription,1,4.0,informative_multi,3,27.0,"Alteromonas, Pseudomonas, Ruegeria, Shewanella",WP_011788081.1,True
SynWH7803_0036,Synechococcus WH7803,Synechococcus,wcaG,uncharacterized conserved NADP-binding domain-containing protein,Carbohydrate metabolism,1,4.0,informative_multi,3,20.0,"Prochlorococcus, Synechococcus",WP_011931970.1,True
SynWH7803_0088,Synechococcus WH7803,Synechococcus,ribH,"6,7-dimethyl-8-ribityllumazine synthase",Coenzyme metabolism,1,4.0,informative_multi,3,20.0,"Prochlorococcus, Synechococcus",WP_011932022.1,True
SynWH7803_0434,Synechococcus WH7803,Synechococcus,rplC,50S ribosomal protein L3,Translation,1,4.0,informative_multi,3,20.0,"Prochlorococcus, Synechococcus",WP_011932348.1,True
SynWH7803_0507,Synechococcus WH7803,Synechococcus,unk4,conserved hypothetical protein,Unknown,1,4.0,catch_all_only,1,4.0,Synechococcus,WP_011932421.1,True
SynWH7803_0748,Synechococcus WH7803,Synechococcus,clpB1,ATP-dependent Clp protease ATP-binding subunit ClpB,Stress response and adaptation,1,4.0,informative_multi,3,21.0,"Prochlorococcus, Synechococcus",,False
SynWH7803_0993,Synechococcus WH7803,Synechococcus,,outer membrane porin,Stress response and adaptation,1,4.0,informative_multi,3,79.0,"Prochlorococcus, Synechococcus",WP_041428455.1,True
SynWH7803_1218,Synechococcus WH7803,Synechococcus,pyk,pyruvate kinase,Carbohydrate metabolism,1,4.0,informative_multi,3,20.0,"Prochlorococcus, Synechococcus",WP_011933125.1,True
SynWH7803_1472,Synechococcus WH7803,Synechococcus,aspC,aspartate aminotransferase,Amino acid metabolism,1,4.0,informative_multi,3,20.0,"Prochlorococcus, Synechococcus",WP_011933375.1,True
SynWH7803_1957,Synechococcus WH7803,Synechococcus,fabZ,beta-hydroxy-acyl-(acyl-carrier-protein) dehydratase (DH),Lipid metabolism,1,4.0,informative_multi,3,20.0,"Prochlorococcus, Synechococcus",WP_041428667.1,True
SynWH7803_2000,Synechococcus WH7803,Synechococcus,atpB,ATP synthase beta chain,Photosynthesis,1,4.0,informative_multi,3,20.0,"Prochlorococcus, Synechococcus",WP_011933893.1,True
SynWH7803_2068,Synechococcus WH7803,Synechococcus,chiC,chitinase,Central intermediary metabolism,1,4.0,informative_multi,3,1.0,Synechococcus,WP_011933959.1,True
SynWH7803_2093,Synechococcus WH7803,Synechococcus,cp12,CP12 polypeptide,Photosynthesis,1,4.0,informative_multi,3,20.0,"Prochlorococcus, Synechococcus",WP_011933983.1,True
SynWH7803_2403,Synechococcus WH7803,Synechococcus,hspA,small heat shock protein (HSP20) family protein,Stress response and adaptation,1,4.0,informative_multi,3,4.0,Synechococcus,WP_011934289.1,True
sync_1293,Synechococcus CC9311,Synechococcus,dnaK4,chaperone protein DnaK,Post-translational modification,1,4.0,informative_multi,3,1.0,Synechococcus,WP_011619221.1,True
A9601_12821,Prochlorococcus AS9601,Prochlorococcus,,conserved hypothetical protein,Unknown,1,5.0,catch_all_only,1,14.0,Prochlorococcus,WP_011818710.1,True
A9601_13071,Prochlorococcus AS9601,Prochlorococcus,,uncharacterized conserved secreted protein,Unknown,1,5.0,catch_all_only,1,11.0,Prochlorococcus,WP_011818732.1,True
ACZ81_01420,Alteromonas macleodii HOT1A3,Alteromonas,cheY1,response regulator,Signal transduction,1,5.0,informative_multi,3,15.0,Alteromonas,WP_014947933.1,True
ACZ81_01470,Alteromonas macleodii HOT1A3,Alteromonas,cheW,chemotaxis protein CheW,Cell motility,1,5.0,informative_multi,3,14.0,Alteromonas,WP_014947943.1,True
ACZ81_02170,Alteromonas macleodii HOT1A3,Alteromonas,yibQ,divergent polysaccharide deacetylase family protein,Unknown,1,5.0,informative_multi,3,9.0,Alteromonas,WP_061439265.1,True
ACZ81_02915,Alteromonas macleodii HOT1A3,Alteromonas,prnA,tryptophan halogenase family protein,Amino acid metabolism,1,5.0,informative_multi,3,23.0,Alteromonas,WP_061439430.1,True
ACZ81_03935,Alteromonas macleodii HOT1A3,Alteromonas,metK,methionine adenosyltransferase,Coenzyme metabolism,1,5.0,informative_multi,3,10.0,Alteromonas,WP_014948382.1,True
ACZ81_04975,Alteromonas macleodii HOT1A3,Alteromonas,flgN,flagellar export chaperone FlgN,Cell motility,1,5.0,informative_multi,3,10.0,Alteromonas,WP_014978561.1,True
ACZ81_05030,Alteromonas macleodii HOT1A3,Alteromonas,flgH,flagellar basal body L-ring protein FlgH,Cell motility,1,5.0,informative_multi,3,10.0,Alteromonas,WP_014948599.1,True
ACZ81_05480,Alteromonas macleodii HOT1A3,Alteromonas,pspC,envelope stress response membrane protein PspC,Transcription,1,5.0,informative_multi,3,10.0,Alteromonas,WP_014948684.1,True
ACZ81_06200,Alteromonas macleodii HOT1A3,Alteromonas,,YncE family protein,Unknown,1,5.0,catch_all_only,1,9.0,Alteromonas,WP_061485201.1,True
ACZ81_07395,Alteromonas macleodii HOT1A3,Alteromonas,fnt,formate/nitrite transporter family protein,Inorganic ion transport,1,5.0,informative_multi,3,10.0,Alteromonas,WP_014949030.1,True
ACZ81_09825,Alteromonas macleodii HOT1A3,Alteromonas,,TonB-dependent receptor,Coenzyme metabolism,1,5.0,informative_multi,3,10.0,Alteromonas,WP_061485862.1,True
ACZ81_11825,Alteromonas macleodii HOT1A3,Alteromonas,,alkaline phosphatase PhoX,Unknown,1,5.0,informative_single,2,9.0,Alteromonas,WP_061486042.1,True
ACZ81_15335,Alteromonas macleodii HOT1A3,Alteromonas,gltB,glutamate synthase large subunit,Amino acid metabolism,1,5.0,informative_multi,3,9.0,Alteromonas,WP_014950543.1,True
ACZ81_18135,Alteromonas macleodii HOT1A3,Alteromonas,ams,alpha-amylase family glycosyl hydrolase,Carbohydrate metabolism,1,5.0,informative_multi,3,10.0,Alteromonas,WP_061486715.1,True
BL107_04827,Synechococcus sp. BL107,Synechococcus,psbU,photosystem II 12 kDa extrinsic PsbU protein,Photosynthesis,1,5.0,informative_multi,3,6.0,"Prochlorococcus, Synechococcus",WP_009788195.1,True
BL107_06744,Synechococcus sp. BL107,Synechococcus,dnaK3,chaperone protein DnaK,Stress response and adaptation,1,5.0,informative_multi,3,20.0,"Prochlorococcus, Synechococcus",WP_009788574.1,True
BL107_11261,Synechococcus sp. BL107,Synechococcus,surE,5^-nucleotidase,Nucleotide metabolism,1,5.0,informative_multi,3,20.0,"Prochlorococcus, Synechococcus",WP_009789436.1,True
DEH24_16780,Alteromonas (MarRef v6),Alteromonas,eda,keto-deoxy-phosphogluconate aldolase,Carbohydrate metabolism,1,5.0,informative_multi,3,12.0,Alteromonas,HBY41083.1,True
EZ55_01910,Alteromonas macleodii EZ55,Alteromonas,,hypothetical protein,Unknown,1,5.0,no_evidence,0,7.0,Alteromonas,WP_156086377.1,True
EZ55_02164,Alteromonas macleodii EZ55,Alteromonas,,DODA-type extradiol aromatic ring-opening family dioxygenase,Unknown,1,5.0,informative_multi,3,9.0,Alteromonas,WP_156086468.1,True
EZ55_03095,Alteromonas macleodii EZ55,Alteromonas,osmC,OsmC family protein,Post-translational modification,1,5.0,informative_multi,3,9.0,Alteromonas,WP_069944790.1,True
EZ55_03166,Alteromonas macleodii EZ55,Alteromonas,acnD,Fe/S-dependent 2-methylisocitrate dehydratase AcnD,Energy production,1,5.0,informative_multi,3,19.0,Alteromonas,WP_156086851.1,True
H6G84_04720,Synechococcus elongatus PCC 7942,Synechococcus,H6G84_RS04720,hypothetical protein,Unknown,1,5.0,no_evidence,0,2.0,Synechococcus,WP_011378129.1,True
H6G84_06720,Synechococcus elongatus PCC 7942,Synechococcus,H6G84_RS06720,HAD family hydrolase,Unknown,1,5.0,informative_multi,3,3.0,Synechococcus,WP_011377500.1,True
H6G84_06980,Synechococcus elongatus PCC 7942,Synechococcus,H6G84_RS06980,asparaginase,Amino acid metabolism,1,5.0,informative_multi,3,7.0,Synechococcus,WP_011243652.1,True
H6G84_08370,Synechococcus elongatus PCC 7942,Synechococcus,H6G84_RS08370,photosystem I reaction center subunit IV,Unknown,1,5.0,informative_multi,3,7.0,Synechococcus,WP_011242545.1,True
HP15_1075,Marinobacter (MarRef v6),Marinobacter,pheS,phenylalanine--tRNA ligase subunit alpha,Translation,1,5.0,informative_multi,3,41.0,"Alteromonas, Marinobacter, Meiothermus, Prochlorococcus, Pseudomonas, Ruegeria, Shewanella, Synechococcus, Thermosynechococcus",WP_014576543.1,True
HP15_1273,Marinobacter (MarRef v6),Marinobacter,kdsA,3-deoxy-8-phosphooctulonate synthase,Cell wall and membrane,1,5.0,informative_multi,3,23.0,"Alteromonas, Marinobacter, Prochlorococcus, Pseudomonas, Ruegeria, Shewanella, Synechococcus",WP_014576711.1,True
HP15_1477,Marinobacter (MarRef v6),Marinobacter,flgL,flagellar hook-associated protein FlgL,Cell motility,1,5.0,informative_multi,3,78.0,"Alteromonas, Marinobacter, Pseudomonas, Ruegeria, Shewanella",WP_014576893.1,True
HP15_1525,Marinobacter (MarRef v6),Marinobacter,sucD,succinate--CoA ligase subunit alpha,Energy production,1,5.0,informative_multi,3,17.0,"Alteromonas, Marinobacter, Meiothermus, Pseudomonas, Ruegeria, Shewanella, Synechococcus",WP_008174394.1,True
HP15_3081,Marinobacter (MarRef v6),Marinobacter,dnaK,molecular chaperone DnaK,Post-translational modification,1,5.0,informative_multi,3,116.0,"Alteromonas, Marinobacter, Meiothermus, Prochlorococcus, Pseudomonas, Ruegeria, Shewanella, Synechococcus, Thermosynechococcus",WP_014578301.1,True
HP15_3706,Marinobacter (MarRef v6),Marinobacter,gyrB,DNA topoisomerase (ATP-hydrolyzing) subunit B,Replication and repair,1,5.0,informative_multi,3,55.0,"Alteromonas, Marinobacter, Meiothermus, Prochlorococcus, Pseudomonas, Ruegeria, Shewanella, Synechococcus, Thermosynechococcus",WP_008172535.1,True
HP15_385,Marinobacter (MarRef v6),Marinobacter,rplV,50S ribosomal protein L22,Translation,1,5.0,informative_multi,3,39.0,"Alteromonas, Marinobacter, Meiothermus, Prochlorococcus, Pseudomonas, Ruegeria, Shewanella, Synechococcus, Thermosynechococcus",WP_008174870.1,True
HP15_761,Marinobacter (MarRef v6),Marinobacter,rplS,50S ribosomal protein L19,Translation,1,5.0,informative_multi,3,40.0,"Alteromonas, Marinobacter, Meiothermus, Prochlorococcus, Pseudomonas, Ruegeria, Shewanella, Synechococcus, Thermosynechococcus",WP_008176237.1,True
M744_04020,Synechococcus elongatus UTEX 2973,Synechococcus,sphX,PstS family phosphate ABC transporter substrate-binding protein,Inorganic ion transport,1,5.0,informative_multi,3,7.0,Synechococcus,WP_011243972.1,True
M744_10365,Synechococcus elongatus UTEX 2973,Synechococcus,,cyclic nucleotide-binding domain-containing protein,Signal transduction,1,5.0,informative_multi,3,7.0,Synechococcus,WP_039755728.1,True
M744_10785,Synechococcus elongatus UTEX 2973,Synechococcus,lnt,apolipoprotein N-acyltransferase,Cell wall and membrane,1,5.0,informative_multi,3,7.0,Synechococcus,WP_231621316.1,True
M8001_04100,Pseudomonas putida KT2440,Pseudomonas,,DUF1329 domain-containing protein,Unknown,1,5.0,informative_single,2,15.0,"Alteromonas, Pseudomonas, Shewanella",WP_010952007.1,True
M8001_05590,Pseudomonas putida KT2440,Pseudomonas,gltK,amino acid ABC transporter permease,Inorganic ion transport,1,5.0,informative_multi,3,4.0,"Pseudomonas, Ruegeria",WP_010952241.1,True
M8001_07495,Pseudomonas putida KT2440,Pseudomonas,lon-I,endopeptidase La,Post-translational modification,1,5.0,informative_multi,3,1.0,Pseudomonas,WP_010952543.1,True
M8001_14330,Pseudomonas putida KT2440,Pseudomonas,sdh,SDR family NAD(P)-dependent oxidoreductase,Unknown,1,5.0,informative_multi,3,12.0,"Alteromonas, Pseudomonas, Ruegeria",WP_010953651.1,True
MIT1002_02883,Alteromonas macleodii MIT1002,Alteromonas,,DUF3081 domain-containing protein,Unknown,1,5.0,informative_single,2,9.0,Alteromonas,WP_014950255.1,True
MIT1002_02967,Alteromonas macleodii MIT1002,Alteromonas,,hypothetical protein,Amino acid metabolism,1,5.0,informative_single,2,6.0,Alteromonas,WP_231514316.1,True
MIT1002_03289,Alteromonas macleodii MIT1002,Alteromonas,pqqE,pyrroloquinoline quinone biosynthesis protein PqqE,Unknown,1,5.0,informative_multi,3,9.0,Alteromonas,WP_049588481.1,True
MIT1002_03291,Alteromonas macleodii MIT1002,Alteromonas,,TonB-dependent receptor,Coenzyme metabolism,1,5.0,informative_multi,3,9.0,Alteromonas,WP_049588483.1,True
MIT1002_03323,Alteromonas macleodii MIT1002,Alteromonas,pedS2,sensor histidine kinase,Signal transduction,1,5.0,informative_multi,3,9.0,Alteromonas,WP_049588820.1,True
NATL1_08811,Prochlorococcus NATL1A,Prochlorococcus,,hypothetical protein,Unknown,1,5.0,no_evidence,0,1.0,Prochlorococcus,WP_011823584.1,True
NATL1_13731,Prochlorococcus NATL1A,Prochlorococcus,,glutaredoxin family protein,Energy production,1,5.0,informative_multi,3,19.0,"Prochlorococcus, Synechococcus",WP_011823975.1,True
P9301_04041,Prochlorococcus MIT9301,Prochlorococcus,,Conserved hypothetical protein,Unknown,1,5.0,catch_all_only,1,9.0,Prochlorococcus,WP_011862409.1,True
P9301_13641,Prochlorococcus MIT9301,Prochlorococcus,,outer membrane porin,Stress response and adaptation,1,5.0,informative_multi,3,79.0,"Prochlorococcus, Synechococcus",WP_011863298.1,True
P9303_09681,Prochlorococcus MIT9303,Prochlorococcus,,conserved hypothetical protein,Unknown,1,5.0,catch_all_only,1,6.0,"Prochlorococcus, Synechococcus",WP_011825625.1,True
P9303_29301,Prochlorococcus MIT9303,Prochlorococcus,,uncharacterized conserved secreted protein,Unknown,1,5.0,catch_all_only,1,6.0,"Prochlorococcus, Synechococcus",WP_011827498.1,True
PMM0073,Prochlorococcus MED4,Prochlorococcus,sufB,"ABC transporter involved in Fe-S cluster assembly, permease component",Coenzyme metabolism,1,5.0,informative_multi,3,20.0,"Prochlorococcus, Synechococcus",WP_011131711.1,True
PMM0079,Prochlorococcus MED4,Prochlorococcus,prxQ,2-Cys peroxiredoxin,Stress response and adaptation,1,5.0,informative_multi,3,20.0,"Prochlorococcus, Synechococcus",WP_011131717.1,True
PMM0367,Prochlorococcus MED4,Prochlorococcus,,putative antibiotic biosynthesis monooxygenase domain protein,Cellular processes,1,5.0,informative_multi,3,10.0,"Prochlorococcus, Synechococcus",WP_011132004.1,True
PMM0428,Prochlorococcus MED4,Prochlorococcus,chlG,chlorophyll a synthase,Coenzyme metabolism,1,5.0,informative_multi,3,20.0,"Prochlorococcus, Synechococcus",WP_011132064.1,True
PMM0453,Prochlorococcus MED4,Prochlorococcus,fabG,beta-ketoacyl-(acyl-carrier-protein) reductase (KR),Lipid metabolism,1,5.0,informative_multi,3,20.0,"Prochlorococcus, Synechococcus",WP_011132089.1,True
PMM0647,Prochlorococcus MED4,Prochlorococcus,,conserved hypothetical protein (DUF2811),Unknown,1,5.0,informative_single,2,18.0,"Prochlorococcus, Synechococcus",WP_011132281.1,True
PMM0816,Prochlorococcus MED4,Prochlorococcus,hli,high light inducible protein,Stress response and adaptation,1,5.0,informative_multi,3,14.0,Prochlorococcus,WP_011132450.1,True
PMM1037,Prochlorococcus MED4,Prochlorococcus,,conserved hypothetical protein,Unknown,1,5.0,catch_all_only,1,16.0,"Prochlorococcus, Synechococcus",WP_011132670.1,True
PMM1090,Prochlorococcus MED4,Prochlorococcus,lysA,diaminopimelate decarboxylase,Amino acid metabolism,1,5.0,informative_multi,3,20.0,"Prochlorococcus, Synechococcus",WP_011132723.1,True
PMM1151,Prochlorococcus MED4,Prochlorococcus,infA,translation initiation factor IF-1,Translation,1,5.0,informative_multi,3,20.0,"Prochlorococcus, Synechococcus",WP_011132784.1,True
PMM1186,Prochlorococcus MED4,Prochlorococcus,ALB3,photosystem II assembly factor,Stress response and adaptation,1,5.0,informative_multi,3,20.0,"Prochlorococcus, Synechococcus",WP_011132820.1,True
PMM1379,Prochlorococcus MED4,Prochlorococcus,,putative lysine decarboxylase family protein,Unknown,1,5.0,informative_multi,3,14.0,"Prochlorococcus, Synechococcus",WP_011133013.1,True
PMM1450,Prochlorococcus MED4,Prochlorococcus,atpC,ATP synthase gamma chain,Photosynthesis,1,5.0,informative_multi,3,20.0,"Prochlorococcus, Synechococcus",WP_011133079.1,True
PMM1488,Prochlorococcus MED4,Prochlorococcus,hisD,histidinol dehydrogenase,Amino acid metabolism,1,5.0,informative_multi,3,20.0,"Prochlorococcus, Synechococcus",WP_011133116.1,True
PMM1829,Prochlorococcus MED4,Prochlorococcus,,Conserved hypothetical protein,Unknown,1,5.0,no_evidence,0,4.0,Prochlorococcus,,False
PMM1831,Prochlorococcus MED4,Prochlorococcus,,Conserved hypothetical protein,Unknown,1,5.0,catch_all_only,1,9.0,Prochlorococcus,WP_036930923.1,True
PMM1983,Prochlorococcus MED4,Prochlorococcus,,uncharacterized conserved membrane protein,Unknown,1,5.0,catch_all_only,1,9.0,Prochlorococcus,WP_036930494.1,True
PMN2A_0438,Prochlorococcus NATL2A,Prochlorococcus,PMN2A_RS05205,uncharacterized conserved secreted protein,Unknown,1,5.0,catch_all_only,1,5.0,Prochlorococcus,WP_052041185.1,True
PMN2A_0553,Prochlorococcus NATL2A,Prochlorococcus,hli,high light inducible protein,Stress response and adaptation,1,5.0,informative_multi,3,12.0,Prochlorococcus,WP_011294349.1,True
PMN2A_0921,Prochlorococcus NATL2A,Prochlorococcus,PMN2A_RS07810,Secreted pentapeptide repeats protein,Unknown,1,5.0,informative_single,2,5.0,Prochlorococcus,WP_011295269.1,True
PMN2A_0941,Prochlorococcus NATL2A,Prochlorococcus,PMN2A_RS07920,hypothetical protein,Unknown,1,5.0,catch_all_only,1,1.0,Prochlorococcus,WP_011125327.1,True
PMN2A_0982,Prochlorococcus NATL2A,Prochlorococcus,atpD,ATP synthase delta chain,Photosynthesis,1,5.0,informative_multi,3,20.0,"Prochlorococcus, Synechococcus",WP_011295328.1,True
PMN2A_0986,Prochlorococcus NATL2A,Prochlorococcus,atpI,ATP synthase A chain,Photosynthesis,1,5.0,informative_multi,3,20.0,"Prochlorococcus, Synechococcus",WP_011295331.1,True
PMN2A_1042,Prochlorococcus NATL2A,Prochlorococcus,PMN2A_RS08450,RmlC-like cupin domain-containing protein,Unknown,1,5.0,catch_all_only,1,19.0,"Prochlorococcus, Synechococcus",WP_011295387.1,True
PMN2A_1226,Prochlorococcus NATL2A,Prochlorococcus,PMN2A_RS09405,hypothetical protein,Intracellular trafficking,1,5.0,informative_single,2,1.0,Prochlorococcus,WP_011295570.1,True
PMN2A_2001,Prochlorococcus NATL2A,Prochlorococcus,PMN2A_RS11005,conserved hypothetical protein,Unknown,1,5.0,no_evidence,0,2.0,Prochlorococcus,WP_263892330.1,True
PMN2A_2034,Prochlorococcus NATL2A,Prochlorococcus,PMN2A_RS10650,Conserved hypothetical protein,Unknown,1,5.0,no_evidence,0,5.0,Prochlorococcus,WP_011295204.1,True
PMT0120,Prochlorococcus MIT9313,Prochlorococcus,miaA,tRNA delta-2-isopentenylpyrophosphate (IPP) adenosine transferase,Translation,1,5.0,informative_multi,3,20.0,"Prochlorococcus, Synechococcus",WP_011129499.1,True
PMT0509,Prochlorococcus MIT9313,Prochlorococcus,petJ2,cytochrome c553 (cytochrome c6),Carbohydrate metabolism,1,5.0,informative_multi,3,6.0,"Prochlorococcus, Synechococcus",WP_011129888.1,True
PMT0551,Prochlorococcus MIT9313,Prochlorococcus,gbmt2,dimethylglycine N-methyltransferase,Amino acid metabolism,1,5.0,informative_multi,3,4.0,"Prochlorococcus, Synechococcus",WP_011129930.1,True
PMT0773,Prochlorococcus MIT9313,Prochlorococcus,,conserved hypothetical protein,Unknown,1,5.0,catch_all_only,1,11.0,"Prochlorococcus, Synechococcus",WP_011130151.1,True
PMT1429,Prochlorococcus MIT9313,Prochlorococcus,petF,2Fe-2S ferredoxin,Stress response and adaptation,1,5.0,informative_multi,3,20.0,"Prochlorococcus, Synechococcus",WP_011130797.1,True
PMT1734,Prochlorococcus MIT9313,Prochlorococcus,rplW,50S ribosomal protein L23,Translation,1,5.0,informative_multi,3,20.0,"Prochlorococcus, Synechococcus",WP_011131101.1,True
PMT1906,Prochlorococcus MIT9313,Prochlorococcus,,conserved hypothetical protein,Unknown,1,5.0,informative_single,2,7.0,"Prochlorococcus, Synechococcus",,False
PMT2103,Prochlorococcus MIT9313,Prochlorococcus,,conserved hypothetical protein,Translation,1,5.0,informative_multi,3,18.0,"Prochlorococcus, Synechococcus",WP_011131467.1,True
PMT2266,Prochlorococcus MIT9313,Prochlorococcus,,conserved hypothetical protein,Unknown,1,5.0,catch_all_only,1,13.0,"Prochlorococcus, Synechococcus",WP_011131630.1,True
PMT9312_1484,Prochlorococcus MIT9312,Prochlorococcus,,conserved hypothetical protein,Unknown,1,5.0,catch_all_only,1,1.0,Prochlorococcus,WP_011377027.1,True
PMT9312_1511,Prochlorococcus MIT9312,Prochlorococcus,hli,high light inducible protein,Stress response and adaptation,1,5.0,informative_multi,3,34.0,Prochlorococcus,,False
PMT_0915,Prochlorococcus MIT9313,Prochlorococcus,,Bacterial outer membrane protein,Cell wall and membrane,1,5.0,informative_multi,3,2.0,Prochlorococcus,WP_011130293.1,True
Pro0272,Prochlorococcus marinus subsp. marinus CCMP1375 (SS120),Prochlorococcus,txlA,thioredoxin-like protein TxlA,Energy production,1,5.0,informative_multi,3,20.0,"Prochlorococcus, Synechococcus",WP_011124427.1,True
Pro0868,Prochlorococcus marinus subsp. marinus CCMP1375 (SS120),Prochlorococcus,,conserved hypothetical protein,Transcription,1,5.0,informative_single,2,20.0,"Prochlorococcus, Synechococcus",WP_164923227.1,True
Pro1149,Prochlorococcus marinus subsp. marinus CCMP1375 (SS120),Prochlorococcus,sufE,sulfur acceptor for SufS cysteine desulfurase,Stress response and adaptation,1,5.0,informative_multi,3,20.0,"Prochlorococcus, Synechococcus",WP_011125301.1,True
Pro1533,Prochlorococcus marinus subsp. marinus CCMP1375 (SS120),Prochlorococcus,pstS,"phosphate ABC transporter, phosphate-binding protein PstS",Stress response and adaptation,1,5.0,informative_multi,3,28.0,"Prochlorococcus, Synechococcus",WP_011125683.1,True
SPO0709,Ruegeria pomeroyi DSS-3,Ruegeria,pckA,phosphoenolpyruvate carboxykinase,Nucleotide metabolism,1,5.0,informative_multi,3,13.0,"Alteromonas, Pseudomonas, Ruegeria, Shewanella",WP_011046459.1,True
SPO0720,Ruegeria pomeroyi DSS-3,Ruegeria,etfB,electron transfer flavoprotein subunit beta/FixA family protein,Energy production,1,5.0,informative_multi,3,15.0,"Alteromonas, Pseudomonas, Ruegeria, Shewanella",WP_011046470.1,True
SPO0781,Ruegeria pomeroyi DSS-3,Ruegeria,phnD,phosphonate ABC transporter substrate-binding protein,Inorganic ion transport,1,5.0,informative_multi,3,1.0,Ruegeria,WP_044027908.1,True
SPO3774,Ruegeria pomeroyi DSS-3,Ruegeria,,ABC transporter substrate-binding protein,Amino acid metabolism,1,5.0,informative_multi,3,17.0,"Alteromonas, Pseudomonas, Ruegeria",WP_011049452.1,True
SPOA0300,Ruegeria pomeroyi DSS-3,Ruegeria,,ABC transporter substrate-binding protein,Amino acid metabolism,1,5.0,informative_multi,3,2.0,Ruegeria,WP_011242079.1,True
SYNPCC7002_E0008,Synechococcus PCC 7002,Picosynechococcus,,DUF1071 domain-containing protein,Unknown,1,5.0,informative_single,2,1.0,Synechococcus,WP_012308514.1,True
SYNW0626,Synechococcus WH8102,Parasynechococcus,gidB,16S rRNA (guanine(527)-N(7))-methyltransferase GidB,Translation,1,5.0,informative_multi,3,20.0,"Prochlorococcus, Synechococcus",WP_042503069.1,True
SYNW0861,Synechococcus WH8102,Parasynechococcus,,uncharacterized conserved secreted protein,Unknown,1,5.0,catch_all_only,1,2.0,Synechococcus,WP_011127726.1,True
SYNW1238,Synechococcus WH8102,Parasynechococcus,metH,methionine synthase,Amino acid metabolism,1,5.0,informative_multi,3,20.0,"Prochlorococcus, Synechococcus",WP_011128102.1,True
SYNW1444,Synechococcus WH8102,Parasynechococcus,,uncharacterized conserved membrane protein,Stress response and adaptation,1,5.0,informative_single,2,4.0,Synechococcus,WP_011128308.1,True
SYNW1718,Synechococcus WH8102,Parasynechococcus,rbcL,"ribulose bisphosphate carboxylase, large subunit",Photosynthesis,1,5.0,informative_multi,3,20.0,"Prochlorococcus, Synechococcus",WP_011128579.1,True
SYNW2480,Synechococcus WH8102,Parasynechococcus,znuB,"ABC zinc transport system, ATPase component",Stress response and adaptation,1,5.0,informative_multi,3,3.0,"Prochlorococcus, Synechococcus",WP_011129333.1,True
Sputw3181_0615,Shewanella sp. W3-18-1,Shewanella,,TorF family putative porin,Unknown,1,5.0,informative_multi,3,10.0,"Alteromonas, Shewanella",WP_011787997.1,True
SynWH7803_0367,Synechococcus WH7803,Synechococcus,,radical SAM superfamily protein,Energy production,1,5.0,informative_multi,3,20.0,"Prochlorococcus, Synechococcus",WP_011932291.1,True
SynWH7803_0370,Synechococcus WH7803,Synechococcus,dapL,LL-diaminopimelate aminotransferase,Amino acid metabolism,1,5.0,informative_multi,3,20.0,"Prochlorococcus, Synechococcus",WP_041428752.1,True
SynWH7803_0379,Synechococcus WH7803,Synechococcus,tuf,elongation factor EF-Tu,Translation,1,5.0,informative_multi,3,20.0,"Prochlorococcus, Synechococcus",WP_011932303.1,True
SynWH7803_0584,Synechococcus WH7803,Synechococcus,queA,S-adenosylmethionine:tRNA ribosyltransferase-isomerase,Translation,1,5.0,informative_multi,3,20.0,"Prochlorococcus, Synechococcus",WP_011932496.1,True
SynWH7803_0678,Synechococcus WH7803,Synechococcus,rbcL,"ribulose bisphosphate carboxylase, large subunit",Photosynthesis,1,5.0,informative_multi,3,20.0,"Prochlorococcus, Synechococcus",WP_011932588.1,True
SynWH7803_1703,Synechococcus WH7803,Synechococcus,,uncharacterized conserved secreted protein,Cell wall and membrane,1,5.0,informative_multi,3,4.0,"Prochlorococcus, Synechococcus",WP_011933601.1,True
SynWH7803_1823,Synechococcus WH7803,Synechococcus,yajQ,cyclic-di-GMP-binding protein,Signal transduction,1,5.0,informative_multi,3,20.0,"Prochlorococcus, Synechococcus",WP_011933721.1,True
sync_0667,Synechococcus CC9311,Synechococcus,pilA,type IV pilin PilA,Cell motility,1,5.0,informative_multi,3,5.0,"Prochlorococcus, Synechococcus",WP_011618612.1,True
A9601_07501,Prochlorococcus AS9601,Prochlorococcus,hli,high light inducible protein,Stress response and adaptation,1,6.0,informative_multi,3,9.0,Prochlorococcus,WP_011818198.1,True
A9601_11371,Prochlorococcus AS9601,Prochlorococcus,,conserved hypothetical protein,Unknown,1,6.0,no_evidence,0,4.0,Prochlorococcus,,False
ACZ81_02865,Alteromonas macleodii HOT1A3,Alteromonas,,DUF3530 family protein,Unknown,1,6.0,informative_single,2,9.0,Alteromonas,WP_061439413.1,True
ACZ81_03625,Alteromonas macleodii HOT1A3,Alteromonas,,TVP38/TMEM64 family protein,Unknown,1,6.0,informative_multi,3,16.0,"Alteromonas, Shewanella",WP_014975715.1,True
ACZ81_09195,Alteromonas macleodii HOT1A3,Alteromonas,cspD,cold shock domain-containing protein CspD,Transcription,1,6.0,informative_multi,3,10.0,Alteromonas,WP_014949330.1,True
ACZ81_10365,Alteromonas macleodii HOT1A3,Alteromonas,ccoN,"cytochrome-c oxidase, cbb3-type subunit I",Energy production,1,6.0,informative_multi,3,10.0,Alteromonas,WP_014949589.1,True
ACZ81_13955,Alteromonas macleodii HOT1A3,Alteromonas,,TonB-dependent receptor,Inorganic ion transport,1,6.0,informative_multi,3,11.0,Alteromonas,WP_014977109.1,True
ACZ81_17320,Alteromonas macleodii HOT1A3,Alteromonas,rplR,50S ribosomal protein L18,Translation,1,6.0,informative_multi,3,9.0,Alteromonas,WP_014950908.1,True
ACZ81_RS21735,Alteromonas macleodii HOT1A3,Alteromonas,,hypothetical protein,Unknown,1,6.0,no_evidence,0,,,WP_012517787.1,True
BL107_08996,Synechococcus sp. BL107,Synechococcus,cpeE,"rod linker polypeptide (Lr), C-phycoerythrin class I-associated (CpeE)",Photosynthesis,1,6.0,informative_multi,3,4.0,Synechococcus,WP_009789005.1,True
BL107_16150,Synechococcus sp. BL107,Synechococcus,,conserved hypothetical protein,Unknown,1,6.0,catch_all_only,1,1.0,Synechococcus,WP_009790388.1,True
DEH24_02850,Alteromonas (MarRef v6),Alteromonas,,TonB-dependent receptor,Inorganic ion transport,1,6.0,informative_multi,3,16.0,Alteromonas,HBY38326.1,True
DEH24_03810,Alteromonas (MarRef v6),Alteromonas,fusA2,elongation factor G,Translation,1,6.0,informative_multi,3,10.0,Alteromonas,HBY38518.1,True
EZ55_00313,Alteromonas macleodii EZ55,Alteromonas,cheB,protein-glutamate methylesterase/protein-glutamine glutaminase,Cell motility,1,6.0,informative_multi,3,13.0,Alteromonas,WP_156085799.1,True
EZ55_00783,Alteromonas macleodii EZ55,Alteromonas,dpm1,glycosyltransferase family 2 protein,Cell wall and membrane,1,6.0,informative_multi,3,14.0,Alteromonas,WP_049586146.1,True
EZ55_00953,Alteromonas macleodii EZ55,Alteromonas,leuD,3-isopropylmalate dehydratase small subunit,Amino acid metabolism,1,6.0,informative_multi,3,10.0,Alteromonas,WP_156086019.1,True
EZ55_01508,Alteromonas macleodii EZ55,Alteromonas,,carboxymuconolactone decarboxylase family protein,Unknown,1,6.0,informative_multi,3,10.0,Alteromonas,WP_156086188.1,True
EZ55_01922,Alteromonas macleodii EZ55,Alteromonas,,hemerythrin domain-containing protein,Unknown,1,6.0,informative_multi,3,10.0,Alteromonas,WP_014949372.1,True
EZ55_02415,Alteromonas macleodii EZ55,Alteromonas,,hypothetical protein,Unknown,1,6.0,no_evidence,0,,,WP_014949857.1,True
EZ55_02712,Alteromonas macleodii EZ55,Alteromonas,pilV,PilV family protein,Cell motility,1,6.0,informative_multi,3,10.0,Alteromonas,WP_080590400.1,True
EZ55_02905,Alteromonas macleodii EZ55,Alteromonas,,DUF1223 domain-containing protein,Unknown,1,6.0,informative_single,2,4.0,Alteromonas,WP_156086728.1,True
EZ55_02922,Alteromonas macleodii EZ55,Alteromonas,,MFS transporter,Carbohydrate metabolism,1,6.0,informative_multi,3,7.0,Alteromonas,WP_156086739.1,True
EZ55_03167,Alteromonas macleodii EZ55,Alteromonas,prpF,2-methylaconitate cis-trans isomerase PrpF,Unknown,1,6.0,informative_multi,3,9.0,Alteromonas,WP_101565673.1,True
EZ55_03519,Alteromonas macleodii EZ55,Alteromonas,,S8 family serine peptidase,Post-translational modification,1,6.0,informative_multi,3,15.0,Alteromonas,WP_061486592.1,True
EZ55_04002,Alteromonas macleodii EZ55,Alteromonas,,DUF748 domain-containing protein,Cell wall and membrane,1,6.0,informative_multi,3,9.0,Alteromonas,WP_061486831.1,True
H6G84_00385,Synechococcus elongatus PCC 7942,Synechococcus,H6G84_RS00385,protochlorophyllide reductase,Energy production,1,6.0,informative_multi,3,7.0,Synechococcus,WP_011378491.1,True
H6G84_00775,Synechococcus elongatus PCC 7942,Synechococcus,H6G84_RS00775,NAD(P)H-binding protein,Carbohydrate metabolism,1,6.0,informative_multi,3,7.0,Synechococcus,WP_011378457.1,True
H6G84_10180,Synechococcus elongatus PCC 7942,Synechococcus,H6G84_RS10180,dienelactone hydrolase family protein,Secondary metabolites,1,6.0,informative_multi,3,2.0,Synechococcus,WP_011242886.1,True
H6G84_10680,Synechococcus elongatus PCC 7942,Synechococcus,H6G84_RS10680,Fe(3+) ABC transporter substrate-binding protein,Inorganic ion transport,1,6.0,informative_multi,3,9.0,Synechococcus,WP_011242460.1,True
HP15_1065,Marinobacter (MarRef v6),Marinobacter,pepN,aminopeptidase N,Amino acid metabolism,1,6.0,informative_multi,3,69.0,"Alteromonas, Marinobacter, Prochlorococcus, Pseudomonas, Ruegeria, Shewanella, Synechococcus",WP_014576535.1,True
HP15_1370,Marinobacter (MarRef v6),Marinobacter,pyrF,orotidine-5^-phosphate decarboxylase,Nucleotide metabolism,1,6.0,informative_multi,3,40.0,"Alteromonas, Marinobacter, Meiothermus, Prochlorococcus, Pseudomonas, Ruegeria, Shewanella, Synechococcus, Thermosynechococcus",WP_041645156.1,True
HP15_3047,Marinobacter (MarRef v6),Marinobacter,,KamA family radical SAM protein,Amino acid metabolism,1,6.0,informative_multi,3,11.0,"Alteromonas, Marinobacter",WP_014578276.1,True
HP15_3085,Marinobacter (MarRef v6),Marinobacter,fur,ferric iron uptake transcriptional regulator,Transcription,1,6.0,informative_multi,3,100.0,"Alteromonas, Marinobacter, Meiothermus, Prochlorococcus, Pseudomonas, Ruegeria, Shewanella, Synechococcus, Thermosynechococcus",WP_008171512.1,True
HP15_3309,Marinobacter (MarRef v6),Marinobacter,speD,adenosylmethionine decarboxylase,Coenzyme metabolism,1,6.0,informative_multi,3,29.0,"Marinobacter, Meiothermus, Prochlorococcus, Synechococcus",WP_008173437.1,True
HP15_3619,Marinobacter (MarRef v6),Marinobacter,ahpF,alkyl hydroperoxide reductase subunit F,Post-translational modification,1,6.0,informative_multi,3,14.0,"Alteromonas, Marinobacter, Meiothermus, Pseudomonas, Shewanella",WP_014578771.1,True
HP15_3678,Marinobacter (MarRef v6),Marinobacter,atpC,F0F1 ATP synthase subunit epsilon,Energy production,1,6.0,informative_multi,3,40.0,"Alteromonas, Marinobacter, Prochlorococcus, Pseudomonas, Ruegeria, Shewanella, Synechococcus, Thermosynechococcus",WP_008172596.1,True
HP15_3905,Marinobacter (MarRef v6),Marinobacter,metQ-2,MetQ/NlpA family ABC transporter substrate-binding protein,Inorganic ion transport,1,6.0,informative_multi,3,4.0,"Marinobacter, Pseudomonas",WP_014579024.1,True
HP15_4076,Marinobacter (MarRef v6),Marinobacter,,TRAP transporter substrate-binding protein,Carbohydrate metabolism,1,6.0,informative_multi,3,37.0,"Alteromonas, Marinobacter, Meiothermus, Pseudomonas, Ruegeria, Shewanella",WP_041645964.1,True
HP15_928,Marinobacter (MarRef v6),Marinobacter,,ABC transporter substrate-binding protein,Amino acid metabolism,1,6.0,informative_multi,3,103.0,"Alteromonas, Marinobacter, Meiothermus, Prochlorococcus, Pseudomonas, Ruegeria, Synechococcus, Thermosynechococcus",WP_008175914.1,True
M744_04035,Synechococcus elongatus UTEX 2973,Synechococcus,pstB,phosphate ABC transporter ATP-binding protein PstB,Inorganic ion transport,1,6.0,informative_multi,3,9.0,Synechococcus,WP_011378464.1,True
M744_11220,Synechococcus elongatus UTEX 2973,Synechococcus,clpB,ATP-dependent chaperone ClpB,Post-translational modification,1,6.0,informative_multi,3,6.0,Synechococcus,WP_039755993.1,True
M8001_05595,Pseudomonas putida KT2440,Pseudomonas,gltJ,amino acid ABC transporter permease,Inorganic ion transport,1,6.0,informative_multi,3,1.0,Pseudomonas,WP_010952242.1,True
M8001_06465,Pseudomonas putida KT2440,Pseudomonas,purC,phosphoribosylaminoimidazolesuccinocarboxamide synthase,Nucleotide metabolism,1,6.0,informative_multi,3,13.0,"Alteromonas, Pseudomonas, Ruegeria, Shewanella",WP_003254733.1,True
M8001_08610,Pseudomonas putida KT2440,Pseudomonas,,GMC oxidoreductase,Amino acid metabolism,1,6.0,informative_multi,3,16.0,"Alteromonas, Pseudomonas",WP_010952718.1,True
M8001_14310,Pseudomonas putida KT2440,Pseudomonas,,DUF2878 domain-containing protein,Unknown,1,6.0,informative_single,2,11.0,"Alteromonas, Pseudomonas",WP_010953647.1,True
MIT1002_02179,Alteromonas macleodii MIT1002,Alteromonas,lolA,outer membrane lipoprotein chaperone LolA,Cell wall and membrane,1,6.0,informative_multi,3,10.0,Alteromonas,WP_049588670.1,True
MIT1002_02310,Alteromonas macleodii MIT1002,Alteromonas,msrQ,protein-methionine-sulfoxide reductase heme-binding subunit MsrQ,Energy production,1,6.0,informative_multi,3,10.0,Alteromonas,WP_049587266.1,True
MIT1002_04181,Alteromonas macleodii MIT1002,Alteromonas,,hypothetical protein,Unknown,1,6.0,no_evidence,0,,,WP_049587376.1,True
NATL1_06431,Prochlorococcus NATL1A,Prochlorococcus,,domain of unknown function DUF4332-containing protein,Unknown,1,6.0,informative_single,2,20.0,"Prochlorococcus, Synechococcus",WP_011823368.1,True
NATL1_17971,Prochlorococcus NATL1A,Prochlorococcus,,conserved hypothetical protein,Unknown,1,6.0,no_evidence,0,6.0,Prochlorococcus,WP_011824345.1,True
P9301_08411,Prochlorococcus MIT9301,Prochlorococcus,purQ,"phosphoribosylformylglycinamidine (FGAM) synthase, glutamine amidotransferase domain",Nucleotide metabolism,1,6.0,informative_multi,3,20.0,"Prochlorococcus, Synechococcus",WP_011862817.1,True
P9301_13181,Prochlorococcus MIT9301,Prochlorococcus,hli,high light inducible protein,Stress response and adaptation,1,6.0,informative_multi,3,31.0,Prochlorococcus,WP_011376777.1,True
P9303_05041,Prochlorococcus MIT9303,Prochlorococcus,groL1,chaperonin GroEL,Stress response and adaptation,1,6.0,informative_multi,3,20.0,"Prochlorococcus, Synechococcus",WP_011825179.1,True
P9303_RS06050,Prochlorococcus MIT9303,Prochlorococcus,,hypothetical protein,Unknown,1,6.0,no_evidence,0,6.0,"Prochlorococcus, Synechococcus",WP_041374804.1,True
PMM0043,Prochlorococcus MED4,Prochlorococcus,flv3,flavoprotein involved in Mehler reaction,Carbohydrate metabolism,1,6.0,informative_multi,3,20.0,"Prochlorococcus, Synechococcus",WP_011131681.1,True
PMM0345,Prochlorococcus MED4,Prochlorococcus,prxQ,2-Cys peroxiredoxin,Stress response and adaptation,1,6.0,informative_multi,3,23.0,"Prochlorococcus, Synechococcus",WP_011131982.1,True
PMM0365,Prochlorococcus MED4,Prochlorococcus,,possible DsrE-like protein,Unknown,1,6.0,informative_single,2,5.0,Prochlorococcus,WP_011132002.1,True
PMM0444,Prochlorococcus MED4,Prochlorococcus,ctaEI,cytochrome c oxidase subunit III,Carbohydrate metabolism,1,6.0,informative_multi,3,20.0,"Prochlorococcus, Synechococcus",WP_011132080.1,True
PMM0454,Prochlorococcus MED4,Prochlorococcus,ispD,2-C-methyl-D-erythritol 4-phosphate cytidylyltransferase,Coenzyme metabolism,1,6.0,informative_multi,3,20.0,"Prochlorococcus, Synechococcus",WP_011132090.1,True
PMM0687,Prochlorococcus MED4,Prochlorococcus,,conserved hypothetical protein,Unknown,1,6.0,catch_all_only,1,18.0,"Prochlorococcus, Synechococcus",WP_011132321.1,True
PMM0710,Prochlorococcus MED4,Prochlorococcus,pstS,"phosphate ABC transporter, phosphate-binding protein PstS",Stress response and adaptation,1,6.0,informative_multi,3,28.0,"Prochlorococcus, Synechococcus",WP_011132344.1,True
PMM0965,Prochlorococcus MED4,Prochlorococcus,ureA,urease gamma subunit,Stress response and adaptation,1,6.0,informative_multi,3,17.0,"Prochlorococcus, Synechococcus",WP_011132598.1,True
PMM1228,Prochlorococcus MED4,Prochlorococcus,,conserved hypothetical protein,Unknown,1,6.0,no_evidence,0,1.0,Prochlorococcus,WP_011132862.1,True
PMM1240,Prochlorococcus MED4,Prochlorococcus,,methyltransferase domain protein,Secondary metabolites,1,6.0,informative_multi,3,4.0,Prochlorococcus,WP_011132874.1,True
PMM1256,Prochlorococcus MED4,Prochlorococcus,wcaA,possible beta-glycosyltransferase,Cell wall and membrane,1,6.0,informative_multi,3,4.0,Prochlorococcus,WP_011132890.1,True
PMM1414,Prochlorococcus MED4,Prochlorococcus,,conserved hypothetical protein (DUF3303),Unknown,1,6.0,informative_single,2,2.0,Prochlorococcus,WP_011133043.1,True
PMM1436,Prochlorococcus MED4,Prochlorococcus,groL1,chaperonin GroEL,Stress response and adaptation,1,6.0,informative_multi,3,20.0,"Prochlorococcus, Synechococcus",WP_011133065.1,True
PMM1602,Prochlorococcus MED4,Prochlorococcus,,Conserved hypothetical protein,Unknown,1,6.0,catch_all_only,1,20.0,"Prochlorococcus, Synechococcus",WP_011133230.1,True
PMM1697,Prochlorococcus MED4,Prochlorococcus,rpoD4,"RNA polymerase sigma factor, type II",Transcription,1,6.0,informative_multi,3,20.0,"Prochlorococcus, Synechococcus",WP_011133324.1,True
PMM1826,Prochlorococcus MED4,Prochlorococcus,,conserved hypothetical protein,Unknown,1,6.0,catch_all_only,1,9.0,Prochlorococcus,WP_173027945.1,True
PMM1931,Prochlorococcus MED4,Prochlorococcus,,uncharacterized conserved membrane protein,Unknown,1,6.0,catch_all_only,1,9.0,Prochlorococcus,WP_173028011.1,True
PMN2A_0454,Prochlorococcus NATL2A,Prochlorococcus,PMN2A_RS05290,conserved hypothetical protein,Unknown,1,6.0,no_evidence,0,3.0,Prochlorococcus,WP_011823820.1,True
PMN2A_0892,Prochlorococcus NATL2A,Prochlorococcus,hupB,DNA-binding protein HU-beta,Regulatory functions,1,6.0,informative_multi,3,20.0,"Prochlorococcus, Synechococcus",WP_011295240.1,True
PMN2A_0995,Prochlorococcus NATL2A,Prochlorococcus,PMN2A_RS08210,conserved hypothetical protein,Unknown,1,6.0,catch_all_only,1,11.0,"Prochlorococcus, Synechococcus",WP_011295340.1,True
PMN2A_1710,Prochlorococcus NATL2A,Prochlorococcus,PMN2A_RS01985,conserved hypothetical protein,Unknown,1,6.0,no_evidence,0,4.0,Prochlorococcus,WP_225866319.1,True
PMN2A_1994,Prochlorococcus NATL2A,Prochlorococcus,PMN2A_RS10560,conserved hypothetical protein,Unknown,1,6.0,no_evidence,0,4.0,Prochlorococcus,WP_011294966.1,True
PMN2A_1997,Prochlorococcus NATL2A,Prochlorococcus,PMN2A_RS05225,uncharacterized conserved lipoprotein,Unknown,1,6.0,informative_single,2,10.0,"Prochlorococcus, Synechococcus",WP_011294986.1,True
PMN2A_2000,Prochlorococcus NATL2A,Prochlorococcus,PMN2A_RS11000,conserved hypothetical protein,Unknown,1,6.0,no_evidence,0,3.0,Prochlorococcus,WP_011295021.1,True
PMN2A_2045,Prochlorococcus NATL2A,Prochlorococcus,PMN2A_RS05765,Conserved hypothetical protein,Unknown,1,6.0,no_evidence,0,13.0,Prochlorococcus,WP_011295118.1,True
PMN2A_2136,Prochlorococcus NATL2A,Prochlorococcus,PMN2A_RS07090,conserved hypothetical protein,Unknown,1,6.0,no_evidence,0,4.0,Prochlorococcus,WP_011295071.1,True
PMT0075,Prochlorococcus MIT9313,Prochlorococcus,cobH,precorrin-8X methylmutase,Coenzyme metabolism,1,6.0,informative_multi,3,20.0,"Prochlorococcus, Synechococcus",WP_011129454.1,True
PMT0133,Prochlorococcus MIT9313,Prochlorococcus,sdhB,"succinate dehydrogenase/fumarate reductase, Fe-S protein subunit",Stress response and adaptation,1,6.0,informative_multi,3,5.0,"Prochlorococcus, Synechococcus",WP_011129512.1,True
PMT0800,Prochlorococcus MIT9313,Prochlorococcus,,hypothetical protein,Unknown,1,6.0,no_evidence,0,1.0,Prochlorococcus,,False
PMT0884,Prochlorococcus MIT9313,Prochlorococcus,,putative RIKEN cDNA 1200003J11; EST AA930106,Unknown,1,6.0,no_evidence,0,2.0,Prochlorococcus,WP_011130262.1,True
PMT1480,Prochlorococcus MIT9313,Prochlorococcus,,conserved hypothetical protein,Unknown,1,6.0,catch_all_only,1,20.0,"Prochlorococcus, Synechococcus",WP_011130848.1,True
PMT1559,Prochlorococcus MIT9313,Prochlorococcus,,conserved hypothetical protein,Unknown,1,6.0,catch_all_only,1,20.0,"Prochlorococcus, Synechococcus",WP_011130926.1,True
PMT1563,Prochlorococcus MIT9313,Prochlorococcus,,hypothetical protein,Unknown,1,6.0,no_evidence,0,1.0,Prochlorococcus,WP_011130930.1,True
PMT1737,Prochlorococcus MIT9313,Prochlorococcus,rplV,50S ribosomal protein L22,Translation,1,6.0,informative_multi,3,20.0,"Prochlorococcus, Synechococcus",WP_011131104.1,True
PMT1744,Prochlorococcus MIT9313,Prochlorococcus,rplE,50S ribosomal protein L5,Translation,1,6.0,informative_multi,3,20.0,"Prochlorococcus, Synechococcus",WP_011131111.1,True
PMT1768,Prochlorococcus MIT9313,Prochlorococcus,psaL,photosystem I reaction centre subunit XI,Stress response and adaptation,1,6.0,informative_multi,3,20.0,"Prochlorococcus, Synechococcus",WP_011131135.1,True
PMT1940,Prochlorococcus MIT9313,Prochlorococcus,,possible Peptidase family C9,Unknown,1,6.0,no_evidence,0,1.0,Prochlorococcus,WP_011131305.1,True
PMT2262,Prochlorococcus MIT9313,Prochlorococcus,,uncharacterized conserved membrane protein,Unknown,1,6.0,informative_single,2,6.0,"Prochlorococcus, Synechococcus",WP_236069602.1,True
PMT9312_1261,Prochlorococcus MIT9312,Prochlorococcus,idiA2,iron deficiency-induced protein A,Stress response and adaptation,1,6.0,informative_multi,3,18.0,"Prochlorococcus, Synechococcus",WP_036924302.1,True
PMT9312_1520,Prochlorococcus MIT9312,Prochlorococcus,,conserved hypothetical protein,Unknown,1,6.0,catch_all_only,1,3.0,Prochlorococcus,WP_011377063.1,True
PMT9312_1822,Prochlorococcus MIT9312,Prochlorococcus,,conserved hypothetical protein,Unknown,1,6.0,catch_all_only,1,9.0,Prochlorococcus,WP_036924175.1,True
PMT_2924,Prochlorococcus MIT9313,Prochlorococcus,,Hypothetical protein,Unknown,1,6.0,no_evidence,0,3.0,Prochlorococcus,,False
Pro0328,Prochlorococcus marinus subsp. marinus CCMP1375 (SS120),Prochlorococcus,psbE,"cytochrome b559, alpha subunit",Photosynthesis,1,6.0,informative_multi,3,20.0,"Prochlorococcus, Synechococcus",WP_011124483.1,True
Pro0610,Prochlorococcus marinus subsp. marinus CCMP1375 (SS120),Prochlorococcus,,conserved hypothetical protein,Unknown,1,6.0,no_evidence,0,1.0,Prochlorococcus,WP_011124762.1,True
Pro1757,Prochlorococcus marinus subsp. marinus CCMP1375 (SS120),Prochlorococcus,mhpC,alpha/beta hydrolase fold family protein,Stress response and adaptation,1,6.0,informative_multi,3,20.0,"Prochlorococcus, Synechococcus",WP_052039744.1,True
Pro1831,Prochlorococcus marinus subsp. marinus CCMP1375 (SS120),Prochlorococcus,metC,cystathionine beta-lyase family aluminum resistance protein,Stress response and adaptation,1,6.0,informative_multi,3,20.0,"Prochlorococcus, Synechococcus",WP_225866426.1,True
SPO0470,Ruegeria pomeroyi DSS-3,Ruegeria,phnI,carbon-phosphorus lyase complex subunit PhnI,Inorganic ion transport,1,6.0,informative_multi,3,1.0,Ruegeria,WP_011046231.1,True
SPO2816,Ruegeria pomeroyi DSS-3,Ruegeria,,ABC transporter permease,Amino acid metabolism,1,6.0,informative_multi,3,3.0,Ruegeria,WP_030003238.1,True
SPO3744,Ruegeria pomeroyi DSS-3,Ruegeria,hup,HU family DNA-binding protein,Replication and repair,1,6.0,informative_multi,3,15.0,"Alteromonas, Pseudomonas, Ruegeria, Shewanella",WP_044028844.1,True
SYNPCC7002_A0754,Synechococcus PCC 7002,Picosynechococcus,,YlxR family protein,Transcription,1,6.0,informative_multi,3,7.0,Synechococcus,WP_012306383.1,True
SYNPCC7002_D0002,Synechococcus PCC 7002,Picosynechococcus,,hypothetical protein,Unknown,1,6.0,no_evidence,0,2.0,Synechococcus,WP_012308479.1,True
SYNW0003,Synechococcus WH8102,Parasynechococcus,purL,"phosphoribosylformylglycinamidine synthase, synthetase domain",Nucleotide metabolism,1,6.0,informative_multi,3,20.0,"Prochlorococcus, Synechococcus",WP_011126884.1,True
SYNW0196,Synechococcus WH8102,Parasynechococcus,phoD,hemolysin-type calcium-binding repeat family protein,Stress response and adaptation,1,6.0,informative_multi,3,1.0,Synechococcus,WP_011127072.1,True
SYNW0550,Synechococcus WH8102,Parasynechococcus,kaiC,circadian clock protein KaiC,Cellular processes,1,6.0,informative_multi,3,20.0,"Prochlorococcus, Synechococcus",WP_011127419.1,True
SYNW1412,Synechococcus WH8102,Parasynechococcus,speB,agmatinase protein family,Carbohydrate metabolism,1,6.0,informative_multi,3,1.0,Synechococcus,WP_042503589.1,True
SYNW2061,Synechococcus WH8102,Parasynechococcus,,Conserved hypothetical protein (DUF1815),Unknown,1,6.0,informative_single,2,4.0,Synechococcus,WP_011128919.1,True
SYNW2135,Synechococcus WH8102,Parasynechococcus,rpsL,30S ribosomal protein S12,Translation,1,6.0,informative_multi,3,20.0,"Prochlorococcus, Synechococcus",WP_011128991.1,True
SYNW2273,Synechococcus WH8102,Parasynechococcus,ndhI,NADH dehydrogenase I subunit NdhI,Carbohydrate metabolism,1,6.0,informative_multi,3,20.0,"Prochlorococcus, Synechococcus",WP_011129126.1,True
Sputw3181_0962,Shewanella sp. W3-18-1,Shewanella,csgF,curli assembly protein CsgF,Unknown,1,6.0,informative_multi,3,11.0,"Alteromonas, Pseudomonas, Shewanella",WP_011788338.1,True
Sputw3181_2088,Shewanella sp. W3-18-1,Shewanella,trhA,PAQR family membrane homeostasis protein TrhA,Unknown,1,6.0,informative_multi,3,11.0,"Alteromonas, Pseudomonas, Shewanella",WP_011789387.1,True
Sputw3181_4089,Shewanella sp. W3-18-1,Shewanella,,helix-turn-helix domain-containing protein,Transcription,1,6.0,informative_multi,3,1.0,Shewanella,WP_011791310.1,True
SynWH7803_0001,Synechococcus WH7803,Synechococcus,dnaN,"DNA polymerase III, beta subunit",Replication and repair,1,6.0,informative_multi,3,20.0,"Prochlorococcus, Synechococcus",WP_011931936.1,True
SynWH7803_0195,Synechococcus WH7803,Synechococcus,tktA,transketolase,Carbohydrate metabolism,1,6.0,informative_multi,3,20.0,"Prochlorococcus, Synechococcus",WP_011932127.1,True
SynWH7803_0556,Synechococcus WH7803,Synechococcus,,ABC multidrug efflux transporter,Transport,1,6.0,informative_multi,3,2.0,"Prochlorococcus, Synechococcus",WP_011932468.1,True
SynWH7803_0982,Synechococcus WH7803,Synechococcus,,uncharacterized conserved secreted protein (UCP028288),Unknown,1,6.0,catch_all_only,1,2.0,"Prochlorococcus, Synechococcus",WP_011932890.1,True
SynWH7803_1090,Synechococcus WH7803,Synechococcus,,nif11-like leader peptide domain protein,Cellular processes,1,6.0,informative_multi,3,3.0,"Prochlorococcus, Synechococcus",WP_083833673.1,True
SynWH7803_1142,Synechococcus WH7803,Synechococcus,purQ,"phosphoribosylformylglycinamidine (FGAM) synthase, glutamine amidotransferase domain",Nucleotide metabolism,1,6.0,informative_multi,3,20.0,"Prochlorococcus, Synechococcus",WP_011933050.1,True
SynWH7803_1874,Synechococcus WH7803,Synechococcus,,abrB-like transcriptional regulator family protein,Transcription,1,6.0,informative_multi,3,20.0,"Prochlorococcus, Synechococcus",WP_011933772.1,True
SynWH7803_2026,Synechococcus WH7803,Synechococcus,apcA,"allophycocyanin, alpha chain",Photosynthesis,1,6.0,informative_multi,3,4.0,Synechococcus,WP_011933918.1,True
SynWH7803_2099,Synechococcus WH7803,Synechococcus,hemB,delta-aminolevulinic acid dehydratase,Coenzyme metabolism,1,6.0,informative_multi,3,20.0,"Prochlorococcus, Synechococcus",WP_011933989.1,True
SynWH7803_2199,Synechococcus WH7803,Synechococcus,tolC,"TolC-like outer membrane efflux protein, RND family",Stress response and adaptation,1,6.0,informative_multi,3,21.0,"Prochlorococcus, Synechococcus",WP_011934087.1,True
sync_2681,Synechococcus CC9311,Synechococcus,VBPO,vanadium-dependent bromoperoxidase,Stress response and adaptation,1,6.0,informative_multi,3,1.0,Synechococcus,WP_011620573.1,True
A9601_04201,Prochlorococcus AS9601,Prochlorococcus,hli,high light inducible protein,Stress response and adaptation,1,7.0,informative_multi,3,14.0,Prochlorococcus,WP_011817880.1,True
A9601_12991,Prochlorococcus AS9601,Prochlorococcus,,conserved hypothetical protein,Unknown,1,7.0,catch_all_only,1,9.0,Prochlorococcus,WP_011818727.1,True
ACZ81_01825,Alteromonas macleodii HOT1A3,Alteromonas,glnK,P-II family nitrogen regulator,Transcription,1,7.0,informative_multi,3,10.0,Alteromonas,WP_012516988.1,True
ACZ81_02340,Alteromonas macleodii HOT1A3,Alteromonas,dps,Dps family protein,Inorganic ion transport,1,7.0,informative_multi,3,10.0,Alteromonas,WP_014948101.1,True
ACZ81_02730,Alteromonas macleodii HOT1A3,Alteromonas,nlpD,peptidoglycan DD-metalloendopeptidase family protein,Cell cycle and division,1,7.0,informative_multi,3,10.0,Alteromonas,WP_061439390.1,True
ACZ81_04980,Alteromonas macleodii HOT1A3,Alteromonas,flgM,flagellar biosynthesis anti-sigma factor FlgM,Cell motility,1,7.0,informative_multi,3,10.0,Alteromonas,WP_014948589.1,True
ACZ81_08725,Alteromonas macleodii HOT1A3,Alteromonas,phhB,4a-hydroxytetrahydrobiopterin dehydratase,Coenzyme metabolism,1,7.0,informative_multi,3,10.0,Alteromonas,WP_049586648.1,True
ACZ81_12900,Alteromonas macleodii HOT1A3,Alteromonas,,DcaP family trimeric outer membrane transporter,Cell wall and membrane,1,7.0,informative_multi,3,16.0,Alteromonas,WP_061486135.1,True
ACZ81_14330,Alteromonas macleodii HOT1A3,Alteromonas,,hypothetical protein,Unknown,1,7.0,no_evidence,0,9.0,Alteromonas,WP_014977175.1,True
ACZ81_16580,Alteromonas macleodii HOT1A3,Alteromonas,rutF,flavin reductase,Energy production,1,7.0,informative_multi,3,8.0,Alteromonas,WP_061486582.1,True
ACZ81_16965,Alteromonas macleodii HOT1A3,Alteromonas,murB,UDP-N-acetylmuramate dehydrogenase,Cell wall and membrane,1,7.0,informative_multi,3,9.0,Alteromonas,WP_061486598.1,True
ACZ81_17395,Alteromonas macleodii HOT1A3,Alteromonas,,TonB-dependent receptor,Coenzyme metabolism,1,7.0,informative_multi,3,9.0,Alteromonas,WP_061486648.1,True
BL107_14060,Synechococcus sp. BL107,Synechococcus,rbpD,nucleotide-binding alpha-beta plait domain-containing protein,Unknown,1,7.0,informative_multi,3,9.0,"Prochlorococcus, Synechococcus",WP_009789981.1,True
DEH24_07770,Alteromonas (MarRef v6),Alteromonas,rpoD,RNA polymerase sigma factor RpoD,Transcription,1,7.0,informative_multi,3,10.0,Alteromonas,HBY39297.1,True
DEH24_13850,Alteromonas (MarRef v6),Alteromonas,prkB,phosphoribulokinase,Carbohydrate metabolism,1,7.0,informative_multi,3,10.0,Alteromonas,HBY40502.1,True
DEH24_15040,Alteromonas (MarRef v6),Alteromonas,,cold-shock protein,Transcription,1,7.0,informative_multi,3,10.0,Alteromonas,HBY40738.1,True
EZ55_00311,Alteromonas macleodii EZ55,Alteromonas,cheR,CheR family methyltransferase,Cell motility,1,7.0,informative_multi,3,13.0,Alteromonas,WP_039225824.1,True
EZ55_00368,Alteromonas macleodii EZ55,Alteromonas,rpsQ,30S ribosomal protein S17,Translation,1,7.0,informative_multi,3,10.0,Alteromonas,WP_014975444.1,True
EZ55_00549,Alteromonas macleodii EZ55,Alteromonas,,type II toxin-antitoxin system Phd/YefM family antitoxin,Cell cycle and division,1,7.0,informative_multi,3,3.0,Alteromonas,WP_156085897.1,True
EZ55_02390,Alteromonas macleodii EZ55,Alteromonas,,hypothetical protein,Unknown,1,7.0,no_evidence,0,11.0,Alteromonas,WP_014949833.1,True
EZ55_03194,Alteromonas macleodii EZ55,Alteromonas,fucP,L-fucose:H+ symporter permease,Carbohydrate metabolism,1,7.0,informative_multi,3,10.0,Alteromonas,WP_014950563.1,True
H6G84_06730,Synechococcus elongatus PCC 7942,Synechococcus,H6G84_RS06730,slr1957 family protein,Replication and repair,1,7.0,informative_single,2,3.0,Synechococcus,WP_011243609.1,True
H6G84_06820,Synechococcus elongatus PCC 7942,Synechococcus,fbt,folate/biopterin family MFS transporter,Carbohydrate metabolism,1,7.0,informative_multi,3,3.0,Synechococcus,WP_011377487.1,True
H6G84_11925,Synechococcus elongatus PCC 7942,Synechococcus,H6G84_RS11925,LON peptidase substrate-binding domain-containing protein,Unknown,1,7.0,informative_multi,3,7.0,Synechococcus,WP_011242970.1,True
H6G84_13025,Synechococcus elongatus PCC 7942,Synechococcus,H6G84_RS13025,RNA recognition motif domain-containing protein,Unknown,1,7.0,informative_multi,3,10.0,Synechococcus,WP_011377680.1,True
HP15_1174,Marinobacter (MarRef v6),Marinobacter,bamA,outer membrane protein assembly factor BamA,Cell wall and membrane,1,7.0,informative_multi,3,57.0,"Alteromonas, Marinobacter, Meiothermus, Prochlorococcus, Pseudomonas, Ruegeria, Shewanella, Synechococcus, Thermosynechococcus",WP_041645133.1,True
HP15_1213,Marinobacter (MarRef v6),Marinobacter,,SDR family oxidoreductase,Cell wall and membrane,1,7.0,informative_multi,3,2.0,Marinobacter,WP_041645140.1,True
HP15_1795,Marinobacter (MarRef v6),Marinobacter,cysI,nitrite/sulfite reductase,Energy production,1,7.0,informative_multi,3,62.0,"Alteromonas, Marinobacter, Meiothermus, Prochlorococcus, Pseudomonas, Ruegeria, Shewanella, Synechococcus, Thermosynechococcus",WP_041645228.1,True
HP15_1807,Marinobacter (MarRef v6),Marinobacter,yejA,extracellular solute-binding protein,Amino acid metabolism,1,7.0,informative_multi,3,7.0,"Marinobacter, Pseudomonas, Ruegeria, Shewanella",WP_014577171.1,True
HP15_1830,Marinobacter (MarRef v6),Marinobacter,fimV,FimV/HubP family polar landmark protein,Cell motility,1,7.0,informative_multi,3,53.0,"Alteromonas, Marinobacter, Prochlorococcus, Pseudomonas, Shewanella, Synechococcus, Thermosynechococcus",WP_014577187.1,True
HP15_2911,Marinobacter (MarRef v6),Marinobacter,pgk,phosphoglycerate kinase,Carbohydrate metabolism,1,7.0,informative_multi,3,41.0,"Alteromonas, Marinobacter, Meiothermus, Prochlorococcus, Pseudomonas, Ruegeria, Shewanella, Synechococcus, Thermosynechococcus",WP_014578163.1,True
M744_04030,Synechococcus elongatus UTEX 2973,Synechococcus,pstA,phosphate ABC transporter permease PstA,Inorganic ion transport,1,7.0,informative_multi,3,3.0,Synechococcus,WP_011243974.1,True
M744_07860,Synechococcus elongatus UTEX 2973,Synechococcus,,hypothetical protein,Unknown,1,7.0,no_evidence,0,2.0,Synechococcus,WP_011244677.1,True
M744_12485,Synechococcus elongatus UTEX 2973,Synechococcus,purM,phosphoribosylformylglycinamidine cyclo-ligase,Nucleotide metabolism,1,7.0,informative_multi,3,7.0,Synechococcus,WP_011377763.1,True
M8001_01800,Pseudomonas putida KT2440,Pseudomonas,aceE,"pyruvate dehydrogenase (acetyl-transferring), homodimeric type",Energy production,1,7.0,informative_multi,3,12.0,"Alteromonas, Pseudomonas, Ruegeria, Shewanella",WP_010951693.1,True
M8001_14315,Pseudomonas putida KT2440,Pseudomonas,cfa,SAM-dependent methyltransferase,Cell wall and membrane,1,7.0,informative_multi,3,16.0,"Alteromonas, Pseudomonas, Ruegeria, Shewanella",WP_049586237.1,True
M8001_16105,Pseudomonas putida KT2440,Pseudomonas,,Hcp family type VI secretion system effector,Unknown,1,7.0,informative_multi,3,1.0,Pseudomonas,WP_049586088.1,True
M8001_21550,Pseudomonas putida KT2440,Pseudomonas,aceA,isocitrate lyase,Energy production,1,7.0,informative_multi,3,14.0,"Alteromonas, Pseudomonas, Shewanella",WP_010954897.1,True
MIT1002_00549,Alteromonas macleodii MIT1002,Alteromonas,,TonB-dependent receptor,Inorganic ion transport,1,7.0,informative_multi,3,9.0,Alteromonas,WP_014975544.1,True
MIT1002_01423,Alteromonas macleodii MIT1002,Alteromonas,,pyridoxamine 5^-phosphate oxidase family protein,Unknown,1,7.0,informative_single,2,9.0,Alteromonas,WP_049586841.1,True
NATL1_08021,Prochlorococcus NATL1A,Prochlorococcus,lptG,"lipopolysaccharide export system, permease component",Transport,1,7.0,informative_multi,3,20.0,"Prochlorococcus, Synechococcus",WP_011823509.1,True
NATL1_08641,Prochlorococcus NATL1A,Prochlorococcus,wecC,nucleotide sugar dehydrogenase family protein,Carbohydrate metabolism,1,7.0,informative_multi,3,1.0,Prochlorococcus,WP_011823567.1,True
P9301_09331,Prochlorococcus MIT9301,Prochlorococcus,psb28,photosystem II reaction centre Psb28 protein,Photosynthesis,1,7.0,informative_multi,3,20.0,"Prochlorococcus, Synechococcus",WP_011862904.1,True
P9301_13211,Prochlorococcus MIT9301,Prochlorococcus,,uncharacterized conserved secreted protein,Unknown,1,7.0,catch_all_only,1,11.0,Prochlorococcus,WP_011818732.1,True
P9303_09501,Prochlorococcus MIT9303,Prochlorococcus,,conserved hypothetical protein,Unknown,1,7.0,informative_single,2,20.0,"Prochlorococcus, Synechococcus",WP_011825607.1,True
P9303_RS02295,Prochlorococcus MIT9303,Prochlorococcus,groES,co-chaperone GroES,Post-translational modification,1,7.0,informative_multi,3,17.0,Prochlorococcus,WP_011130818.1,True
PMM0115,Prochlorococcus MED4,Prochlorococcus,crtQ,"9,9^-di-cis-zeta-carotene desaturase",Coenzyme metabolism,1,7.0,informative_multi,3,20.0,"Prochlorococcus, Synechococcus",WP_011131754.1,True
PMM0501,Prochlorococcus MED4,Prochlorococcus,,conserved hypothetical protein,Unknown,1,7.0,catch_all_only,1,20.0,"Prochlorococcus, Synechococcus",WP_011132136.1,True
PMM0540,Prochlorococcus MED4,Prochlorococcus,psaM,photosystem I reaction centre subunit XII,Stress response and adaptation,1,7.0,informative_multi,3,20.0,"Prochlorococcus, Synechococcus",WP_011132175.1,True
PMM0590,Prochlorococcus MED4,Prochlorococcus,proA,glutamate-5-semialdehyde dehydrogenase,Amino acid metabolism,1,7.0,informative_multi,3,22.0,"Prochlorococcus, Synechococcus",WP_011132224.1,True
PMM1032,Prochlorococcus MED4,Prochlorococcus,lraI,"ABC-type Mn2+/Zn2+ transport system, periplasmic component",Stress response and adaptation,1,7.0,informative_multi,3,20.0,"Prochlorococcus, Synechococcus",WP_011132665.1,True
PMM1039,Prochlorococcus MED4,Prochlorococcus,,A predicted alpha-helical domain with a conserved ER motif family protein,Unknown,1,7.0,informative_single,2,15.0,"Prochlorococcus, Synechococcus",WP_011132672.1,True
PMM1264,Prochlorococcus MED4,Prochlorococcus,ftsH4,cell division protein FtsH,Stress response and adaptation,1,7.0,informative_multi,3,20.0,"Prochlorococcus, Synechococcus",WP_011132898.1,True
PMM1457,Prochlorococcus MED4,Prochlorococcus,atp1,ATP synthase protein I,Photosynthesis,1,7.0,informative_multi,3,20.0,"Prochlorococcus, Synechococcus",WP_011133085.1,True
PMM1520,Prochlorococcus MED4,Prochlorococcus,psaI,photosystem I reaction center subunit VIII,Stress response and adaptation,1,7.0,informative_multi,3,20.0,"Prochlorococcus, Synechococcus",WP_011133148.1,True
PMM1869,Prochlorococcus MED4,Prochlorococcus,,uncharacterized conserved membrane protein,Unknown,1,7.0,catch_all_only,1,9.0,Prochlorococcus,,False
PMM1870,Prochlorococcus MED4,Prochlorococcus,,conserved hypothetical protein,Unknown,1,7.0,catch_all_only,1,9.0,Prochlorococcus,WP_173027972.1,True
PMM1939,Prochlorococcus MED4,Prochlorococcus,,Conserved hypothetical protein,Unknown,1,7.0,no_evidence,0,12.0,Prochlorococcus,WP_036930287.1,True
PMM1958,Prochlorococcus MED4,Prochlorococcus,,uncharacterized conserved membrane protein,Unknown,1,7.0,catch_all_only,1,18.0,Prochlorococcus,WP_036930574.1,True
PMN2A_0414,Prochlorococcus NATL2A,Prochlorococcus,PMN2A_RS05070,conserved hypothetical protein,Unknown,1,7.0,no_evidence,0,4.0,Prochlorococcus,WP_011293948.1,True
PMN2A_0417,Prochlorococcus NATL2A,Prochlorococcus,hli,high light inducible protein,Stress response and adaptation,1,7.0,informative_multi,3,33.0,Prochlorococcus,WP_011293951.1,True
PMN2A_0578,Prochlorococcus NATL2A,Prochlorococcus,hli,high light inducible protein,Stress response and adaptation,1,7.0,informative_multi,3,12.0,Prochlorococcus,WP_011294349.1,True
PMN2A_1393,Prochlorococcus NATL2A,Prochlorococcus,PMN2A_RS00340,uncharacterized conserved membrane protein,Unknown,1,7.0,catch_all_only,1,5.0,Prochlorococcus,WP_041710887.1,True
PMN2A_1654,Prochlorococcus NATL2A,Prochlorococcus,chlD,"protoporphyrin IX Mg-chelatase, subunit ChlD",Coenzyme metabolism,1,7.0,informative_multi,3,20.0,"Prochlorococcus, Synechococcus",WP_011294287.1,True
PMN2A_1901,Prochlorococcus NATL2A,Prochlorococcus,PMN2A_RS00350,conserved hypothetical protein,Unknown,1,7.0,no_evidence,0,4.0,Prochlorococcus,WP_041710890.1,True
PMT1005,Prochlorococcus MIT9313,Prochlorococcus,,possible Gamma-thionins family,Unknown,1,7.0,no_evidence,0,2.0,Prochlorococcus,WP_236069679.1,True
PMT1205,Prochlorococcus MIT9313,Prochlorococcus,rbcL,"ribulose bisphosphate carboxylase, large subunit",Photosynthesis,1,7.0,informative_multi,3,20.0,"Prochlorococcus, Synechococcus",WP_011130576.1,True
PMT1436,Prochlorococcus MIT9313,Prochlorococcus,,conserved hypothetical protein,Unknown,1,7.0,informative_single,2,20.0,"Prochlorococcus, Synechococcus",WP_041385153.1,True
PMT1576,Prochlorococcus MIT9313,Prochlorococcus,,"ABC exporter ATP-binding subunit, DevA type",Transport,1,7.0,informative_multi,3,2.0,"Prochlorococcus, Synechococcus",WP_011130943.1,True
PMT2112,Prochlorococcus MIT9313,Prochlorococcus,,possible Alanine racemase,Unknown,1,7.0,no_evidence,0,1.0,Prochlorococcus,,False
PMT9312_0719,Prochlorococcus MIT9312,Prochlorococcus,,uncharacterized conserved secreted protein,Unknown,1,7.0,catch_all_only,1,5.0,Prochlorococcus,WP_011376274.1,True
PMT9312_1700,Prochlorococcus MIT9312,Prochlorococcus,psaC,photosystem I iron-sulfur center subunit VII PsaC,Photosynthesis,1,7.0,informative_multi,3,20.0,"Prochlorococcus, Synechococcus",WP_011377242.1,True
PMT_0307,Prochlorococcus MIT9313,Prochlorococcus,,conserved hypothetical protein,Unknown,1,7.0,informative_multi,3,3.0,Prochlorococcus,WP_011129686.1,True
PMT_1041,Prochlorococcus MIT9313,Prochlorococcus,,conserved hypothetical protein,Unknown,1,7.0,catch_all_only,1,11.0,Prochlorococcus,WP_236069682.1,True
Pro0080,Prochlorococcus marinus subsp. marinus CCMP1375 (SS120),Prochlorococcus,hit,histidine triad (HIT) family protein,Nucleotide metabolism,1,7.0,informative_multi,3,20.0,"Prochlorococcus, Synechococcus",WP_011124235.1,True
Pro0749,Prochlorococcus marinus subsp. marinus CCMP1375 (SS120),Prochlorococcus,,uncharacterized conserved secreted protein (DUF1816),Signal transduction,1,7.0,informative_multi,3,20.0,"Prochlorococcus, Synechococcus",WP_011124901.1,True
Pro0757,Prochlorococcus marinus subsp. marinus CCMP1375 (SS120),Prochlorococcus,dnaG,DNA primase,Replication and repair,1,7.0,informative_multi,3,20.0,"Prochlorococcus, Synechococcus",WP_011124909.1,True
Pro1450,Prochlorococcus marinus subsp. marinus CCMP1375 (SS120),Prochlorococcus,pcb,"divinyl-chlorophyll a/b binding light harvesting protein, photosystem II-associated",Stress response and adaptation,1,7.0,informative_multi,3,41.0,Prochlorococcus,WP_011125601.1,True
Pro1459,Prochlorococcus marinus subsp. marinus CCMP1375 (SS120),Prochlorococcus,cyabrB2,AbrB-like transcriptional regulator involved in photosynthesis regulation,Photosynthesis,1,7.0,informative_multi,3,25.0,"Prochlorococcus, Synechococcus",WP_011125610.1,True
SPO0260,Ruegeria pomeroyi DSS-3,Ruegeria,,alkaline phosphatase D family protein,Inorganic ion transport,1,7.0,informative_multi,3,13.0,"Alteromonas, Ruegeria, Shewanella",WP_011046022.1,True
SPO0379,Ruegeria pomeroyi DSS-3,Ruegeria,tmpC,BMP family lipoprotein,Unknown,1,7.0,informative_multi,3,1.0,Ruegeria,WP_011046140.1,True
SPO1472,Ruegeria pomeroyi DSS-3,Ruegeria,hyuA,hydantoinase/oxoprolinase family protein,Amino acid metabolism,1,7.0,informative_multi,3,4.0,"Pseudomonas, Ruegeria",WP_011047209.1,True
SPO1742,Ruegeria pomeroyi DSS-3,Ruegeria,,TadE/TadG family type IV pilus assembly protein,Unknown,1,7.0,informative_single,2,1.0,Ruegeria,WP_011047476.1,True
SPOA0144,Ruegeria pomeroyi DSS-3,Ruegeria,bhcA,L-aspartate--glyoxylate aminotransferase BhcA,Amino acid metabolism,1,7.0,informative_multi,3,24.0,"Alteromonas, Pseudomonas, Ruegeria, Shewanella",WP_011241925.1,True
SYNPCC7002_C0016,Synechococcus PCC 7002,Picosynechococcus,,hypothetical protein,Unknown,1,7.0,no_evidence,0,,,WP_012308476.1,True
SYNW0044,Synechococcus WH8102,Parasynechococcus,,conserved hypothetical protein,Unknown,1,7.0,catch_all_only,1,9.0,"Prochlorococcus, Synechococcus",,False
SYNW0239,Synechococcus WH8102,Parasynechococcus,,CNNM domain-containing protein,Transport,1,7.0,informative_multi,3,20.0,"Prochlorococcus, Synechococcus",WP_011127115.1,True
SYNW0305,Synechococcus WH8102,Parasynechococcus,ftsH1,cell division protein FtsH1,Cell cycle and division,1,7.0,informative_multi,3,20.0,"Prochlorococcus, Synechococcus",WP_011127179.1,True
SYNW1139,Synechococcus WH8102,Parasynechococcus,,conserved hypothetical protein,Unknown,1,7.0,informative_single,2,3.0,Synechococcus,,False
SYNW1717,Synechococcus WH8102,Parasynechococcus,rbcS,"ribulose bisphosphate carboxylase, small subunit",Photosynthesis,1,7.0,informative_multi,3,20.0,"Prochlorococcus, Synechococcus",WP_006043651.1,True
SYNW1824,Synechococcus WH8102,Parasynechococcus,rplS,50S ribosomal protein L19,Translation,1,7.0,informative_multi,3,20.0,"Prochlorococcus, Synechococcus",WP_011128684.1,True
SYNW2367,Synechococcus WH8102,Parasynechococcus,flv3,flavoprotein involved in Mehler reaction,Carbohydrate metabolism,1,7.0,informative_multi,3,20.0,"Prochlorococcus, Synechococcus",WP_011129220.1,True
SYNW2380,Synechococcus WH8102,Parasynechococcus,,conserved hypothetical protein,Unknown,1,7.0,catch_all_only,1,1.0,Synechococcus,WP_011129233.1,True
Sputw3181_0963,Shewanella sp. W3-18-1,Shewanella,csgG,CsgG/HfaB family protein,Cell wall and membrane,1,7.0,informative_multi,3,11.0,"Alteromonas, Pseudomonas, Shewanella",WP_011788339.1,True
Sputw3181_1408,Shewanella sp. W3-18-1,Shewanella,flgD,flagellar hook assembly protein FlgD,Cell motility,1,7.0,informative_multi,3,13.0,"Alteromonas, Pseudomonas, Ruegeria, Shewanella",WP_011788754.1,True
SynWH7803_1317,Synechococcus WH7803,Synechococcus,chlP,geranylgeranyl reductase,Coenzyme metabolism,1,7.0,informative_multi,3,20.0,"Prochlorococcus, Synechococcus",WP_011933222.1,True
SynWH7803_1449,Synechococcus WH7803,Synechococcus,ompR,two-component system response regulator RR class II (RRII)-OmpR,Regulatory functions,1,7.0,informative_multi,3,5.0,"Prochlorococcus, Synechococcus",WP_041428534.1,True
SynWH7803_1734,Synechococcus WH7803,Synechococcus,pdhA,pyruvate dehydrogenase E1 component complex alpha subunit,Carbohydrate metabolism,1,7.0,informative_multi,3,20.0,"Prochlorococcus, Synechococcus",WP_011933632.1,True
SynWH7803_1841,Synechococcus WH7803,Synechococcus,pilT2,twitching motility protein PilT,Cell wall and membrane,1,7.0,informative_multi,3,8.0,"Prochlorococcus, Synechococcus",WP_011933739.1,True
SynWH7803_1951,Synechococcus WH7803,Synechococcus,pepA,leucine aminopeptidase,Amino acid metabolism,1,7.0,informative_multi,3,20.0,"Prochlorococcus, Synechococcus",WP_011933847.1,True
SynWH7803_2038,Synechococcus WH7803,Synechococcus,purB,adenylosuccinate lyase,Nucleotide metabolism,1,7.0,informative_multi,3,20.0,"Prochlorococcus, Synechococcus",WP_011933929.1,True
SynWH7803_2466,Synechococcus WH7803,Synechococcus,,"type I secretion system ABC transporter, HlyB family",Cellular processes,1,7.0,informative_multi,3,5.0,"Prochlorococcus, Synechococcus",WP_041428709.1,True
sync_2757,Synechococcus CC9311,Synechococcus,,conserved hypothetical protein,Unknown,1,7.0,catch_all_only,1,5.0,"Prochlorococcus, Synechococcus",WP_237699232.1,True
A9601_13051,Prochlorococcus AS9601,Prochlorococcus,hli,high light inducible protein,Stress response and adaptation,1,8.0,informative_multi,3,14.0,Prochlorococcus,WP_002805301.1,True
A9601_15841,Prochlorococcus AS9601,Prochlorococcus,,conserved hypothetical protein,Unknown,1,8.0,catch_all_only,1,9.0,Prochlorococcus,WP_011818998.1,True
ACZ81_02510,Alteromonas macleodii HOT1A3,Alteromonas,,YnfA family protein,Unknown,1,8.0,informative_multi,3,4.0,Alteromonas,WP_157160426.1,True
ACZ81_03285,Alteromonas macleodii HOT1A3,Alteromonas,rpsU,30S ribosomal protein S21,Translation,1,8.0,informative_multi,3,10.0,Alteromonas,WP_012517258.1,True
ACZ81_03785,Alteromonas macleodii HOT1A3,Alteromonas,mlaD,outer membrane lipid asymmetry maintenance protein MlaD,Secondary metabolites,1,8.0,informative_multi,3,10.0,Alteromonas,WP_014948351.1,True
ACZ81_08990,Alteromonas macleodii HOT1A3,Alteromonas,,IS4 family transposase,Replication and repair,1,8.0,informative_multi,3,22.0,Alteromonas,WP_061485165.1,True
ACZ81_09240,Alteromonas macleodii HOT1A3,Alteromonas,sppA,signal peptide peptidase SppA,Post-translational modification,1,8.0,informative_multi,3,10.0,Alteromonas,WP_061485796.1,True
ACZ81_11250,Alteromonas macleodii HOT1A3,Alteromonas,msrQ,protein-methionine-sulfoxide reductase heme-binding subunit MsrQ,Energy production,1,8.0,informative_multi,3,10.0,Alteromonas,WP_014949755.1,True
ACZ81_16155,Alteromonas macleodii HOT1A3,Alteromonas,,sulfite exporter TauE/SafE family protein,Unknown,1,8.0,informative_multi,3,11.0,Alteromonas,WP_061486544.1,True
BL107_05724,Synechococcus sp. BL107,Synechococcus,galM,aldose 1-epimerase family protein,Stress response and adaptation,1,8.0,informative_multi,3,22.0,"Prochlorococcus, Synechococcus",WP_009788372.1,True
DEH24_04200,Alteromonas (MarRef v6),Alteromonas,pgi,glucose-6-phosphate isomerase,Carbohydrate metabolism,1,8.0,informative_multi,3,10.0,Alteromonas,HBY38595.1,True
EZ55_00157,Alteromonas macleodii EZ55,Alteromonas,,MauE/DoxX family redox-associated membrane protein,Post-translational modification,1,8.0,informative_multi,3,18.0,Alteromonas,WP_156085733.1,True
EZ55_00366,Alteromonas macleodii EZ55,Alteromonas,rplP,50S ribosomal protein L16,Translation,1,8.0,informative_multi,3,9.0,Alteromonas,WP_014947979.1,True
EZ55_00797,Alteromonas macleodii EZ55,Alteromonas,,spondin domain-containing protein,Unknown,1,8.0,informative_single,2,7.0,Alteromonas,WP_156085967.1,True
EZ55_01198,Alteromonas macleodii EZ55,Alteromonas,,fatty acid desaturase family protein,Lipid metabolism,1,8.0,informative_multi,3,9.0,Alteromonas,WP_156086098.1,True
EZ55_01449,Alteromonas macleodii EZ55,Alteromonas,trpD,anthranilate phosphoribosyltransferase,Amino acid metabolism,1,8.0,informative_multi,3,10.0,Alteromonas,WP_014978833.1,True
EZ55_01509,Alteromonas macleodii EZ55,Alteromonas,,IS110 family RNA-guided transposase,Replication and repair,1,8.0,informative_multi,3,65.0,"Alteromonas, Pseudomonas, Ruegeria, Shewanella",WP_061485171.1,True
EZ55_02298,Alteromonas macleodii EZ55,Alteromonas,dat,D-amino acid aminotransferase,Amino acid metabolism,1,8.0,informative_multi,3,10.0,Alteromonas,WP_156086502.1,True
H6G84_01695,Synechococcus elongatus PCC 7942,Synechococcus,H6G84_RS01695,hypothetical protein,Unknown,1,8.0,no_evidence,0,,,WP_039755581.1,True
H6G84_04100,Synechococcus elongatus PCC 7942,Synechococcus,H6G84_RS04100,ABC1 kinase family protein,Unknown,1,8.0,informative_multi,3,7.0,Synechococcus,WP_011378187.1,True
H6G84_05440,Synechococcus elongatus PCC 7942,Synechococcus,H6G84_RS05440,YbaB/EbfC family nucleoid-associated protein,Unknown,1,8.0,informative_multi,3,7.0,Synechococcus,WP_011243366.1,True
H6G84_12875,Synechococcus elongatus PCC 7942,Synechococcus,H6G84_RS12875,ABC1 kinase family protein,Unknown,1,8.0,informative_multi,3,7.0,Synechococcus,WP_011243134.1,True
HP15_2051,Marinobacter (MarRef v6),Marinobacter,guaB,IMP dehydrogenase,Nucleotide metabolism,1,8.0,informative_multi,3,74.0,"Alteromonas, Marinobacter, Meiothermus, Prochlorococcus, Pseudomonas, Ruegeria, Shewanella, Synechococcus, Thermosynechococcus",WP_008169151.1,True
HP15_2176,Marinobacter (MarRef v6),Marinobacter,pykA,pyruvate kinase,Carbohydrate metabolism,1,8.0,informative_multi,3,42.0,"Alteromonas, Marinobacter, Meiothermus, Prochlorococcus, Pseudomonas, Ruegeria, Shewanella, Synechococcus, Thermosynechococcus",WP_014577515.1,True
HP15_223,Marinobacter (MarRef v6),Marinobacter,mip,FKBP-type peptidyl-prolyl cis-trans isomerase,Cell wall and membrane,1,8.0,informative_multi,3,58.0,"Alteromonas, Marinobacter, Meiothermus, Prochlorococcus, Pseudomonas, Shewanella, Synechococcus, Thermosynechococcus",WP_008169914.1,True
HP15_2248,Marinobacter (MarRef v6),Marinobacter,nqrF,NADH:ubiquinone reductase (Na(+)-transporting) subunit F,Energy production,1,8.0,informative_multi,3,18.0,"Alteromonas, Marinobacter, Ruegeria, Shewanella",WP_014577567.1,True
HP15_2463,Marinobacter (MarRef v6),Marinobacter,cysN,sulfate adenylyltransferase subunit CysN,Coenzyme metabolism,1,8.0,informative_multi,3,13.0,"Alteromonas, Marinobacter, Pseudomonas, Shewanella",WP_014577759.1,True
HP15_3046,Marinobacter (MarRef v6),Marinobacter,aceE,"pyruvate dehydrogenase (acetyl-transferring), homodimeric type",Energy production,1,8.0,informative_multi,3,14.0,"Alteromonas, Marinobacter, Meiothermus, Pseudomonas, Ruegeria, Shewanella",WP_014578275.1,True
HP15_3195,Marinobacter (MarRef v6),Marinobacter,hisE,phosphoribosyl-ATP diphosphatase,Amino acid metabolism,1,8.0,informative_multi,3,40.0,"Alteromonas, Marinobacter, Meiothermus, Prochlorococcus, Pseudomonas, Ruegeria, Shewanella, Synechococcus, Thermosynechococcus",WP_014578404.1,True
HP15_628,Marinobacter (MarRef v6),Marinobacter,rplI,50S ribosomal protein L9,Translation,1,8.0,informative_multi,3,40.0,"Alteromonas, Marinobacter, Meiothermus, Prochlorococcus, Pseudomonas, Ruegeria, Shewanella, Synechococcus, Thermosynechococcus",WP_008176379.1,True
M744_10440,Synechococcus elongatus UTEX 2973,Synechococcus,nirA,ferredoxin--nitrite reductase,Energy production,1,8.0,informative_multi,3,7.0,Synechococcus,WP_011242624.1,True
M744_10885,Synechococcus elongatus UTEX 2973,Synechococcus,,GTPase family protein,Unknown,1,8.0,informative_multi,3,2.0,Synechococcus,WP_011242709.1,True
M744_11295,Synechococcus elongatus UTEX 2973,Synechococcus,,YbjN domain-containing protein,Unknown,1,8.0,informative_single,2,2.0,Synechococcus,WP_011242785.1,True
M8001_05295,Pseudomonas putida KT2440,Pseudomonas,edd,phosphogluconate dehydratase,Amino acid metabolism,1,8.0,informative_multi,3,15.0,"Alteromonas, Pseudomonas, Ruegeria, Shewanella",WP_003255057.1,True
M8001_10915,Pseudomonas putida KT2440,Pseudomonas,oprF,OmpA family protein,Cell wall and membrane,1,8.0,informative_multi,3,1.0,Pseudomonas,WP_010953090.1,True
M8001_14040,Pseudomonas putida KT2440,Pseudomonas,aldB-II,acetaldehyde dehydrogenase ExaC,Energy production,1,8.0,informative_multi,3,87.0,"Alteromonas, Pseudomonas, Ruegeria, Shewanella",WP_010953599.1,True
M8001_14320,Pseudomonas putida KT2440,Pseudomonas,,DUF1365 domain-containing protein,Unknown,1,8.0,informative_single,2,13.0,"Alteromonas, Pseudomonas, Ruegeria, Shewanella",WP_010953649.1,True
MIT1002_01817,Alteromonas macleodii MIT1002,Alteromonas,,hypothetical protein,Unknown,1,8.0,no_evidence,0,,,WP_155279892.1,True
NATL1_12121,Prochlorococcus NATL1A,Prochlorococcus,,conserved hypothetical protein,Unknown,1,8.0,no_evidence,0,3.0,Prochlorococcus,WP_011823851.1,True
NATL1_14411,Prochlorococcus NATL1A,Prochlorococcus,,conserved hypothetical protein,Unknown,1,8.0,catch_all_only,1,9.0,"Prochlorococcus, Synechococcus",WP_011824027.1,True
P9301_07601,Prochlorococcus MIT9301,Prochlorococcus,,conserved hypothetical protein,Unknown,1,8.0,catch_all_only,1,9.0,Prochlorococcus,WP_011862745.1,True
P9301_13191,Prochlorococcus MIT9301,Prochlorococcus,hli,high light inducible protein,Stress response and adaptation,1,8.0,informative_multi,3,14.0,Prochlorococcus,WP_011863258.1,True
PMM0092,Prochlorococcus MED4,Prochlorococcus,,conserved hypothetical protein,Unknown,1,8.0,catch_all_only,1,20.0,"Prochlorococcus, Synechococcus",WP_042115974.1,True
PMM0461,Prochlorococcus MED4,Prochlorococcus,petA,apocytochrome f,Photosynthesis,1,8.0,informative_multi,3,20.0,"Prochlorococcus, Synechococcus",WP_011132097.1,True
PMM0481,Prochlorococcus MED4,Prochlorococcus,yajQ,cyclic-di-GMP-binding protein,Signal transduction,1,8.0,informative_multi,3,20.0,"Prochlorococcus, Synechococcus",WP_011132116.1,True
PMM0537,Prochlorococcus MED4,Prochlorococcus,trpF,N-(5^phosphoribosyl)anthranilate isomerase,Amino acid metabolism,1,8.0,informative_multi,3,20.0,"Prochlorococcus, Synechococcus",WP_011132172.1,True
PMM0582,Prochlorococcus MED4,Prochlorococcus,,short chain dehydrogenase family protein,Carbohydrate metabolism,1,8.0,informative_multi,3,20.0,"Prochlorococcus, Synechococcus",WP_011132216.1,True
PMM0719,Prochlorococcus MED4,Prochlorococcus,,conserved hypothetical protein (DUF3764),Unknown,1,8.0,informative_single,2,22.0,"Prochlorococcus, Synechococcus",WP_011132353.1,True
PMM0723,Prochlorococcus MED4,Prochlorococcus,pstC,ABC-type phosphate transport system permease component,Stress response and adaptation,1,8.0,informative_multi,3,20.0,"Prochlorococcus, Synechococcus",WP_011132357.1,True
PMM0936,Prochlorococcus MED4,Prochlorococcus,umuD,"DNA polymerase V, subunit D",Replication and repair,1,8.0,informative_multi,3,20.0,"Prochlorococcus, Synechococcus",WP_011132569.1,True
PMM1284,Prochlorococcus MED4,Prochlorococcus,phoH,phosphate starvation-inducible protein,Stress response and adaptation,1,8.0,informative_multi,3,20.0,"Prochlorococcus, Synechococcus",WP_011132918.1,True
PMM1438,Prochlorococcus MED4,Prochlorococcus,atpB,ATP synthase beta chain,Photosynthesis,1,8.0,informative_multi,3,20.0,"Prochlorococcus, Synechococcus",WP_011133067.1,True
PMM1463,Prochlorococcus MED4,Prochlorococcus,glnB,nitrogen regulatory protein P-II,Stress response and adaptation,1,8.0,informative_multi,3,20.0,"Prochlorococcus, Synechococcus",WP_011133091.1,True
PMM1633,Prochlorococcus MED4,Prochlorococcus,,conserved hypothetical protein,Unknown,1,8.0,catch_all_only,1,20.0,"Prochlorococcus, Synechococcus",WP_011133260.1,True
PMM1881,Prochlorococcus MED4,Prochlorococcus,,Conserved hypothetical protein,Unknown,1,8.0,no_evidence,0,13.0,Prochlorococcus,WP_011820175.1,True
PMM1966,Prochlorococcus MED4,Prochlorococcus,,conserved hypothetical protein,Unknown,1,8.0,catch_all_only,1,20.0,"Prochlorococcus, Synechococcus",WP_036930560.1,True
PMN2A_0411,Prochlorococcus NATL2A,Prochlorococcus,cyabrB2,AbrB-like transcriptional regulator involved in photosynthesis regulation,Photosynthesis,1,8.0,informative_multi,3,25.0,"Prochlorococcus, Synechococcus",WP_011293945.1,True
PMN2A_0442,Prochlorococcus NATL2A,Prochlorococcus,PMN2A_RS05230,conserved hypothetical protein,Unknown,1,8.0,no_evidence,0,3.0,Prochlorococcus,WP_011294541.1,True
PMN2A_0550,Prochlorococcus NATL2A,Prochlorococcus,PMN2A_RS05835,uncharacterized conserved membrane protein,Unknown,1,8.0,catch_all_only,1,14.0,Prochlorococcus,WP_011294647.1,True
PMN2A_0551,Prochlorococcus NATL2A,Prochlorococcus,hli,high light inducible protein,Stress response and adaptation,1,8.0,informative_multi,3,33.0,Prochlorococcus,WP_011294605.1,True
PMN2A_0641,Prochlorococcus NATL2A,Prochlorococcus,plsC2,1-acyl-sn-glycerol-3-phosphate acyltransferase,Lipid metabolism,1,8.0,informative_multi,3,20.0,"Prochlorococcus, Synechococcus",WP_011294730.1,True
PMN2A_0728,Prochlorococcus NATL2A,Prochlorococcus,PMN2A_RS06805,FAD binding domain of DNA photolyase,Stress response and adaptation,1,8.0,informative_multi,3,13.0,Prochlorococcus,WP_011294817.1,True
PMN2A_1612,Prochlorococcus NATL2A,Prochlorococcus,ntcA,global nitrogen regulatory protein,Stress response and adaptation,1,8.0,informative_multi,3,20.0,"Prochlorococcus, Synechococcus",WP_011294245.1,True
PMN2A_1715,Prochlorococcus NATL2A,Prochlorococcus,hli,high light inducible protein,Stress response and adaptation,1,8.0,informative_multi,3,12.0,Prochlorococcus,WP_011294349.1,True
PMT0279,Prochlorococcus MIT9313,Prochlorococcus,,conserved hypothetical protein,Unknown,1,8.0,catch_all_only,1,3.0,Prochlorococcus,,False
PMT0287,Prochlorococcus MIT9313,Prochlorococcus,idiA2,iron deficiency-induced protein A,Stress response and adaptation,1,8.0,informative_multi,3,18.0,"Prochlorococcus, Synechococcus",WP_011129666.1,True
PMT0631,Prochlorococcus MIT9313,Prochlorococcus,,conserved hypothetical protein,Unknown,1,8.0,no_evidence,0,2.0,Prochlorococcus,,False
PMT0818,Prochlorococcus MIT9313,Prochlorococcus,,S4 domain-containing protein,Unknown,1,8.0,informative_multi,3,20.0,"Prochlorococcus, Synechococcus",WP_041384988.1,True
PMT0916,Prochlorococcus MIT9313,Prochlorococcus,,conserved hypothetical protein,Unknown,1,8.0,no_evidence,0,2.0,Prochlorococcus,,False
PMT1024,Prochlorococcus MIT9313,Prochlorococcus,,ion transport family protein,Transport,1,8.0,informative_multi,3,11.0,"Prochlorococcus, Synechococcus",WP_041384440.1,True
PMT1152,Prochlorococcus MIT9313,Prochlorococcus,hli,high light inducible protein,Stress response and adaptation,1,8.0,informative_multi,3,2.0,Prochlorococcus,,False
PMT2081,Prochlorococcus MIT9313,Prochlorococcus,,conserved hypothetical protein,Unknown,1,8.0,catch_all_only,1,20.0,"Prochlorococcus, Synechococcus",WP_011131445.1,True
PMT2189,Prochlorococcus MIT9313,Prochlorococcus,evrB,"ATP-binding cassette-type viologen exporter, permease component",Stress response and adaptation,1,8.0,informative_multi,3,19.0,"Prochlorococcus, Synechococcus",WP_011131553.1,True
PMT9312_0247,Prochlorococcus MIT9312,Prochlorococcus,cobO2,cob(I)alamin adenosyltransferase,Coenzyme metabolism,1,8.0,informative_multi,3,20.0,"Prochlorococcus, Synechococcus",WP_011375812.1,True
PMT9312_0894,Prochlorococcus MIT9312,Prochlorococcus,psaK,photosystem I reaction center subunit X,Photosynthesis,1,8.0,informative_multi,3,21.0,"Prochlorococcus, Synechococcus",WP_011376448.1,True
PMT9312_1169,Prochlorococcus MIT9312,Prochlorococcus,,NADPH-dependent reductase,Carbohydrate metabolism,1,8.0,informative_multi,3,6.0,Prochlorococcus,WP_011376718.1,True
PMT_2702,Prochlorococcus MIT9313,Prochlorococcus,,Hypothetical protein,Unknown,1,8.0,no_evidence,0,1.0,Prochlorococcus,,False
Pro0262,Prochlorococcus marinus subsp. marinus CCMP1375 (SS120),Prochlorococcus,pyrB,aspartate carbamoyltransferase,Nucleotide metabolism,1,8.0,informative_multi,3,20.0,"Prochlorococcus, Synechococcus",WP_011124417.1,True
Pro0335,Prochlorococcus marinus subsp. marinus CCMP1375 (SS120),Prochlorococcus,uvrD,DNA-dependent ATPase I and helicase II,Replication and repair,1,8.0,informative_multi,3,20.0,"Prochlorococcus, Synechococcus",WP_011124490.1,True
Pro0740,Prochlorococcus marinus subsp. marinus CCMP1375 (SS120),Prochlorococcus,msrA1,peptide methionine sulfoxide reductase,Stress response and adaptation,1,8.0,informative_multi,3,20.0,"Prochlorococcus, Synechococcus",WP_011124892.1,True
Pro1167,Prochlorococcus marinus subsp. marinus CCMP1375 (SS120),Prochlorococcus,pcb,"divinyl-chlorophyll a/b binding light harvesting protein, photosystem II-associated",Stress response and adaptation,1,8.0,informative_multi,3,41.0,Prochlorococcus,WP_011125319.1,True
Pro1721,Prochlorococcus marinus subsp. marinus CCMP1375 (SS120),Prochlorococcus,,putative fructosamine 3-kinase,Carbohydrate metabolism,1,8.0,informative_multi,3,20.0,"Prochlorococcus, Synechococcus",WP_011125870.1,True
SPO0047,Ruegeria pomeroyi DSS-3,Ruegeria,thiG,thiazole synthase,Coenzyme metabolism,1,8.0,informative_multi,3,13.0,"Alteromonas, Pseudomonas, Ruegeria, Shewanella",WP_011045820.1,True
SPO0483,Ruegeria pomeroyi DSS-3,Ruegeria,,phage tail protein,Unknown,1,8.0,informative_multi,3,2.0,"Ruegeria, Shewanella",WP_011046243.1,True
SPO2443,Ruegeria pomeroyi DSS-3,Ruegeria,opuAA,quaternary amine ABC transporter ATP-binding protein,Amino acid metabolism,1,8.0,informative_multi,3,5.0,"Pseudomonas, Ruegeria",WP_011048152.1,True
SYNPCC7002_A1377,Synechococcus PCC 7002,Picosynechococcus,,NAD(P)/FAD-dependent oxidoreductase,Unknown,1,8.0,informative_multi,3,3.0,Synechococcus,WP_012306996.1,True
SYNPCC7002_E0012,Synechococcus PCC 7002,Picosynechococcus,,DNA cytosine methyltransferase,Replication and repair,1,8.0,informative_multi,3,1.0,Synechococcus,WP_012308518.1,True
SYNW0156,Synechococcus WH8102,Parasynechococcus,glgP,glycogen phosphorylase,Stress response and adaptation,1,8.0,informative_multi,3,20.0,"Prochlorococcus, Synechococcus",WP_011127032.1,True
SYNW0318,Synechococcus WH8102,Parasynechococcus,ftrC,"ferredoxin-thioredoxin reductase, catalytic subunit",Carbohydrate metabolism,1,8.0,informative_multi,3,4.0,Synechococcus,WP_011127192.1,True
SYNW0765,Synechococcus WH8102,Parasynechococcus,,glutaredoxin family protein,Energy production,1,8.0,informative_multi,3,19.0,"Prochlorococcus, Synechococcus",WP_011127630.1,True
SYNW1416,Synechococcus WH8102,Parasynechococcus,,"ABC-type nitrate/sulfonate/bicarbonate transport system, permease component",Transport,1,8.0,informative_multi,3,1.0,Synechococcus,WP_011128280.1,True
SYNW2244,Synechococcus WH8102,Parasynechococcus,,conserved hypothetical protein,Unknown,1,8.0,catch_all_only,1,1.0,Synechococcus,WP_011129097.1,True
SYNW2267,Synechococcus WH8102,Parasynechococcus,metF,"5,10-methylenetetrahydrofolate reductase",Central intermediary metabolism,1,8.0,informative_multi,3,20.0,"Prochlorococcus, Synechococcus",WP_011129120.1,True
SYNW2375,Synechococcus WH8102,Parasynechococcus,gcvH,glycine cleavage system H protein,Amino acid metabolism,1,8.0,informative_multi,3,20.0,"Prochlorococcus, Synechococcus",WP_011129228.1,True
SYNW2434,Synechococcus WH8102,Parasynechococcus,gpgP,glucosyl-3-phosphoglycerate phosphatase,Stress response and adaptation,1,8.0,informative_multi,3,18.0,"Prochlorococcus, Synechococcus",WP_011129287.1,True
SYNW2515,Synechococcus WH8102,Parasynechococcus,,conserved hypothetical protein,Unknown,1,8.0,informative_single,2,19.0,"Prochlorococcus, Synechococcus",WP_011129368.1,True
Sputw3181_2857,Shewanella sp. W3-18-1,Shewanella,malQ,4-alpha-glucanotransferase,Carbohydrate metabolism,1,8.0,informative_multi,3,12.0,"Alteromonas, Pseudomonas, Shewanella",WP_011790129.1,True
Sputw3181_2865,Shewanella sp. W3-18-1,Shewanella,aceA,isocitrate lyase,Energy production,1,8.0,informative_multi,3,14.0,"Alteromonas, Pseudomonas, Shewanella",WP_011790137.1,True
SynWH7803_0296,Synechococcus WH7803,Synechococcus,lytB,4-hydroxy-3-methylbut-2-enyl diphosphate reductase,Coenzyme metabolism,1,8.0,informative_multi,3,20.0,"Prochlorococcus, Synechococcus",WP_011932224.1,True
SynWH7803_0415,Synechococcus WH7803,Synechococcus,adk,adenylate kinase,Nucleotide metabolism,1,8.0,informative_multi,3,20.0,"Prochlorococcus, Synechococcus",WP_011932334.1,True
SynWH7803_0750,Synechococcus WH7803,Synechococcus,,conserved hypothetical protein,Unknown,1,8.0,catch_all_only,1,20.0,"Prochlorococcus, Synechococcus",WP_011932659.1,True
SynWH7803_1071,Synechococcus WH7803,Synechococcus,,conserved hypothetical protein,Unknown,1,8.0,catch_all_only,1,4.0,Synechococcus,WP_011932979.1,True
SynWH7803_1407,Synechococcus WH7803,Synechococcus,metY,O-acetylhomoserine aminocarboxypropyltransferase,Amino acid metabolism,1,8.0,informative_multi,3,20.0,"Prochlorococcus, Synechococcus",WP_011933311.1,True
SynWH7803_1592,Synechococcus WH7803,Synechococcus,trxA,m-type thioredoxin,Stress response and adaptation,1,8.0,informative_multi,3,20.0,"Prochlorococcus, Synechococcus",WP_006041767.1,True
SynWH7803_1695,Synechococcus WH7803,Synechococcus,,conserved hypothetical protein,Carbohydrate metabolism,1,8.0,informative_multi,3,6.0,"Prochlorococcus, Synechococcus",WP_011933593.1,True
sync_0840,Synechococcus CC9311,Synechococcus,,conserved hypothetical protein,Unknown,1,8.0,no_evidence,0,1.0,Synechococcus,,False
A9601_12911,Prochlorococcus AS9601,Prochlorococcus,,conserved hypothetical protein,Unknown,1,9.0,no_evidence,0,6.0,Prochlorococcus,,False
A9601_18411,Prochlorococcus AS9601,Prochlorococcus,,conserved hypothetical protein,Cell cycle and division,1,9.0,informative_multi,3,9.0,Prochlorococcus,WP_011819243.1,True
ACZ81_03545,Alteromonas macleodii HOT1A3,Alteromonas,,hypothetical protein,Unknown,1,9.0,no_evidence,0,10.0,Alteromonas,WP_014997360.1,True
ACZ81_03645,Alteromonas macleodii HOT1A3,Alteromonas,,cupredoxin domain-containing protein,Unknown,1,9.0,informative_single,2,8.0,Alteromonas,WP_014975719.1,True
ACZ81_04190,Alteromonas macleodii HOT1A3,Alteromonas,,MipA/OmpV family protein,Cell wall and membrane,1,9.0,informative_multi,3,9.0,Alteromonas,WP_061484829.1,True
ACZ81_04720,Alteromonas macleodii HOT1A3,Alteromonas,,IS4 family transposase,Replication and repair,1,9.0,informative_multi,3,20.0,Alteromonas,WP_061439181.1,True
ACZ81_08225,Alteromonas macleodii HOT1A3,Alteromonas,,alpha/beta fold hydrolase,Unknown,1,9.0,informative_single,2,9.0,Alteromonas,WP_049586509.1,True
ACZ81_17285,Alteromonas macleodii HOT1A3,Alteromonas,rpsK,30S ribosomal protein S11,Translation,1,9.0,informative_multi,3,9.0,Alteromonas,WP_012519215.1,True
DEH24_18145,Alteromonas (MarRef v6),Alteromonas,fabB,beta-ketoacyl-ACP synthase I,Lipid metabolism,1,9.0,informative_multi,3,10.0,Alteromonas,HBY41356.1,True
EZ55_00109,Alteromonas macleodii EZ55,Alteromonas,,acyl-CoA dehydrogenase family protein,Lipid metabolism,1,9.0,informative_multi,3,9.0,Alteromonas,WP_156085708.1,True
EZ55_00312,Alteromonas macleodii EZ55,Alteromonas,cheD,chemoreceptor glutamine deamidase CheD,Cell motility,1,9.0,informative_multi,3,14.0,Alteromonas,WP_156085798.1,True
EZ55_00367,Alteromonas macleodii EZ55,Alteromonas,rpmC,50S ribosomal protein L29,Translation,1,9.0,informative_multi,3,9.0,Alteromonas,WP_014947980.1,True
EZ55_00777,Alteromonas macleodii EZ55,Alteromonas,,SDR family oxidoreductase,Unknown,1,9.0,informative_multi,3,8.0,Alteromonas,WP_156085959.1,True
EZ55_00782,Alteromonas macleodii EZ55,Alteromonas,,TVP38/TMEM64 family protein,Unknown,1,9.0,informative_multi,3,16.0,"Alteromonas, Shewanella",WP_049586145.1,True
EZ55_00896,Alteromonas macleodii EZ55,Alteromonas,hutU,urocanate hydratase,Amino acid metabolism,1,9.0,informative_multi,3,10.0,Alteromonas,WP_156085993.1,True
EZ55_00954,Alteromonas macleodii EZ55,Alteromonas,leuC,3-isopropylmalate dehydratase large subunit,Amino acid metabolism,1,9.0,informative_multi,3,9.0,Alteromonas,WP_061094370.1,True
EZ55_01395,Alteromonas macleodii EZ55,Alteromonas,,RimK family protein,Coenzyme metabolism,1,9.0,informative_multi,3,10.0,Alteromonas,WP_156086152.1,True
EZ55_01777,Alteromonas macleodii EZ55,Alteromonas,,DUF3718 domain-containing protein,Unknown,1,9.0,informative_single,2,18.0,Alteromonas,WP_014949235.1,True
EZ55_01815,Alteromonas macleodii EZ55,Alteromonas,ahpF,alkyl hydroperoxide reductase subunit F,Post-translational modification,1,9.0,informative_multi,3,10.0,Alteromonas,WP_014976359.1,True
EZ55_03243,Alteromonas macleodii EZ55,Alteromonas,,DUF4331 domain-containing protein,Unknown,1,9.0,informative_single,2,10.0,Alteromonas,WP_156086878.1,True
H6G84_01435,Synechococcus elongatus PCC 7942,Synechococcus,glnT,type III glutamate--ammonia ligase,Amino acid metabolism,1,9.0,informative_multi,3,2.0,Synechococcus,WP_011378394.1,True
H6G84_02920,Synechococcus elongatus PCC 7942,Synechococcus,psbV,photosystem II cytochrome c-550,Energy production,1,9.0,informative_multi,3,7.0,Synechococcus,WP_039755617.1,True
H6G84_09265,Synechococcus elongatus PCC 7942,Synechococcus,H6G84_RS09265,HD domain-containing phosphohydrolase,Signal transduction,1,9.0,informative_multi,3,2.0,Synechococcus,WP_011242714.1,True
H6G84_11670,Synechococcus elongatus PCC 7942,Synechococcus,H6G84_RS11670,PhzF family phenazine biosynthesis protein,Unknown,1,9.0,informative_multi,3,3.0,Synechococcus,WP_011242368.1,True
HP15_1792,Marinobacter (MarRef v6),Marinobacter,metH,methionine synthase,Amino acid metabolism,1,9.0,informative_multi,3,42.0,"Alteromonas, Marinobacter, Meiothermus, Prochlorococcus, Pseudomonas, Ruegeria, Shewanella, Synechococcus, Thermosynechococcus",WP_014577161.1,True
HP15_2080,Marinobacter (MarRef v6),Marinobacter,clpA,ATP-dependent Clp protease ATP-binding subunit ClpA,Post-translational modification,1,9.0,informative_multi,3,112.0,"Alteromonas, Marinobacter, Meiothermus, Prochlorococcus, Pseudomonas, Ruegeria, Shewanella, Synechococcus, Thermosynechococcus",WP_014577423.1,True
HP15_2214,Marinobacter (MarRef v6),Marinobacter,fabD,ACP S-malonyltransferase,Lipid metabolism,1,9.0,informative_multi,3,41.0,"Alteromonas, Marinobacter, Meiothermus, Prochlorococcus, Pseudomonas, Ruegeria, Shewanella, Synechococcus, Thermosynechococcus",WP_041645307.1,True
HP15_389,Marinobacter (MarRef v6),Marinobacter,rpsQ,30S ribosomal protein S17,Translation,1,9.0,informative_multi,3,42.0,"Alteromonas, Marinobacter, Meiothermus, Prochlorococcus, Pseudomonas, Ruegeria, Shewanella, Synechococcus, Thermosynechococcus",WP_008174879.1,True
HP15_428,Marinobacter (MarRef v6),Marinobacter,glnA,glutamate--ammonia ligase,Amino acid metabolism,1,9.0,informative_multi,3,60.0,"Alteromonas, Marinobacter, Meiothermus, Prochlorococcus, Pseudomonas, Ruegeria, Shewanella, Synechococcus, Thermosynechococcus",WP_014575989.1,True
M744_06705,Synechococcus elongatus UTEX 2973,Synechococcus,pdhA,pyruvate dehydrogenase (acetyl-transferring) E1 component subunit alpha,Energy production,1,9.0,informative_multi,3,7.0,Synechococcus,WP_011244460.1,True
M744_07195,Synechococcus elongatus UTEX 2973,Synechococcus,cobG,precorrin-3B synthase,Energy production,1,9.0,informative_multi,3,2.0,Synechococcus,WP_011244553.1,True
M744_13305,Synechococcus elongatus UTEX 2973,Synechococcus,psbB,photosystem II chlorophyll-binding protein CP47,Inorganic ion transport,1,9.0,informative_multi,3,7.0,Synechococcus,WP_011243145.1,True
M8001_02180,Pseudomonas putida KT2440,Pseudomonas,,ABC transporter substrate-binding protein,Amino acid metabolism,1,9.0,informative_multi,3,5.0,"Pseudomonas, Ruegeria",WP_010951750.1,True
M8001_14035,Pseudomonas putida KT2440,Pseudomonas,pedH,PQQ-dependent alcohol dehydrogenase PedH,Carbohydrate metabolism,1,9.0,informative_multi,3,20.0,"Alteromonas, Pseudomonas, Ruegeria",WP_010953598.1,True
M8001_19090,Pseudomonas putida KT2440,Pseudomonas,,LysE family translocator,Amino acid metabolism,1,9.0,informative_multi,3,2.0,"Alteromonas, Pseudomonas",WP_010954494.1,True
M8001_21905,Pseudomonas putida KT2440,Pseudomonas,sucA,2-oxoglutarate dehydrogenase E1 component,Energy production,1,9.0,informative_multi,3,13.0,"Alteromonas, Pseudomonas, Ruegeria, Shewanella",WP_010954951.1,True
MIT1002_01568,Alteromonas macleodii MIT1002,Alteromonas,,diguanylate cyclase,Signal transduction,1,9.0,informative_multi,3,9.0,Alteromonas,WP_049588799.1,True
MIT1002_03384,Alteromonas macleodii MIT1002,Alteromonas,,PspC domain-containing protein,Transcription,1,9.0,informative_multi,3,10.0,Alteromonas,WP_014950723.1,True
NATL1_05011,Prochlorococcus NATL1A,Prochlorococcus,ctaA,cytochrome oxidase biogenesis protein,Coenzyme metabolism,1,9.0,informative_multi,3,20.0,"Prochlorococcus, Synechococcus",WP_011823246.1,True
NATL1_09171,Prochlorococcus NATL1A,Prochlorococcus,,conserved hypothetical protein,Unknown,1,9.0,informative_single,2,5.0,Prochlorococcus,WP_011823613.1,True
P9301_08671,Prochlorococcus MIT9301,Prochlorococcus,,"possible transcriptional regulator of iron metabolism, Crp/Fnr family protein",Stress response and adaptation,1,9.0,informative_multi,3,18.0,"Prochlorococcus, Synechococcus",WP_011862839.1,True
P9301_13201,Prochlorococcus MIT9301,Prochlorococcus,hli,high light inducible protein,Stress response and adaptation,1,9.0,informative_multi,3,33.0,Prochlorococcus,,False
PMM0014,Prochlorococcus MED4,Prochlorococcus,dusA,tRNA dihydrouridine synthase,Translation,1,9.0,informative_multi,3,20.0,"Prochlorococcus, Synechococcus",WP_011131652.1,True
PMM0265,Prochlorococcus MED4,Prochlorococcus,,doxX family protein,Unknown,1,9.0,informative_multi,3,17.0,"Prochlorococcus, Synechococcus",WP_011131902.1,True
PMM0306,Prochlorococcus MED4,Prochlorococcus,cpeS,phycoerythrobilin:Cys-82 beta-phycoerythrin lyase,Photosynthesis,1,9.0,informative_multi,3,20.0,"Prochlorococcus, Synechococcus",WP_011131943.1,True
PMM0684,Prochlorococcus MED4,Prochlorococcus,,conserved hypothetical protein (DUF1651),Unknown,1,9.0,informative_single,2,13.0,Prochlorococcus,WP_036930839.1,True
PMM0906,Prochlorococcus MED4,Prochlorococcus,psaK,photosystem I reaction center subunit X,Photosynthesis,1,9.0,informative_multi,3,21.0,"Prochlorococcus, Synechococcus",WP_011132539.1,True
PMM0974,Prochlorococcus MED4,Prochlorococcus,urtE,"ABC-type urea transporter, ATPase component UrtE",Stress response and adaptation,1,9.0,informative_multi,3,17.0,"Prochlorococcus, Synechococcus",WP_011132607.1,True
PMM1003,Prochlorococcus MED4,Prochlorococcus,,conserved hypothetical protein,Unknown,1,9.0,catch_all_only,1,9.0,Prochlorococcus,WP_173028013.1,True
PMM1053,Prochlorococcus MED4,Prochlorococcus,,5-formyltetrahydrofolate cyclo-ligase,Central intermediary metabolism,1,9.0,informative_multi,3,20.0,"Prochlorococcus, Synechococcus",WP_011132686.1,True
PMM1424,Prochlorococcus MED4,Prochlorococcus,,possible Uncharacterized protein family UPF003,Unknown,1,9.0,no_evidence,0,6.0,Prochlorococcus,WP_011133053.1,True
PMM1429,Prochlorococcus MED4,Prochlorococcus,,conserved hypothetical protein (DUF2811),Unknown,1,9.0,informative_single,2,21.0,"Prochlorococcus, Synechococcus",WP_011133058.1,True
PMN2A_0238,Prochlorococcus NATL2A,Prochlorococcus,PMN2A_RS04125,conserved hypothetical protein,Unknown,1,9.0,catch_all_only,1,14.0,Prochlorococcus,WP_011293772.1,True
PMN2A_0685,Prochlorococcus NATL2A,Prochlorococcus,PMN2A_RS06595,conserved hypothetical protein,Unknown,1,9.0,catch_all_only,1,9.0,"Prochlorococcus, Synechococcus",WP_011294774.1,True
PMN2A_1074,Prochlorococcus NATL2A,Prochlorococcus,tuf,elongation factor EF-Tu,Translation,1,9.0,informative_multi,3,20.0,"Prochlorococcus, Synechococcus",WP_011295418.1,True
PMN2A_1451,Prochlorococcus NATL2A,Prochlorococcus,PMN2A_RS00645,conserved hypothetical protein,Unknown,1,9.0,informative_multi,3,19.0,"Prochlorococcus, Synechococcus",WP_011294083.1,True
PMN2A_1712,Prochlorococcus NATL2A,Prochlorococcus,PMN2A_RS02005,"possible 7S seed storage protein, N-terminal doma",Unknown,1,9.0,informative_single,2,9.0,Prochlorococcus,WP_011294346.1,True
PMT0365,Prochlorococcus MIT9313,Prochlorococcus,,conserved membrane protein,Unknown,1,9.0,informative_multi,3,20.0,"Prochlorococcus, Synechococcus",WP_011129744.1,True
PMT0624,Prochlorococcus MIT9313,Prochlorococcus,,uncharacterised protein family UPF0102,Transport,1,9.0,informative_multi,3,6.0,"Prochlorococcus, Synechococcus",WP_011130003.1,True
PMT1021,Prochlorococcus MIT9313,Prochlorococcus,,hypothetical protein,Unknown,1,9.0,catch_all_only,1,1.0,Prochlorococcus,,False
PMT1220,Prochlorococcus MIT9313,Prochlorococcus,psaM,photosystem I reaction centre subunit XII,Stress response and adaptation,1,9.0,informative_multi,3,20.0,"Prochlorococcus, Synechococcus",WP_011130590.1,True
PMT1288,Prochlorococcus MIT9313,Prochlorococcus,,2OG-Fe(II) oxygenase family protein,Unknown,1,9.0,informative_single,2,9.0,"Prochlorococcus, Synechococcus",WP_419177144.1,True
PMT1290,Prochlorococcus MIT9313,Prochlorococcus,,glycosyltransferase 2 family protein,Unknown,1,9.0,informative_multi,3,20.0,"Prochlorococcus, Synechococcus",WP_011130659.1,True
PMT2059,Prochlorococcus MIT9313,Prochlorococcus,menA,"1,4-dihydroxy-2-naphthoate phytyltransferase",Coenzyme metabolism,1,9.0,informative_multi,3,20.0,"Prochlorococcus, Synechococcus",WP_011131424.1,True
PMT9312_1175,Prochlorococcus MIT9312,Prochlorococcus,,conserved hypothetical protein,Unknown,1,9.0,catch_all_only,1,13.0,Prochlorococcus,WP_011376724.1,True
PMT9312_1480,Prochlorococcus MIT9312,Prochlorococcus,hli,high light inducible protein,Stress response and adaptation,1,9.0,informative_multi,3,40.0,Prochlorococcus,WP_011377023.1,True
PMT9312_1919,Prochlorococcus MIT9312,Prochlorococcus,,conserved hypothetical protein,Unknown,1,9.0,no_evidence,0,5.0,Prochlorococcus,,False
Pro0247,Prochlorococcus marinus subsp. marinus CCMP1375 (SS120),Prochlorococcus,,conserved hypothetical protein,Unknown,1,9.0,catch_all_only,1,20.0,"Prochlorococcus, Synechococcus",WP_011124402.1,True
Pro1449,Prochlorococcus marinus subsp. marinus CCMP1375 (SS120),Prochlorococcus,,Predicted protein family PM-20,Unknown,1,9.0,no_evidence,0,1.0,Prochlorococcus,WP_011125600.1,True
Pro1521,Prochlorococcus marinus subsp. marinus CCMP1375 (SS120),Prochlorococcus,ydiU,ACR YdiU/UPF0061 family protein,Unknown,1,9.0,informative_multi,3,20.0,"Prochlorococcus, Synechococcus",WP_011125671.1,True
Pro1577,Prochlorococcus marinus subsp. marinus CCMP1375 (SS120),Prochlorococcus,gap3,glyceraldehyde-3-phosphate dehydrogenase,Stress response and adaptation,1,9.0,informative_multi,3,16.0,"Prochlorococcus, Synechococcus",WP_011125727.1,True
Pro1703,Prochlorococcus marinus subsp. marinus CCMP1375 (SS120),Prochlorococcus,rpsQ,30S ribosomal protein S17,Translation,1,9.0,informative_multi,3,20.0,"Prochlorococcus, Synechococcus",WP_011125852.1,True
SPO1159,Ruegeria pomeroyi DSS-3,Ruegeria,,DUF2147 domain-containing protein,Unknown,1,9.0,informative_single,2,1.0,Ruegeria,WP_011046905.1,True
SPO1953,Ruegeria pomeroyi DSS-3,Ruegeria,phoB,phosphate regulon transcriptional regulator PhoB,Transcription,1,9.0,informative_multi,3,13.0,"Alteromonas, Pseudomonas, Ruegeria, Shewanella",WP_011047684.1,True
SPO3291,Ruegeria pomeroyi DSS-3,Ruegeria,,ABC transporter substrate-binding protein,Amino acid metabolism,1,9.0,informative_multi,3,5.0,"Alteromonas, Pseudomonas, Ruegeria",WP_011048974.1,True
SYNPCC7002_A0228,Synechococcus PCC 7002,Picosynechococcus,rub,rubredoxin,Energy production,1,9.0,informative_multi,3,7.0,Synechococcus,WP_012305864.1,True
SYNPCC7002_A1877,Synechococcus PCC 7002,Picosynechococcus,,hypothetical protein,Unknown,1,9.0,no_evidence,0,1.0,Synechococcus,WP_012307488.1,True
SYNW0034,Synechococcus WH8102,Parasynechococcus,accB,"acetyl-CoA carboxylase, biotin carboxyl carrier protein",Lipid metabolism,1,9.0,informative_multi,3,20.0,"Prochlorococcus, Synechococcus",WP_011126912.1,True
SYNW0102,Synechococcus WH8102,Parasynechococcus,rpoD8,"RNA polymerase sigma factor, type II",Stress response and adaptation,1,9.0,informative_multi,3,24.0,"Prochlorococcus, Synechococcus",WP_011126980.1,True
SYNW0928,Synechococcus WH8102,Parasynechococcus,recR,recombination protein RecR,Replication and repair,1,9.0,informative_multi,3,20.0,"Prochlorococcus, Synechococcus",WP_011127793.1,True
SYNW1109,Synechococcus WH8102,Parasynechococcus,typA,GTP-binding protein TypA/BipA,Translation,1,9.0,informative_multi,3,20.0,"Prochlorococcus, Synechococcus",WP_011127974.1,True
SYNW1775,Synechococcus WH8102,Parasynechococcus,cutA,periplasmic divalent cation tolerance protein,Cellular processes,1,9.0,informative_multi,3,18.0,"Prochlorococcus, Synechococcus",WP_011128635.1,True
SYNW2213,Synechococcus WH8102,Parasynechococcus,crtQ,"9,9^-di-cis-zeta-carotene desaturase",Coenzyme metabolism,1,9.0,informative_multi,3,20.0,"Prochlorococcus, Synechococcus",WP_011129069.1,True
SYNW2499,Synechococcus WH8102,Parasynechococcus,aroF,3-deoxy-7-phosphoheptulonate synthase,Amino acid metabolism,1,9.0,informative_multi,3,20.0,"Prochlorococcus, Synechococcus",WP_011129352.1,True
Sputw3181_2494,Shewanella sp. W3-18-1,Shewanella,,hypothetical protein,Unknown,1,9.0,no_evidence,0,,,WP_041408208.1,True
SynWH7803_0014,Synechococcus WH7803,Synechococcus,,RNA-binding domain RNP-1 (RNA recognition motif) containing protein,Regulatory functions,1,9.0,informative_multi,3,20.0,"Prochlorococcus, Synechococcus",WP_011931949.1,True
SynWH7803_0125,Synechococcus WH7803,Synechococcus,,O-linked beta-N-acetylglucosamine transferase,Post-translational modification,1,9.0,informative_multi,3,4.0,"Prochlorococcus, Synechococcus",WP_011932059.1,True
SynWH7803_0393,Synechococcus WH7803,Synechococcus,,RmlC-like cupin domain-containing protein,Secondary metabolites,1,9.0,informative_multi,3,2.0,Synechococcus,WP_011932316.1,True
SynWH7803_0680,Synechococcus WH7803,Synechococcus,csoS2,carboxysome shell protein CsoS2,Photosynthesis,1,9.0,informative_multi,3,20.0,"Prochlorococcus, Synechococcus",WP_011932589.1,True
SynWH7803_1032,Synechococcus WH7803,Synechococcus,aroA,3-phosphoshikimate 1-carboxyvinyltransferase,Amino acid metabolism,1,9.0,informative_multi,3,20.0,"Prochlorococcus, Synechococcus",WP_011932940.1,True
SynWH7803_1371,Synechococcus WH7803,Synechococcus,pdxJ,pyridoxine 5^-phosphate synthase,Coenzyme metabolism,1,9.0,informative_multi,3,19.0,"Prochlorococcus, Synechococcus",WP_011933275.1,True
SynWH7803_1808,Synechococcus WH7803,Synechococcus,idiA1,iron deficiency-induced protein A,Stress response and adaptation,1,9.0,informative_multi,3,2.0,Synechococcus,WP_011933706.1,True
SynWH7803_2325,Synechococcus WH7803,Synechococcus,prfB,peptide chain release factor 2,Translation,1,9.0,informative_multi,3,20.0,"Prochlorococcus, Synechococcus",WP_011934212.1,True
sync_1050,Synechococcus CC9311,Synechococcus,,uncharacterized conserved secreted protein,Stress response and adaptation,1,9.0,informative_single,2,11.0,"Prochlorococcus, Synechococcus",WP_049750326.1,True
A9601_07811,Prochlorococcus AS9601,Prochlorococcus,pdeM,"metallophosphoesterase, DNA ligase-associated",Replication and repair,1,10.0,informative_multi,3,13.0,"Prochlorococcus, Synechococcus",WP_011818228.1,True
A9601_15901,Prochlorococcus AS9601,Prochlorococcus,,conserved hypothetical protein,Unknown,1,10.0,catch_all_only,1,26.0,"Prochlorococcus, Synechococcus",WP_167315829.1,True
ACZ81_05530,Alteromonas macleodii HOT1A3,Alteromonas,,TonB-dependent receptor,Inorganic ion transport,1,10.0,informative_multi,3,8.0,Alteromonas,WP_061485087.1,True
ACZ81_06180,Alteromonas macleodii HOT1A3,Alteromonas,,hypothetical protein,Unknown,1,10.0,no_evidence,0,9.0,Alteromonas,WP_014978722.1,True
ACZ81_07645,Alteromonas macleodii HOT1A3,Alteromonas,,vWA domain-containing protein,Unknown,1,10.0,informative_single,2,1.0,Alteromonas,WP_061485481.1,True
ACZ81_09840,Alteromonas macleodii HOT1A3,Alteromonas,,RNA methyltransferase,Translation,1,10.0,informative_multi,3,9.0,Alteromonas,WP_207198495.1,True
ACZ81_RS21260,Alteromonas macleodii HOT1A3,Alteromonas,,hypothetical protein,Unknown,1,10.0,no_evidence,0,,,WP_156079180.1,True
BL107_11121,Synechococcus sp. BL107,Synechococcus,fkpA,FKBP-type peptidyl-prolyl cis-trans isomerase,Post-translational modification,1,10.0,informative_multi,3,20.0,"Prochlorococcus, Synechococcus",WP_009789408.1,True
EZ55_00204,Alteromonas macleodii EZ55,Alteromonas,galT,UDP-glucose--hexose-1-phosphate uridylyltransferase,Energy production,1,10.0,informative_multi,3,10.0,Alteromonas,WP_014947878.1,True
EZ55_00309,Alteromonas macleodii EZ55,Alteromonas,cheW,chemotaxis protein CheW,Cell motility,1,10.0,informative_multi,3,14.0,Alteromonas,WP_014947935.1,True
EZ55_00873,Alteromonas macleodii EZ55,Alteromonas,pepN,M1 family metallopeptidase,Amino acid metabolism,1,10.0,informative_multi,3,10.0,Alteromonas,WP_156085984.1,True
EZ55_01581,Alteromonas macleodii EZ55,Alteromonas,romA,MBL fold metallo-hydrolase,Unknown,1,10.0,informative_multi,3,16.0,Alteromonas,WP_081106076.1,True
EZ55_02353,Alteromonas macleodii EZ55,Alteromonas,,hypervirulence associated TUDOR domain-containing protein,Unknown,1,10.0,informative_single,2,3.0,Alteromonas,WP_014949794.1,True
EZ55_02591,Alteromonas macleodii EZ55,Alteromonas,,EF-hand domain-containing protein,Unknown,1,10.0,informative_single,2,15.0,Alteromonas,WP_014950016.1,True
EZ55_02642,Alteromonas macleodii EZ55,Alteromonas,xdp1,exosortase-dependent surface protein XDP1,Unknown,1,10.0,no_evidence,0,9.0,Alteromonas,WP_156086634.1,True
EZ55_02804,Alteromonas macleodii EZ55,Alteromonas,glcB,malate synthase G,Energy production,1,10.0,informative_multi,3,10.0,Alteromonas,WP_156086680.1,True
EZ55_03014,Alteromonas macleodii EZ55,Alteromonas,aceE,"pyruvate dehydrogenase (acetyl-transferring), homodimeric type",Energy production,1,10.0,informative_multi,3,9.0,Alteromonas,WP_039228012.1,True
EZ55_03244,Alteromonas macleodii EZ55,Alteromonas,,Ig-like domain-containing protein,Cell wall and membrane,1,10.0,informative_single,2,9.0,Alteromonas,WP_156086879.1,True
EZ55_03401,Alteromonas macleodii EZ55,Alteromonas,,hypothetical protein,Unknown,1,10.0,no_evidence,0,,,WP_014977416.1,True
H6G84_03040,Synechococcus elongatus PCC 7942,Synechococcus,H6G84_RS03040,hypothetical protein,Unknown,1,10.0,no_evidence,0,7.0,Synechococcus,WP_011378268.1,True
H6G84_09520,Synechococcus elongatus PCC 7942,Synechococcus,H6G84_RS09520,HhoA/HhoB/HtrA family serine endopeptidase,Post-translational modification,1,10.0,informative_multi,3,11.0,Synechococcus,WP_011242760.1,True
H6G84_10175,Synechococcus elongatus PCC 7942,Synechococcus,crtD,"C-3^,4^ desaturase CrtD",Secondary metabolites,1,10.0,informative_multi,3,7.0,Synechococcus,WP_011242885.1,True
H6G84_11710,Synechococcus elongatus PCC 7942,Synechococcus,H6G84_RS11710,fasciclin domain-containing protein,Cell wall and membrane,1,10.0,informative_multi,3,3.0,Synechococcus,WP_011378109.1,True
HP15_1331,Marinobacter (MarRef v6),Marinobacter,pycB,sodium-extruding oxaloacetate decarboxylase subunit alpha,Energy production,1,10.0,informative_multi,3,14.0,"Alteromonas, Marinobacter, Pseudomonas, Shewanella",WP_014576761.1,True
HP15_1419,Marinobacter (MarRef v6),Marinobacter,,transporter substrate-binding domain-containing protein,Amino acid metabolism,1,10.0,informative_multi,3,238.0,"Alteromonas, Marinobacter, Meiothermus, Prochlorococcus, Pseudomonas, Ruegeria, Shewanella, Synechococcus, Thermosynechococcus",WP_008169535.1,True
HP15_1821,Marinobacter (MarRef v6),Marinobacter,purF,amidophosphoribosyltransferase,Nucleotide metabolism,1,10.0,informative_multi,3,43.0,"Alteromonas, Marinobacter, Meiothermus, Prochlorococcus, Pseudomonas, Ruegeria, Shewanella, Synechococcus, Thermosynechococcus",WP_014577182.1,True
HP15_2473,Marinobacter (MarRef v6),Marinobacter,leuS,leucine--tRNA ligase,Translation,1,10.0,informative_multi,3,40.0,"Alteromonas, Marinobacter, Meiothermus, Prochlorococcus, Pseudomonas, Ruegeria, Shewanella, Synechococcus, Thermosynechococcus",WP_014577768.1,True
HP15_2910,Marinobacter (MarRef v6),Marinobacter,fba,class II fructose-bisphosphate aldolase,Carbohydrate metabolism,1,10.0,informative_multi,3,23.0,"Alteromonas, Marinobacter, Meiothermus, Prochlorococcus, Pseudomonas, Shewanella, Synechococcus, Thermosynechococcus",WP_014578162.1,True
HP15_3162,Marinobacter (MarRef v6),Marinobacter,pedF,cytochrome c-550 PedF,Energy production,1,10.0,informative_multi,3,181.0,"Alteromonas, Marinobacter, Meiothermus, Prochlorococcus, Pseudomonas, Ruegeria, Shewanella, Synechococcus, Thermosynechococcus",WP_041645637.1,True
HP15_3228,Marinobacter (MarRef v6),Marinobacter,purD,phosphoribosylamine--glycine ligase,Nucleotide metabolism,1,10.0,informative_multi,3,39.0,"Alteromonas, Marinobacter, Meiothermus, Prochlorococcus, Pseudomonas, Ruegeria, Shewanella, Synechococcus, Thermosynechococcus",WP_014578434.1,True
HP15_3319,Marinobacter (MarRef v6),Marinobacter,dut,dUTP diphosphatase,Nucleotide metabolism,1,10.0,informative_multi,3,5.0,"Marinobacter, Pseudomonas, Ruegeria, Shewanella, Synechococcus",WP_014578508.1,True
HP15_429,Marinobacter (MarRef v6),Marinobacter,bipA,translational GTPase TypA,Signal transduction,1,10.0,informative_multi,3,40.0,"Alteromonas, Marinobacter, Meiothermus, Prochlorococcus, Pseudomonas, Ruegeria, Shewanella, Synechococcus, Thermosynechococcus",WP_014575990.1,True
M744_06420,Synechococcus elongatus UTEX 2973,Synechococcus,rbpD,RNA recognition motif domain-containing protein,Unknown,1,10.0,informative_multi,3,10.0,Synechococcus,WP_011244407.1,True
M744_11635,Synechococcus elongatus UTEX 2973,Synechococcus,phoB,response regulator transcription factor,Transcription,1,10.0,informative_multi,3,6.0,Synechococcus,WP_011242845.1,True
M744_RS14125,Synechococcus elongatus UTEX 2973,Synechococcus,,hypothetical protein,Unknown,1,10.0,no_evidence,0,2.0,Synechococcus,WP_173282536.1,True
M8001_00700,Pseudomonas putida KT2440,Pseudomonas,gltP,glutamate/aspartate:proton symporter GltP,Energy production,1,10.0,informative_multi,3,26.0,"Alteromonas, Pseudomonas, Shewanella",WP_010951531.1,True
M8001_04090,Pseudomonas putida KT2440,Pseudomonas,alkK,fatty acid--CoA ligase,Lipid metabolism,1,10.0,informative_multi,3,6.0,"Alteromonas, Pseudomonas, Ruegeria",WP_010952004.1,True
M8001_08935,Pseudomonas putida KT2440,Pseudomonas,,ABC transporter substrate-binding protein,Inorganic ion transport,1,10.0,informative_multi,3,1.0,Pseudomonas,WP_010952774.1,True
M8001_28210,Pseudomonas putida KT2440,Pseudomonas,copB,putative metal-binding protein,Inorganic ion transport,1,10.0,informative_multi,3,14.0,"Alteromonas, Marinobacter, Pseudomonas, Ruegeria",WP_061405729.1,True
MIT1002_03385,Alteromonas macleodii MIT1002,Alteromonas,pspA,phage shock protein PspA,Transcription,1,10.0,informative_multi,3,9.0,Alteromonas,WP_014950724.1,True
MIT1002_03620,Alteromonas macleodii MIT1002,Alteromonas,,GbsR/MarR family transcriptional regulator,Transcription,1,10.0,informative_multi,3,10.0,Alteromonas,WP_014999724.1,True
NATL1_07981,Prochlorococcus NATL1A,Prochlorococcus,typA,GTP-binding protein TypA/BipA,Translation,1,10.0,informative_multi,3,20.0,"Prochlorococcus, Synechococcus",WP_011823505.1,True
NATL1_08671,Prochlorococcus NATL1A,Prochlorococcus,,beta-lactamase superfamily domain protein,Unknown,1,10.0,informative_multi,3,3.0,Prochlorococcus,WP_011823570.1,True
P9301_01871,Prochlorococcus MIT9301,Prochlorococcus,purE,N5-carboxyaminoimidazole ribonucleotide mutase,Nucleotide metabolism,1,10.0,informative_multi,3,20.0,"Prochlorococcus, Synechococcus",WP_041484653.1,True
P9301_10611,Prochlorococcus MIT9301,Prochlorococcus,,Conserved hypothetical protein,Unknown,1,10.0,catch_all_only,1,13.0,Prochlorococcus,WP_225866343.1,True
PMM0181,Prochlorococcus MED4,Prochlorococcus,,conserved hypothetical protein,Unknown,1,10.0,informative_single,2,20.0,"Prochlorococcus, Synechococcus",WP_011131820.1,True
PMM0206,Prochlorococcus MED4,Prochlorococcus,secE,Preprotein translocase SecE subunit,Post-translational modification,1,10.0,informative_multi,3,20.0,"Prochlorococcus, Synechococcus",WP_011131845.1,True
PMM0280,Prochlorococcus MED4,Prochlorococcus,diox1,"apocarotenoid-15,15^-oxygenase",Coenzyme metabolism,1,10.0,informative_multi,3,23.0,"Prochlorococcus, Synechococcus",WP_036930996.1,True
PMM0307,Prochlorococcus MED4,Prochlorococcus,unk6,conserved hypothetical protein,Unknown,1,10.0,catch_all_only,1,16.0,"Prochlorococcus, Synechococcus",WP_011131944.1,True
PMM0410,Prochlorococcus MED4,Prochlorococcus,rpsD,30S ribosomal protein S4,Translation,1,10.0,informative_multi,3,20.0,"Prochlorococcus, Synechococcus",WP_011132046.1,True
PMM0785,Prochlorococcus MED4,Prochlorococcus,prkB,phosphoribulokinase,Carbohydrate metabolism,1,10.0,informative_multi,3,20.0,"Prochlorococcus, Synechococcus",WP_011132419.1,True
PMM0961,Prochlorococcus MED4,Prochlorococcus,gmgG,possible glucosyl(mannosyl)glycerate-glucosidase,Stress response and adaptation,1,10.0,informative_multi,3,18.0,"Prochlorococcus, Synechococcus",WP_011132594.1,True
PMM0963,Prochlorococcus MED4,Prochlorococcus,ureC,urease alpha subunit,Stress response and adaptation,1,10.0,informative_multi,3,17.0,"Prochlorococcus, Synechococcus",WP_011132596.1,True
PMM0972,Prochlorococcus MED4,Prochlorococcus,urtC,"ABC-type urea transporter, membrane component",Stress response and adaptation,1,10.0,informative_multi,3,17.0,"Prochlorococcus, Synechococcus",WP_011132605.1,True
PMM1402,Prochlorococcus MED4,Prochlorococcus,,conserved hypothetical protein,Unknown,1,10.0,no_evidence,0,10.0,Prochlorococcus,WP_011133031.1,True
PMM1529,Prochlorococcus MED4,Prochlorococcus,prfA,peptide chain release factor 1,Translation,1,10.0,informative_multi,3,20.0,"Prochlorococcus, Synechococcus",WP_011133157.1,True
PMM1699,Prochlorococcus MED4,Prochlorococcus,aroF,3-deoxy-7-phosphoheptulonate synthase,Amino acid metabolism,1,10.0,informative_multi,3,20.0,"Prochlorococcus, Synechococcus",WP_011133326.1,True
PMM1811,Prochlorococcus MED4,Prochlorococcus,,Conserved hypothetical protein,Unknown,1,10.0,no_evidence,0,5.0,Prochlorococcus,,False
PMM1868,Prochlorococcus MED4,Prochlorococcus,,conserved hypothetical protein,Unknown,1,10.0,catch_all_only,1,9.0,Prochlorococcus,WP_036930830.1,True
PMM1994,Prochlorococcus MED4,Prochlorococcus,,conserved hypothetical protein,Unknown,1,10.0,catch_all_only,1,13.0,Prochlorococcus,WP_036930488.1,True
PMM2034,Prochlorococcus MED4,Prochlorococcus,,Hypothetical protein,Unknown,1,10.0,no_evidence,0,1.0,Prochlorococcus,WP_157859385.1,True
PMN2A_0727,Prochlorococcus NATL2A,Prochlorococcus,prxQ,2-Cys peroxiredoxin,Stress response and adaptation,1,10.0,informative_multi,3,23.0,"Prochlorococcus, Synechococcus",WP_011294816.1,True
PMN2A_0733,Prochlorococcus NATL2A,Prochlorococcus,PMN2A_RS06830,A circularly permuted ATPgrasp family protein,Unknown,1,10.0,informative_single,2,15.0,"Prochlorococcus, Synechococcus",WP_011294822.1,True
PMN2A_0940,Prochlorococcus NATL2A,Prochlorococcus,hli,high light inducible protein,Stress response and adaptation,1,10.0,informative_single,2,15.0,Prochlorococcus,WP_011295288.1,True
PMN2A_2181,Prochlorococcus NATL2A,Prochlorococcus,PMN2A_RS09385,conserved hypothetical protein,Unknown,1,10.0,no_evidence,0,3.0,Prochlorococcus,WP_011295163.1,True
PMT0924,Prochlorococcus MIT9313,Prochlorococcus,,putative carbamoyl-phosphate synthase L chain,Unknown,1,10.0,informative_single,2,16.0,"Prochlorococcus, Synechococcus",WP_011130302.1,True
PMT1153,Prochlorococcus MIT9313,Prochlorococcus,hli,high light inducible protein,Stress response and adaptation,1,10.0,informative_multi,3,31.0,Prochlorococcus,WP_011130524.1,True
PMT1181,Prochlorococcus MIT9313,Prochlorococcus,maf,septum formation protein,Cell cycle and division,1,10.0,informative_multi,3,21.0,"Prochlorococcus, Synechococcus",WP_041385102.1,True
PMT1437,Prochlorococcus MIT9313,Prochlorococcus,,AEC transporter family,Transport,1,10.0,informative_multi,3,20.0,"Prochlorococcus, Synechococcus",WP_011130805.1,True
PMT1735,Prochlorococcus MIT9313,Prochlorococcus,rplB,50S ribosomal protein L2,Translation,1,10.0,informative_multi,3,20.0,"Prochlorococcus, Synechococcus",WP_011131102.1,True
PMT1774,Prochlorococcus MIT9313,Prochlorococcus,,possible Methanol dehydrogenase beta subunit,Unknown,1,10.0,catch_all_only,1,2.0,Prochlorococcus,WP_041384664.1,True
PMT1853,Prochlorococcus MIT9313,Prochlorococcus,amt1,ammonium transporter,Central intermediary metabolism,1,10.0,informative_multi,3,20.0,"Prochlorococcus, Synechococcus",WP_011131220.1,True
PMT2228,Prochlorococcus MIT9313,Prochlorococcus,urtB,"ABC-type urea transporter, permease component",Stress response and adaptation,1,10.0,informative_multi,3,17.0,"Prochlorococcus, Synechococcus",WP_011131592.1,True
PMT9312_0746,Prochlorococcus MIT9312,Prochlorococcus,,conserved hypothetical protein,Unknown,1,10.0,catch_all_only,1,20.0,"Prochlorococcus, Synechococcus",WP_011376301.1,True
PMT9312_1160,Prochlorococcus MIT9312,Prochlorococcus,,conserved hypothetical protein,Unknown,1,10.0,catch_all_only,1,3.0,Prochlorococcus,WP_011376709.1,True
PMT9312_1474,Prochlorococcus MIT9312,Prochlorococcus,,conserved hypothetical protein,Unknown,1,10.0,catch_all_only,1,9.0,Prochlorococcus,WP_011377018.1,True
PMT9312_1858,Prochlorococcus MIT9312,Prochlorococcus,,conserved hypothetical protein,Unknown,1,10.0,no_evidence,0,5.0,Prochlorococcus,,False
PMT_0928,Prochlorococcus MIT9313,Prochlorococcus,,hypothetical protein,Unknown,1,10.0,no_evidence,0,,,WP_041384394.1,True
PMT_2050,Prochlorococcus MIT9313,Prochlorococcus,,hypothetical protein,Unknown,1,10.0,no_evidence,0,1.0,Prochlorococcus,WP_011131415.1,True
PMT_2662,Prochlorococcus MIT9313,Prochlorococcus,,Conserved hypothetical protein,Unknown,1,10.0,no_evidence,0,2.0,Prochlorococcus,,False
Pro0567,Prochlorococcus marinus subsp. marinus CCMP1375 (SS120),Prochlorococcus,dnaA,chromosomal replication initiator protein,Replication and repair,1,10.0,informative_multi,3,20.0,"Prochlorococcus, Synechococcus",WP_011124720.1,True
Pro1029,Prochlorococcus marinus subsp. marinus CCMP1375 (SS120),Prochlorococcus,prfC,peptide chain release factor 3,Stress response and adaptation,1,10.0,informative_multi,3,20.0,"Prochlorococcus, Synechococcus",WP_011125181.1,True
Pro1445,Prochlorococcus marinus subsp. marinus CCMP1375 (SS120),Prochlorococcus,apt,adenine phosphoribosyltransferase,Nucleotide metabolism,1,10.0,informative_multi,3,21.0,"Prochlorococcus, Synechococcus",WP_011125596.1,True
Pro1609,Prochlorococcus marinus subsp. marinus CCMP1375 (SS120),Prochlorococcus,atpI,ATP synthase A chain,Photosynthesis,1,10.0,informative_multi,3,20.0,"Prochlorococcus, Synechococcus",WP_011125759.1,True
SPO0784,Ruegeria pomeroyi DSS-3,Ruegeria,,chloramphenicol acetyltransferase,Unknown,1,10.0,informative_multi,3,7.0,"Alteromonas, Ruegeria, Shewanella",WP_011046533.1,True
SPO3772,Ruegeria pomeroyi DSS-3,Ruegeria,,complex I NDUFA9 subunit family protein,Carbohydrate metabolism,1,10.0,informative_multi,3,1.0,Ruegeria,WP_011049451.1,True
SYNPCC7002_A2281,Synechococcus PCC 7002,Picosynechococcus,clpS,ATP-dependent Clp protease adapter ClpS,Unknown,1,10.0,informative_multi,3,7.0,Synechococcus,WP_012307878.1,True
SYNW1376,Synechococcus WH8102,Parasynechococcus,,conserved hypothetical protein,Unknown,1,10.0,catch_all_only,1,2.0,Synechococcus,,False
SYNW1783,Synechococcus WH8102,Parasynechococcus,rpoD1,"major RNA polymerase sigma factor, type I",Stress response and adaptation,1,10.0,informative_multi,3,20.0,"Prochlorococcus, Synechococcus",WP_011128643.1,True
SYNW2152,Synechococcus WH8102,Parasynechococcus,,conserved hypothetical protein,Unknown,1,10.0,catch_all_only,1,7.0,"Prochlorococcus, Synechococcus",WP_042503889.1,True
SYNW2305,Synechococcus WH8102,Parasynechococcus,menE,O-succinylbenzoic acid--CoA ligase (OSB-CoA synthetase),Coenzyme metabolism,1,10.0,informative_multi,3,20.0,"Prochlorococcus, Synechococcus",WP_011129158.1,True
SYNW2344,Synechococcus WH8102,Parasynechococcus,nusG,transcription termination/antitermination factor NusG,Transcription,1,10.0,informative_multi,3,20.0,"Prochlorococcus, Synechococcus",WP_011129197.1,True
SYNW2382,Synechococcus WH8102,Parasynechococcus,gidA,tRNA uridine 5-carboxymethylaminomethyl modification enzyme GidA,Translation,1,10.0,informative_multi,3,20.0,"Prochlorococcus, Synechococcus",WP_011129235.1,True
SYNW2508,Synechococcus WH8102,Parasynechococcus,dnaK3,chaperone protein DnaK,Stress response and adaptation,1,10.0,informative_multi,3,20.0,"Prochlorococcus, Synechococcus",WP_011129361.1,True
Sputw3181_2286,Shewanella sp. W3-18-1,Shewanella,,marine proteobacterial sortase target protein,Unknown,1,10.0,informative_multi,3,9.0,"Alteromonas, Shewanella",WP_011789575.1,True
Sputw3181_3466,Shewanella sp. W3-18-1,Shewanella,,transposase,Replication and repair,1,10.0,informative_multi,3,1.0,Shewanella,WP_011790716.1,True
SynWH7803_0269,Synechococcus WH7803,Synechococcus,hisB,imidazoleglycerol-phosphate dehydratase family protein,Amino acid metabolism,1,10.0,informative_multi,3,20.0,"Prochlorococcus, Synechococcus",WP_011932198.1,True
SynWH7803_2072,Synechococcus WH7803,Synechococcus,grrP,"extracellular substrate-binding orphan, GRRM family protein",Transport,1,10.0,informative_multi,3,7.0,"Prochlorococcus, Synechococcus",WP_011933963.1,True
SynWH7803_2142,Synechococcus WH7803,Synechococcus,dap2,prolyl oligopeptidase/peptidase S9-like domain containing protein,Post-translational modification,1,10.0,informative_multi,3,20.0,"Prochlorococcus, Synechococcus",WP_011934030.1,True
sync_2439,Synechococcus CC9311,Synechococcus,hli,high light inducible protein,Stress response and adaptation,1,10.0,informative_multi,3,4.0,Synechococcus,WP_011620344.1,True
