pool,dedup_key,rep_locus_tag,rep_organism,rep_gene_name,rep_product,rep_annotation_state,rep_protein_id,freq,best_rank,og_source,og_level,n_collapsed,collapsed_members
alt,eggnog:46577@72275,DEH24_02300,Alteromonas (MarRef v6),adk,adenylate kinase,informative_multi,HBY38216.1,10,1.0,eggnog,Alteromonadaceae,1,
alt,eggnog:466IY@72275,DEH24_14130,Alteromonas (MarRef v6),cheW,chemotaxis protein CheW,informative_multi,HBY40558.1,6,1.0,eggnog,Alteromonadaceae,1,
alt,eggnog:46531@72275,DEH24_01620,Alteromonas (MarRef v6),tsaA,alkyl hydroperoxide reductase,informative_multi,HBY38081.1,4,1.0,eggnog,Alteromonadaceae,1,
alt,eggnog:463YH@72275,DEH24_07870,Alteromonas (MarRef v6),lpdA,dihydrolipoyl dehydrogenase,informative_multi,HBY39317.1,4,1.0,eggnog,Alteromonadaceae,1,
alt,eggnog:467CA@72275,EZ55_00872,Alteromonas macleodii EZ55,,organic hydroperoxide resistance protein,informative_multi,WP_014948414.1,4,1.0,eggnog,Alteromonadaceae,1,
alt,eggnog:466FN@72275,EZ55_02158,Alteromonas macleodii EZ55,yhhW,pirin family protein,informative_multi,WP_156086465.1,4,1.0,eggnog,Alteromonadaceae,1,
alt,eggnog:466Z0@72275,EZ55_02634,Alteromonas macleodii EZ55,,HvfA family oxazolone/thioamide-modified RiPP metallophore,informative_single,WP_156086632.1,4,1.0,eggnog,Alteromonadaceae,1,
alt,locus:EZ55_03523,EZ55_03523,Alteromonas macleodii EZ55,,hypothetical protein,no_evidence,WP_155279885.1,4,1.0,,,1,
alt,eggnog:466ZI@72275,EZ55_02165,Alteromonas macleodii EZ55,,DoxX family protein,informative_multi,WP_014949616.1,4,2.0,eggnog,Alteromonadaceae,1,
alt,eggnog:46CBI@72275,EZ55_03376,Alteromonas macleodii EZ55,,EF-hand domain-containing protein,informative_single,WP_156086941.1,4,2.0,eggnog,Alteromonadaceae,2,EZ55_02591
alt,eggnog:468ZJ@72275,EZ55_03398,Alteromonas macleodii EZ55,,hypothetical protein,no_evidence,WP_014977415.1,4,4.0,eggnog,Alteromonadaceae,1,
alt,eggnog:469XF@72275,EZ55_03462,Alteromonas macleodii EZ55,,sterol desaturase family protein,informative_multi,WP_014977457.1,4,7.0,eggnog,Alteromonadaceae,1,
alt,eggnog:464FV@72275,DEH24_09265,Alteromonas (MarRef v6),rne,hypothetical protein,informative_multi,HBY39595.1,3,1.0,eggnog,Alteromonadaceae,1,
alt,eggnog:464QC@72275,DEH24_13670,Alteromonas (MarRef v6),,isocitrate dehydrogenase,informative_multi,HBY40467.1,3,1.0,eggnog,Alteromonadaceae,1,
alt,eggnog:466IE@72275,EZ55_00798,Alteromonas macleodii EZ55,,spondin domain-containing protein,informative_single,WP_101563515.1,3,1.0,eggnog,Alteromonadaceae,1,
alt,eggnog:46728@72275,EZ55_01738,Alteromonas macleodii EZ55,,nuclear transport factor 2 family protein,informative_single,WP_014979105.1,3,1.0,eggnog,Alteromonadaceae,1,
alt,eggnog:464VV@72275,EZ55_02348,Alteromonas macleodii EZ55,metE,methionine synthase,informative_multi,WP_014949790.1,3,1.0,eggnog,Alteromonadaceae,3,MIT1002_02349;ACZ81_11425
alt,eggnog:464C9@72275,DEH24_11560,Alteromonas (MarRef v6),cysD,sulfate adenylyltransferase subunit CysD,informative_multi,HBY40050.1,3,2.0,eggnog,Alteromonadaceae,1,
alt,eggnog:464MQ@72275,DEH24_17975,Alteromonas (MarRef v6),,DUF1329 domain-containing protein,informative_single,HBY41322.1,3,2.0,eggnog,Alteromonadaceae,1,
alt,eggnog:467J6@72275,EZ55_01782,Alteromonas macleodii EZ55,,DUF3718 domain-containing protein,informative_single,WP_014949240.1,3,2.0,eggnog,Alteromonadaceae,1,
alt,eggnog:468SJ@72275,EZ55_02372,Alteromonas macleodii EZ55,maoP,DUF413 domain-containing protein,informative_single,WP_049587633.1,3,2.0,eggnog,Alteromonadaceae,1,
alt,eggnog:465BX@72275,DEH24_16415,Alteromonas (MarRef v6),arcA,two-component system response regulator ArcA,informative_multi,HBY41011.1,3,3.0,eggnog,Alteromonadaceae,1,
alt,eggnog:466Y8@72275,EZ55_02269,Alteromonas macleodii EZ55,azoR,FMN-dependent NADH-azoreductase,informative_multi,WP_039225536.1,3,4.0,eggnog,Alteromonadaceae,1,
alt,eggnog:466SW@72275,EZ55_02919,Alteromonas macleodii EZ55,pfpI,type 1 glutamine amidotransferase domain-containing protein,informative_multi,WP_156086738.1,3,4.0,eggnog,Alteromonadaceae,1,
alt,eggnog:464R6@72275,DEH24_15880,Alteromonas (MarRef v6),icd,NADP-dependent isocitrate dehydrogenase,informative_multi,HBY40904.1,3,5.0,eggnog,Alteromonadaceae,1,
alt,eggnog:4651K@72275,EZ55_01991,Alteromonas macleodii EZ55,yqjG,glutathione S-transferase family protein,informative_multi,WP_014979276.1,3,5.0,eggnog,Alteromonadaceae,1,
alt,eggnog:467A7@72275,EZ55_03879,Alteromonas macleodii EZ55,yceJ,cytochrome b,informative_multi,WP_156087179.1,3,6.0,eggnog,Alteromonadaceae,1,
alt,eggnog:465TX@72275,EZ55_02865,Alteromonas macleodii EZ55,,glycoside hydrolase family 97 protein,informative_multi,WP_156086703.1,3,7.0,eggnog,Alteromonadaceae,1,
alt,eggnog:1RBBN@1224,ACZ81_05680,Alteromonas macleodii HOT1A3,slyA,MarR family winged helix-turn-helix transcriptional regulator,informative_multi,WP_014948722.1,2,1.0,eggnog,Proteobacteria,1,
alt,eggnog:46B7K@72275,ACZ81_14325,Alteromonas macleodii HOT1A3,,retropepsin-like aspartic protease,informative_multi,WP_014950335.1,2,1.0,eggnog,Alteromonadaceae,1,
alt,eggnog:468HU@72275,ACZ81_16910,Alteromonas macleodii HOT1A3,ankB,ankyrin repeat domain-containing protein,informative_multi,WP_014950839.1,2,1.0,eggnog,Alteromonadaceae,1,
alt,eggnog:1NDFN@1224,ACZ81_17120,Alteromonas macleodii HOT1A3,,hypothetical protein,no_evidence,WP_061486623.1,2,1.0,eggnog,Proteobacteria,1,
alt,eggnog:46CI9@72275,ACZ81_18535,Alteromonas macleodii HOT1A3,,TonB-dependent receptor,informative_multi,WP_014951136.1,2,1.0,eggnog,Alteromonadaceae,3,EZ55_03827;MIT1002_03834
alt,eggnog:464G4@72275,DEH24_15900,Alteromonas (MarRef v6),purB,adenylosuccinate lyase,informative_multi,HBY40908.1,2,1.0,eggnog,Alteromonadaceae,1,
alt,eggnog:46CDY@72275,EZ55_01776,Alteromonas macleodii EZ55,,DUF3718 domain-containing protein,informative_single,WP_014949234.1,2,1.0,eggnog,Alteromonadaceae,2,EZ55_01777
alt,eggnog:46441@72275,EZ55_02855,Alteromonas macleodii EZ55,suxA,TonB-dependent receptor,informative_multi,WP_156086697.1,2,1.0,eggnog,Alteromonadaceae,2,ACZ81_13940
alt,eggnog:46CA4@72275,EZ55_02884,Alteromonas macleodii EZ55,,hypothetical protein,no_evidence,WP_014950289.1,2,1.0,eggnog,Alteromonadaceae,1,
alt,eggnog:46501@72275,EZ55_03067,Alteromonas macleodii EZ55,,AAA family ATPase,informative_multi,WP_156086818.1,2,1.0,eggnog,Alteromonadaceae,1,
alt,eggnog:464WI@72275,EZ55_03747,Alteromonas macleodii EZ55,,MFS transporter,informative_multi,WP_156087072.1,2,1.0,eggnog,Alteromonadaceae,2,ACZ81_18130
alt,eggnog:46D24@72275,EZ55_04249,Alteromonas macleodii EZ55,benB,aromatic-ring-hydroxylating dioxygenase subunit beta,informative_multi,WP_156087405.1,2,1.0,eggnog,Alteromonadaceae,1,
alt,locus:MIT1002_03528,MIT1002_03528,Alteromonas macleodii MIT1002,,hypothetical protein,no_evidence,WP_014977495.1,2,1.0,,,1,
alt,eggnog:464FC@72275,EZ55_01060,Alteromonas macleodii EZ55,flaA,flagellin N-terminal helical domain-containing protein,informative_multi,WP_014975883.1,2,1.0,eggnog,Alteromonadaceae,4,ACZ81_05070;ACZ81_05060;ACZ81_05065
alt,eggnog:465VF@72275,EZ55_02347,Alteromonas macleodii EZ55,,DUF1852 domain-containing protein,informative_single,WP_014949789.1,2,1.0,eggnog,Alteromonadaceae,3,ACZ81_11420;MIT1002_02348
alt,eggnog:4640T@72275,EZ55_03498,Alteromonas macleodii EZ55,actP,sodium:solute symporter family protein,informative_multi,WP_014980378.1,2,1.0,eggnog,Alteromonadaceae,2,MIT1002_03507
alt,eggnog:465DW@72275,ACZ81_08845,Alteromonas macleodii HOT1A3,ahpF,alkyl hydroperoxide reductase subunit F,informative_multi,WP_061485746.1,2,2.0,eggnog,Alteromonadaceae,2,EZ55_01815
alt,eggnog:COG1361@2,ACZ81_17215,Alteromonas macleodii HOT1A3,,FG-GAP-like repeat-containing protein,informative_multi,WP_158511557.1,2,2.0,eggnog,Bacteria,1,
alt,eggnog:464YE@72275,DEH24_14245,Alteromonas (MarRef v6),argG,argininosuccinate synthase,informative_multi,HBY40581.1,2,2.0,eggnog,Alteromonadaceae,1,
alt,eggnog:464BH@72275,DEH24_16630,Alteromonas (MarRef v6),serA,phosphoglycerate dehydrogenase,informative_multi,HBY41054.1,2,2.0,eggnog,Alteromonadaceae,1,
alt,eggnog:465EG@72275,EZ55_00205,Alteromonas macleodii EZ55,galK,galactokinase,informative_multi,WP_014947879.1,2,2.0,eggnog,Alteromonadaceae,1,
alt,eggnog:46780@72275,EZ55_01737,Alteromonas macleodii EZ55,,glutathione S-transferase family protein,informative_multi,WP_156086301.1,2,2.0,eggnog,Alteromonadaceae,2,ACZ81_08480
alt,eggnog:466I5@72275,EZ55_01828,Alteromonas macleodii EZ55,,DUF547 domain-containing protein,informative_single,WP_061485756.1,2,2.0,eggnog,Alteromonadaceae,1,
alt,eggnog:1MWDG@1224,EZ55_02117,Alteromonas macleodii EZ55,fecA,TonB-dependent receptor family protein,informative_multi,WP_020745975.1,2,2.0,eggnog,Proteobacteria,1,
alt,eggnog:46676@72275,EZ55_02929,Alteromonas macleodii EZ55,,marine proteobacterial sortase target protein,informative_multi,WP_156086745.1,2,2.0,eggnog,Alteromonadaceae,1,
alt,eggnog:1QH72@1224,EZ55_03068,Alteromonas macleodii EZ55,,hypothetical protein,informative_single,WP_014950448.1,2,2.0,eggnog,Proteobacteria,1,
alt,eggnog:4644E@72275,EZ55_03522,Alteromonas macleodii EZ55,katB,catalase,informative_multi,WP_273070703.1,2,2.0,eggnog,Alteromonadaceae,2,ACZ81_16915
alt,eggnog:466BG@72275,EZ55_04248,Alteromonas macleodii EZ55,benA,"benzoate 1,2-dioxygenase large subunit",informative_multi,WP_156087404.1,2,2.0,eggnog,Alteromonadaceae,1,
alt,eggnog:468CU@72275,MIT1002_00930,Alteromonas macleodii MIT1002,,DUF3718 domain-containing protein,informative_single,WP_014948465.1,2,2.0,eggnog,Alteromonadaceae,1,
alt,eggnog:468YY@72275,MIT1002_03521,Alteromonas macleodii MIT1002,,S8 family peptidase,informative_multi,WP_049586980.1,2,2.0,eggnog,Alteromonadaceae,3,MIT1002_03527;EZ55_03519
alt,eggnog:46433@72275,DEH24_14880,Alteromonas (MarRef v6),infB,translation initiation factor IF-2,informative_multi,HBY40706.1,2,2.0,eggnog,Alteromonadaceae,2,DEH24_14870
alt,eggnog:468I1@72275,EZ55_03499,Alteromonas macleodii EZ55,,DUF4212 domain-containing protein,informative_single,WP_014950817.1,2,2.0,eggnog,Alteromonadaceae,2,MIT1002_03508
alt,eggnog:464SN@72275,ACZ81_02025,Alteromonas macleodii HOT1A3,katA,catalase,informative_multi,WP_014975484.1,2,3.0,eggnog,Alteromonadaceae,2,EZ55_00433
alt,eggnog:467Y9@72275,ACZ81_02595,Alteromonas macleodii HOT1A3,,TA system antitoxin ParD family protein,informative_single,WP_012518669.1,2,3.0,eggnog,Alteromonadaceae,1,
alt,eggnog:465DU@72275,DEH24_12145,Alteromonas (MarRef v6),aroF,3-deoxy-7-phosphoheptulonate synthase,informative_multi,HBY40165.1,2,3.0,eggnog,Alteromonadaceae,1,
alt,eggnog:467D0@72275,EZ55_00390,Alteromonas macleodii EZ55,glnK,P-II family nitrogen regulator,informative_multi,WP_012516988.1,2,3.0,eggnog,Alteromonadaceae,2,ACZ81_01825
alt,eggnog:46D4A@72275,EZ55_01736,Alteromonas macleodii EZ55,,pyridoxamine 5^-phosphate oxidase family protein,informative_single,WP_156086300.1,2,3.0,eggnog,Alteromonadaceae,1,
alt,eggnog:46712@72275,EZ55_01810,Alteromonas macleodii EZ55,,2OG-Fe(II) oxygenase,informative_multi,WP_156086337.1,2,3.0,eggnog,Alteromonadaceae,1,
alt,eggnog:464S8@72275,EZ55_01932,Alteromonas macleodii EZ55,proA,glutamate-5-semialdehyde dehydrogenase,informative_multi,WP_061485817.1,2,3.0,eggnog,Alteromonadaceae,1,
alt,eggnog:467J0@72275,EZ55_02501,Alteromonas macleodii EZ55,gtfA,sucrose phosphorylase,informative_multi,WP_131136549.1,2,3.0,eggnog,Alteromonadaceae,1,
alt,eggnog:465SI@72275,EZ55_02876,Alteromonas macleodii EZ55,betB,betaine-aldehyde dehydrogenase,informative_multi,WP_014950281.1,2,3.0,eggnog,Alteromonadaceae,1,
alt,eggnog:1N6MB@1224,EZ55_03446,Alteromonas macleodii EZ55,,hypothetical protein,no_evidence,WP_156086949.1,2,3.0,eggnog,Proteobacteria,1,
alt,eggnog:1PA4J@1224,MIT1002_00894,Alteromonas macleodii MIT1002,,DUF3718 domain-containing protein,informative_single,WP_049589028.1,2,3.0,eggnog,Proteobacteria,1,
alt,eggnog:4652P@72275,EZ55_00391,Alteromonas macleodii EZ55,amtB,ammonium transporter,informative_multi,WP_014948004.1,2,4.0,eggnog,Alteromonadaceae,1,
alt,eggnog:466G0@72275,EZ55_03008,Alteromonas macleodii EZ55,,SIMPL domain-containing protein,informative_single,WP_014977212.1,2,4.0,eggnog,Alteromonadaceae,1,
alt,eggnog:464ET@72275,EZ55_04065,Alteromonas macleodii EZ55,ilvC,ketol-acid reductoisomerase,informative_multi,WP_014951396.1,2,4.0,eggnog,Alteromonadaceae,1,
alt,locus:MIT1002_03386,MIT1002_03386,Alteromonas macleodii MIT1002,,hypothetical protein,no_evidence,WP_049588678.1,2,4.0,,,1,
alt,eggnog:464SZ@72275,EZ55_02006,Alteromonas macleodii EZ55,,TonB-dependent receptor,informative_multi,WP_156086417.1,2,4.0,eggnog,Alteromonadaceae,2,MIT1002_01952
alt,eggnog:46CCP@72275,EZ55_02371,Alteromonas macleodii EZ55,,hypothetical protein,no_evidence,WP_168463489.1,2,5.0,eggnog,Alteromonadaceae,1,
alt,eggnog:465WR@72275,EZ55_02984,Alteromonas macleodii EZ55,,TonB-dependent receptor,informative_multi,WP_069944734.1,2,5.0,eggnog,Alteromonadaceae,1,
alt,eggnog:467XC@72275,EZ55_03447,Alteromonas macleodii EZ55,yiaA,inner membrane protein YiaA,informative_multi,WP_156086950.1,2,5.0,eggnog,Alteromonadaceae,1,
alt,eggnog:469D8@72275,EZ55_04251,Alteromonas macleodii EZ55,benD,"1,6-dihydroxycyclohexa-2,4-diene-1-carboxylate dehydrogenase",informative_multi,WP_156087406.1,2,5.0,eggnog,Alteromonadaceae,1,
alt,eggnog:COG1049@2,DEH24_16585,Alteromonas (MarRef v6),acnB,bifunctional aconitate hydratase 2/2-methylisocitrate dehydratase,informative_multi,HBY41045.1,2,6.0,eggnog,Bacteria,1,
alt,eggnog:468XH@72275,EZ55_03399,Alteromonas macleodii EZ55,,PspC domain-containing protein,informative_multi,WP_014950723.1,2,6.0,eggnog,Alteromonadaceae,2,MIT1002_03384
alt,locus:MIT1002_00411,MIT1002_00411,Alteromonas macleodii MIT1002,,hypothetical protein,informative_single,WP_049588555.1,2,6.0,,,1,
alt,eggnog:4677C@72275,EZ55_00416,Alteromonas macleodii EZ55,,TorF family putative porin,informative_multi,WP_156085832.1,2,7.0,eggnog,Alteromonadaceae,1,
alt,eggnog:46CBB@72275,EZ55_02586,Alteromonas macleodii EZ55,,hypothetical protein,no_evidence,WP_039236345.1,2,7.0,eggnog,Alteromonadaceae,1,
alt,eggnog:465UC@72275,EZ55_03098,Alteromonas macleodii EZ55,ygaZ,AzlC family ABC transporter permease,informative_multi,WP_061095739.1,2,7.0,eggnog,Alteromonadaceae,1,
alt,eggnog:46948@72275,EZ55_01444,Alteromonas macleodii EZ55,,pyridoxamine 5^-phosphate oxidase family protein,informative_single,WP_156086164.1,2,7.0,eggnog,Alteromonadaceae,2,MIT1002_01423
alt,eggnog:46BTD@72275,MIT1002_00931,Alteromonas macleodii MIT1002,,LytR/AlgR family response regulator transcription factor,informative_multi,WP_049585940.1,2,8.0,eggnog,Alteromonadaceae,1,
alt,eggnog:463XU@72275,EZ55_04098,Alteromonas macleodii EZ55,,TonB-dependent receptor,informative_multi,WP_014977831.1,2,9.0,eggnog,Alteromonadaceae,1,
alt,eggnog:464WD@72275,ACZ81_05350,Alteromonas macleodii HOT1A3,cynT,carbonic anhydrase,informative_multi,WP_014948664.1,1,1.0,eggnog,Alteromonadaceae,1,
alt,eggnog:465FH@72275,ACZ81_07025,Alteromonas macleodii HOT1A3,,TonB-dependent receptor,informative_multi,WP_081106072.1,1,1.0,eggnog,Alteromonadaceae,1,
alt,eggnog:4660C@72275,ACZ81_07715,Alteromonas macleodii HOT1A3,romA,MBL fold metallo-hydrolase,informative_multi,WP_081106076.1,1,1.0,eggnog,Alteromonadaceae,2,EZ55_01581
alt,eggnog:46597@72275,ACZ81_07970,Alteromonas macleodii HOT1A3,wcaJ,undecaprenyl-phosphate glucose phosphotransferase,informative_multi,WP_061485569.1,1,1.0,eggnog,Alteromonadaceae,1,
alt,eggnog:1RAI1@1224,ACZ81_17190,Alteromonas macleodii HOT1A3,,glycosyltransferase family 32 protein,informative_multi,WP_061486634.1,1,1.0,eggnog,Proteobacteria,1,
alt,eggnog:468H6@72275,ACZ81_19860,Alteromonas macleodii HOT1A3,atpE,F0F1 ATP synthase subunit C,informative_multi,WP_012520222.1,1,1.0,eggnog,Alteromonadaceae,1,
alt,eggnog:469NV@72275,ACZ81_20300,Alteromonas macleodii HOT1A3,,hypothetical protein,no_evidence,WP_158511561.1,1,1.0,eggnog,Alteromonadaceae,1,
alt,eggnog:4648R@72275,DEH24_01275,Alteromonas (MarRef v6),dnaN,DNA polymerase III subunit beta,informative_multi,HBY38014.1,1,1.0,eggnog,Alteromonadaceae,1,
alt,eggnog:465UN@72275,DEH24_08800,Alteromonas (MarRef v6),pyrB,aspartate carbamoyltransferase,informative_multi,HBY39503.1,1,1.0,eggnog,Alteromonadaceae,1,
alt,eggnog:464AW@72275,DEH24_10240,Alteromonas (MarRef v6),sucB,dihydrolipoamide succinyltransferase,informative_multi,HBY39788.1,1,1.0,eggnog,Alteromonadaceae,1,
alt,eggnog:4646I@72275,DEH24_11265,Alteromonas (MarRef v6),sdhA,succinate dehydrogenase flavoprotein subunit,informative_multi,HBY39991.1,1,1.0,eggnog,Alteromonadaceae,1,
alt,eggnog:464S6@72275,DEH24_15195,Alteromonas (MarRef v6),secA,preprotein translocase subunit SecA,informative_multi,HBY40769.1,1,1.0,eggnog,Alteromonadaceae,1,
alt,eggnog:464XN@72275,DEH24_19170,Alteromonas (MarRef v6),glgP,glycogen/starch/alpha-glucan phosphorylase,informative_multi,HBY41560.1,1,1.0,eggnog,Alteromonadaceae,1,
alt,eggnog:466IV@72275,DEH24_21385,Alteromonas (MarRef v6),ilvH,acetolactate synthase small subunit,informative_multi,HBY41995.1,1,1.0,eggnog,Alteromonadaceae,1,
alt,eggnog:467MF@72275,EZ55_00776,Alteromonas macleodii EZ55,,tetratricopeptide repeat protein,informative_multi,WP_156085958.1,1,1.0,eggnog,Alteromonadaceae,1,
alt,eggnog:467ZM@72275,EZ55_02930,Alteromonas macleodii EZ55,srtA,class GN sortase,informative_multi,WP_014950323.1,1,1.0,eggnog,Alteromonadaceae,1,
alt,eggnog:1N5N4@1224,EZ55_03037,Alteromonas macleodii EZ55,,methyl-accepting chemotaxis protein,informative_multi,WP_039227964.1,1,1.0,eggnog,Proteobacteria,1,
alt,locus:MIT1002_02411,MIT1002_02411,Alteromonas macleodii MIT1002,,hypothetical protein,no_evidence,WP_014949857.1,1,1.0,,,1,
alt,eggnog:468QM@72275,MIT1002_03278,Alteromonas macleodii MIT1002,pedF,cytochrome c-550 PedF,informative_multi,WP_014950662.1,1,1.0,eggnog,Alteromonadaceae,1,
alt,eggnog:4663U@72275,MIT1002_03279,Alteromonas macleodii MIT1002,pedH,PQQ-dependent methanol/ethanol family dehydrogenase,informative_multi,WP_197047979.1,1,1.0,eggnog,Alteromonadaceae,1,
alt,eggnog:467R5@72275,ACZ81_00265,Alteromonas macleodii HOT1A3,rpmB,50S ribosomal protein L28,informative_multi,WP_014947757.1,1,2.0,eggnog,Alteromonadaceae,1,
alt,locus:ACZ81_02530,ACZ81_02530,Alteromonas macleodii HOT1A3,,hypothetical protein,no_evidence,WP_061439334.1,1,2.0,,,1,
alt,eggnog:4691K@72275,ACZ81_03035,Alteromonas macleodii HOT1A3,,hypothetical protein,no_evidence,WP_044556911.1,1,2.0,eggnog,Alteromonadaceae,1,
alt,eggnog:468JU@72275,ACZ81_04245,Alteromonas macleodii HOT1A3,yhiI,HlyD family secretion protein,informative_multi,WP_053103809.1,1,2.0,eggnog,Alteromonadaceae,1,
alt,eggnog:467KN@72275,ACZ81_06975,Alteromonas macleodii HOT1A3,bamE,outer membrane protein assembly factor BamE,informative_multi,WP_012517879.1,1,2.0,eggnog,Alteromonadaceae,2,MIT1002_01442
alt,eggnog:466JE@72275,ACZ81_15570,Alteromonas macleodii HOT1A3,plsC,1-acylglycerol-3-phosphate O-acyltransferase,informative_multi,WP_061486484.1,1,2.0,eggnog,Alteromonadaceae,1,
alt,eggnog:1N1M5@1224,ACZ81_15955,Alteromonas macleodii HOT1A3,,porin family protein,informative_multi,WP_061486522.1,1,2.0,eggnog,Proteobacteria,2,MIT1002_03314
alt,eggnog:46773@72275,ACZ81_16310,Alteromonas macleodii HOT1A3,pspA,phage shock protein PspA,informative_multi,WP_014950724.1,1,2.0,eggnog,Alteromonadaceae,2,MIT1002_03385
alt,eggnog:46B00@72275,ACZ81_16595,Alteromonas macleodii HOT1A3,rutC,pyrimidine utilization protein C,informative_multi,WP_061486583.1,1,2.0,eggnog,Alteromonadaceae,1,
alt,eggnog:46BHT@72275,ACZ81_18755,Alteromonas macleodii HOT1A3,,hypothetical protein,no_evidence,WP_014951188.1,1,2.0,eggnog,Alteromonadaceae,1,
alt,eggnog:1MV6S@1224,ACZ81_19450,Alteromonas macleodii HOT1A3,,C1 family peptidase,informative_multi,WP_061486834.1,1,2.0,eggnog,Proteobacteria,1,
alt,eggnog:467QQ@72275,DEH24_08275,Alteromonas (MarRef v6),yhbH,ribosome hibernation promoting factor,informative_multi,HBY39398.1,1,2.0,eggnog,Alteromonadaceae,1,
alt,eggnog:464UQ@72275,DEH24_11000,Alteromonas (MarRef v6),gltD,glutamate synthase small subunit,informative_multi,HBY39938.1,1,2.0,eggnog,Alteromonadaceae,1,
alt,eggnog:464U7@72275,DEH24_13920,Alteromonas (MarRef v6),yicC,YicC family protein,informative_multi,HBY40516.1,1,2.0,eggnog,Alteromonadaceae,1,
alt,eggnog:4663J@72275,EZ55_01931,Alteromonas macleodii EZ55,proB,glutamate 5-kinase,informative_multi,WP_156086388.1,1,2.0,eggnog,Alteromonadaceae,1,
alt,eggnog:466FM@72275,EZ55_03366,Alteromonas macleodii EZ55,,endonuclease/exonuclease/phosphatase family protein,informative_multi,WP_014949486.1,1,2.0,eggnog,Alteromonadaceae,1,
alt,eggnog:1QVEW@1224,MIT1002_02110,Alteromonas macleodii MIT1002,tnpT,DNA-binding protein,informative_multi,WP_049588580.1,1,2.0,eggnog,Proteobacteria,1,
alt,locus:MIT1002_02782,MIT1002_02782,Alteromonas macleodii MIT1002,,hypothetical protein,no_evidence,WP_014950161.1,1,2.0,,,1,
alt,eggnog:465NN@72275,MIT1002_03321,Alteromonas macleodii MIT1002,exaC,acetaldehyde dehydrogenase ExaC,informative_multi,WP_014950684.1,1,2.0,eggnog,Alteromonadaceae,1,
alt,eggnog:1NAE7@1224,MIT1002_04153,Alteromonas macleodii MIT1002,,hypothetical protein,no_evidence,WP_049587402.1,1,2.0,eggnog,Proteobacteria,1,
alt,eggnog:468FG@72275,ACZ81_00050,Alteromonas macleodii HOT1A3,yihI,Der GTPase-activating protein YihI,informative_multi,WP_014947719.1,1,3.0,eggnog,Alteromonadaceae,1,
alt,eggnog:4673Y@72275,ACZ81_02460,Alteromonas macleodii HOT1A3,,TonB-dependent receptor,informative_multi,WP_014975544.1,1,3.0,eggnog,Alteromonadaceae,2,MIT1002_00549
alt,eggnog:468BQ@72275,ACZ81_03615,Alteromonas macleodii HOT1A3,,thermostable hemolysin,informative_single,WP_061486929.1,1,3.0,eggnog,Alteromonadaceae,2,EZ55_00780
alt,eggnog:46637@72275,ACZ81_10105,Alteromonas macleodii HOT1A3,sdaA,L-serine ammonia-lyase,informative_multi,WP_061485894.1,1,3.0,eggnog,Alteromonadaceae,1,
alt,eggnog:46AXG@72275,ACZ81_10335,Alteromonas macleodii HOT1A3,,c-type cytochrome,informative_multi,WP_014949583.1,1,3.0,eggnog,Alteromonadaceae,1,
alt,eggnog:1MV13@1224,ACZ81_12890,Alteromonas macleodii HOT1A3,lldP,L-lactate permease,informative_multi,WP_061486133.1,1,3.0,eggnog,Proteobacteria,1,
alt,eggnog:46A8S@72275,ACZ81_16585,Alteromonas macleodii HOT1A3,rutE,malonic semialdehyde reductase,informative_multi,WP_014977452.1,1,3.0,eggnog,Alteromonadaceae,1,
alt,eggnog:46826@72275,ACZ81_18505,Alteromonas macleodii HOT1A3,syrP,TauD/TfdA family dioxygenase,informative_multi,WP_014951130.1,1,3.0,eggnog,Alteromonadaceae,1,
alt,eggnog:465FP@72275,ACZ81_19000,Alteromonas macleodii HOT1A3,cyoB,cytochrome o ubiquinol oxidase subunit I,informative_multi,WP_014980664.1,1,3.0,eggnog,Alteromonadaceae,1,
alt,locus:ALTBGP6_RS01855,ALTBGP6_RS01855,Alteromonas macleodii EZ55,,hypothetical protein,no_evidence,WP_014975451.1,1,3.0,,,1,
alt,eggnog:46D5P@72275,EZ55_00161,Alteromonas macleodii EZ55,yacH,DUF3300 domain-containing protein,informative_single,WP_156085737.1,1,3.0,eggnog,Alteromonadaceae,1,
alt,eggnog:4646N@72275,EZ55_00310,Alteromonas macleodii EZ55,aer2,methyl-accepting chemotaxis protein,informative_multi,WP_418655454.1,1,3.0,eggnog,Alteromonadaceae,1,
alt,eggnog:1MUER@1224,EZ55_00751,Alteromonas macleodii EZ55,,IS110 family RNA-guided transposase,informative_multi,WP_061485171.1,1,3.0,eggnog,Proteobacteria,2,EZ55_01509
alt,eggnog:465ST@72275,EZ55_01827,Alteromonas macleodii EZ55,merA,FAD-dependent oxidoreductase,informative_multi,WP_156086348.1,1,3.0,eggnog,Alteromonadaceae,1,
alt,eggnog:464K9@72275,EZ55_02008,Alteromonas macleodii EZ55,,TonB-dependent receptor,informative_multi,WP_156086418.1,1,3.0,eggnog,Alteromonadaceae,2,ACZ81_09825
alt,eggnog:1PV4R@1224,EZ55_03030,Alteromonas macleodii EZ55,,hypothetical protein,no_evidence,WP_156086803.1,1,3.0,eggnog,Proteobacteria,1,
alt,eggnog:464MY@72275,EZ55_03340,Alteromonas macleodii EZ55,mmsB,3-hydroxyisobutyrate dehydrogenase,informative_multi,WP_061486531.1,1,3.0,eggnog,Alteromonadaceae,1,
alt,eggnog:463ZT@72275,EZ55_03829,Alteromonas macleodii EZ55,,glycoside hydrolase family 16 protein,informative_multi,WP_156087119.1,1,3.0,eggnog,Alteromonadaceae,1,
alt,eggnog:465A7@72275,EZ55_04246,Alteromonas macleodii EZ55,,hypothetical protein,informative_multi,WP_231506618.1,1,3.0,eggnog,Alteromonadaceae,1,
alt,eggnog:4694D@72275,MIT1002_00415,Alteromonas macleodii MIT1002,,hypothetical protein,no_evidence,WP_049588553.1,1,3.0,eggnog,Alteromonadaceae,1,
alt,eggnog:4660J@72275,MIT1002_00747,Alteromonas macleodii MIT1002,benE,benzoate/H(+) symporter BenE family transporter,informative_multi,WP_049587052.1,1,3.0,eggnog,Alteromonadaceae,1,
alt,eggnog:469Y7@72275,MIT1002_01197,Alteromonas macleodii MIT1002,pedE,methanol/ethanol family PQQ-dependent dehydrogenase,informative_multi,WP_014948731.1,1,3.0,eggnog,Alteromonadaceae,1,
alt,eggnog:46AKB@72275,MIT1002_01198,Alteromonas macleodii MIT1002,,response regulator transcription factor,informative_multi,WP_049585783.1,1,3.0,eggnog,Alteromonadaceae,2,MIT1002_03322
alt,eggnog:46AJB@72275,MIT1002_02418,Alteromonas macleodii MIT1002,,glycosyltransferase family 2 protein,informative_multi,WP_049589024.1,1,3.0,eggnog,Alteromonadaceae,1,
alt,eggnog:4655A@72275,MIT1002_03286,Alteromonas macleodii MIT1002,pqqB,pyrroloquinoline quinone biosynthesis protein PqqB,informative_multi,WP_014950672.1,1,3.0,eggnog,Alteromonadaceae,1,
alt,eggnog:4641N@72275,ACZ81_02485,Alteromonas macleodii HOT1A3,glyA,serine hydroxymethyltransferase,informative_multi,WP_061439323.1,1,4.0,eggnog,Alteromonadaceae,1,
alt,eggnog:465UH@72275,ACZ81_03610,Alteromonas macleodii HOT1A3,,AMP-binding protein,informative_multi,WP_061439588.1,1,4.0,eggnog,Alteromonadaceae,1,
alt,eggnog:468ER@72275,ACZ81_08360,Alteromonas macleodii HOT1A3,VP2647,DUF2061 domain-containing protein,informative_single,WP_014976293.1,1,4.0,eggnog,Alteromonadaceae,1,
alt,eggnog:4644Z@72275,ACZ81_09710,Alteromonas macleodii HOT1A3,rimO,30S ribosomal protein S12 methylthiotransferase RimO,informative_multi,WP_061485851.1,1,4.0,eggnog,Alteromonadaceae,1,
alt,eggnog:466ZR@72275,ACZ81_10015,Alteromonas macleodii HOT1A3,,DUF6279 family lipoprotein,no_evidence,WP_039227740.1,1,4.0,eggnog,Alteromonadaceae,1,
alt,eggnog:46500@72275,ACZ81_11930,Alteromonas macleodii HOT1A3,,ExeM/NucH family extracellular endonuclease,informative_multi,WP_061486054.1,1,4.0,eggnog,Alteromonadaceae,1,
alt,eggnog:468F2@72275,ACZ81_13975,Alteromonas macleodii HOT1A3,,pectin acetylesterase-family hydrolase,informative_multi,WP_039228476.1,1,4.0,eggnog,Alteromonadaceae,1,
alt,eggnog:46BSE@72275,ACZ81_16085,Alteromonas macleodii HOT1A3,csgB,minor curlin subunit CsgB,informative_multi,WP_049588827.1,1,4.0,eggnog,Alteromonadaceae,1,
alt,eggnog:466UW@72275,ACZ81_17270,Alteromonas macleodii HOT1A3,rplQ,50S ribosomal protein L17,informative_multi,WP_012519212.1,1,4.0,eggnog,Alteromonadaceae,1,
alt,eggnog:4679Q@72275,ACZ81_18525,Alteromonas macleodii HOT1A3,yicI,glycoside hydrolase family 31 protein,informative_multi,WP_081106144.1,1,4.0,eggnog,Alteromonadaceae,1,
alt,eggnog:465BM@72275,DEH24_05375,Alteromonas (MarRef v6),pheS,phenylalanine--tRNA ligase subunit alpha,informative_multi,HBY38823.1,1,4.0,eggnog,Alteromonadaceae,1,
alt,eggnog:466WC@72275,DEH24_12210,Alteromonas (MarRef v6),ssb,single-stranded DNA-binding protein,informative_multi,HBY40178.1,1,4.0,eggnog,Alteromonadaceae,1,
alt,eggnog:466KX@72275,EZ55_01450,Alteromonas macleodii EZ55,trpG,aminodeoxychorismate/anthranilate synthase component II,informative_multi,WP_014978834.1,1,4.0,eggnog,Alteromonadaceae,1,
alt,eggnog:464E4@72275,EZ55_01829,Alteromonas macleodii EZ55,ynjB,ABC transporter substrate-binding protein,informative_multi,WP_156086349.1,1,4.0,eggnog,Alteromonadaceae,1,
alt,eggnog:46654@72275,EZ55_02317,Alteromonas macleodii EZ55,amy1,alpha-amylase family protein,informative_multi,WP_083605958.1,1,4.0,eggnog,Alteromonadaceae,1,
alt,eggnog:4678Y@72275,EZ55_02418,Alteromonas macleodii EZ55,osmY,BON domain-containing protein,informative_multi,WP_014949860.1,1,4.0,eggnog,Alteromonadaceae,1,
alt,eggnog:466M9@72275,EZ55_02711,Alteromonas macleodii EZ55,pilW,PilW family protein,informative_multi,WP_014950126.1,1,4.0,eggnog,Alteromonadaceae,1,
alt,locus:EZ55_03258,EZ55_03258,Alteromonas macleodii EZ55,,hypothetical protein,no_evidence,WP_156086888.1,1,4.0,,,1,
alt,eggnog:1NGAH@1224,MIT1002_02386,Alteromonas macleodii MIT1002,ytjA,DUF1328 domain-containing protein,informative_single,WP_049587611.1,1,4.0,eggnog,Proteobacteria,1,
alt,eggnog:46521@72275,MIT1002_03506,Alteromonas macleodii MIT1002,,DUF294 nucleotidyltransferase-like domain-containing protein,informative_multi,WP_049586969.1,1,4.0,eggnog,Alteromonadaceae,1,
alt,eggnog:4654M@72275,MIT1002_03517,Alteromonas macleodii MIT1002,,DcaP family trimeric outer membrane transporter,informative_multi,WP_014977485.1,1,4.0,eggnog,Alteromonadaceae,1,
alt,eggnog:4678S@72275,ACZ81_01420,Alteromonas macleodii HOT1A3,cheY1,response regulator,informative_multi,WP_014947933.1,1,5.0,eggnog,Alteromonadaceae,1,
alt,eggnog:466J2@72275,ACZ81_01470,Alteromonas macleodii HOT1A3,cheW,chemotaxis protein CheW,informative_multi,WP_014947943.1,1,5.0,eggnog,Alteromonadaceae,2,EZ55_00309
alt,eggnog:4678G@72275,ACZ81_02170,Alteromonas macleodii HOT1A3,yibQ,divergent polysaccharide deacetylase family protein,informative_multi,WP_061439265.1,1,5.0,eggnog,Alteromonadaceae,1,
alt,eggnog:463ZR@72275,ACZ81_02915,Alteromonas macleodii HOT1A3,prnA,tryptophan halogenase family protein,informative_multi,WP_061439430.1,1,5.0,eggnog,Alteromonadaceae,1,
alt,eggnog:4642H@72275,ACZ81_03935,Alteromonas macleodii HOT1A3,metK,methionine adenosyltransferase,informative_multi,WP_014948382.1,1,5.0,eggnog,Alteromonadaceae,1,
alt,eggnog:46858@72275,ACZ81_04975,Alteromonas macleodii HOT1A3,flgN,flagellar export chaperone FlgN,informative_multi,WP_014978561.1,1,5.0,eggnog,Alteromonadaceae,1,
alt,eggnog:4675N@72275,ACZ81_05030,Alteromonas macleodii HOT1A3,flgH,flagellar basal body L-ring protein FlgH,informative_multi,WP_014948599.1,1,5.0,eggnog,Alteromonadaceae,1,
alt,eggnog:46822@72275,ACZ81_05480,Alteromonas macleodii HOT1A3,pspC,envelope stress response membrane protein PspC,informative_multi,WP_014948684.1,1,5.0,eggnog,Alteromonadaceae,1,
alt,eggnog:46A4T@72275,ACZ81_06200,Alteromonas macleodii HOT1A3,,YncE family protein,catch_all_only,WP_061485201.1,1,5.0,eggnog,Alteromonadaceae,1,
alt,eggnog:464M9@72275,ACZ81_07395,Alteromonas macleodii HOT1A3,fnt,formate/nitrite transporter family protein,informative_multi,WP_014949030.1,1,5.0,eggnog,Alteromonadaceae,1,
alt,eggnog:4661S@72275,ACZ81_11825,Alteromonas macleodii HOT1A3,,alkaline phosphatase PhoX,informative_single,WP_061486042.1,1,5.0,eggnog,Alteromonadaceae,1,
alt,eggnog:465BS@72275,ACZ81_15335,Alteromonas macleodii HOT1A3,gltB,glutamate synthase large subunit,informative_multi,WP_014950543.1,1,5.0,eggnog,Alteromonadaceae,1,
alt,eggnog:46534@72275,ACZ81_18135,Alteromonas macleodii HOT1A3,ams,alpha-amylase family glycosyl hydrolase,informative_multi,WP_061486715.1,1,5.0,eggnog,Alteromonadaceae,1,
alt,eggnog:465M9@72275,DEH24_16780,Alteromonas (MarRef v6),eda,keto-deoxy-phosphogluconate aldolase,informative_multi,HBY41083.1,1,5.0,eggnog,Alteromonadaceae,1,
alt,eggnog:46B5W@72275,EZ55_01910,Alteromonas macleodii EZ55,,hypothetical protein,no_evidence,WP_156086377.1,1,5.0,eggnog,Alteromonadaceae,1,
alt,eggnog:4664C@72275,EZ55_02164,Alteromonas macleodii EZ55,,DODA-type extradiol aromatic ring-opening family dioxygenase,informative_multi,WP_156086468.1,1,5.0,eggnog,Alteromonadaceae,1,
alt,eggnog:46AJG@72275,EZ55_03095,Alteromonas macleodii EZ55,osmC,OsmC family protein,informative_multi,WP_069944790.1,1,5.0,eggnog,Alteromonadaceae,1,
alt,eggnog:465HN@72275,EZ55_03166,Alteromonas macleodii EZ55,acnD,Fe/S-dependent 2-methylisocitrate dehydratase AcnD,informative_multi,WP_156086851.1,1,5.0,eggnog,Alteromonadaceae,1,
alt,eggnog:468QB@72275,MIT1002_02883,Alteromonas macleodii MIT1002,,DUF3081 domain-containing protein,informative_single,WP_014950255.1,1,5.0,eggnog,Alteromonadaceae,1,
alt,eggnog:1NDF9@1224,MIT1002_02967,Alteromonas macleodii MIT1002,,hypothetical protein,informative_single,WP_231514316.1,1,5.0,eggnog,Proteobacteria,1,
alt,eggnog:4656E@72275,MIT1002_03289,Alteromonas macleodii MIT1002,pqqE,pyrroloquinoline quinone biosynthesis protein PqqE,informative_multi,WP_049588481.1,1,5.0,eggnog,Alteromonadaceae,1,
alt,eggnog:469WA@72275,MIT1002_03291,Alteromonas macleodii MIT1002,,TonB-dependent receptor,informative_multi,WP_049588483.1,1,5.0,eggnog,Alteromonadaceae,1,
alt,eggnog:468U4@72275,MIT1002_03323,Alteromonas macleodii MIT1002,pedS2,sensor histidine kinase,informative_multi,WP_049588820.1,1,5.0,eggnog,Alteromonadaceae,1,
alt,eggnog:1N922@1224,ACZ81_02865,Alteromonas macleodii HOT1A3,,DUF3530 family protein,informative_single,WP_061439413.1,1,6.0,eggnog,Proteobacteria,1,
alt,eggnog:1RDYV@1224,ACZ81_03625,Alteromonas macleodii HOT1A3,,TVP38/TMEM64 family protein,informative_multi,WP_014975715.1,1,6.0,eggnog,Proteobacteria,2,EZ55_00782
alt,eggnog:467ZC@72275,ACZ81_09195,Alteromonas macleodii HOT1A3,cspD,cold shock domain-containing protein CspD,informative_multi,WP_014949330.1,1,6.0,eggnog,Alteromonadaceae,1,
alt,eggnog:4654T@72275,ACZ81_10365,Alteromonas macleodii HOT1A3,ccoN,"cytochrome-c oxidase, cbb3-type subunit I",informative_multi,WP_014949589.1,1,6.0,eggnog,Alteromonadaceae,1,
alt,eggnog:469ZB@72275,ACZ81_13955,Alteromonas macleodii HOT1A3,,TonB-dependent receptor,informative_multi,WP_014977109.1,1,6.0,eggnog,Alteromonadaceae,1,
alt,eggnog:4679B@72275,ACZ81_17320,Alteromonas macleodii HOT1A3,rplR,50S ribosomal protein L18,informative_multi,WP_014950908.1,1,6.0,eggnog,Alteromonadaceae,1,
alt,locus:ACZ81_RS21735,ACZ81_RS21735,Alteromonas macleodii HOT1A3,,hypothetical protein,no_evidence,WP_012517787.1,1,6.0,,,1,
alt,eggnog:46575@72275,DEH24_02850,Alteromonas (MarRef v6),,TonB-dependent receptor,informative_multi,HBY38326.1,1,6.0,eggnog,Alteromonadaceae,1,
alt,eggnog:464WS@72275,DEH24_03810,Alteromonas (MarRef v6),fusA2,elongation factor G,informative_multi,HBY38518.1,1,6.0,eggnog,Alteromonadaceae,1,
alt,eggnog:464RN@72275,EZ55_00313,Alteromonas macleodii EZ55,cheB,protein-glutamate methylesterase/protein-glutamine glutaminase,informative_multi,WP_156085799.1,1,6.0,eggnog,Alteromonadaceae,1,
alt,eggnog:465K4@72275,EZ55_00783,Alteromonas macleodii EZ55,dpm1,glycosyltransferase family 2 protein,informative_multi,WP_049586146.1,1,6.0,eggnog,Alteromonadaceae,1,
alt,eggnog:464MP@72275,EZ55_00953,Alteromonas macleodii EZ55,leuD,3-isopropylmalate dehydratase small subunit,informative_multi,WP_156086019.1,1,6.0,eggnog,Alteromonadaceae,1,
alt,eggnog:466DC@72275,EZ55_01508,Alteromonas macleodii EZ55,,carboxymuconolactone decarboxylase family protein,informative_multi,WP_156086188.1,1,6.0,eggnog,Alteromonadaceae,1,
alt,eggnog:467F7@72275,EZ55_01922,Alteromonas macleodii EZ55,,hemerythrin domain-containing protein,informative_multi,WP_014949372.1,1,6.0,eggnog,Alteromonadaceae,1,
alt,locus:EZ55_02415,EZ55_02415,Alteromonas macleodii EZ55,,hypothetical protein,no_evidence,WP_014949857.1,1,6.0,,,1,
alt,eggnog:466XP@72275,EZ55_02712,Alteromonas macleodii EZ55,pilV,PilV family protein,informative_multi,WP_080590400.1,1,6.0,eggnog,Alteromonadaceae,1,
alt,eggnog:46BMZ@72275,EZ55_02905,Alteromonas macleodii EZ55,,DUF1223 domain-containing protein,informative_single,WP_156086728.1,1,6.0,eggnog,Alteromonadaceae,1,
alt,eggnog:46DB4@72275,EZ55_02922,Alteromonas macleodii EZ55,,MFS transporter,informative_multi,WP_156086739.1,1,6.0,eggnog,Alteromonadaceae,1,
alt,eggnog:464AI@72275,EZ55_03167,Alteromonas macleodii EZ55,prpF,2-methylaconitate cis-trans isomerase PrpF,informative_multi,WP_101565673.1,1,6.0,eggnog,Alteromonadaceae,1,
alt,eggnog:466M4@72275,EZ55_04002,Alteromonas macleodii EZ55,,DUF748 domain-containing protein,informative_multi,WP_061486831.1,1,6.0,eggnog,Alteromonadaceae,1,
alt,eggnog:467Z6@72275,MIT1002_02179,Alteromonas macleodii MIT1002,lolA,outer membrane lipoprotein chaperone LolA,informative_multi,WP_049588670.1,1,6.0,eggnog,Alteromonadaceae,1,
alt,eggnog:4686M@72275,MIT1002_02310,Alteromonas macleodii MIT1002,msrQ,protein-methionine-sulfoxide reductase heme-binding subunit MsrQ,informative_multi,WP_049587266.1,1,6.0,eggnog,Alteromonadaceae,2,ACZ81_11250
alt,locus:MIT1002_04181,MIT1002_04181,Alteromonas macleodii MIT1002,,hypothetical protein,no_evidence,WP_049587376.1,1,6.0,,,1,
alt,eggnog:466DT@72275,ACZ81_02340,Alteromonas macleodii HOT1A3,dps,Dps family protein,informative_multi,WP_014948101.1,1,7.0,eggnog,Alteromonadaceae,1,
alt,eggnog:466TP@72275,ACZ81_02730,Alteromonas macleodii HOT1A3,nlpD,peptidoglycan DD-metalloendopeptidase family protein,informative_multi,WP_061439390.1,1,7.0,eggnog,Alteromonadaceae,1,
alt,eggnog:4680T@72275,ACZ81_04980,Alteromonas macleodii HOT1A3,flgM,flagellar biosynthesis anti-sigma factor FlgM,informative_multi,WP_014948589.1,1,7.0,eggnog,Alteromonadaceae,1,
alt,eggnog:4686F@72275,ACZ81_08725,Alteromonas macleodii HOT1A3,phhB,4a-hydroxytetrahydrobiopterin dehydratase,informative_multi,WP_049586648.1,1,7.0,eggnog,Alteromonadaceae,1,
alt,eggnog:1MX4Q@1224,ACZ81_12900,Alteromonas macleodii HOT1A3,,DcaP family trimeric outer membrane transporter,informative_multi,WP_061486135.1,1,7.0,eggnog,Proteobacteria,1,
alt,eggnog:46BFI@72275,ACZ81_14330,Alteromonas macleodii HOT1A3,,hypothetical protein,no_evidence,WP_014977175.1,1,7.0,eggnog,Alteromonadaceae,1,
alt,eggnog:46CFN@72275,ACZ81_16580,Alteromonas macleodii HOT1A3,rutF,flavin reductase,informative_multi,WP_061486582.1,1,7.0,eggnog,Alteromonadaceae,1,
alt,eggnog:465JA@72275,ACZ81_16965,Alteromonas macleodii HOT1A3,murB,UDP-N-acetylmuramate dehydrogenase,informative_multi,WP_061486598.1,1,7.0,eggnog,Alteromonadaceae,1,
alt,eggnog:469NY@72275,ACZ81_17395,Alteromonas macleodii HOT1A3,,TonB-dependent receptor,informative_multi,WP_061486648.1,1,7.0,eggnog,Alteromonadaceae,1,
alt,eggnog:464VE@72275,DEH24_07770,Alteromonas (MarRef v6),rpoD,RNA polymerase sigma factor RpoD,informative_multi,HBY39297.1,1,7.0,eggnog,Alteromonadaceae,1,
alt,eggnog:464XM@72275,DEH24_13850,Alteromonas (MarRef v6),prkB,phosphoribulokinase,informative_multi,HBY40502.1,1,7.0,eggnog,Alteromonadaceae,1,
alt,eggnog:46816@72275,DEH24_15040,Alteromonas (MarRef v6),,cold-shock protein,informative_multi,HBY40738.1,1,7.0,eggnog,Alteromonadaceae,1,
alt,eggnog:46564@72275,EZ55_00311,Alteromonas macleodii EZ55,cheR,CheR family methyltransferase,informative_multi,WP_039225824.1,1,7.0,eggnog,Alteromonadaceae,1,
alt,eggnog:467RN@72275,EZ55_00368,Alteromonas macleodii EZ55,rpsQ,30S ribosomal protein S17,informative_multi,WP_014975444.1,1,7.0,eggnog,Alteromonadaceae,1,
alt,eggnog:467AI@72275,EZ55_00549,Alteromonas macleodii EZ55,,type II toxin-antitoxin system Phd/YefM family antitoxin,informative_multi,WP_156085897.1,1,7.0,eggnog,Alteromonadaceae,1,
alt,eggnog:468ZM@72275,EZ55_02390,Alteromonas macleodii EZ55,,hypothetical protein,no_evidence,WP_014949833.1,1,7.0,eggnog,Alteromonadaceae,1,
alt,eggnog:4659F@72275,EZ55_03194,Alteromonas macleodii EZ55,fucP,L-fucose:H+ symporter permease,informative_multi,WP_014950563.1,1,7.0,eggnog,Alteromonadaceae,1,
alt,eggnog:4683F@72275,ACZ81_02510,Alteromonas macleodii HOT1A3,,YnfA family protein,informative_multi,WP_157160426.1,1,8.0,eggnog,Alteromonadaceae,1,
alt,eggnog:468FU@72275,ACZ81_03285,Alteromonas macleodii HOT1A3,rpsU,30S ribosomal protein S21,informative_multi,WP_012517258.1,1,8.0,eggnog,Alteromonadaceae,1,
alt,eggnog:4678T@72275,ACZ81_03785,Alteromonas macleodii HOT1A3,mlaD,outer membrane lipid asymmetry maintenance protein MlaD,informative_multi,WP_014948351.1,1,8.0,eggnog,Alteromonadaceae,1,
alt,eggnog:1MVRM@1224,ACZ81_08990,Alteromonas macleodii HOT1A3,,IS4 family transposase,informative_multi,WP_061485165.1,1,8.0,eggnog,Proteobacteria,1,
alt,eggnog:46415@72275,ACZ81_09240,Alteromonas macleodii HOT1A3,sppA,signal peptide peptidase SppA,informative_multi,WP_061485796.1,1,8.0,eggnog,Alteromonadaceae,1,
alt,eggnog:466K2@72275,ACZ81_16155,Alteromonas macleodii HOT1A3,,sulfite exporter TauE/SafE family protein,informative_multi,WP_061486544.1,1,8.0,eggnog,Alteromonadaceae,1,
alt,eggnog:464TD@72275,DEH24_04200,Alteromonas (MarRef v6),pgi,glucose-6-phosphate isomerase,informative_multi,HBY38595.1,1,8.0,eggnog,Alteromonadaceae,1,
alt,eggnog:466CR@72275,EZ55_00157,Alteromonas macleodii EZ55,,MauE/DoxX family redox-associated membrane protein,informative_multi,WP_156085733.1,1,8.0,eggnog,Alteromonadaceae,1,
alt,eggnog:466H8@72275,EZ55_00366,Alteromonas macleodii EZ55,rplP,50S ribosomal protein L16,informative_multi,WP_014947979.1,1,8.0,eggnog,Alteromonadaceae,1,
alt,eggnog:467PB@72275,EZ55_00797,Alteromonas macleodii EZ55,,spondin domain-containing protein,informative_single,WP_156085967.1,1,8.0,eggnog,Alteromonadaceae,1,
alt,eggnog:4669N@72275,EZ55_01198,Alteromonas macleodii EZ55,,fatty acid desaturase family protein,informative_multi,WP_156086098.1,1,8.0,eggnog,Alteromonadaceae,1,
alt,eggnog:4661X@72275,EZ55_01449,Alteromonas macleodii EZ55,trpD,anthranilate phosphoribosyltransferase,informative_multi,WP_014978833.1,1,8.0,eggnog,Alteromonadaceae,1,
alt,eggnog:464SW@72275,EZ55_02298,Alteromonas macleodii EZ55,dat,D-amino acid aminotransferase,informative_multi,WP_156086502.1,1,8.0,eggnog,Alteromonadaceae,1,
alt,locus:MIT1002_01817,MIT1002_01817,Alteromonas macleodii MIT1002,,hypothetical protein,no_evidence,WP_155279892.1,1,8.0,,,1,
alt,eggnog:468FD@72275,ACZ81_03545,Alteromonas macleodii HOT1A3,,hypothetical protein,no_evidence,WP_014997360.1,1,9.0,eggnog,Alteromonadaceae,1,
alt,eggnog:468VC@72275,ACZ81_03645,Alteromonas macleodii HOT1A3,,cupredoxin domain-containing protein,informative_single,WP_014975719.1,1,9.0,eggnog,Alteromonadaceae,1,
alt,eggnog:466YH@72275,ACZ81_04190,Alteromonas macleodii HOT1A3,,MipA/OmpV family protein,informative_multi,WP_061484829.1,1,9.0,eggnog,Alteromonadaceae,1,
alt,eggnog:464GA@72275,ACZ81_04720,Alteromonas macleodii HOT1A3,,IS4 family transposase,informative_multi,WP_061439181.1,1,9.0,eggnog,Alteromonadaceae,1,
alt,eggnog:466FJ@72275,ACZ81_08225,Alteromonas macleodii HOT1A3,,alpha/beta fold hydrolase,informative_single,WP_049586509.1,1,9.0,eggnog,Alteromonadaceae,1,
alt,eggnog:466ID@72275,ACZ81_17285,Alteromonas macleodii HOT1A3,rpsK,30S ribosomal protein S11,informative_multi,WP_012519215.1,1,9.0,eggnog,Alteromonadaceae,1,
alt,eggnog:46552@72275,DEH24_18145,Alteromonas (MarRef v6),fabB,beta-ketoacyl-ACP synthase I,informative_multi,HBY41356.1,1,9.0,eggnog,Alteromonadaceae,1,
alt,eggnog:464P2@72275,EZ55_00109,Alteromonas macleodii EZ55,,acyl-CoA dehydrogenase family protein,informative_multi,WP_156085708.1,1,9.0,eggnog,Alteromonadaceae,1,
alt,eggnog:467DT@72275,EZ55_00312,Alteromonas macleodii EZ55,cheD,chemoreceptor glutamine deamidase CheD,informative_multi,WP_156085798.1,1,9.0,eggnog,Alteromonadaceae,1,
alt,eggnog:468D6@72275,EZ55_00367,Alteromonas macleodii EZ55,rpmC,50S ribosomal protein L29,informative_multi,WP_014947980.1,1,9.0,eggnog,Alteromonadaceae,1,
alt,eggnog:467GC@72275,EZ55_00777,Alteromonas macleodii EZ55,,SDR family oxidoreductase,informative_multi,WP_156085959.1,1,9.0,eggnog,Alteromonadaceae,1,
alt,eggnog:46644@72275,EZ55_00896,Alteromonas macleodii EZ55,hutU,urocanate hydratase,informative_multi,WP_156085993.1,1,9.0,eggnog,Alteromonadaceae,1,
alt,eggnog:4642D@72275,EZ55_00954,Alteromonas macleodii EZ55,leuC,3-isopropylmalate dehydratase large subunit,informative_multi,WP_061094370.1,1,9.0,eggnog,Alteromonadaceae,1,
alt,eggnog:464RX@72275,EZ55_01395,Alteromonas macleodii EZ55,,RimK family protein,informative_multi,WP_156086152.1,1,9.0,eggnog,Alteromonadaceae,1,
alt,eggnog:464P7@72275,EZ55_03243,Alteromonas macleodii EZ55,,DUF4331 domain-containing protein,informative_single,WP_156086878.1,1,9.0,eggnog,Alteromonadaceae,1,
alt,eggnog:467J3@72275,MIT1002_01568,Alteromonas macleodii MIT1002,,diguanylate cyclase,informative_multi,WP_049588799.1,1,9.0,eggnog,Alteromonadaceae,1,
alt,eggnog:4651V@72275,ACZ81_05530,Alteromonas macleodii HOT1A3,,TonB-dependent receptor,informative_multi,WP_061485087.1,1,10.0,eggnog,Alteromonadaceae,1,
alt,eggnog:46CAA@72275,ACZ81_06180,Alteromonas macleodii HOT1A3,,hypothetical protein,no_evidence,WP_014978722.1,1,10.0,eggnog,Alteromonadaceae,1,
alt,eggnog:1MVUE@1224,ACZ81_07645,Alteromonas macleodii HOT1A3,,vWA domain-containing protein,informative_single,WP_061485481.1,1,10.0,eggnog,Proteobacteria,1,
alt,eggnog:46D66@72275,ACZ81_09840,Alteromonas macleodii HOT1A3,,RNA methyltransferase,informative_multi,WP_207198495.1,1,10.0,eggnog,Alteromonadaceae,1,
alt,locus:ACZ81_RS21260,ACZ81_RS21260,Alteromonas macleodii HOT1A3,,hypothetical protein,no_evidence,WP_156079180.1,1,10.0,,,1,
alt,eggnog:46414@72275,EZ55_00204,Alteromonas macleodii EZ55,galT,UDP-glucose--hexose-1-phosphate uridylyltransferase,informative_multi,WP_014947878.1,1,10.0,eggnog,Alteromonadaceae,1,
alt,eggnog:464W2@72275,EZ55_00873,Alteromonas macleodii EZ55,pepN,M1 family metallopeptidase,informative_multi,WP_156085984.1,1,10.0,eggnog,Alteromonadaceae,1,
alt,eggnog:46BD9@72275,EZ55_02353,Alteromonas macleodii EZ55,,hypervirulence associated TUDOR domain-containing protein,informative_single,WP_014949794.1,1,10.0,eggnog,Alteromonadaceae,1,
alt,eggnog:46B5J@72275,EZ55_02642,Alteromonas macleodii EZ55,xdp1,exosortase-dependent surface protein XDP1,no_evidence,WP_156086634.1,1,10.0,eggnog,Alteromonadaceae,1,
alt,eggnog:464G0@72275,EZ55_02804,Alteromonas macleodii EZ55,glcB,malate synthase G,informative_multi,WP_156086680.1,1,10.0,eggnog,Alteromonadaceae,1,
alt,eggnog:464NI@72275,EZ55_03014,Alteromonas macleodii EZ55,aceE,"pyruvate dehydrogenase (acetyl-transferring), homodimeric type",informative_multi,WP_039228012.1,1,10.0,eggnog,Alteromonadaceae,1,
alt,eggnog:467YA@72275,EZ55_03244,Alteromonas macleodii EZ55,,Ig-like domain-containing protein,informative_single,WP_156086879.1,1,10.0,eggnog,Alteromonadaceae,1,
alt,locus:EZ55_03401,EZ55_03401,Alteromonas macleodii EZ55,,hypothetical protein,no_evidence,WP_014977416.1,1,10.0,,,1,
alt,eggnog:466H1@72275,MIT1002_03620,Alteromonas macleodii MIT1002,,GbsR/MarR family transcriptional regulator,informative_multi,WP_014999724.1,1,10.0,eggnog,Alteromonadaceae,1,
other_hetero,eggnog:COG1653@2,HP15_2958,Marinobacter (MarRef v6),gtsA,ABC transporter substrate-binding protein,informative_multi,WP_041645557.1,6,1.0,eggnog,Bacteria,2,HP15_2158
other_hetero,eggnog:COG0376@2,HP15_1397,Marinobacter (MarRef v6),katG,catalase/peroxidase HPI,informative_multi,WP_041645165.1,5,2.0,eggnog,Bacteria,1,
other_hetero,eggnog:COG0222@2,HP15_372,Marinobacter (MarRef v6),rplL,50S ribosomal protein L7/L12,informative_multi,WP_008174836.1,5,2.0,eggnog,Bacteria,1,
other_hetero,eggnog:COG0339@2,HP15_3759,Marinobacter (MarRef v6),prlC,oligopeptidase A,informative_multi,WP_014578889.1,4,1.0,eggnog,Bacteria,1,
other_hetero,eggnog:COG0683@2,HP15_3055,Marinobacter (MarRef v6),braC,branched-chain amino acid ABC transporter substrate-binding protein,informative_multi,WP_014578283.1,4,5.0,eggnog,Bacteria,2,HP15_928
other_hetero,eggnog:COG0015@2,HP15_2088,Marinobacter (MarRef v6),purB,adenylosuccinate lyase,informative_multi,WP_014577430.1,3,1.0,eggnog,Bacteria,1,
other_hetero,eggnog:COG0059@2,HP15_533,Marinobacter (MarRef v6),ilvC,ketol-acid reductoisomerase,informative_multi,WP_008170689.1,3,1.0,eggnog,Bacteria,1,
other_hetero,eggnog:COG0542@2,HP15_529,Marinobacter (MarRef v6),clpB,ATP-dependent chaperone ClpB,informative_multi,WP_014576075.1,3,1.0,eggnog,Bacteria,3,HP15_1691;HP15_2080
other_hetero,eggnog:COG0089@2,HP15_382,Marinobacter (MarRef v6),rplW,50S ribosomal protein L23,informative_multi,WP_008174862.1,3,2.0,eggnog,Bacteria,1,
other_hetero,eggnog:COG0087@2,HP15_380,Marinobacter (MarRef v6),rplC,50S ribosomal protein L3,informative_multi,WP_008174858.1,3,3.0,eggnog,Bacteria,1,
other_hetero,eggnog:COG0422@2,HP15_453,Marinobacter (MarRef v6),thiC,phosphomethylpyrimidine synthase ThiC,informative_multi,WP_041644939.1,3,4.0,eggnog,Bacteria,1,
other_hetero,eggnog:COG2207@2,HP15_1056,Marinobacter (MarRef v6),,AraC family transcriptional regulator,informative_multi,WP_008170520.1,2,1.0,eggnog,Bacteria,1,
other_hetero,eggnog:COG0329@2,HP15_2027,Marinobacter (MarRef v6),dapA,4-hydroxy-tetrahydrodipicolinate synthase,informative_multi,WP_014577380.1,2,1.0,eggnog,Bacteria,1,
other_hetero,eggnog:COG0466@2,HP15_3052,Marinobacter (MarRef v6),lon,endopeptidase La,informative_multi,WP_041645590.1,2,1.0,eggnog,Bacteria,1,
other_hetero,eggnog:COG0195@2,HP15_3068,Marinobacter (MarRef v6),nusA,transcription termination factor NusA,informative_multi,WP_014578293.1,2,1.0,eggnog,Bacteria,1,
other_hetero,eggnog:COG0113@2,HP15_3335,Marinobacter (MarRef v6),hemB,porphobilinogen synthase,informative_multi,WP_014578521.1,2,1.0,eggnog,Bacteria,1,
other_hetero,eggnog:COG1278@2,HP15_3373,Marinobacter (MarRef v6),cspA,cold-shock protein,informative_multi,WP_008172950.1,2,1.0,eggnog,Bacteria,1,
other_hetero,eggnog:COG0209@2,HP15_3649,Marinobacter (MarRef v6),nrdA,ribonucleoside-diphosphate reductase subunit alpha,informative_multi,WP_014578798.1,2,1.0,eggnog,Bacteria,1,
other_hetero,eggnog:COG0255@2,HP15_388,Marinobacter (MarRef v6),rpmC,50S ribosomal protein L29,informative_multi,WP_008174877.1,2,1.0,eggnog,Bacteria,1,
other_hetero,eggnog:COG2873@2,HP15_641,Marinobacter (MarRef v6),metY,O-acetylhomoserine aminocarboxypropyltransferase/cysteine synthase family protein,informative_multi,WP_008176355.1,2,1.0,eggnog,Bacteria,1,
other_hetero,eggnog:COG0228@2,HP15_758,Marinobacter (MarRef v6),rpsP,30S ribosomal protein S16,informative_multi,WP_008176245.1,2,1.0,eggnog,Bacteria,1,
other_hetero,eggnog:1MWIR@1224,M8001_12870,Pseudomonas putida KT2440,ansB,asparaginase,informative_multi,WP_010953400.1,2,1.0,eggnog,Proteobacteria,1,
other_hetero,eggnog:1P7S0@1224,M8001_13950,Pseudomonas putida KT2440,,porin,informative_multi,WP_010953581.1,2,1.0,eggnog,Proteobacteria,1,
other_hetero,eggnog:1MWBH@1224,SPO1210,Ruegeria pomeroyi DSS-3,,ABC transporter substrate-binding protein,informative_multi,WP_011046953.1,2,1.0,eggnog,Proteobacteria,1,
other_hetero,eggnog:1MZN0@1224,SPO2231,Ruegeria pomeroyi DSS-3,,bactofilin family protein,informative_multi,WP_011047953.1,2,1.0,eggnog,Proteobacteria,1,
other_hetero,eggnog:1N1MX@1224,SPO3705,Ruegeria pomeroyi DSS-3,,substrate-binding domain-containing protein,informative_multi,WP_011049383.1,2,1.0,eggnog,Proteobacteria,1,
other_hetero,eggnog:1P4HU@1224,Sputw3181_2878,Shewanella sp. W3-18-1,,hypothetical protein,catch_all_only,WP_011790149.1,2,1.0,eggnog,Proteobacteria,1,
other_hetero,eggnog:COG0605@2,HP15_2351,Marinobacter (MarRef v6),sodB,superoxide dismutase [Fe],informative_multi,WP_014577657.1,2,2.0,eggnog,Bacteria,1,
other_hetero,eggnog:COG0347@2,HP15_275,Marinobacter (MarRef v6),glnK,P-II family nitrogen regulator,informative_multi,WP_008173268.1,2,2.0,eggnog,Bacteria,1,
other_hetero,eggnog:COG4663@2,HP15_3028,Marinobacter (MarRef v6),dctP,TRAP transporter substrate-binding protein DctP,informative_multi,WP_041645585.1,2,2.0,eggnog,Bacteria,1,
other_hetero,eggnog:COG0834@2,HP15_3031,Marinobacter (MarRef v6),artJ,transporter substrate-binding domain-containing protein,informative_multi,WP_014578262.1,2,2.0,eggnog,Bacteria,2,HP15_1419
other_hetero,eggnog:COG0221@2,HP15_3216,Marinobacter (MarRef v6),ppa,inorganic diphosphatase,informative_multi,WP_014578423.1,2,2.0,eggnog,Bacteria,1,
other_hetero,eggnog:COG0036@2,HP15_3286,Marinobacter (MarRef v6),rpe,ribulose-phosphate 3-epimerase,informative_multi,WP_008173385.1,2,2.0,eggnog,Bacteria,1,
other_hetero,eggnog:COG0031@2,HP15_3453,Marinobacter (MarRef v6),cysK,cysteine synthase A,informative_multi,WP_014578627.1,2,2.0,eggnog,Bacteria,1,
other_hetero,eggnog:COG0557@2,HP15_3552,Marinobacter (MarRef v6),,ribonuclease R family protein,informative_multi,WP_014578706.1,2,2.0,eggnog,Bacteria,1,
other_hetero,eggnog:COG0160@2,HP15_3708,Marinobacter (MarRef v6),gabT,4-aminobutyrate--2-oxoglutarate transaminase,informative_multi,WP_014578841.1,2,2.0,eggnog,Bacteria,2,HP15_3855
other_hetero,eggnog:COG0460@2,HP15_764,Marinobacter (MarRef v6),hom,homoserine dehydrogenase,informative_multi,WP_014576269.1,2,2.0,eggnog,Bacteria,1,
other_hetero,eggnog:1MUFI@1224,SPO0719,Ruegeria pomeroyi DSS-3,etfA,electron transfer flavoprotein subunit alpha/FixB family protein,informative_multi,WP_011046469.1,2,2.0,eggnog,Proteobacteria,1,
other_hetero,eggnog:1MURR@1224,SPO0887,Ruegeria pomeroyi DSS-3,groL,chaperonin GroEL,informative_multi,WP_011046636.1,2,2.0,eggnog,Proteobacteria,1,
other_hetero,eggnog:1MVXS@1224,SPO2441,Ruegeria pomeroyi DSS-3,,ABC transporter substrate-binding protein,informative_multi,WP_144084001.1,2,2.0,eggnog,Proteobacteria,1,
other_hetero,eggnog:1MVU5@1224,SPO2802,Ruegeria pomeroyi DSS-3,,BMP family protein,informative_multi,WP_044028559.1,2,2.0,eggnog,Proteobacteria,1,
other_hetero,eggnog:1MZZ5@1224,Sputw3181_0575,Shewanella sp. W3-18-1,,cytochrome c-type biogenesis protein CcmH,informative_multi,WP_011787958.1,2,2.0,eggnog,Proteobacteria,1,
other_hetero,eggnog:1MWFW@1224,Sputw3181_1206,Shewanella sp. W3-18-1,yhbV,U32 family peptidase,informative_multi,WP_011788557.1,2,2.0,eggnog,Proteobacteria,1,
other_hetero,eggnog:COG0188@2,HP15_1360,Marinobacter (MarRef v6),gyrA,DNA gyrase subunit A,informative_multi,WP_014576789.1,2,3.0,eggnog,Bacteria,1,
other_hetero,eggnog:COG2885@2,HP15_2034,Marinobacter (MarRef v6),pal,peptidoglycan-associated lipoprotein Pal,informative_multi,WP_008169120.1,2,3.0,eggnog,Bacteria,2,HP15_2555
other_hetero,eggnog:COG0251@2,HP15_306,Marinobacter (MarRef v6),tdcF,RidA family protein,informative_multi,WP_008169589.1,2,3.0,eggnog,Bacteria,1,
other_hetero,eggnog:COG1664@2,HP15_354,Marinobacter (MarRef v6),,bactofilin family protein,informative_multi,WP_008173148.1,2,3.0,eggnog,Bacteria,1,
other_hetero,eggnog:COG0085@2,HP15_373,Marinobacter (MarRef v6),rpoB,DNA-directed RNA polymerase subunit beta,informative_multi,WP_041646080.1,2,3.0,eggnog,Bacteria,1,
other_hetero,eggnog:COG0185@2,HP15_384,Marinobacter (MarRef v6),rpsS,30S ribosomal protein S19,informative_multi,WP_007154011.1,2,3.0,eggnog,Bacteria,1,
other_hetero,eggnog:1MV57@1224,SPO0349,Ruegeria pomeroyi DSS-3,mdh,malate dehydrogenase,informative_multi,WP_011046110.1,2,3.0,eggnog,Proteobacteria,1,
other_hetero,locus:Sputw3181_2907,Sputw3181_2907,Shewanella sp. W3-18-1,,hypothetical protein,no_evidence,WP_014620654.1,2,3.0,,,1,
other_hetero,eggnog:COG0124@2,HP15_1494,Marinobacter (MarRef v6),hisS,histidine--tRNA ligase,informative_multi,WP_014576905.1,2,4.0,eggnog,Bacteria,1,
other_hetero,eggnog:COG0583@2,HP15_2091,Marinobacter (MarRef v6),,LysR family transcriptional regulator,informative_multi,WP_039882066.1,2,4.0,eggnog,Bacteria,1,
other_hetero,eggnog:COG1080@2,HP15_2229,Marinobacter (MarRef v6),ppsA,phosphoenolpyruvate synthase,informative_multi,WP_373274841.1,2,4.0,eggnog,Bacteria,1,
other_hetero,eggnog:COG4206@2,HP15_3953,Marinobacter (MarRef v6),btuB,TonB-dependent receptor plug domain-containing protein,informative_multi,WP_014579072.1,2,4.0,eggnog,Bacteria,1,
other_hetero,eggnog:COG0481@2,HP15_781,Marinobacter (MarRef v6),lepA,translation elongation factor 4,informative_multi,WP_014576285.1,2,4.0,eggnog,Bacteria,1,
other_hetero,eggnog:1MU5G@1224,SPO0326,Ruegeria pomeroyi DSS-3,phbA,acetyl-CoA C-acetyltransferase,informative_multi,WP_011046087.1,2,4.0,eggnog,Proteobacteria,1,
other_hetero,eggnog:1MVEV@1224,Sputw3181_0086,Shewanella sp. W3-18-1,glcB,malate synthase,informative_multi,WP_011787506.1,2,4.0,eggnog,Proteobacteria,2,Sputw3181_2866
other_hetero,eggnog:COG2025@2,HP15_1755,Marinobacter (MarRef v6),etfA,electron transfer flavoprotein subunit alpha/FixB family protein,informative_multi,WP_014577132.1,2,5.0,eggnog,Bacteria,1,
other_hetero,eggnog:COG0133@2,HP15_1827,Marinobacter (MarRef v6),trpB,tryptophan synthase subunit beta,informative_multi,WP_373274847.1,2,5.0,eggnog,Bacteria,1,
other_hetero,eggnog:COG3720@2,HP15_3000,Marinobacter (MarRef v6),hmuS,hemin-degrading factor,informative_multi,WP_014578240.1,2,5.0,eggnog,Bacteria,1,
other_hetero,eggnog:COG0793@2,HP15_3007,Marinobacter (MarRef v6),ctpA,S41 family peptidase,informative_multi,WP_014578245.1,2,5.0,eggnog,Bacteria,1,
other_hetero,eggnog:COG2224@2,HP15_3234,Marinobacter (MarRef v6),aceA,isocitrate lyase,informative_multi,WP_014578440.1,2,5.0,eggnog,Bacteria,1,
other_hetero,eggnog:1MVH2@1224,SPO0674,Ruegeria pomeroyi DSS-3,tauA,taurine ABC transporter substrate-binding protein,informative_multi,WP_144083951.1,2,5.0,eggnog,Proteobacteria,1,
other_hetero,eggnog:1PERH@1224,SPO0825,Ruegeria pomeroyi DSS-3,,ABC transporter substrate-binding protein,informative_multi,WP_044027914.1,2,5.0,eggnog,Proteobacteria,1,
other_hetero,eggnog:COG3391@2,HP15_3169,Marinobacter (MarRef v6),pedA,YVTN family beta-propeller repeat protein,informative_single,WP_041645641.1,2,6.0,eggnog,Bacteria,1,
other_hetero,eggnog:COG0055@2,HP15_3679,Marinobacter (MarRef v6),atpD,F0F1 ATP synthase subunit beta,informative_multi,WP_008172594.1,2,6.0,eggnog,Bacteria,1,
other_hetero,eggnog:1MV2M@1224,SPO0193,Ruegeria pomeroyi DSS-3,flgK,flagellar hook-associated protein FlgK,informative_multi,WP_011045962.1,2,6.0,eggnog,Proteobacteria,1,
other_hetero,eggnog:COG2225@2,HP15_2188,Marinobacter (MarRef v6),glcB,malate synthase G,informative_multi,WP_014577523.1,2,7.0,eggnog,Bacteria,1,
other_hetero,eggnog:COG0236@2,HP15_2212,Marinobacter (MarRef v6),acpP,acyl carrier protein,informative_multi,WP_008174976.1,2,7.0,eggnog,Bacteria,1,
other_hetero,eggnog:COG0365@2,HP15_3799,Marinobacter (MarRef v6),,acetoacetate--CoA ligase,informative_multi,WP_014578928.1,2,7.0,eggnog,Bacteria,1,
other_hetero,eggnog:1MUZY@1224,Sputw3181_1098,Shewanella sp. W3-18-1,mobH,MobH family relaxase,informative_multi,WP_011788468.1,2,7.0,eggnog,Proteobacteria,1,
other_hetero,eggnog:COG4150@2,HP15_1344,Marinobacter (MarRef v6),cysP,thiosulfate ABC transporter substrate-binding protein CysP,informative_multi,WP_014576774.1,2,8.0,eggnog,Bacteria,1,
other_hetero,eggnog:COG0073@2,HP15_1076,Marinobacter (MarRef v6),pheT,phenylalanine--tRNA ligase subunit beta,informative_multi,WP_014576544.1,1,1.0,eggnog,Bacteria,1,
other_hetero,eggnog:COG0047@2,HP15_1239,Marinobacter (MarRef v6),purL,phosphoribosylformylglycinamidine synthase,informative_multi,WP_014576687.1,1,1.0,eggnog,Bacteria,1,
other_hetero,eggnog:COG3170@2,HP15_1306,Marinobacter (MarRef v6),,DUF1631 domain-containing protein,informative_multi,WP_014576739.1,1,1.0,eggnog,Bacteria,2,HP15_1830
other_hetero,eggnog:COG2183@2,HP15_216,Marinobacter (MarRef v6),yhgF,Tex family protein,informative_multi,WP_014575831.1,1,1.0,eggnog,Bacteria,1,
other_hetero,eggnog:COG1026@2,HP15_2231,Marinobacter (MarRef v6),,insulinase family protein,informative_multi,WP_014577554.1,1,1.0,eggnog,Bacteria,1,
other_hetero,eggnog:COG0421@2,HP15_273,Marinobacter (MarRef v6),speE,polyamine aminopropyltransferase,informative_multi,WP_014575878.1,1,1.0,eggnog,Bacteria,1,
other_hetero,eggnog:COG0719@2,HP15_2984,Marinobacter (MarRef v6),sufB,Fe-S cluster assembly protein SufB,informative_multi,WP_008169346.1,1,1.0,eggnog,Bacteria,1,
other_hetero,eggnog:COG1734@2,HP15_332,Marinobacter (MarRef v6),dksA,RNA polymerase-binding protein DksA,informative_multi,WP_014575920.1,1,1.0,eggnog,Bacteria,1,
other_hetero,eggnog:COG0080@2,HP15_369,Marinobacter (MarRef v6),rplK,50S ribosomal protein L11,informative_multi,WP_008174831.1,1,1.0,eggnog,Bacteria,1,
other_hetero,eggnog:COG1846@2,HP15_3821,Marinobacter (MarRef v6),,MarR family transcriptional regulator,informative_multi,WP_008176821.1,1,1.0,eggnog,Bacteria,1,
other_hetero,eggnog:COG0202@2,HP15_404,Marinobacter (MarRef v6),rpoA,DNA-directed RNA polymerase subunit alpha,informative_multi,WP_008174911.1,1,1.0,eggnog,Bacteria,1,
other_hetero,eggnog:COG0070@2,HP15_482,Marinobacter (MarRef v6),gltB,glutamate synthase large subunit,informative_multi,WP_014576034.1,1,1.0,eggnog,Bacteria,1,
other_hetero,eggnog:COG0488@2,HP15_488,Marinobacter (MarRef v6),yjjK,energy-dependent translational throttle protein EttA,informative_multi,WP_014576039.1,1,1.0,eggnog,Bacteria,1,
other_hetero,eggnog:1MV6Q@1224,M8001_21015,Pseudomonas putida KT2440,idh,NADP-dependent isocitrate dehydrogenase,informative_multi,WP_010954815.1,1,1.0,eggnog,Proteobacteria,1,
other_hetero,eggnog:1MXJY@1224,M8001_24150,Pseudomonas putida KT2440,pagO,DMT family transporter,informative_multi,WP_010955268.1,1,1.0,eggnog,Proteobacteria,1,
other_hetero,eggnog:1MVCE@1224,SPO0347,Ruegeria pomeroyi DSS-3,sucC,ADP-forming succinate--CoA ligase subunit beta,informative_multi,WP_011046108.1,1,1.0,eggnog,Proteobacteria,1,
other_hetero,eggnog:1MU7T@1224,SPO0362,Ruegeria pomeroyi DSS-3,,hypothetical protein,informative_multi,WP_044027809.1,1,1.0,eggnog,Proteobacteria,1,
other_hetero,eggnog:1R3SD@1224,SPO1085,Ruegeria pomeroyi DSS-3,,isocitrate lyase/PEP mutase family protein,informative_multi,WP_011046832.1,1,1.0,eggnog,Proteobacteria,1,
other_hetero,eggnog:1NHQG@1224,SPO1096,Ruegeria pomeroyi DSS-3,,hypothetical protein,no_evidence,WP_011046843.1,1,1.0,eggnog,Proteobacteria,1,
other_hetero,eggnog:1RD63@1224,SPO1293,Ruegeria pomeroyi DSS-3,phaP,"phasin, PhaP",informative_single,WP_011047034.1,1,1.0,eggnog,Proteobacteria,1,
other_hetero,eggnog:1MVV2@1224,SPO1490,Ruegeria pomeroyi DSS-3,,substrate-binding domain-containing protein,informative_multi,WP_202807077.1,1,1.0,eggnog,Proteobacteria,1,
other_hetero,eggnog:1MW3N@1224,SPO1796,Ruegeria pomeroyi DSS-3,fdhF,formate dehydrogenase subunit alpha,informative_multi,WP_011047529.1,1,1.0,eggnog,Proteobacteria,1,
other_hetero,eggnog:1MV09@1224,SPO3109,Ruegeria pomeroyi DSS-3,tolB,Tol-Pal system beta propeller repeat protein TolB,informative_multi,WP_011048799.1,1,1.0,eggnog,Proteobacteria,1,
other_hetero,eggnog:1MUFU@1224,SPO3162,Ruegeria pomeroyi DSS-3,atpD,F0F1 ATP synthase subunit beta,informative_multi,WP_011048852.1,1,1.0,eggnog,Proteobacteria,1,
other_hetero,eggnog:1N9S0@1224,SPO3452a,Ruegeria pomeroyi DSS-3,,hypothetical protein,no_evidence,WP_030003262.1,1,1.0,eggnog,Proteobacteria,1,
other_hetero,eggnog:1MUST@1224,SPO3825,Ruegeria pomeroyi DSS-3,rplC,50S ribosomal protein L3,informative_multi,WP_011049497.1,1,1.0,eggnog,Proteobacteria,1,
other_hetero,eggnog:1NGYJ@1224,Sputw3181_0808,Shewanella sp. W3-18-1,csgB,curlin,informative_multi,WP_011788187.1,1,1.0,eggnog,Proteobacteria,1,
other_hetero,eggnog:1NUAB@1224,Sputw3181_0919,Shewanella sp. W3-18-1,,LysR family transcriptional regulator,informative_multi,WP_011788296.1,1,1.0,eggnog,Proteobacteria,1,
other_hetero,eggnog:COG1028@2,HP15_1225,Marinobacter (MarRef v6),yciK,YciK family oxidoreductase,informative_multi,WP_008171450.1,1,2.0,eggnog,Bacteria,1,
other_hetero,eggnog:COG0152@2,HP15_2025,Marinobacter (MarRef v6),purC,phosphoribosylaminoimidazolesuccinocarboxamide synthase,informative_multi,WP_008169108.1,1,2.0,eggnog,Bacteria,1,
other_hetero,eggnog:COG1219@2,HP15_2184,Marinobacter (MarRef v6),clpX,ATP-dependent Clp protease ATP-binding subunit ClpX,informative_multi,WP_008174598.1,1,2.0,eggnog,Bacteria,1,
other_hetero,eggnog:COG0008@2,HP15_2191,Marinobacter (MarRef v6),glnS,glutamine--tRNA ligase/YqeY domain fusion protein,informative_multi,WP_014577525.1,1,2.0,eggnog,Bacteria,1,
other_hetero,eggnog:COG1077@2,HP15_2455,Marinobacter (MarRef v6),mreB,rod shape-determining protein,informative_multi,WP_008170134.1,1,2.0,eggnog,Bacteria,1,
other_hetero,eggnog:COG0021@2,HP15_2913,Marinobacter (MarRef v6),tkt1,transketolase,informative_multi,WP_014578165.1,1,2.0,eggnog,Bacteria,1,
other_hetero,eggnog:COG0532@2,HP15_3067,Marinobacter (MarRef v6),infB,translation initiation factor IF-2,informative_multi,WP_014578292.1,1,2.0,eggnog,Bacteria,1,
other_hetero,eggnog:COG0147@2,HP15_3288,Marinobacter (MarRef v6),trpE,anthranilate synthase component I,informative_multi,WP_041646392.1,1,2.0,eggnog,Bacteria,1,
other_hetero,eggnog:COG0446@2,HP15_3349,Marinobacter (MarRef v6),rubB,NAD(P)/FAD-dependent oxidoreductase,informative_multi,WP_014578533.1,1,2.0,eggnog,Bacteria,1,
other_hetero,eggnog:COG0226@2,HP15_3389,Marinobacter (MarRef v6),pstS,substrate-binding domain-containing protein,informative_multi,WP_169702178.1,1,2.0,eggnog,Bacteria,1,
other_hetero,eggnog:COG4774@2,HP15_3673,Marinobacter (MarRef v6),fhuA,TonB-dependent siderophore receptor,informative_multi,WP_041645841.1,1,2.0,eggnog,Bacteria,1,
other_hetero,eggnog:COG0049@2,HP15_376,Marinobacter (MarRef v6),rpsG,30S ribosomal protein S7,informative_multi,WP_008174847.1,1,2.0,eggnog,Bacteria,1,
other_hetero,eggnog:COG0088@2,HP15_381,Marinobacter (MarRef v6),rplD,50S ribosomal protein L4,informative_multi,WP_008174860.1,1,2.0,eggnog,Bacteria,1,
other_hetero,eggnog:COG1012@2,HP15_906,Marinobacter (MarRef v6),aldH6A1,CoA-acylating methylmalonate-semialdehyde dehydrogenase,informative_multi,WP_008175948.1,1,2.0,eggnog,Bacteria,1,
other_hetero,eggnog:1MV5D@1224,M8001_05600,Pseudomonas putida KT2440,gltI,glutamate/aspartate ABC transporter substrate-binding protein,informative_multi,WP_049588510.1,1,2.0,eggnog,Proteobacteria,1,
other_hetero,eggnog:1MUGA@1224,M8001_21885,Pseudomonas putida KT2440,sucD,succinate--CoA ligase subunit alpha,informative_multi,WP_003254203.1,1,2.0,eggnog,Proteobacteria,1,
other_hetero,eggnog:1MXZQ@1224,M8001_24155,Pseudomonas putida KT2440,tetD,helix-turn-helix domain-containing protein,informative_multi,WP_010955269.1,1,2.0,eggnog,Proteobacteria,1,
other_hetero,eggnog:1MUKS@1224,SPO0568,Ruegeria pomeroyi DSS-3,,indolepyruvate ferredoxin oxidoreductase family protein,informative_multi,WP_011046324.1,1,2.0,eggnog,Proteobacteria,1,
other_hetero,eggnog:1MVC0@1224,SPO0728,Ruegeria pomeroyi DSS-3,tuf,elongation factor Tu,informative_multi,WP_011046478.1,1,2.0,eggnog,Proteobacteria,1,
other_hetero,eggnog:1N5MC@1224,SPO1001,Ruegeria pomeroyi DSS-3,soxF,NAD(P)/FAD-dependent oxidoreductase,informative_multi,WP_011046749.1,1,2.0,eggnog,Proteobacteria,1,
other_hetero,eggnog:1NTFS@1224,SPO1465,Ruegeria pomeroyi DSS-3,dctP,TRAP transporter substrate-binding protein DctP,informative_multi,WP_011047202.1,1,2.0,eggnog,Proteobacteria,1,
other_hetero,eggnog:1MVPR@1224,SPO1960,Ruegeria pomeroyi DSS-3,,serine hydrolase domain-containing protein,informative_multi,WP_011047691.1,1,2.0,eggnog,Proteobacteria,1,
other_hetero,eggnog:1MVW9@1224,SPO3366,Ruegeria pomeroyi DSS-3,,"metal ABC transporter solute-binding protein, Zn/Mn family",informative_multi,WP_011049049.1,1,2.0,eggnog,Proteobacteria,1,
other_hetero,eggnog:1MUVU@1224,SPO3537,Ruegeria pomeroyi DSS-3,yejA,extracellular solute-binding protein,informative_multi,WP_044028782.1,1,2.0,eggnog,Proteobacteria,1,
other_hetero,eggnog:1MWRB@1224,SPO3661,Ruegeria pomeroyi DSS-3,,5-oxoprolinase subunit B family protein,informative_multi,WP_011049341.1,1,2.0,eggnog,Proteobacteria,1,
other_hetero,eggnog:1R8QE@1224,Sputw3181_0807,Shewanella sp. W3-18-1,,curlin,informative_single,WP_011788186.1,1,2.0,eggnog,Proteobacteria,1,
other_hetero,eggnog:COG1047@2,HP15_1758,Marinobacter (MarRef v6),slyD,FKBP-type peptidyl-prolyl cis-trans isomerase,informative_multi,WP_008171631.1,1,3.0,eggnog,Bacteria,1,
other_hetero,eggnog:COG0824@2,HP15_2198,Marinobacter (MarRef v6),,acyl-CoA thioesterase,informative_multi,WP_014577531.1,1,3.0,eggnog,Bacteria,1,
other_hetero,eggnog:COG0835@2,HP15_2292,Marinobacter (MarRef v6),cheW,chemotaxis protein CheW,informative_multi,WP_008173094.1,1,3.0,eggnog,Bacteria,1,
other_hetero,eggnog:COG0090@2,HP15_383,Marinobacter (MarRef v6),rplB,50S ribosomal protein L2,informative_multi,WP_014575956.1,1,3.0,eggnog,Bacteria,1,
other_hetero,eggnog:COG2998@2,HP15_4133,Marinobacter (MarRef v6),tupA,substrate-binding domain-containing protein,informative_multi,WP_041645991.1,1,3.0,eggnog,Bacteria,1,
other_hetero,eggnog:COG4796@2,HP15_478,Marinobacter (MarRef v6),pilQ,type IV pilus secretin PilQ,informative_multi,WP_014576031.1,1,3.0,eggnog,Bacteria,1,
other_hetero,eggnog:COG0054@2,HP15_494,Marinobacter (MarRef v6),ribH,"6,7-dimethyl-8-ribityllumazine synthase",informative_multi,WP_008170762.1,1,3.0,eggnog,Bacteria,1,
other_hetero,eggnog:COG1190@2,HP15_768,Marinobacter (MarRef v6),lysS,lysine--tRNA ligase,informative_multi,WP_014576273.1,1,3.0,eggnog,Bacteria,1,
other_hetero,eggnog:COG1639@2,HP15_770,Marinobacter (MarRef v6),,HDOD domain-containing protein,informative_multi,WP_014576275.1,1,3.0,eggnog,Bacteria,1,
other_hetero,eggnog:1MZQD@1224,M8001_02475,Pseudomonas putida KT2440,rplX,50S ribosomal protein L24,informative_multi,WP_003255476.1,1,3.0,eggnog,Proteobacteria,1,
other_hetero,eggnog:1MV4Z@1224,M8001_14325,Pseudomonas putida KT2440,,NAD(P)/FAD-dependent oxidoreductase,informative_multi,WP_010953650.1,1,3.0,eggnog,Proteobacteria,1,
other_hetero,eggnog:1MZ3Q@1224,M8001_15495,Pseudomonas putida KT2440,dgkA,diacylglycerol kinase,informative_multi,WP_031297681.1,1,3.0,eggnog,Proteobacteria,1,
other_hetero,eggnog:1MZ5B@1224,M8001_27870,Pseudomonas putida KT2440,hupA,HU family DNA-binding protein,informative_multi,WP_003253355.1,1,3.0,eggnog,Proteobacteria,2,SPO3744
other_hetero,eggnog:1MWBS@1224,SPO1163,Ruegeria pomeroyi DSS-3,hisB,imidazoleglycerol-phosphate dehydratase HisB,informative_multi,WP_011046909.1,1,3.0,eggnog,Proteobacteria,1,
other_hetero,eggnog:1RH7T@1224,SPO1429,Ruegeria pomeroyi DSS-3,omp28,SIMPL domain-containing protein,informative_multi,WP_011047166.1,1,3.0,eggnog,Proteobacteria,1,
other_hetero,eggnog:1P20V@1224,SPO1820,Ruegeria pomeroyi DSS-3,,ABC transporter substrate-binding protein,informative_multi,WP_011047553.1,1,3.0,eggnog,Proteobacteria,1,
other_hetero,eggnog:1MZEW@1224,SPO1990,Ruegeria pomeroyi DSS-3,rplU,50S ribosomal protein L21,informative_multi,WP_011047721.1,1,3.0,eggnog,Proteobacteria,1,
other_hetero,eggnog:1QV7P@1224,SPO2260,Ruegeria pomeroyi DSS-3,,head-tail connector protein,informative_single,WP_044028335.1,1,3.0,eggnog,Proteobacteria,1,
other_hetero,eggnog:1MUP5@1224,SPO2264,Ruegeria pomeroyi DSS-3,gp34,phage portal protein,informative_multi,WP_011047985.1,1,3.0,eggnog,Proteobacteria,1,
other_hetero,eggnog:1MV4B@1224,SPO2305,Ruegeria pomeroyi DSS-3,purB,adenylosuccinate lyase,informative_multi,WP_011048022.1,1,3.0,eggnog,Proteobacteria,1,
other_hetero,eggnog:1MX03@1224,SPO2904,Ruegeria pomeroyi DSS-3,,bifunctional metallophosphatase/5^-nucleotidase,informative_multi,WP_011048604.1,1,3.0,eggnog,Proteobacteria,1,
other_hetero,eggnog:1MZCE@1224,Sputw3181_0961,Shewanella sp. W3-18-1,csgE,curli production assembly/transport protein CsgE,informative_multi,WP_011788337.1,1,3.0,eggnog,Proteobacteria,1,
other_hetero,eggnog:COG2440@2,HP15_1757,Marinobacter (MarRef v6),etfD,electron transfer flavoprotein-ubiquinone oxidoreductase,informative_multi,WP_041646211.1,1,4.0,eggnog,Bacteria,1,
other_hetero,eggnog:COG2304@2,HP15_1878,Marinobacter (MarRef v6),,VWA domain-containing protein,informative_single,WP_227499740.1,1,4.0,eggnog,Bacteria,1,
other_hetero,eggnog:COG1185@2,HP15_3063,Marinobacter (MarRef v6),pnp,polyribonucleotide nucleotidyltransferase,informative_multi,WP_014578290.1,1,4.0,eggnog,Bacteria,1,
other_hetero,eggnog:COG0289@2,HP15_3079,Marinobacter (MarRef v6),dapB,4-hydroxy-tetrahydrodipicolinate reductase,informative_multi,WP_014578299.1,1,4.0,eggnog,Bacteria,1,
other_hetero,eggnog:COG4993@2,HP15_3160,Marinobacter (MarRef v6),pedH,PQQ-dependent methanol/ethanol family dehydrogenase,informative_multi,WP_014578370.1,1,4.0,eggnog,Bacteria,1,
other_hetero,eggnog:COG0828@2,HP15_317,Marinobacter (MarRef v6),rpsU,30S ribosomal protein S21,informative_multi,WP_007153483.1,1,4.0,eggnog,Bacteria,1,
other_hetero,eggnog:COG0553@2,HP15_3376,Marinobacter (MarRef v6),rapA,RNA polymerase-associated protein RapA,informative_multi,WP_014578556.1,1,4.0,eggnog,Bacteria,1,
other_hetero,eggnog:339KM@2,HP15_3827,Marinobacter (MarRef v6),oprI,Lpp/OprI family alanine-zipper lipoprotein,informative_single,WP_014578950.1,1,4.0,eggnog,Bacteria,1,
other_hetero,eggnog:COG0254@2,HP15_471,Marinobacter (MarRef v6),rpmE,50S ribosomal protein L31,informative_multi,WP_008170804.1,1,4.0,eggnog,Bacteria,1,
other_hetero,eggnog:1MU3C@1224,M8001_08450,Pseudomonas putida KT2440,recA,recombinase RecA,informative_multi,WP_003252365.1,1,4.0,eggnog,Proteobacteria,1,
other_hetero,eggnog:1QIT9@1224,M8001_24260,Pseudomonas putida KT2440,,alpha/beta fold hydrolase,informative_multi,WP_049587072.1,1,4.0,eggnog,Proteobacteria,1,
other_hetero,eggnog:1MW7D@1224,M8001_25435,Pseudomonas putida KT2440,oprC,TonB-dependent copper receptor,informative_multi,WP_010955445.1,1,4.0,eggnog,Proteobacteria,1,
other_hetero,eggnog:1N1TN@1224,SPO0046,Ruegeria pomeroyi DSS-3,thiO,FAD-dependent oxidoreductase,informative_multi,WP_011045818.1,1,4.0,eggnog,Proteobacteria,1,
other_hetero,eggnog:1MXEX@1224,SPO0186,Ruegeria pomeroyi DSS-3,tctC,tripartite tricarboxylate transporter substrate binding protein,informative_multi,WP_011045955.1,1,4.0,eggnog,Proteobacteria,1,
other_hetero,eggnog:1MU8V@1224,SPO1710,Ruegeria pomeroyi DSS-3,urtA,urea ABC transporter substrate-binding protein,informative_multi,WP_044029188.1,1,4.0,eggnog,Proteobacteria,1,
other_hetero,eggnog:1MUZH@1224,SPO2554,Ruegeria pomeroyi DSS-3,,ABC transporter substrate-binding protein,informative_multi,WP_044029270.1,1,4.0,eggnog,Proteobacteria,2,SPO3774
other_hetero,eggnog:1MV3H@1224,SPO2929,Ruegeria pomeroyi DSS-3,deoA,thymidine phosphorylase,informative_multi,WP_011048629.1,1,4.0,eggnog,Proteobacteria,1,
other_hetero,eggnog:1MU82@1224,SPO3036,Ruegeria pomeroyi DSS-3,,alkyl/aryl-sulfatase,informative_multi,WP_230981747.1,1,4.0,eggnog,Proteobacteria,1,
other_hetero,eggnog:1RA1S@1224,SPO3415,Ruegeria pomeroyi DSS-3,lolA,LolA family protein,informative_multi,WP_011049098.1,1,4.0,eggnog,Proteobacteria,1,
other_hetero,eggnog:1MUT0@1224,SPO3720,Ruegeria pomeroyi DSS-3,tyrB,aromatic amino acid transaminase,informative_multi,WP_011049398.1,1,4.0,eggnog,Proteobacteria,1,
other_hetero,eggnog:1RGWK@1224,Sputw3181_0700,Shewanella sp. W3-18-1,glnK,P-II family nitrogen regulator,informative_multi,WP_011788081.1,1,4.0,eggnog,Proteobacteria,1,
other_hetero,eggnog:COG0016@2,HP15_1075,Marinobacter (MarRef v6),pheS,phenylalanine--tRNA ligase subunit alpha,informative_multi,WP_014576543.1,1,5.0,eggnog,Bacteria,1,
other_hetero,eggnog:COG2877@2,HP15_1273,Marinobacter (MarRef v6),kdsA,3-deoxy-8-phosphooctulonate synthase,informative_multi,WP_014576711.1,1,5.0,eggnog,Bacteria,1,
other_hetero,eggnog:COG1344@2,HP15_1477,Marinobacter (MarRef v6),flgL,flagellar hook-associated protein FlgL,informative_multi,WP_014576893.1,1,5.0,eggnog,Bacteria,1,
other_hetero,eggnog:COG0074@2,HP15_1525,Marinobacter (MarRef v6),sucD,succinate--CoA ligase subunit alpha,informative_multi,WP_008174394.1,1,5.0,eggnog,Bacteria,1,
other_hetero,eggnog:COG0443@2,HP15_3081,Marinobacter (MarRef v6),dnaK,molecular chaperone DnaK,informative_multi,WP_014578301.1,1,5.0,eggnog,Bacteria,1,
other_hetero,eggnog:COG0187@2,HP15_3706,Marinobacter (MarRef v6),gyrB,DNA topoisomerase (ATP-hydrolyzing) subunit B,informative_multi,WP_008172535.1,1,5.0,eggnog,Bacteria,1,
other_hetero,eggnog:COG0091@2,HP15_385,Marinobacter (MarRef v6),rplV,50S ribosomal protein L22,informative_multi,WP_008174870.1,1,5.0,eggnog,Bacteria,1,
other_hetero,eggnog:COG0335@2,HP15_761,Marinobacter (MarRef v6),rplS,50S ribosomal protein L19,informative_multi,WP_008176237.1,1,5.0,eggnog,Bacteria,1,
other_hetero,eggnog:1MXTF@1224,M8001_04100,Pseudomonas putida KT2440,,DUF1329 domain-containing protein,informative_single,WP_010952007.1,1,5.0,eggnog,Proteobacteria,1,
other_hetero,eggnog:1MV3I@1224,M8001_05590,Pseudomonas putida KT2440,gltK,amino acid ABC transporter permease,informative_multi,WP_010952241.1,1,5.0,eggnog,Proteobacteria,1,
other_hetero,eggnog:1NTR5@1224,M8001_07495,Pseudomonas putida KT2440,lon-I,endopeptidase La,informative_multi,WP_010952543.1,1,5.0,eggnog,Proteobacteria,1,
other_hetero,eggnog:1R735@1224,M8001_14330,Pseudomonas putida KT2440,sdh,SDR family NAD(P)-dependent oxidoreductase,informative_multi,WP_010953651.1,1,5.0,eggnog,Proteobacteria,1,
other_hetero,eggnog:1MWXN@1224,SPO0709,Ruegeria pomeroyi DSS-3,pckA,phosphoenolpyruvate carboxykinase,informative_multi,WP_011046459.1,1,5.0,eggnog,Proteobacteria,1,
other_hetero,eggnog:1MVH6@1224,SPO0720,Ruegeria pomeroyi DSS-3,etfB,electron transfer flavoprotein subunit beta/FixA family protein,informative_multi,WP_011046470.1,1,5.0,eggnog,Proteobacteria,1,
other_hetero,eggnog:1MXD8@1224,SPO0781,Ruegeria pomeroyi DSS-3,phnD,phosphonate ABC transporter substrate-binding protein,informative_multi,WP_044027908.1,1,5.0,eggnog,Proteobacteria,1,
other_hetero,eggnog:1MW99@1224,SPOA0300,Ruegeria pomeroyi DSS-3,,ABC transporter substrate-binding protein,informative_multi,WP_011242079.1,1,5.0,eggnog,Proteobacteria,1,
other_hetero,eggnog:1R8VZ@1224,Sputw3181_0615,Shewanella sp. W3-18-1,,TorF family putative porin,informative_multi,WP_011787997.1,1,5.0,eggnog,Proteobacteria,1,
other_hetero,eggnog:COG0308@2,HP15_1065,Marinobacter (MarRef v6),pepN,aminopeptidase N,informative_multi,WP_014576535.1,1,6.0,eggnog,Bacteria,1,
other_hetero,eggnog:COG0284@2,HP15_1370,Marinobacter (MarRef v6),pyrF,orotidine-5^-phosphate decarboxylase,informative_multi,WP_041645156.1,1,6.0,eggnog,Bacteria,1,
other_hetero,eggnog:COG1509@2,HP15_3047,Marinobacter (MarRef v6),,KamA family radical SAM protein,informative_multi,WP_014578276.1,1,6.0,eggnog,Bacteria,1,
other_hetero,eggnog:COG0735@2,HP15_3085,Marinobacter (MarRef v6),fur,ferric iron uptake transcriptional regulator,informative_multi,WP_008171512.1,1,6.0,eggnog,Bacteria,1,
other_hetero,eggnog:COG1586@2,HP15_3309,Marinobacter (MarRef v6),speD,adenosylmethionine decarboxylase,informative_multi,WP_008173437.1,1,6.0,eggnog,Bacteria,1,
other_hetero,eggnog:COG3634@2,HP15_3619,Marinobacter (MarRef v6),ahpF,alkyl hydroperoxide reductase subunit F,informative_multi,WP_014578771.1,1,6.0,eggnog,Bacteria,1,
other_hetero,eggnog:COG0355@2,HP15_3678,Marinobacter (MarRef v6),atpC,F0F1 ATP synthase subunit epsilon,informative_multi,WP_008172596.1,1,6.0,eggnog,Bacteria,1,
other_hetero,eggnog:COG1464@2,HP15_3905,Marinobacter (MarRef v6),metQ-2,MetQ/NlpA family ABC transporter substrate-binding protein,informative_multi,WP_014579024.1,1,6.0,eggnog,Bacteria,1,
other_hetero,eggnog:COG1638@2,HP15_4076,Marinobacter (MarRef v6),,TRAP transporter substrate-binding protein,informative_multi,WP_041645964.1,1,6.0,eggnog,Bacteria,1,
other_hetero,eggnog:1MUVX@1224,M8001_05595,Pseudomonas putida KT2440,gltJ,amino acid ABC transporter permease,informative_multi,WP_010952242.1,1,6.0,eggnog,Proteobacteria,1,
other_hetero,eggnog:1MUR9@1224,M8001_06465,Pseudomonas putida KT2440,purC,phosphoribosylaminoimidazolesuccinocarboxamide synthase,informative_multi,WP_003254733.1,1,6.0,eggnog,Proteobacteria,1,
other_hetero,eggnog:1MU3F@1224,M8001_08610,Pseudomonas putida KT2440,,GMC oxidoreductase,informative_multi,WP_010952718.1,1,6.0,eggnog,Proteobacteria,1,
other_hetero,eggnog:1N8YD@1224,M8001_14310,Pseudomonas putida KT2440,,DUF2878 domain-containing protein,informative_single,WP_010953647.1,1,6.0,eggnog,Proteobacteria,1,
other_hetero,eggnog:1MUBA@1224,SPO0470,Ruegeria pomeroyi DSS-3,phnI,carbon-phosphorus lyase complex subunit PhnI,informative_multi,WP_011046231.1,1,6.0,eggnog,Proteobacteria,1,
other_hetero,eggnog:1MU26@1224,SPO2816,Ruegeria pomeroyi DSS-3,,ABC transporter permease,informative_multi,WP_030003238.1,1,6.0,eggnog,Proteobacteria,1,
other_hetero,eggnog:1N4PQ@1224,Sputw3181_0962,Shewanella sp. W3-18-1,csgF,curli assembly protein CsgF,informative_multi,WP_011788338.1,1,6.0,eggnog,Proteobacteria,1,
other_hetero,eggnog:1PGRH@1224,Sputw3181_2088,Shewanella sp. W3-18-1,trhA,PAQR family membrane homeostasis protein TrhA,informative_multi,WP_011789387.1,1,6.0,eggnog,Proteobacteria,1,
other_hetero,eggnog:1NJDU@1224,Sputw3181_4089,Shewanella sp. W3-18-1,,helix-turn-helix domain-containing protein,informative_multi,WP_011791310.1,1,6.0,eggnog,Proteobacteria,1,
other_hetero,eggnog:COG4775@2,HP15_1174,Marinobacter (MarRef v6),bamA,outer membrane protein assembly factor BamA,informative_multi,WP_041645133.1,1,7.0,eggnog,Bacteria,1,
other_hetero,eggnog:COG3320@2,HP15_1213,Marinobacter (MarRef v6),,SDR family oxidoreductase,informative_multi,WP_041645140.1,1,7.0,eggnog,Bacteria,1,
other_hetero,eggnog:COG0155@2,HP15_1795,Marinobacter (MarRef v6),cysI,nitrite/sulfite reductase,informative_multi,WP_041645228.1,1,7.0,eggnog,Bacteria,1,
other_hetero,eggnog:COG4166@2,HP15_1807,Marinobacter (MarRef v6),yejA,extracellular solute-binding protein,informative_multi,WP_014577171.1,1,7.0,eggnog,Bacteria,1,
other_hetero,eggnog:COG0126@2,HP15_2911,Marinobacter (MarRef v6),pgk,phosphoglycerate kinase,informative_multi,WP_014578163.1,1,7.0,eggnog,Bacteria,1,
other_hetero,eggnog:1MV21@1224,M8001_01800,Pseudomonas putida KT2440,aceE,"pyruvate dehydrogenase (acetyl-transferring), homodimeric type",informative_multi,WP_010951693.1,1,7.0,eggnog,Proteobacteria,1,
other_hetero,eggnog:1MX3U@1224,M8001_14315,Pseudomonas putida KT2440,cfa,SAM-dependent methyltransferase,informative_multi,WP_049586237.1,1,7.0,eggnog,Proteobacteria,1,
other_hetero,eggnog:1RC8U@1224,M8001_16105,Pseudomonas putida KT2440,,Hcp family type VI secretion system effector,informative_multi,WP_049586088.1,1,7.0,eggnog,Proteobacteria,1,
other_hetero,eggnog:1MWIF@1224,M8001_21550,Pseudomonas putida KT2440,aceA,isocitrate lyase,informative_multi,WP_010954897.1,1,7.0,eggnog,Proteobacteria,2,Sputw3181_2865
other_hetero,eggnog:1MWAF@1224,SPO0260,Ruegeria pomeroyi DSS-3,,alkaline phosphatase D family protein,informative_multi,WP_011046022.1,1,7.0,eggnog,Proteobacteria,1,
other_hetero,eggnog:1NGHH@1224,SPO0379,Ruegeria pomeroyi DSS-3,tmpC,BMP family lipoprotein,informative_multi,WP_011046140.1,1,7.0,eggnog,Proteobacteria,1,
other_hetero,eggnog:1MU2Y@1224,SPO1472,Ruegeria pomeroyi DSS-3,hyuA,hydantoinase/oxoprolinase family protein,informative_multi,WP_011047209.1,1,7.0,eggnog,Proteobacteria,1,
other_hetero,eggnog:1QVW2@1224,SPO1742,Ruegeria pomeroyi DSS-3,,TadE/TadG family type IV pilus assembly protein,informative_single,WP_011047476.1,1,7.0,eggnog,Proteobacteria,1,
other_hetero,eggnog:1MWHJ@1224,SPOA0144,Ruegeria pomeroyi DSS-3,bhcA,L-aspartate--glyoxylate aminotransferase BhcA,informative_multi,WP_011241925.1,1,7.0,eggnog,Proteobacteria,1,
other_hetero,eggnog:1MVZM@1224,Sputw3181_0963,Shewanella sp. W3-18-1,csgG,CsgG/HfaB family protein,informative_multi,WP_011788339.1,1,7.0,eggnog,Proteobacteria,1,
other_hetero,eggnog:1MXCG@1224,Sputw3181_1408,Shewanella sp. W3-18-1,flgD,flagellar hook assembly protein FlgD,informative_multi,WP_011788754.1,1,7.0,eggnog,Proteobacteria,1,
other_hetero,eggnog:COG0517@2,HP15_2051,Marinobacter (MarRef v6),guaB,IMP dehydrogenase,informative_multi,WP_008169151.1,1,8.0,eggnog,Bacteria,1,
other_hetero,eggnog:COG0469@2,HP15_2176,Marinobacter (MarRef v6),pykA,pyruvate kinase,informative_multi,WP_014577515.1,1,8.0,eggnog,Bacteria,1,
other_hetero,eggnog:COG0545@2,HP15_223,Marinobacter (MarRef v6),mip,FKBP-type peptidyl-prolyl cis-trans isomerase,informative_multi,WP_008169914.1,1,8.0,eggnog,Bacteria,1,
other_hetero,eggnog:COG2871@2,HP15_2248,Marinobacter (MarRef v6),nqrF,NADH:ubiquinone reductase (Na(+)-transporting) subunit F,informative_multi,WP_014577567.1,1,8.0,eggnog,Bacteria,1,
other_hetero,eggnog:COG2895@2,HP15_2463,Marinobacter (MarRef v6),cysN,sulfate adenylyltransferase subunit CysN,informative_multi,WP_014577759.1,1,8.0,eggnog,Bacteria,1,
other_hetero,eggnog:COG2609@2,HP15_3046,Marinobacter (MarRef v6),aceE,"pyruvate dehydrogenase (acetyl-transferring), homodimeric type",informative_multi,WP_014578275.1,1,8.0,eggnog,Bacteria,1,
other_hetero,eggnog:COG0140@2,HP15_3195,Marinobacter (MarRef v6),hisE,phosphoribosyl-ATP diphosphatase,informative_multi,WP_014578404.1,1,8.0,eggnog,Bacteria,1,
other_hetero,eggnog:COG0359@2,HP15_628,Marinobacter (MarRef v6),rplI,50S ribosomal protein L9,informative_multi,WP_008176379.1,1,8.0,eggnog,Bacteria,1,
other_hetero,eggnog:1MU3T@1224,M8001_05295,Pseudomonas putida KT2440,edd,phosphogluconate dehydratase,informative_multi,WP_003255057.1,1,8.0,eggnog,Proteobacteria,1,
other_hetero,eggnog:1RCNJ@1224,M8001_10915,Pseudomonas putida KT2440,oprF,OmpA family protein,informative_multi,WP_010953090.1,1,8.0,eggnog,Proteobacteria,1,
other_hetero,eggnog:1MU1V@1224,M8001_14040,Pseudomonas putida KT2440,aldB-II,acetaldehyde dehydrogenase ExaC,informative_multi,WP_010953599.1,1,8.0,eggnog,Proteobacteria,1,
other_hetero,eggnog:1RC56@1224,M8001_14320,Pseudomonas putida KT2440,,DUF1365 domain-containing protein,informative_single,WP_010953649.1,1,8.0,eggnog,Proteobacteria,1,
other_hetero,eggnog:1N0N5@1224,SPO0047,Ruegeria pomeroyi DSS-3,thiG,thiazole synthase,informative_multi,WP_011045820.1,1,8.0,eggnog,Proteobacteria,1,
other_hetero,eggnog:1MZY9@1224,SPO0483,Ruegeria pomeroyi DSS-3,,phage tail protein,informative_multi,WP_011046243.1,1,8.0,eggnog,Proteobacteria,1,
other_hetero,eggnog:1MU86@1224,SPO2443,Ruegeria pomeroyi DSS-3,opuAA,quaternary amine ABC transporter ATP-binding protein,informative_multi,WP_011048152.1,1,8.0,eggnog,Proteobacteria,1,
other_hetero,eggnog:1QTVJ@1224,Sputw3181_2857,Shewanella sp. W3-18-1,malQ,4-alpha-glucanotransferase,informative_multi,WP_011790129.1,1,8.0,eggnog,Proteobacteria,1,
other_hetero,eggnog:COG1410@2,HP15_1792,Marinobacter (MarRef v6),metH,methionine synthase,informative_multi,WP_014577161.1,1,9.0,eggnog,Bacteria,1,
other_hetero,eggnog:COG0331@2,HP15_2214,Marinobacter (MarRef v6),fabD,ACP S-malonyltransferase,informative_multi,WP_041645307.1,1,9.0,eggnog,Bacteria,1,
other_hetero,eggnog:COG0186@2,HP15_389,Marinobacter (MarRef v6),rpsQ,30S ribosomal protein S17,informative_multi,WP_008174879.1,1,9.0,eggnog,Bacteria,1,
other_hetero,eggnog:COG0174@2,HP15_428,Marinobacter (MarRef v6),glnA,glutamate--ammonia ligase,informative_multi,WP_014575989.1,1,9.0,eggnog,Bacteria,1,
other_hetero,eggnog:1MU0I@1224,M8001_02180,Pseudomonas putida KT2440,,ABC transporter substrate-binding protein,informative_multi,WP_010951750.1,1,9.0,eggnog,Proteobacteria,1,
other_hetero,eggnog:1MUQX@1224,M8001_14035,Pseudomonas putida KT2440,pedH,PQQ-dependent alcohol dehydrogenase PedH,informative_multi,WP_010953598.1,1,9.0,eggnog,Proteobacteria,1,
other_hetero,eggnog:1RFR9@1224,M8001_19090,Pseudomonas putida KT2440,,LysE family translocator,informative_multi,WP_010954494.1,1,9.0,eggnog,Proteobacteria,1,
other_hetero,eggnog:1MVBF@1224,M8001_21905,Pseudomonas putida KT2440,sucA,2-oxoglutarate dehydrogenase E1 component,informative_multi,WP_010954951.1,1,9.0,eggnog,Proteobacteria,1,
other_hetero,eggnog:1RHN9@1224,SPO1159,Ruegeria pomeroyi DSS-3,,DUF2147 domain-containing protein,informative_single,WP_011046905.1,1,9.0,eggnog,Proteobacteria,1,
other_hetero,eggnog:1MY2Z@1224,SPO1953,Ruegeria pomeroyi DSS-3,phoB,phosphate regulon transcriptional regulator PhoB,informative_multi,WP_011047684.1,1,9.0,eggnog,Proteobacteria,1,
other_hetero,eggnog:1MV5T@1224,SPO3291,Ruegeria pomeroyi DSS-3,,ABC transporter substrate-binding protein,informative_multi,WP_011048974.1,1,9.0,eggnog,Proteobacteria,1,
other_hetero,locus:Sputw3181_2494,Sputw3181_2494,Shewanella sp. W3-18-1,,hypothetical protein,no_evidence,WP_041408208.1,1,9.0,,,1,
other_hetero,eggnog:COG5016@2,HP15_1331,Marinobacter (MarRef v6),pycB,sodium-extruding oxaloacetate decarboxylase subunit alpha,informative_multi,WP_014576761.1,1,10.0,eggnog,Bacteria,1,
other_hetero,eggnog:COG0034@2,HP15_1821,Marinobacter (MarRef v6),purF,amidophosphoribosyltransferase,informative_multi,WP_014577182.1,1,10.0,eggnog,Bacteria,1,
other_hetero,eggnog:COG0495@2,HP15_2473,Marinobacter (MarRef v6),leuS,leucine--tRNA ligase,informative_multi,WP_014577768.1,1,10.0,eggnog,Bacteria,1,
other_hetero,eggnog:COG0191@2,HP15_2910,Marinobacter (MarRef v6),fba,class II fructose-bisphosphate aldolase,informative_multi,WP_014578162.1,1,10.0,eggnog,Bacteria,1,
other_hetero,eggnog:COG2010@2,HP15_3162,Marinobacter (MarRef v6),pedF,cytochrome c-550 PedF,informative_multi,WP_041645637.1,1,10.0,eggnog,Bacteria,1,
other_hetero,eggnog:COG0151@2,HP15_3228,Marinobacter (MarRef v6),purD,phosphoribosylamine--glycine ligase,informative_multi,WP_014578434.1,1,10.0,eggnog,Bacteria,1,
other_hetero,eggnog:COG0756@2,HP15_3319,Marinobacter (MarRef v6),dut,dUTP diphosphatase,informative_multi,WP_014578508.1,1,10.0,eggnog,Bacteria,1,
other_hetero,eggnog:COG1217@2,HP15_429,Marinobacter (MarRef v6),bipA,translational GTPase TypA,informative_multi,WP_014575990.1,1,10.0,eggnog,Bacteria,1,
other_hetero,eggnog:1MU0Q@1224,M8001_00700,Pseudomonas putida KT2440,gltP,glutamate/aspartate:proton symporter GltP,informative_multi,WP_010951531.1,1,10.0,eggnog,Proteobacteria,1,
other_hetero,eggnog:1MUMC@1224,M8001_04090,Pseudomonas putida KT2440,alkK,fatty acid--CoA ligase,informative_multi,WP_010952004.1,1,10.0,eggnog,Proteobacteria,1,
other_hetero,eggnog:1Q13Q@1224,M8001_08935,Pseudomonas putida KT2440,,ABC transporter substrate-binding protein,informative_multi,WP_010952774.1,1,10.0,eggnog,Proteobacteria,1,
other_hetero,eggnog:COG3667@2,M8001_28210,Pseudomonas putida KT2440,copB,putative metal-binding protein,informative_multi,WP_061405729.1,1,10.0,eggnog,Bacteria,1,
other_hetero,eggnog:1MUCJ@1224,SPO0784,Ruegeria pomeroyi DSS-3,,chloramphenicol acetyltransferase,informative_multi,WP_011046533.1,1,10.0,eggnog,Proteobacteria,1,
other_hetero,eggnog:1MW54@1224,SPO3772,Ruegeria pomeroyi DSS-3,,complex I NDUFA9 subunit family protein,informative_multi,WP_011049451.1,1,10.0,eggnog,Proteobacteria,1,
other_hetero,eggnog:1MW8K@1224,Sputw3181_2286,Shewanella sp. W3-18-1,,marine proteobacterial sortase target protein,informative_multi,WP_011789575.1,1,10.0,eggnog,Proteobacteria,1,
other_hetero,eggnog:1QRPA@1224,Sputw3181_3466,Shewanella sp. W3-18-1,,transposase,informative_multi,WP_011790716.1,1,10.0,eggnog,Proteobacteria,1,
pro,cyanorak:CK_00002026,PMM1135,Prochlorococcus MED4,hli,high light inducible protein,informative_multi,WP_011132768.1,10,1.0,cyanorak,curated,7,PMM0817;PMT9312_1510;PMT9312_1228;A9601_04211;P9301_13181;PMT1153
pro,cyanorak:CK_00002025,PMM1404,Prochlorococcus MED4,hli,high light inducible protein,informative_multi,WP_011133033.1,10,1.0,cyanorak,curated,6,PMM0690;PMT9312_0687;PMM1385;A9601_12511;PMT9312_1480
pro,cyanorak:CK_00000141,PMM1028,Prochlorococcus MED4,,uncharacterized conserved secreted protein,catch_all_only,WP_011132661.1,9,1.0,cyanorak,curated,1,
pro,cyanorak:CK_00001390,PMM0806,Prochlorococcus MED4,,"possible transcriptional regulator of iron metabolism, Crp/Fnr family protein",informative_multi,WP_011132440.1,7,1.0,cyanorak,curated,2,P9301_08671
pro,cyanorak:CK_00002168,PMM0818,Prochlorococcus MED4,hli,high light inducible protein,informative_multi,WP_011132452.1,7,1.0,cyanorak,curated,4,PMM1118;PMM1384;PMT9312_1511
pro,cyanorak:CK_00001475,PMM1359,Prochlorococcus MED4,,"uncharacterized conserved membrane protein, DoxX family",informative_multi,WP_011132993.1,6,1.0,cyanorak,curated,1,
pro,cyanorak:CK_00047242,PMM1400,Prochlorococcus MED4,,RmlC-like cupin domain-containing protein,informative_multi,WP_011133029.1,6,1.0,cyanorak,curated,3,PMN2A_0944;PMN2A_1042
pro,cyanorak:CK_00003573,PMT0992,Prochlorococcus MIT9313,hli,high light inducible protein,informative_multi,WP_011130364.1,6,1.0,cyanorak,curated,4,PMM1390;PMT9312_0688;P9303_11191
pro,cyanorak:CK_00040038,PMM0030,Prochlorococcus MED4,,conserved hypothetical protein,catch_all_only,WP_152556136.1,5,1.0,cyanorak,curated,1,
pro,cyanorak:CK_00003374,PMM0356,Prochlorococcus MED4,pip,proline iminopeptidase,informative_multi,WP_011131993.1,5,1.0,cyanorak,curated,1,
pro,cyanorak:CK_00008117,PMM1672,Prochlorococcus MED4,desC4,delta-9 fatty-acid desaturase DesC4,informative_multi,WP_036930746.1,5,1.0,cyanorak,curated,1,
pro,cyanorak:CK_00003367,PMM0336,Prochlorococcus MED4,PTOX,plastoquinol terminal oxidase,informative_multi,WP_011131973.1,5,2.0,cyanorak,curated,2,PMN2A_0429
pro,cyanorak:CK_00043616,PMM1397,Prochlorococcus MED4,hli,high light inducible protein,informative_multi,WP_011132450.1,5,2.0,cyanorak,curated,6,PMT9312_1229;PMM0816;A9601_04201;A9601_13051;P9301_13191
pro,cyanorak:CK_00002332,PMM1396,Prochlorococcus MED4,hli,high light inducible protein,informative_multi,,5,3.0,cyanorak,curated,6,PMT9312_1230;PMT9312_0686;PMN2A_0417;PMN2A_0551;P9301_13201
pro,cyanorak:CK_00000682,PMM0551,Prochlorococcus MED4,rbcS,"ribulose bisphosphate carboxylase, small subunit",informative_multi,WP_011132185.1,4,1.0,cyanorak,curated,3,PMT9312_0551;PMN2A_1880
pro,cyanorak:CK_00000173,PMM0627,Prochlorococcus MED4,pcb,"divinyl-chlorophyll a/b binding light harvesting protein, photosystem II-associated",informative_multi,WP_011132261.1,4,1.0,cyanorak,curated,3,Pro1450;Pro1167
pro,cyanorak:CK_00001751,PMM0958,Prochlorococcus MED4,,conserved hypothetical protein (DUF1830),informative_single,WP_011132591.1,4,1.0,cyanorak,curated,2,PMN2A_1056
pro,cyanorak:CK_00000076,PMM0970,Prochlorococcus MED4,urtA,"ABC-type urea transporter, substrate binding component",informative_multi,WP_036930312.1,4,1.0,cyanorak,curated,3,PMT2229;PMN2A_1048
pro,cyanorak:CK_00001300,PMM1148,Prochlorococcus MED4,,conserved hypothetical protein,informative_single,WP_011132781.1,4,1.0,cyanorak,curated,1,
pro,cyanorak:CK_00000001,PMM1629,Prochlorococcus MED4,rpoD8,"RNA polymerase sigma factor, type II",informative_multi,WP_011133256.1,4,1.0,cyanorak,curated,1,
pro,cyanorak:CK_00037649,PMT1572,Prochlorococcus MIT9313,,hypothetical protein,informative_multi,WP_162009616.1,4,1.0,cyanorak,curated,1,
pro,cyanorak:CK_00045004,PMM0348,Prochlorococcus MED4,,conserved hypothetical protein family PM-17,catch_all_only,WP_011131985.1,4,1.0,cyanorak,curated,2,PMT9312_0356
pro,cyanorak:CK_00000681,PMT9312_0550,Prochlorococcus MIT9312,rbcL,"ribulose bisphosphate carboxylase, large subunit",informative_multi,WP_002805854.1,4,1.0,cyanorak,curated,4,PMM0550;PMN2A_1879;PMT1205
pro,cyanorak:CK_00000127,PMM0195,Prochlorococcus MED4,pgk,phosphoglycerate kinase,informative_multi,WP_011131834.1,4,2.0,cyanorak,curated,2,P9301_02151
pro,cyanorak:CK_00000705,PMM1309,Prochlorococcus MED4,ftsZ,cell division protein FtsZ,informative_multi,WP_011132943.1,4,2.0,cyanorak,curated,1,
pro,cyanorak:CK_00039114,PMM2005,Prochlorococcus MED4,,conserved hypothetical protein,catch_all_only,WP_173028055.1,4,2.0,cyanorak,curated,1,
pro,cyanorak:CK_00042789,PMN2A_0525,Prochlorococcus NATL2A,PMN2A_RS10655,conserved hypothetical protein family PM-14,catch_all_only,WP_011294622.1,4,2.0,cyanorak,curated,2,PMN2A_0619
pro,cyanorak:CK_00001669,PMT2240,Prochlorococcus MIT9313,focA,"nitrite transporter, FNT family",informative_multi,WP_011131604.1,4,2.0,cyanorak,curated,2,PMN2A_1299
pro,eggnog:1MKXI@1212,PMM0236,Prochlorococcus MED4,crtR,fatty acid desaturase,informative_multi,WP_152556156.1,3,1.0,eggnog,Prochloraceae,1,
pro,cyanorak:CK_00000567,PMM0311,Prochlorococcus MED4,metK,methionine adenosyltransferase,informative_multi,WP_011131948.1,3,1.0,cyanorak,curated,1,
pro,cyanorak:CK_00003378,PMM0362,Prochlorococcus MED4,,uncharacterized conserved membrane protein,catch_all_only,WP_036930928.1,3,1.0,cyanorak,curated,1,
pro,cyanorak:CK_00002165,PMM0370,Prochlorococcus MED4,cynA,"cyanate ABC transporter, substrate-binding protein",informative_multi,WP_011132007.1,3,1.0,cyanorak,curated,1,
pro,cyanorak:CK_00000010,PMM0573,Prochlorococcus MED4,cyabrB2,AbrB-like transcriptional regulator involved in photosynthesis regulation,informative_multi,,3,1.0,cyanorak,curated,3,Pro1459;PMN2A_0411
pro,cyanorak:CK_00003448,PMM0805,Prochlorococcus MED4,,"iron stress-induced protein, Prochlorococcus-specific",informative_single,WP_011132439.1,3,1.0,cyanorak,curated,1,
pro,cyanorak:CK_00057401,PMM0861,Prochlorococcus MED4,,conserved hypothetical protein,catch_all_only,WP_036930458.1,3,1.0,cyanorak,curated,2,PMT9312_1160
pro,cyanorak:CK_00050122,PMM1814,Prochlorococcus MED4,,Conserved hypothetical protein,catch_all_only,WP_036930938.1,3,1.0,cyanorak,curated,1,
pro,cyanorak:CK_00039912,PMM1828,Prochlorococcus MED4,,Hypothetical protein,catch_all_only,WP_036930926.1,3,1.0,cyanorak,curated,1,
pro,cyanorak:CK_00003991,PMM1951,Prochlorococcus MED4,,conserved hypothetical protein,catch_all_only,WP_173028022.1,3,1.0,cyanorak,curated,1,
pro,cyanorak:CK_00037035,PMM2065,Prochlorococcus MED4,,Hypothetical protein,no_evidence,WP_268741254.1,3,1.0,cyanorak,curated,1,
pro,cyanorak:CK_00008015,PMN2A_0436,Prochlorococcus NATL2A,phoB,two-component system response regulator RR class II (RRII)-CheY-OmpR,informative_multi,WP_011294535.1,3,1.0,cyanorak,curated,3,PMM0705;PMT0994
pro,cyanorak:CK_00055752,PMN2A_0542,Prochlorococcus NATL2A,PMN2A_RS05790,conserved hypothetical protein,catch_all_only,WP_011294639.1,3,1.0,cyanorak,curated,1,
pro,cyanorak:CK_00008056,PMT9312_0549,Prochlorococcus MIT9312,csoS1A,carboxysome shell protein CsoS1A,informative_multi,WP_002807869.1,3,1.0,cyanorak,curated,3,PMN2A_1878;PMM0549
pro,cyanorak:CK_00003763,PMT_0990,Prochlorococcus MIT9313,hli,high light inducible protein,informative_multi,WP_011130362.1,3,1.0,cyanorak,curated,1,
pro,cyanorak:CK_00001355,PMT2239,Prochlorococcus MIT9313,nirA,ferredoxin--nitrite reductase,informative_multi,WP_011131603.1,3,1.0,cyanorak,curated,2,PMN2A_1298
pro,cyanorak:CK_00043821,PMT9312_0722,Prochlorococcus MIT9312,pstS,"phosphate ABC transporter, phosphate-binding protein PstS",informative_multi,WP_036924572.1,3,1.0,cyanorak,curated,6,PMN2A_0441;PMT0993;PMT0508;Pro1533;PMM0710
pro,cyanorak:CK_00000626,PMM0469,Prochlorococcus MED4,psaF,photosystem I reaction centre PsaF protein,informative_multi,WP_011132105.1,3,1.0,cyanorak,curated,2,PMT9312_0469
pro,cyanorak:CK_00001833,PMM1171,Prochlorococcus MED4,isiB,flavodoxin,informative_multi,WP_011132805.1,3,1.0,cyanorak,curated,4,PMT0801;PMN2A_0794;PMT9312_1272
pro,cyanorak:CK_00000103,PMM0920,Prochlorococcus MED4,glnA,"glutamine synthetase, type I",informative_multi,WP_011132553.1,3,2.0,cyanorak,curated,1,
pro,cyanorak:CK_00003517,PMM1176,Prochlorococcus MED4,,conserved hypothetical protein,catch_all_only,WP_011132810.1,3,2.0,cyanorak,curated,1,
pro,cyanorak:CK_00000032,PMM1523,Prochlorococcus MED4,psaB,photosystem I core protein PsaB,informative_multi,WP_011133151.1,3,2.0,cyanorak,curated,1,
pro,cyanorak:CK_00055728,PMM1991,Prochlorococcus MED4,,conserved hypothetical protein,catch_all_only,WP_173028047.1,3,2.0,cyanorak,curated,3,PMN2A_0554;A9601_15901
pro,cyanorak:CK_00008093,PMN2A_0445,Prochlorococcus NATL2A,gap3,glyceraldehyde-3-phosphate dehydrogenase,informative_multi,WP_011294544.1,3,2.0,cyanorak,curated,4,PMM0713;PMT1000;Pro1577
pro,cyanorak:CK_00045896,PMN2A_1227,Prochlorococcus NATL2A,PMN2A_RS11065,hemolysin-type calcium-binding repeat family protein,informative_multi,WP_011295571.1,3,2.0,cyanorak,curated,1,
pro,cyanorak:CK_00003764,PMT0991,Prochlorococcus MIT9313,,possible tRNA synthetase class I (E and Q),informative_single,WP_011130363.1,3,2.0,cyanorak,curated,1,
pro,cyanorak:CK_00000683,PMT9312_0552,Prochlorococcus MIT9312,csoS2,carboxysome shell protein CsoS2,informative_multi,WP_011376109.1,3,2.0,cyanorak,curated,2,PMN2A_1881
pro,cyanorak:CK_00036837,PMM0660,Prochlorococcus MED4,,conserved hypothetical protein,informative_single,WP_036930844.1,3,3.0,cyanorak,curated,1,
pro,cyanorak:CK_00056407,PMM0374,Prochlorococcus MED4,tatA,"twin arginine-targeting translocase, TatA/E family protein",informative_multi,WP_011132011.1,3,4.0,cyanorak,curated,1,
pro,cyanorak:CK_00054066,PMM1813,Prochlorococcus MED4,,conserved hypothetical protein,catch_all_only,WP_036930939.1,3,4.0,cyanorak,curated,2,PMT9312_1822
pro,cyanorak:CK_00044154,PMM1856,Prochlorococcus MED4,,Hypothetical protein,no_evidence,,3,4.0,cyanorak,curated,1,
pro,cyanorak:CK_00042831,PMN2A_0620,Prochlorococcus NATL2A,PMN2A_RS06235,possible Legume lectins alpha domain,no_evidence,WP_011294709.1,3,5.0,cyanorak,curated,1,
pro,cyanorak:CK_00003895,PMT2117,Prochlorococcus MIT9313,,possible D12 class N6 adenine-specific DNA met,no_evidence,WP_011131481.1,3,5.0,cyanorak,curated,1,
pro,cyanorak:CK_00001553,PMT2241,Prochlorococcus MIT9313,,Armadillo-like helical-containing protein,informative_single,WP_011131605.1,3,5.0,cyanorak,curated,1,
pro,cyanorak:CK_00001413,PMM0463,Prochlorococcus MED4,,conserved hypothetical protein,informative_single,WP_011132099.1,3,7.0,cyanorak,curated,1,
pro,cyanorak:CK_00036849,PMM1819,Prochlorococcus MED4,,Conserved hypothetical protein,no_evidence,,3,8.0,cyanorak,curated,1,
pro,cyanorak:CK_00000244,PMM0263,Prochlorococcus MED4,amt1,ammonium transporter,informative_multi,WP_011131900.1,2,1.0,cyanorak,curated,2,PMT1853
pro,cyanorak:CK_00019843,PMM0337,Prochlorococcus MED4,,conserved hypothetical protein,catch_all_only,WP_011131974.1,2,1.0,cyanorak,curated,1,
pro,cyanorak:CK_00001552,PMM0373,Prochlorococcus MED4,cynS,cyanate hydratase,informative_multi,WP_011132010.1,2,1.0,cyanorak,curated,1,
pro,cyanorak:CK_00003421,PMM0689,Prochlorococcus MED4,hli,high light inducible protein,informative_multi,WP_011132323.1,2,1.0,cyanorak,curated,2,A9601_07501
pro,cyanorak:CK_00000802,PMM0741,Prochlorococcus MED4,psb29,photosystem II repair protein Psb29,informative_multi,WP_011132375.1,2,1.0,cyanorak,curated,1,
pro,cyanorak:CK_00003454,PMM0814,Prochlorococcus MED4,,conserved hypothetical protein,catch_all_only,WP_225866777.1,2,1.0,cyanorak,curated,1,
pro,cyanorak:CK_00001022,PMM1145,Prochlorococcus MED4,pntB,pyridine nucleotide transhydrogenase beta subunit,informative_multi,WP_011132778.1,2,1.0,cyanorak,curated,1,
pro,cyanorak:CK_00009058,PMM1289,Prochlorococcus MED4,rpoD6,"RNA polymerase sigma factor, type II",informative_multi,WP_011132923.1,2,1.0,cyanorak,curated,1,
pro,cyanorak:CK_00001118,PMM1452,Prochlorococcus MED4,atpD,ATP synthase delta chain,informative_multi,WP_011133081.1,2,1.0,cyanorak,curated,2,PMN2A_0982
pro,cyanorak:CK_00001119,PMM1453,Prochlorococcus MED4,atpF,ATP synthase subunit B,informative_multi,WP_011133082.1,2,1.0,cyanorak,curated,2,PMN2A_0983
pro,cyanorak:CK_00043487,PMM1971,Prochlorococcus MED4,,conserved hypothetical protein,catch_all_only,WP_173028032.1,2,1.0,cyanorak,curated,1,
pro,cyanorak:CK_00045422,PMM1990,Prochlorococcus MED4,,conserved hypothetical protein,catch_all_only,WP_173028045.1,2,1.0,cyanorak,curated,3,A9601_15891;PMT9312_1474
pro,cyanorak:CK_00001531,PMN2A_0437,Prochlorococcus NATL2A,phoR,"two-component system sensor histidine kinase, phosphate sensing PhoR",informative_multi,WP_011294536.1,2,1.0,cyanorak,curated,2,PMT_0997
pro,cyanorak:CK_00002330,PMN2A_0440,Prochlorococcus NATL2A,PMN2A_RS05215,outer membrane porin,informative_multi,WP_011294539.1,2,1.0,cyanorak,curated,7,PMN2A_1057;PMN2A_1757;PMT9312_0721;PMM0709;PMN2A_1028;P9301_13641
pro,cyanorak:CK_00046708,PMN2A_2049,Prochlorococcus NATL2A,PMN2A_RS10680,conserved hypothetical protein,no_evidence,WP_011295171.1,2,1.0,cyanorak,curated,1,
pro,cyanorak:CK_00038200,PMT0328,Prochlorococcus MIT9313,,"possible bromodomain adjacent to zinc finger domain, 2B...",no_evidence,WP_011129707.1,2,1.0,cyanorak,curated,1,
pro,cyanorak:CK_00051226,PMT0498,Prochlorococcus MIT9313,,putative gram-negative pili assembly chaperone,informative_single,,2,1.0,cyanorak,curated,1,
pro,cyanorak:CK_00037650,PMT1571,Prochlorococcus MIT9313,,hypothetical protein,no_evidence,,2,1.0,cyanorak,curated,1,
pro,cyanorak:CK_00000525,PMT1742,Prochlorococcus MIT9313,rplN,50S ribosomal protein L14,informative_multi,WP_011131109.1,2,1.0,cyanorak,curated,1,
pro,cyanorak:CK_00048385,PMT_1479,Prochlorococcus MIT9313,,protein of unknown function DUF4278,informative_single,WP_011130847.1,2,1.0,cyanorak,curated,1,
pro,cyanorak:CK_00036974,PMT_2573,Prochlorococcus MIT9313,,Hypothetical protein,no_evidence,,2,1.0,cyanorak,curated,1,
pro,cyanorak:CK_00001234,Pro0418,Prochlorococcus marinus subsp. marinus CCMP1375 (SS120),mqoA,malate:quinone oxidoreductase,informative_multi,WP_011124573.1,2,1.0,cyanorak,curated,1,
pro,eggnog:1MMX8@1212,TX50_RS09260,Prochlorococcus MED4,,DUF4278 domain-containing protein,informative_single,WP_071812974.1,2,1.0,eggnog,Prochloraceae,1,
pro,cyanorak:CK_00001120,PMM1454,Prochlorococcus MED4,atpG,ATP synthase B^,informative_multi,WP_011133083.1,2,1.0,cyanorak,curated,2,PMN2A_0984
pro,cyanorak:CK_00003430,PMT9312_0720,Prochlorococcus MIT9312,,probable alkaline phosphatase,informative_multi,WP_011376275.1,2,1.0,cyanorak,curated,3,PMM0708;PMN2A_0439
pro,cyanorak:CK_00056778,PMT9312_1231,Prochlorococcus MIT9312,,uncharacterized conserved secreted protein,catch_all_only,WP_011376780.1,2,1.0,cyanorak,curated,4,PMT9312_1507;A9601_13071;P9301_13211
pro,cyanorak:CK_00042284,PMM1412,Prochlorococcus MED4,,cupin domain-containing protein,informative_single,WP_011133041.1,2,1.0,cyanorak,curated,3,PMM1133;PMT1004
pro,cyanorak:CK_00033109,PMT0496,Prochlorococcus MIT9313,pcb,"divinyl-chlorophyll a/b binding light harvesting protein, photosystem I-associated",informative_multi,WP_011129875.1,2,1.0,cyanorak,curated,2,PMT9312_1271
pro,cyanorak:CK_00051480,PMM1815,Prochlorococcus MED4,,Conserved hypothetical protein,no_evidence,,2,1.0,cyanorak,curated,2,A9601_12501
pro,cyanorak:CK_00000684,PMT9312_0553,Prochlorococcus MIT9312,csoSCA,carboxysomal carbonic anhydrase,informative_multi,WP_011376110.1,2,1.0,cyanorak,curated,2,PMN2A_1882
pro,cyanorak:CK_00000411,PMM0042,Prochlorococcus MED4,flv1,flavoprotein involved in Mehler reaction,informative_multi,WP_011131680.1,2,2.0,cyanorak,curated,1,
pro,cyanorak:CK_00000422,PMM0208,Prochlorococcus MED4,eno,enolase,informative_multi,WP_011131847.1,2,2.0,cyanorak,curated,1,
pro,cyanorak:CK_00000677,PMM0544,Prochlorococcus MED4,chlB,"light-independent protochlorophyllide reductase, B subunit",informative_multi,WP_011132179.1,2,2.0,cyanorak,curated,1,
pro,cyanorak:CK_00000877,PMM0768,Prochlorococcus MED4,hemA,glutamyl-tRNA reductase,informative_multi,WP_011132402.1,2,2.0,cyanorak,curated,1,
pro,cyanorak:CK_00040007,PMM1041,Prochlorococcus MED4,,RmlC-like cupin domain-containing protein,informative_single,WP_036930329.1,2,2.0,cyanorak,curated,1,
pro,cyanorak:CK_00000016,PMM1352,Prochlorococcus MED4,petF,2Fe-2S ferredoxin,informative_multi,WP_011132986.1,2,2.0,cyanorak,curated,2,PMT1429
pro,cyanorak:CK_00003569,PMM1374,Prochlorococcus MED4,,conserved hypothetical protein,catch_all_only,WP_011133008.1,2,2.0,cyanorak,curated,3,PMT9312_1471;A9601_15841
pro,cyanorak:CK_00001117,PMM1451,Prochlorococcus MED4,atpA,ATP synthase alpha chain,informative_multi,WP_011133080.1,2,2.0,cyanorak,curated,2,PMN2A_0981
pro,cyanorak:CK_00036942,PMM1462,Prochlorococcus MED4,,conserved hypothetical protein,catch_all_only,WP_011133090.1,2,2.0,cyanorak,curated,3,PMN2A_0992;PMT1480
pro,cyanorak:CK_00007993,PMM1524,Prochlorococcus MED4,psaA,photosystem I core protein PsaA,informative_multi,WP_011133152.1,2,2.0,cyanorak,curated,1,
pro,cyanorak:CK_00000516,PMM1538,Prochlorococcus MED4,rpmJ,50S ribosomal protein L36,informative_multi,WP_011133166.1,2,2.0,cyanorak,curated,1,
pro,cyanorak:CK_00001734,PMM1671,Prochlorococcus MED4,,conserved hypothetical protein,catch_all_only,WP_011133298.1,2,2.0,cyanorak,curated,1,
pro,cyanorak:CK_00033172,PMM1711,Prochlorococcus MED4,sps,sucrose phosphate synthase,informative_multi,WP_036930715.1,2,2.0,cyanorak,curated,1,
pro,cyanorak:CK_00056305,PMM1910,Prochlorococcus MED4,,Conserved hypothetical protein,catch_all_only,WP_173027997.1,2,2.0,cyanorak,curated,1,
pro,cyanorak:CK_00048289,PMM1985,Prochlorococcus MED4,,conserved hypothetical protein,catch_all_only,WP_173028041.1,2,2.0,cyanorak,curated,1,
pro,cyanorak:CK_00045509,PMM1999,Prochlorococcus MED4,,Conserved hypothetical protein,no_evidence,,2,2.0,cyanorak,curated,1,
pro,cyanorak:CK_00055242,PMN2A_0500,Prochlorococcus NATL2A,PMN2A_RS10100,conserved hypothetical protein,no_evidence,WP_225866287.1,2,2.0,cyanorak,curated,1,
pro,cyanorak:CK_00001405,PMT0510,Prochlorococcus MIT9313,rimI,acetyltransferase family protein,informative_multi,WP_011129889.1,2,2.0,cyanorak,curated,1,
pro,cyanorak:CK_00056725,PMT1554,Prochlorococcus MIT9313,,pentapeptide repeats family protein,informative_single,WP_236069580.1,2,2.0,cyanorak,curated,1,
pro,cyanorak:CK_00056838,PMT1574,Prochlorococcus MIT9313,,"ABC transporter, permease component",informative_multi,WP_041384604.1,2,2.0,cyanorak,curated,1,
pro,cyanorak:CK_00000284,PMT9312_1695,Prochlorococcus MIT9312,,Conserved hypothetical protein,catch_all_only,WP_011377237.1,2,2.0,cyanorak,curated,2,PMM1602
pro,cyanorak:CK_00001068,Pro1401,Prochlorococcus marinus subsp. marinus CCMP1375 (SS120),hupB,DNA-binding protein HU-beta,informative_multi,WP_011125552.1,2,2.0,cyanorak,curated,2,PMN2A_0892
pro,cyanorak:CK_00003600,PMT9312_1608,Prochlorococcus MIT9312,,conserved hypothetical protein,catch_all_only,WP_011377150.1,2,2.0,cyanorak,curated,2,P9301_17081
pro,cyanorak:CK_00002324,PMM0243,Prochlorococcus MED4,thyx,thymidylate synthase,informative_multi,WP_011131881.1,2,3.0,cyanorak,curated,1,
pro,cyanorak:CK_00003852,PMM0314,Prochlorococcus MED4,psbT,photosystem II reaction center T protein,informative_multi,WP_011131951.1,2,3.0,cyanorak,curated,1,
pro,cyanorak:CK_00000678,PMM0545,Prochlorococcus MED4,chlN,light-independent protochlorophyllide reductase subunit N,informative_multi,WP_011132180.1,2,3.0,cyanorak,curated,1,
pro,cyanorak:CK_00009059,PMM0577,Prochlorococcus MED4,rpoD7,"RNA polymerase sigma factor, type II",informative_multi,WP_011132211.1,2,3.0,cyanorak,curated,1,
pro,cyanorak:CK_00000068,PMM1164,Prochlorococcus MED4,idiA2,iron deficiency-induced protein A,informative_multi,WP_011132798.1,2,3.0,cyanorak,curated,3,PMT9312_1261;PMT0287
pro,cyanorak:CK_00038217,PMT0169,Prochlorococcus MIT9313,,possible Chitin synthase,no_evidence,,2,3.0,cyanorak,curated,1,
pro,cyanorak:CK_00037652,PMT1570,Prochlorococcus MIT9313,,hypothetical protein,informative_single,WP_041384600.1,2,3.0,cyanorak,curated,1,
pro,cyanorak:CK_00037674,PMT2138,Prochlorococcus MIT9313,,hypothetical protein,no_evidence,WP_011131502.1,2,3.0,cyanorak,curated,1,
pro,cyanorak:CK_00048726,PMT_2384,Prochlorococcus MIT9313,,Hypothetical protein,no_evidence,,2,3.0,cyanorak,curated,1,
pro,cyanorak:CK_00050095,PMT_2925,Prochlorococcus MIT9313,,Hypothetical protein,no_evidence,,2,3.0,cyanorak,curated,2,PMT_2924
pro,cyanorak:CK_00000344,Pro0025,Prochlorococcus marinus subsp. marinus CCMP1375 (SS120),ppiB,cyclophilin type peptidyl-prolyl cis-trans isomerase/CLD family protein,informative_multi,WP_011124180.1,2,3.0,cyanorak,curated,1,
pro,cyanorak:CK_00001121,PMM1455,Prochlorococcus MED4,atpH,ATP synthase C chain,informative_multi,WP_002805169.1,2,3.0,cyanorak,curated,2,PMN2A_0985
pro,cyanorak:CK_00001692,PMM0468,Prochlorococcus MED4,psaJ,photosystem I reaction centre subunit IX,informative_multi,WP_011132104.1,2,3.0,cyanorak,curated,2,PMT9312_0468
pro,cyanorak:CK_00045754,PMM1427,Prochlorococcus MED4,,conserved hypothetical protein,catch_all_only,WP_011133056.1,2,3.0,cyanorak,curated,3,PMM0685;PMN2A_0471
pro,cyanorak:CK_00001032,PMM0406,Prochlorococcus MED4,queA,S-adenosylmethionine:tRNA ribosyltransferase-isomerase,informative_multi,WP_011132042.1,2,3.0,cyanorak,curated,2,Pro0402
pro,cyanorak:CK_00000449,PMM0172,Prochlorococcus MED4,ndhH,NADH dehydrogenase I subunit NdhH (chain 7 or delta),informative_multi,WP_011131811.1,2,4.0,cyanorak,curated,1,
pro,cyanorak:CK_00000470,PMM0244,Prochlorococcus MED4,dcd,deoxycytidine triphosphate deaminase,informative_multi,WP_011131882.1,2,4.0,cyanorak,curated,1,
pro,cyanorak:CK_00000469,PMM0245,Prochlorococcus MED4,cobO2,cob(I)alamin adenosyltransferase,informative_multi,WP_011131883.1,2,4.0,cyanorak,curated,2,PMT9312_0247
pro,cyanorak:CK_00000630,PMM0474,Prochlorococcus MED4,,Prochlorococcus/marine Synechococcus Hyper-Conserved Protein (PSHCP),informative_multi,WP_006043540.1,2,4.0,cyanorak,curated,1,
pro,cyanorak:CK_00008000,PMM0496,Prochlorococcus MED4,rpoD1,"major RNA polymerase sigma factor, type I",informative_multi,WP_011132131.1,2,4.0,cyanorak,curated,1,
pro,cyanorak:CK_00000011,PMM0580,Prochlorococcus MED4,clpB1,ATP-dependent Clp protease ATP-binding subunit ClpB,informative_multi,WP_011132214.1,2,4.0,cyanorak,curated,1,
pro,cyanorak:CK_00036022,PMM0819,Prochlorococcus MED4,,conserved hypothetical protein,informative_single,WP_011132453.1,2,4.0,cyanorak,curated,1,
pro,cyanorak:CK_00048516,PMM1984,Prochlorococcus MED4,,Hypothetical protein,no_evidence,,2,4.0,cyanorak,curated,1,
pro,cyanorak:CK_00001248,PMN2A_0444,Prochlorococcus NATL2A,arsJ,"multidrug efflux transporter, MFS family",informative_multi,WP_011294543.1,2,4.0,cyanorak,curated,1,
pro,cyanorak:CK_00049623,PMN2A_2019,Prochlorococcus NATL2A,PMN2A_RS10620,Conserved hypothetical protein,no_evidence,WP_011295041.1,2,4.0,cyanorak,curated,2,PMM1939
pro,cyanorak:CK_00056739,PMT1573,Prochlorococcus MIT9313,,"ABC exporter membrane fusion, DevB family",informative_multi,WP_041384602.1,2,4.0,cyanorak,curated,1,
pro,cyanorak:CK_00002679,PMT_0842,Prochlorococcus MIT9313,,Pyrimidine dimer DNA glycosylase,informative_multi,WP_041384997.1,2,4.0,cyanorak,curated,1,
pro,cyanorak:CK_00000888,Pro0829,Prochlorococcus marinus subsp. marinus CCMP1375 (SS120),ddpX,D-alanyl-D-alanine dipeptidase,informative_multi,WP_011124981.1,2,4.0,cyanorak,curated,1,
pro,cyanorak:CK_00001090,Pro1428,Prochlorococcus marinus subsp. marinus CCMP1375 (SS120),truB,tRNA pseudouridine(55) synthase,informative_multi,WP_011125579.1,2,4.0,cyanorak,curated,1,
pro,cyanorak:CK_00000501,PMM1519,Prochlorococcus MED4,psaL,photosystem I reaction centre subunit XI,informative_multi,WP_011133147.1,2,4.0,cyanorak,curated,3,PMT9312_1611;PMT1768
pro,cyanorak:CK_00000468,PMT1831,Prochlorococcus MIT9313,ntcA,global nitrogen regulatory protein,informative_multi,WP_041384680.1,2,4.0,cyanorak,curated,3,PMM0246;PMN2A_1612
pro,cyanorak:CK_00000226,PMM0142,Prochlorococcus MED4,,RNA-binding protein,informative_multi,WP_011131781.1,2,5.0,cyanorak,curated,1,
pro,cyanorak:CK_00001284,PMM0642,Prochlorococcus MED4,metY,O-acetylhomoserine aminocarboxypropyltransferase,informative_multi,WP_011132276.1,2,5.0,cyanorak,curated,1,
pro,cyanorak:CK_00043005,PMM1365,Prochlorococcus MED4,,conserved hypothetical protein,catch_all_only,WP_011132999.1,2,5.0,cyanorak,curated,1,
pro,cyanorak:CK_00043825,PMM1820,Prochlorococcus MED4,,Conserved hypothetical protein,no_evidence,,2,5.0,cyanorak,curated,1,
pro,cyanorak:CK_00042687,PMM1894,Prochlorococcus MED4,,Conserved hypothetical protein,no_evidence,WP_036930765.1,2,5.0,cyanorak,curated,1,
pro,cyanorak:CK_00044233,PMM2013,Prochlorococcus MED4,,conserved hypothetical protein,catch_all_only,WP_173028060.1,2,5.0,cyanorak,curated,1,
pro,cyanorak:CK_00000956,Pro0794,Prochlorococcus marinus subsp. marinus CCMP1375 (SS120),fur,ferric uptake regulator,informative_multi,WP_036892330.1,2,5.0,cyanorak,curated,1,
pro,cyanorak:CK_00001011,Pro1148,Prochlorococcus marinus subsp. marinus CCMP1375 (SS120),,5-formyltetrahydrofolate cyclo-ligase,informative_multi,WP_011125300.1,2,5.0,cyanorak,curated,2,PMM1053
pro,cyanorak:CK_00001122,PMM1456,Prochlorococcus MED4,atpI,ATP synthase A chain,informative_multi,WP_011133084.1,2,5.0,cyanorak,curated,3,PMN2A_0986;Pro1609
pro,cyanorak:CK_00050158,PMT9312_1843,Prochlorococcus MIT9312,,conserved hypothetical protein,no_evidence,WP_263891309.1,2,6.0,cyanorak,curated,1,
pro,cyanorak:CK_00052124,PMT9312_1938,Prochlorococcus MIT9312,,uncharacterized conserved membrane protein,catch_all_only,,2,6.0,cyanorak,curated,1,
pro,cyanorak:CK_00000361,PMM0004,Prochlorococcus MED4,purF,amidophosphoribosyltransferase,informative_multi,WP_011131642.1,2,7.0,cyanorak,curated,1,
pro,cyanorak:CK_00000571,PMM0316,Prochlorococcus MED4,petF,2Fe-2S ferredoxin,informative_multi,WP_011131953.1,2,7.0,cyanorak,curated,1,
pro,cyanorak:CK_00000876,PMM0769,Prochlorococcus MED4,glgC,glucose-1-phosphate adenylyltransferase,informative_multi,WP_011132403.1,2,7.0,cyanorak,curated,1,
pro,cyanorak:CK_00049555,PMN2A_2046,Prochlorococcus NATL2A,PMN2A_RS05770,conserved hypothetical protein,no_evidence,WP_011295001.1,2,7.0,cyanorak,curated,1,
pro,cyanorak:CK_00001433,PMT0951,Prochlorococcus MIT9313,,conserved hypothetical protein (DUF3303),informative_single,WP_041385049.1,2,7.0,cyanorak,curated,1,
pro,cyanorak:CK_00000867,PMT9312_0661,Prochlorococcus MIT9312,nrdJ,ribonucleoside-diphosphate reductase,informative_multi,WP_011376217.1,2,7.0,cyanorak,curated,1,
pro,cyanorak:CK_00004101,Pro1179,Prochlorococcus marinus subsp. marinus CCMP1375 (SS120),,conserved hypothetical protein,no_evidence,WP_011125331.1,2,8.0,cyanorak,curated,1,
pro,cyanorak:CK_00000224,NATL1_02111,Prochlorococcus NATL1A,tsaB,tRNA threonylcarbamoyladenosine biosynthesis protein TsaB,informative_multi,WP_011822999.1,1,1.0,cyanorak,curated,1,
pro,cyanorak:CK_00055286,NATL1_12621,Prochlorococcus NATL1A,,Conserved hypothetical protein,no_evidence,WP_011823886.1,1,1.0,cyanorak,curated,2,PMN2A_2034
pro,cyanorak:CK_00036889,P9301_10631,Prochlorococcus MIT9301,,conserved hypothetical protein,no_evidence,,1,1.0,cyanorak,curated,1,
pro,cyanorak:CK_00000283,P9301_17921,Prochlorococcus MIT9301,nhaS,"Na+/H+ antiporter, CPA2 family",informative_multi,WP_011863703.1,1,1.0,cyanorak,curated,1,
pro,cyanorak:CK_00003807,P9303_07141,Prochlorococcus MIT9303,,conserved hypothetical protein,no_evidence,WP_011825380.1,1,1.0,cyanorak,curated,1,
pro,cyanorak:CK_00038656,P9303_12751,Prochlorococcus MIT9303,,conserved hypothetical protein,catch_all_only,WP_011825920.1,1,1.0,cyanorak,curated,1,
pro,cyanorak:CK_00008013,PMM0134,Prochlorococcus MED4,rpaB,two-component system response regulator RR class II (RRII)-CheY-OmpR,informative_multi,WP_011131773.1,1,1.0,cyanorak,curated,1,
pro,cyanorak:CK_00000220,PMM0135,Prochlorococcus MED4,plsX,glycerol-3-phosphate acyltransferase PlsX,informative_multi,WP_011131774.1,1,1.0,cyanorak,curated,1,
pro,cyanorak:CK_00000234,PMM0154,Prochlorococcus MED4,pedR,redox-responsive LuxR-type transcriptional regulator PedR,informative_multi,WP_011131793.1,1,1.0,cyanorak,curated,1,
pro,cyanorak:CK_00008058,PMM0223,Prochlorococcus MED4,psbA,photosystem II protein D1.1,informative_multi,WP_011131862.1,1,1.0,cyanorak,curated,1,
pro,cyanorak:CK_00000252,PMM0272,Prochlorococcus MED4,psbK,photosystem II reaction center protein PsbK,informative_multi,WP_011131909.1,1,1.0,cyanorak,curated,1,
pro,cyanorak:CK_00009154,PMM0332,Prochlorococcus MED4,glpG,uncharacterized conserved membrane protein,informative_multi,WP_225866781.1,1,1.0,cyanorak,curated,1,
pro,cyanorak:CK_00000839,PMM0346,Prochlorococcus MED4,,conserved hypothetical protein,informative_single,WP_036930987.1,1,1.0,cyanorak,curated,2,PMT1436
pro,cyanorak:CK_00001037,PMM0400,Prochlorococcus MED4,lrtA,light repressed protein A,informative_multi,WP_011132036.1,1,1.0,cyanorak,curated,1,
pro,cyanorak:CK_00001252,PMM0686,Prochlorococcus MED4,clpS1,ATP-dependent Clp protease adaptor protein ClpS,informative_multi,,1,1.0,cyanorak,curated,1,
pro,cyanorak:CK_00003439,PMM0731,Prochlorococcus MED4,,uncharacterized conserved membrane protein,catch_all_only,WP_011132365.1,1,1.0,cyanorak,curated,1,
pro,cyanorak:CK_00001691,PMM0735,Prochlorococcus MED4,unk1,conserved hypothetical protein,catch_all_only,WP_011132369.1,1,1.0,cyanorak,curated,1,
pro,cyanorak:CK_00000169,PMM0844,Prochlorococcus MED4,cycI1,Mg-protoporphyrin IX monomethylester oxidative cyclase,informative_multi,WP_011132478.1,1,1.0,cyanorak,curated,1,
pro,cyanorak:CK_00003479,PMM0993,Prochlorococcus MED4,,peptidase S51,informative_multi,WP_011132625.1,1,1.0,cyanorak,curated,1,
pro,cyanorak:CK_00001357,PMM1038,Prochlorococcus MED4,,A circularly permuted ATPgrasp family protein,informative_single,WP_011132671.1,1,1.0,cyanorak,curated,2,PMN2A_0733
pro,cyanorak:CK_00000994,PMM1076,Prochlorococcus MED4,,Conserved hypothetical protein,informative_multi,WP_011132709.1,1,1.0,cyanorak,curated,1,
pro,cyanorak:CK_00001511,PMM1104,Prochlorococcus MED4,,phospholipid methyltransferase,informative_multi,WP_011132737.1,1,1.0,cyanorak,curated,1,
pro,cyanorak:CK_00000744,PMM1110,Prochlorococcus MED4,colA,bolA-like family protein,informative_multi,WP_011132743.1,1,1.0,cyanorak,curated,1,
pro,cyanorak:CK_00000006,PMM1314,Prochlorococcus MED4,clpP3,"ATP-dependent Clp protease, protease subunit",informative_multi,WP_011132948.1,1,1.0,cyanorak,curated,1,
pro,cyanorak:CK_00001235,PMM1369,Prochlorococcus MED4,,GAF domain-containing protein,informative_multi,WP_036930584.1,1,1.0,cyanorak,curated,2,PMT9312_1466
pro,cyanorak:CK_00000279,PMM1594,Prochlorococcus MED4,ho1,heme oxygenase,informative_multi,WP_011133222.1,1,1.0,cyanorak,curated,1,
pro,cyanorak:CK_00047432,PMM1846,Prochlorococcus MED4,,conserved hypothetical protein (DUF4278),informative_single,WP_071812982.1,1,1.0,cyanorak,curated,2,PMN2A_0501
pro,cyanorak:CK_00048666,PMM1979,Prochlorococcus MED4,,Conserved hypothetical protein,no_evidence,,1,1.0,cyanorak,curated,1,
pro,cyanorak:CK_00044630,PMM1992,Prochlorococcus MED4,,conserved hypothetical protein,catch_all_only,WP_173028049.1,1,1.0,cyanorak,curated,1,
pro,cyanorak:CK_00037076,PMM2057,Prochlorococcus MED4,,Hypothetical protein,no_evidence,,1,1.0,cyanorak,curated,1,
pro,cyanorak:CK_00049418,PMN2A_0243,Prochlorococcus NATL2A,PMN2A_RS04150,conserved hypothetical protein,catch_all_only,WP_011293777.1,1,1.0,cyanorak,curated,1,
pro,cyanorak:CK_00048490,PMN2A_0476,Prochlorococcus NATL2A,PMN2A_RS05400,conserved hypothetical protein,catch_all_only,WP_011294574.1,1,1.0,cyanorak,curated,1,
pro,cyanorak:CK_00003986,PMN2A_0566,Prochlorococcus NATL2A,PMN2A_RS05915,Predicted protein family PM-5,no_evidence,WP_011294660.1,1,1.0,cyanorak,curated,1,
pro,cyanorak:CK_00037547,PMN2A_0592,Prochlorococcus NATL2A,PMN2A_RS06075,conserved hypothetical protein,no_evidence,WP_011294683.1,1,1.0,cyanorak,curated,1,
pro,cyanorak:CK_00000151,PMN2A_0883,Prochlorococcus NATL2A,PMN2A_RS07615,putative undecaprenyl-phosphate galactosephosphotransferase,informative_multi,WP_011295231.1,1,1.0,cyanorak,curated,1,
pro,cyanorak:CK_00050066,PMN2A_1971,Prochlorococcus NATL2A,,conserved hypothetical protein,no_evidence,,1,1.0,cyanorak,curated,1,
pro,cyanorak:CK_00039126,PMN2A_2003,Prochlorococcus NATL2A,PMN2A_RS10580,conserved hypothetical protein,no_evidence,WP_011295160.1,1,1.0,cyanorak,curated,1,
pro,cyanorak:CK_00050170,PMT0917,Prochlorococcus MIT9313,,putative membrane protein,informative_multi,WP_011130295.1,1,1.0,cyanorak,curated,2,PMM1173
pro,cyanorak:CK_00003742,PMT0934,Prochlorococcus MIT9313,,conserved hypothetical protein,no_evidence,WP_011130311.1,1,1.0,cyanorak,curated,1,
pro,cyanorak:CK_00000686,PMT1200,Prochlorococcus MIT9313,csos4B,pentameric carboxysome shell protein Csos4B (peptide B),informative_multi,WP_011130571.1,1,1.0,cyanorak,curated,1,
pro,cyanorak:CK_00003818,PMT1387,Prochlorococcus MIT9313,,conserved hypothetical protein,no_evidence,,1,1.0,cyanorak,curated,1,
pro,cyanorak:CK_00001308,PMT1494,Prochlorococcus MIT9313,,conserved hypothetical protein,informative_single,WP_041384574.1,1,1.0,cyanorak,curated,1,
pro,cyanorak:CK_00046138,PMT_0929,Prochlorococcus MIT9313,,conserved hypothetical protein,informative_multi,WP_011130306.1,1,1.0,cyanorak,curated,1,
pro,cyanorak:CK_00036963,PMT_2647,Prochlorococcus MIT9313,clcD,Hypothetical protein,informative_multi,WP_157859850.1,1,1.0,cyanorak,curated,1,
pro,cyanorak:CK_00000364,Pro0001,Prochlorococcus marinus subsp. marinus CCMP1375 (SS120),dnaN,"DNA polymerase III, beta subunit",informative_multi,WP_011124156.1,1,1.0,cyanorak,curated,1,
pro,cyanorak:CK_00008059,Pro0218,Prochlorococcus marinus subsp. marinus CCMP1375 (SS120),ddpD,"peptide/nickel ABC transport system, ATP-binding component",informative_multi,WP_052039710.1,1,1.0,cyanorak,curated,1,
pro,cyanorak:CK_00056721,Pro0242,Prochlorococcus marinus subsp. marinus CCMP1375 (SS120),sul3,sulfate transporter family protein,informative_multi,WP_011124397.1,1,1.0,cyanorak,curated,2,PMM0214
pro,cyanorak:CK_00001331,Pro0330,Prochlorococcus marinus subsp. marinus CCMP1375 (SS120),psbL,photosystem II reaction center protein PsbL,informative_multi,WP_011124485.1,1,1.0,cyanorak,curated,1,
pro,cyanorak:CK_00000949,Pro0568,Prochlorococcus marinus subsp. marinus CCMP1375 (SS120),gst,glutathione S-transferase,informative_multi,WP_011124721.1,1,1.0,cyanorak,curated,1,
pro,cyanorak:CK_00043606,Pro0604,Prochlorococcus marinus subsp. marinus CCMP1375 (SS120),,conserved hypothetical protein,no_evidence,WP_011124756.1,1,1.0,cyanorak,curated,1,
pro,cyanorak:CK_00001260,Pro0989,Prochlorococcus marinus subsp. marinus CCMP1375 (SS120),ubiX,3-octaprenyl-4-hydroxybenzoate carboxy-lyase,informative_multi,WP_011125141.1,1,1.0,cyanorak,curated,1,
pro,cyanorak:CK_00000816,Pro0993,Prochlorococcus marinus subsp. marinus CCMP1375 (SS120),petF,2Fe-2S ferredoxin,informative_multi,WP_011125145.1,1,1.0,cyanorak,curated,1,
pro,cyanorak:CK_00053888,Pro1520,Prochlorococcus marinus subsp. marinus CCMP1375 (SS120),,Predicted protein family PM-12,informative_multi,WP_036896479.1,1,1.0,cyanorak,curated,1,
pro,cyanorak:CK_00008054,Pro1589,Prochlorococcus marinus subsp. marinus CCMP1375 (SS120),groL1,chaperonin GroEL,informative_multi,WP_011125739.1,1,1.0,cyanorak,curated,3,P9303_05041;PMM1436
pro,locus:TX50_RS09500,TX50_RS09500,Prochlorococcus MED4,,hypothetical protein,no_evidence,WP_157859397.1,1,1.0,,,1,
pro,cyanorak:CK_00047187,A9601_15761,Prochlorococcus AS9601,,Hypothetical protein,no_evidence,,1,2.0,cyanorak,curated,1,
pro,cyanorak:CK_00000953,NATL1_06171,Prochlorococcus NATL1A,ycf52,uncharacterized acyl-CoA N-acetyltransferase,informative_multi,WP_011823344.1,1,2.0,cyanorak,curated,1,
pro,cyanorak:CK_00048203,NATL1_08781,Prochlorococcus NATL1A,kpsD,polysaccharide biosynthesis/export family protein,informative_multi,WP_011823581.1,1,2.0,cyanorak,curated,1,
pro,cyanorak:CK_00003482,P9301_10861,Prochlorococcus MIT9301,,conserved hypothetical protein,catch_all_only,WP_011818521.1,1,2.0,cyanorak,curated,1,
pro,cyanorak:CK_00004259,P9303_02901,Prochlorococcus MIT9303,,conserved hypothetical protein,informative_multi,WP_011824970.1,1,2.0,cyanorak,curated,1,
pro,locus:P9303_RS01390,P9303_RS01390,Prochlorococcus MIT9303,,tetratricopeptide repeat protein,no_evidence,WP_041374669.1,1,2.0,,,1,
pro,cyanorak:CK_00000428,PMM0202,Prochlorococcus MED4,rplJ,50S ribosomal protein L10,informative_multi,WP_011131841.1,1,2.0,cyanorak,curated,1,
pro,cyanorak:CK_00000463,PMM0251,Prochlorococcus MED4,psbH,photosystem II reaction center protein PsbH,informative_multi,WP_011131889.1,1,2.0,cyanorak,curated,1,
pro,cyanorak:CK_00000568,PMM0312,Prochlorococcus MED4,rpsA1,30S ribosomal protein S1,informative_multi,WP_011131949.1,1,2.0,cyanorak,curated,1,
pro,cyanorak:CK_00001416,PMM0476,Prochlorococcus MED4,,conserved hypothetical protein,catch_all_only,WP_011132111.1,1,2.0,cyanorak,curated,1,
pro,cyanorak:CK_00000806,PMM0910,Prochlorococcus MED4,ylmG1,cell division membrane protein YlmG1 (factor involved in shape determination),informative_multi,WP_011132543.1,1,2.0,cyanorak,curated,1,
pro,cyanorak:CK_00000898,PMM0915,Prochlorococcus MED4,ispA,signal peptidase II,informative_multi,WP_011132548.1,1,2.0,cyanorak,curated,1,
pro,cyanorak:CK_00044017,PMM1227,Prochlorococcus MED4,rfe,UDP-N-acetylmuramyl pentapeptide phosphotransferase/UDP-N- acetylglucosamine-1-phosphate transferase,informative_multi,WP_011132861.1,1,2.0,cyanorak,curated,1,
pro,cyanorak:CK_00000487,PMM1501,Prochlorococcus MED4,rne,ribonuclease E,informative_multi,WP_011133129.1,1,2.0,cyanorak,curated,1,
pro,cyanorak:CK_00000488,PMM1502,Prochlorococcus MED4,rnhB,ribonuclease HII,informative_multi,WP_011133130.1,1,2.0,cyanorak,curated,1,
pro,cyanorak:CK_00000515,PMM1537,Prochlorococcus MED4,rpsM,30S ribosomal protein S13,informative_multi,WP_011133165.1,1,2.0,cyanorak,curated,1,
pro,cyanorak:CK_00000326,PMM1658,Prochlorococcus MED4,dnaX,"DNA polymerase III, gamma and tau subunits",informative_multi,WP_011133285.1,1,2.0,cyanorak,curated,1,
pro,cyanorak:CK_00038563,PMM1842,Prochlorococcus MED4,,Hypothetical protein,no_evidence,,1,2.0,cyanorak,curated,1,
pro,cyanorak:CK_00034724,PMM1982,Prochlorococcus MED4,,uncharacterized conserved membrane protein,catch_all_only,WP_225866754.1,1,2.0,cyanorak,curated,2,PMT9312_1944
pro,cyanorak:CK_00053566,PMM2003,Prochlorococcus MED4,,Conserved hypothetical protein,no_evidence,WP_173028053.1,1,2.0,cyanorak,curated,1,
pro,cyanorak:CK_00001606,PMN2A_0435,Prochlorococcus NATL2A,ptrA,"transcriptional phosphate regulator, Crp family",informative_multi,WP_011294534.1,1,2.0,cyanorak,curated,1,
pro,cyanorak:CK_00045762,PMN2A_0509,Prochlorococcus NATL2A,hli,high light inducible protein,informative_multi,WP_011294349.1,1,2.0,cyanorak,curated,4,PMN2A_0553;PMN2A_0578;PMN2A_1715
pro,cyanorak:CK_00049703,PMN2A_0576,Prochlorococcus NATL2A,PMN2A_RS05975,hypothetical protein,catch_all_only,WP_011125327.1,1,2.0,cyanorak,curated,1,
pro,cyanorak:CK_00004221,PMN2A_0581,Prochlorococcus NATL2A,PMN2A_RS06010,conserved hypothetical protein,catch_all_only,WP_011294672.1,1,2.0,cyanorak,curated,1,
pro,cyanorak:CK_00004095,PMN2A_0713,Prochlorococcus NATL2A,PMN2A_RS06735,conserved hypothetical protein,no_evidence,WP_225866300.1,1,2.0,cyanorak,curated,1,
pro,cyanorak:CK_00043640,PMN2A_2004,Prochlorococcus NATL2A,,conserved hypothetical protein,no_evidence,,1,2.0,cyanorak,curated,1,
pro,cyanorak:CK_00051671,PMN2A_2099,Prochlorococcus NATL2A,,conserved hypothetical protein,no_evidence,,1,2.0,cyanorak,curated,1,
pro,cyanorak:CK_00001349,PMT0041,Prochlorococcus MIT9313,,conserved hypothetical protein,catch_all_only,WP_011129420.1,1,2.0,cyanorak,curated,1,
pro,cyanorak:CK_00000784,PMT0651,Prochlorococcus MIT9313,mrnC,ribonuclease III domain protein,informative_multi,WP_011130030.1,1,2.0,cyanorak,curated,1,
pro,cyanorak:CK_00037507,PMT0950,Prochlorococcus MIT9313,,conserved hypothetical protein,informative_single,WP_011130326.1,1,2.0,cyanorak,curated,1,
pro,cyanorak:CK_00001498,PMT1118,Prochlorococcus MIT9313,,nif11-like leader peptide domain protein,informative_single,WP_011130490.1,1,2.0,cyanorak,curated,1,
pro,cyanorak:CK_00037772,PMT1223,Prochlorococcus MIT9313,,hypothetical protein,no_evidence,WP_041384499.1,1,2.0,cyanorak,curated,1,
pro,cyanorak:CK_00001139,PMT1599,Prochlorococcus MIT9313,,putative ATP-dependent protease,informative_multi,,1,2.0,cyanorak,curated,1,
pro,cyanorak:CK_00002114,PMT1693,Prochlorococcus MIT9313,,conserved hypothetical protein,catch_all_only,,1,2.0,cyanorak,curated,1,
pro,cyanorak:CK_00000533,PMT1733,Prochlorococcus MIT9313,rplD,50S ribosomal protein L4,informative_multi,WP_011131100.1,1,2.0,cyanorak,curated,2,PMM1557
pro,cyanorak:CK_00000289,PMT1954,Prochlorococcus MIT9313,psaC,photosystem I iron-sulfur center subunit VII PsaC,informative_multi,WP_011131319.1,1,2.0,cyanorak,curated,2,PMT9312_1700
pro,cyanorak:CK_00000429,PMT2091,Prochlorococcus MIT9313,rplL,50S ribosomal protein L7/L12,informative_multi,WP_011131455.1,1,2.0,cyanorak,curated,2,PMT9312_0203
pro,cyanorak:CK_00000885,PMT9312_0768,Prochlorococcus MIT9312,chlP,geranylgeranyl reductase,informative_multi,WP_011376323.1,1,2.0,cyanorak,curated,1,
pro,cyanorak:CK_00009056,PMT9312_1790,Prochlorococcus MIT9312,rpoD4,"RNA polymerase sigma factor, type II",informative_multi,WP_011377332.1,1,2.0,cyanorak,curated,2,PMM1697
pro,cyanorak:CK_00041295,PMT_1878,Prochlorococcus MIT9313,,Hemolysin-type calcium-binding protein,informative_multi,WP_011131244.1,1,2.0,cyanorak,curated,1,
pro,cyanorak:CK_00003888,PMT_2051,Prochlorococcus MIT9313,,conserved hypothetical protein,informative_multi,WP_011131416.1,1,2.0,cyanorak,curated,1,
pro,cyanorak:CK_00037602,PMT_2330,Prochlorococcus MIT9313,,Hypothetical protein,no_evidence,,1,2.0,cyanorak,curated,1,
pro,cyanorak:CK_00001199,Pro0254,Prochlorococcus marinus subsp. marinus CCMP1375 (SS120),eda,2-keto-3-deoxy-6-phosphogluconate aldolase,informative_multi,WP_011124409.1,1,2.0,cyanorak,curated,1,
pro,cyanorak:CK_00000580,Pro0368,Prochlorococcus marinus subsp. marinus CCMP1375 (SS120),petD,cytochrome b6/f complex subunit 4,informative_multi,WP_011124523.1,1,2.0,cyanorak,curated,1,
pro,cyanorak:CK_00000693,Pro0417,Prochlorococcus marinus subsp. marinus CCMP1375 (SS120),nifU,NifU-like protein,informative_multi,WP_011124572.1,1,2.0,cyanorak,curated,1,
pro,cyanorak:CK_00000960,Pro0895,Prochlorococcus marinus subsp. marinus CCMP1375 (SS120),rsfS,oligomerisation domain protein,informative_multi,WP_011125047.1,1,2.0,cyanorak,curated,1,
pro,cyanorak:CK_00000590,Pro1309,Prochlorococcus marinus subsp. marinus CCMP1375 (SS120),rsmI,2-O-methyltransferase,informative_multi,WP_011125460.1,1,2.0,cyanorak,curated,1,
pro,cyanorak:CK_00000544,Pro1722,Prochlorococcus marinus subsp. marinus CCMP1375 (SS120),,cyanobacterial aminoacyl-tRNA synthetase domain (CAAD) containing protein,informative_multi,WP_011125871.1,1,2.0,cyanorak,curated,1,
pro,cyanorak:CK_00003473,RG24_RS04770,Prochlorococcus MIT9313,,"uncharacterized secreted protein, Prochlorococcus-specific",catch_all_only,WP_041384384.1,1,2.0,cyanorak,curated,1,
pro,cyanorak:CK_00051810,A9601_16241,Prochlorococcus AS9601,,conserved hypothetical protein,no_evidence,,1,3.0,cyanorak,curated,1,
pro,cyanorak:CK_00044057,NATL1_05681,Prochlorococcus NATL1A,,conserved hypothetical protein,no_evidence,WP_011823306.1,1,3.0,cyanorak,curated,1,
pro,cyanorak:CK_00056428,NATL1_13941,Prochlorococcus NATL1A,,conserved hypothetical protein,no_evidence,,1,3.0,cyanorak,curated,1,
pro,cyanorak:CK_00048124,P9301_10311,Prochlorococcus MIT9301,,uncharacterized conserved membrane protein,catch_all_only,WP_011818467.1,1,3.0,cyanorak,curated,1,
pro,cyanorak:CK_00056365,P9301_15481,Prochlorococcus MIT9301,,NAD-dependent DNA ligase N-terminal adenylation domain,informative_multi,WP_011863474.1,1,3.0,cyanorak,curated,1,
pro,cyanorak:CK_00002696,P9303_08931,Prochlorococcus MIT9303,,methyltransferase domain protein,informative_multi,WP_011825551.1,1,3.0,cyanorak,curated,1,
pro,cyanorak:CK_00044597,PMM0146,Prochlorococcus MED4,,uncharacterized conserved membrane protein (DUF3172),informative_single,WP_011131785.1,1,3.0,cyanorak,curated,1,
pro,cyanorak:CK_00000921,PMM0347,Prochlorococcus MED4,,uncharacterized conserved membrane protein,informative_single,WP_011131984.1,1,3.0,cyanorak,curated,1,
pro,cyanorak:CK_00001920,PMM0368,Prochlorococcus MED4,,conserved hypothetical protein (DUF3303),informative_single,WP_011132005.1,1,3.0,cyanorak,curated,1,
pro,cyanorak:CK_00002166,PMM0371,Prochlorococcus MED4,cynB,"cyanate ABC transporter, permease protein",informative_multi,WP_011132008.1,1,3.0,cyanorak,curated,1,
pro,cyanorak:CK_00001814,PMM0383,Prochlorococcus MED4,,uncharacterized TonB box-containing membrane protein,informative_multi,WP_011132020.1,1,3.0,cyanorak,curated,1,
pro,cyanorak:CK_00001414,PMM0471,Prochlorococcus MED4,hli,high light inducible protein,informative_single,WP_011132107.1,1,3.0,cyanorak,curated,1,
pro,cyanorak:CK_00000647,PMM0502,Prochlorococcus MED4,ycf41,possible single-stranded DNA-binding protein,informative_multi,WP_011132137.1,1,3.0,cyanorak,curated,1,
pro,cyanorak:CK_00001500,PMM1058,Prochlorococcus MED4,petG,cytochrome b6-f complex subunit 5,informative_multi,WP_011132691.1,1,3.0,cyanorak,curated,1,
pro,cyanorak:CK_00001024,PMM1147,Prochlorococcus MED4,pntA1,"pyridine nucleotide transhydrogenase, subunit alpha1 (A1)",informative_multi,WP_011132780.1,1,3.0,cyanorak,curated,1,
pro,cyanorak:CK_00000929,PMM1166,Prochlorococcus MED4,,conserved hypothetical protein,informative_single,WP_011132800.1,1,3.0,cyanorak,curated,1,
pro,cyanorak:CK_00000149,PMM1287,Prochlorococcus MED4,zipN,cell division protein ZipN,informative_multi,WP_011132921.1,1,3.0,cyanorak,curated,1,
pro,cyanorak:CK_00003575,PMM1392,Prochlorococcus MED4,,possible Heat-labile enterotoxin alpha chain,catch_all_only,WP_011133025.1,1,3.0,cyanorak,curated,1,
pro,cyanorak:CK_00002662,PMM1416,Prochlorococcus MED4,PsiP1,phosphate starvation inducible protein 1,informative_multi,WP_011133045.1,1,3.0,cyanorak,curated,1,
pro,cyanorak:CK_00000135,PMM1541,Prochlorococcus MED4,rplO,50S ribosomal protein L15,informative_multi,WP_011133169.1,1,3.0,cyanorak,curated,1,
pro,cyanorak:CK_00000538,PMM1562,Prochlorococcus MED4,recA,recombinase A,informative_multi,WP_011133190.1,1,3.0,cyanorak,curated,1,
pro,cyanorak:CK_00000408,PMM1670,Prochlorococcus MED4,metC,cystathionine beta-lyase family aluminum resistance protein,informative_multi,WP_011133297.1,1,3.0,cyanorak,curated,2,Pro1831
pro,cyanorak:CK_00054285,PMM1903,Prochlorococcus MED4,,Conserved hypothetical protein,catch_all_only,WP_173027992.1,1,3.0,cyanorak,curated,1,
pro,cyanorak:CK_00051242,PMM1961,Prochlorococcus MED4,,conserved hypothetical protein,catch_all_only,WP_036930569.1,1,3.0,cyanorak,curated,2,A9601_12991
pro,cyanorak:CK_00043166,PMM2069,Prochlorococcus MED4,,Hypothetical protein,no_evidence,,1,3.0,cyanorak,curated,1,
pro,cyanorak:CK_00050481,PMN2A_0546,Prochlorococcus NATL2A,psaJ2,photosystem I reaction centre subunit IX,informative_multi,WP_011294643.1,1,3.0,cyanorak,curated,1,
pro,cyanorak:CK_00001608,PMN2A_0561,Prochlorococcus NATL2A,PMN2A_RS05895,plastid lipid-associated protein (PAP)/fibrillin family,informative_multi,WP_011294655.1,1,3.0,cyanorak,curated,1,
pro,cyanorak:CK_00004021,PMN2A_0569,Prochlorococcus NATL2A,,uncharacterized conserved membrane protein,catch_all_only,,1,3.0,cyanorak,curated,2,PMM1958
pro,cyanorak:CK_00035937,PMN2A_0590,Prochlorococcus NATL2A,PMN2A_RS06065,conserved hypothetical protein (DUF3104),informative_single,WP_041711006.1,1,3.0,cyanorak,curated,1,
pro,cyanorak:CK_00000499,PMN2A_0621,Prochlorococcus NATL2A,PMN2A_RS06245,hydrogenase/urease accessory protein,informative_multi,WP_011294710.1,1,3.0,cyanorak,curated,1,
pro,cyanorak:CK_00000312,PMN2A_1216,Prochlorococcus NATL2A,PMN2A_RS09350,"transcriptional regulator, GntR family",informative_multi,WP_011295560.1,1,3.0,cyanorak,curated,1,
pro,cyanorak:CK_00035912,PMN2A_1941,Prochlorococcus NATL2A,,conserved hypothetical protein,no_evidence,,1,3.0,cyanorak,curated,1,
pro,cyanorak:CK_00038215,PMT0168,Prochlorococcus MIT9313,,"possible Negative factor, (F-Protein) or Nef.",no_evidence,WP_011129546.1,1,3.0,cyanorak,curated,1,
pro,cyanorak:CK_00000892,PMT0585,Prochlorococcus MIT9313,wcaA,"beta-glycosyltransferase, family 2",informative_multi,WP_197524596.1,1,3.0,cyanorak,curated,1,
pro,cyanorak:CK_00003711,PMT0845,Prochlorococcus MIT9313,,"possible Histidine kinase-, DNA gyrase B-, phy",informative_single,WP_041384352.1,1,3.0,cyanorak,curated,1,
pro,cyanorak:CK_00000747,PMT1091,Prochlorococcus MIT9313,pdxJ,pyridoxine 5^-phosphate synthase,informative_multi,WP_011130463.1,1,3.0,cyanorak,curated,1,
pro,cyanorak:CK_00003855,PMT1684,Prochlorococcus MIT9313,,conserved hypothetical protein,catch_all_only,,1,3.0,cyanorak,curated,1,
pro,cyanorak:CK_00003570,PMT9312_0685,Prochlorococcus MIT9312,,possible M protein repeat,catch_all_only,WP_011376240.1,1,3.0,cyanorak,curated,1,
pro,cyanorak:CK_00043306,PMT9312_1017,Prochlorococcus MIT9312,,conserved hypothetical protein,catch_all_only,WP_011376568.1,1,3.0,cyanorak,curated,1,
pro,cyanorak:CK_00000893,PMT_0586,Prochlorococcus MIT9313,,conserved hypothetical protein,catch_all_only,WP_011129965.1,1,3.0,cyanorak,curated,1,
pro,cyanorak:CK_00037676,PMT_2155,Prochlorococcus MIT9313,,possible MARCKS family,informative_multi,WP_011131519.1,1,3.0,cyanorak,curated,1,
pro,cyanorak:CK_00048532,PMT_2397,Prochlorococcus MIT9313,,Hypothetical protein,no_evidence,WP_157859795.1,1,3.0,cyanorak,curated,1,
pro,cyanorak:CK_00000189,Pro0097,Prochlorococcus marinus subsp. marinus CCMP1375 (SS120),citT,"putative sodium/potassium/sulfate transporter, DASS family",informative_multi,WP_011124252.1,1,3.0,cyanorak,curated,1,
pro,cyanorak:CK_00000467,Pro0278,Prochlorococcus marinus subsp. marinus CCMP1375 (SS120),sll1424,conserved hypothetical protein (DUF3084),informative_single,WP_011124433.1,1,3.0,cyanorak,curated,1,
pro,cyanorak:CK_00000365,Pro1884,Prochlorococcus marinus subsp. marinus CCMP1375 (SS120),,alpha/beta hydrolase of unknown function (DUF1400),informative_single,WP_011126033.1,1,3.0,cyanorak,curated,1,
pro,eggnog:1MN51@1212,TX50_RS09290,Prochlorococcus MED4,,hypothetical protein,catch_all_only,WP_071812976.1,1,3.0,eggnog,Prochloraceae,1,
pro,cyanorak:CK_00040661,A9601_04091,Prochlorococcus AS9601,,conserved hypothetical protein,no_evidence,,1,4.0,cyanorak,curated,1,
pro,cyanorak:CK_00002334,A9601_11361,Prochlorococcus AS9601,,WD40-repeat-containing protein,informative_multi,WP_011818569.1,1,4.0,cyanorak,curated,1,
pro,cyanorak:CK_00044481,NATL1_08591,Prochlorococcus NATL1A,,polysaccharide biosynthesis family protein,informative_multi,WP_011823562.1,1,4.0,cyanorak,curated,1,
pro,cyanorak:CK_00049482,NATL1_18471,Prochlorococcus NATL1A,,conserved hypothetical protein,catch_all_only,WP_011824389.1,1,4.0,cyanorak,curated,1,
pro,cyanorak:CK_00001600,P9301_11341,Prochlorococcus MIT9301,lraI,"ABC-type Mn2+/Zn2+ transport system, periplasmic component",informative_multi,WP_011863093.1,1,4.0,cyanorak,curated,2,PMM1032
pro,cyanorak:CK_00004168,P9303_03621,Prochlorococcus MIT9303,,conserved hypothetical protein,no_evidence,WP_236069863.1,1,4.0,cyanorak,curated,1,
pro,cyanorak:CK_00054578,P9303_17791,Prochlorococcus MIT9303,,conserved hypothetical protein,catch_all_only,WP_196757591.1,1,4.0,cyanorak,curated,1,
pro,cyanorak:CK_00000348,PMM0020,Prochlorococcus MED4,,"DNA-binding protein, YbaB/EbfC family",informative_multi,WP_011131658.1,1,4.0,cyanorak,curated,1,
pro,cyanorak:CK_00055271,PMM0087,Prochlorococcus MED4,,conserved hypothetical protein,catch_all_only,WP_011131725.1,1,4.0,cyanorak,curated,1,
pro,cyanorak:CK_00000438,PMM0187,Prochlorococcus MED4,argS,arginine--tRNA ligase,informative_multi,WP_011131826.1,1,4.0,cyanorak,curated,1,
pro,cyanorak:CK_00000481,PMM0227,Prochlorococcus MED4,sat,sulfate adenylyltransferase,informative_multi,WP_011131866.1,1,4.0,cyanorak,curated,1,
pro,cyanorak:CK_00001382,PMM0252,Prochlorococcus MED4,psbN,photosystem II reaction center assembly factor,informative_multi,WP_011131890.1,1,4.0,cyanorak,curated,1,
pro,cyanorak:CK_00000003,PMM0372,Prochlorococcus MED4,cynD,cyanate ABC transporter ATP-binding protein,informative_multi,WP_011132009.1,1,4.0,cyanorak,curated,1,
pro,cyanorak:CK_00044766,PMM0417,Prochlorococcus MED4,,uncharacterized conserved membrane protein,catch_all_only,WP_011132053.1,1,4.0,cyanorak,curated,1,
pro,cyanorak:CK_00000697,PMM0426,Prochlorococcus MED4,sun,ribosomal RNA small subunit methyltransferase B,informative_multi,WP_011132062.1,1,4.0,cyanorak,curated,1,
pro,cyanorak:CK_00000653,PMM0509,Prochlorococcus MED4,,conserved hypothetical protein,catch_all_only,WP_011132144.1,1,4.0,cyanorak,curated,1,
pro,cyanorak:CK_00003429,PMM0707,Prochlorococcus MED4,,uncharacterized conserved secreted protein,catch_all_only,WP_011132341.1,1,4.0,cyanorak,curated,3,PMN2A_0438;PMT9312_0719
pro,cyanorak:CK_00054193,PMM1018,Prochlorococcus MED4,,conserved hypothetical protein,informative_single,WP_011132650.1,1,4.0,cyanorak,curated,1,
pro,cyanorak:CK_00000602,PMM1179,Prochlorococcus MED4,,eamA-like transporter family protein,informative_multi,WP_011132813.1,1,4.0,cyanorak,curated,1,
pro,cyanorak:CK_00000339,PMM1403,Prochlorococcus MED4,,HNH endonuclease family protein,informative_multi,WP_011133032.1,1,4.0,cyanorak,curated,1,
pro,cyanorak:CK_00043575,PMM1405,Prochlorococcus MED4,,conserved hypothetical protein,no_evidence,WP_011133034.1,1,4.0,cyanorak,curated,1,
pro,cyanorak:CK_00001058,PMM1482,Prochlorococcus MED4,hli,high light inducible protein,informative_multi,WP_011133110.1,1,4.0,cyanorak,curated,1,
pro,cyanorak:CK_00001060,PMM1484,Prochlorococcus MED4,rpoC1,"DNA-directed RNA polymerase complex, gamma subunit",informative_multi,WP_011133112.1,1,4.0,cyanorak,curated,1,
pro,cyanorak:CK_00000066,PMM1609,Prochlorococcus MED4,fabF,beta-ketoacyl-(acyl-carrier-protein) synthase II (KASII),informative_multi,WP_011133236.1,1,4.0,cyanorak,curated,1,
pro,cyanorak:CK_00055945,PMM1830,Prochlorococcus MED4,,conserved hypothetical protein,catch_all_only,WP_173027947.1,1,4.0,cyanorak,curated,1,
pro,cyanorak:CK_00055577,PMM1832,Prochlorococcus MED4,,Conserved hypothetical protein,no_evidence,WP_173027949.1,1,4.0,cyanorak,curated,1,
pro,cyanorak:CK_00042996,PMM1854,Prochlorococcus MED4,,Conserved hypothetical protein,no_evidence,WP_036930966.1,1,4.0,cyanorak,curated,2,PMN2A_2045
pro,cyanorak:CK_00054584,PMM1859,Prochlorococcus MED4,,uncharacterized conserved membrane protein,catch_all_only,WP_036930846.1,1,4.0,cyanorak,curated,1,
pro,cyanorak:CK_00056837,PMM1883,Prochlorococcus MED4,,conserved hypothetical protein,catch_all_only,WP_036930795.1,1,4.0,cyanorak,curated,1,
pro,cyanorak:CK_00056366,PMM1949,Prochlorococcus MED4,,conserved hypothetical protein,catch_all_only,WP_173028018.1,1,4.0,cyanorak,curated,1,
pro,cyanorak:CK_00051095,PMM1988,Prochlorococcus MED4,,Conserved hypothetical protein,no_evidence,WP_173028043.1,1,4.0,cyanorak,curated,1,
pro,cyanorak:CK_00055198,PMM2012,Prochlorococcus MED4,,Hypothetical protein,no_evidence,,1,4.0,cyanorak,curated,1,
pro,cyanorak:CK_00003993,PMN2A_0119,Prochlorococcus NATL2A,PMN2A_RS03545,uncharacterized conserved membrane protein,catch_all_only,WP_011293653.1,1,4.0,cyanorak,curated,1,
pro,cyanorak:CK_00040791,PMN2A_0348,Prochlorococcus NATL2A,PMN2A_RS04700,conserved hypothetical protein,no_evidence,WP_011293882.1,1,4.0,cyanorak,curated,1,
pro,cyanorak:CK_00001123,PMN2A_0987,Prochlorococcus NATL2A,atp1,ATP synthase protein I,informative_multi,WP_011295332.1,1,4.0,cyanorak,curated,2,PMM1457
pro,cyanorak:CK_00004195,PMN2A_2022,Prochlorococcus NATL2A,hli,possible high light inducible protein,informative_single,WP_011294968.1,1,4.0,cyanorak,curated,1,
pro,cyanorak:CK_00045474,PMN2A_2115,Prochlorococcus NATL2A,PMN2A_RS10310,conserved hypothetical protein,no_evidence,WP_011295006.1,1,4.0,cyanorak,curated,1,
pro,cyanorak:CK_00041258,PMN2A_2186,Prochlorococcus NATL2A,,conserved hypothetical protein,catch_all_only,,1,4.0,cyanorak,curated,1,
pro,cyanorak:CK_00052022,PMT0237,Prochlorococcus MIT9313,,possible (AF314193) Toutatis,no_evidence,WP_011129616.1,1,4.0,cyanorak,curated,1,
pro,cyanorak:CK_00000699,PMT0283,Prochlorococcus MIT9313,glyQ,"glycine--tRNA ligase, alpha subunit",informative_multi,WP_011129662.1,1,4.0,cyanorak,curated,1,
pro,cyanorak:CK_00003669,PMT0390,Prochlorococcus MIT9313,,possible Coproporphyrinogen III oxidase,no_evidence,WP_157859786.1,1,4.0,cyanorak,curated,1,
pro,cyanorak:CK_00003411,PMT0855,Prochlorococcus MIT9313,pncA,isochorismatase-like hydrolase superfamily,informative_multi,WP_052646170.1,1,4.0,cyanorak,curated,1,
pro,cyanorak:CK_00053323,PMT0870,Prochlorococcus MIT9313,,conserved hypothetical protein,no_evidence,WP_157859814.1,1,4.0,cyanorak,curated,1,
pro,cyanorak:CK_00036087,PMT0892,Prochlorococcus MIT9313,,conserved hypothetical protein,catch_all_only,WP_236069663.1,1,4.0,cyanorak,curated,1,
pro,cyanorak:CK_00001224,PMT1283,Prochlorococcus MIT9313,phhB,pterin-4-alpha-carbinolamine dehydratase,informative_multi,WP_011130652.1,1,4.0,cyanorak,curated,1,
pro,cyanorak:CK_00000186,PMT1481,Prochlorococcus MIT9313,glnB,nitrogen regulatory protein P-II,informative_multi,WP_011130849.1,1,4.0,cyanorak,curated,2,PMM1463
pro,cyanorak:CK_00003834,PMT1561,Prochlorococcus MIT9313,,conserved hypothetical protein,catch_all_only,WP_011130928.1,1,4.0,cyanorak,curated,1,
pro,cyanorak:CK_00038643,PMT2041,Prochlorococcus MIT9313,,putative dockerin type I repeat,catch_all_only,WP_041384725.1,1,4.0,cyanorak,curated,1,
pro,cyanorak:CK_00000554,PMT9312_1670,Prochlorococcus MIT9312,psaD,photosystem I reaction center subunit II,informative_multi,WP_011377212.1,1,4.0,cyanorak,curated,2,Pro1733
pro,cyanorak:CK_00037710,PMT9312_1821,Prochlorococcus MIT9312,,conserved hypothetical protein,catch_all_only,WP_193741828.1,1,4.0,cyanorak,curated,1,
pro,cyanorak:CK_00052083,PMT9312_1966,Prochlorococcus MIT9312,,conserved hypothetical protein,no_evidence,WP_155105306.1,1,4.0,cyanorak,curated,1,
pro,cyanorak:CK_00037636,PMT_1699,Prochlorococcus MIT9313,,site-specific recombinase,informative_multi,WP_011131066.1,1,4.0,cyanorak,curated,1,
pro,cyanorak:CK_00000346,Pro0022,Prochlorococcus marinus subsp. marinus CCMP1375 (SS120),murC,UDP-N-acetylmuramate-alanine ligase,informative_multi,WP_011124177.1,1,4.0,cyanorak,curated,1,
pro,cyanorak:CK_00001043,Pro0391,Prochlorococcus marinus subsp. marinus CCMP1375 (SS120),ylmE,conserved hypothetical protein YlmE,informative_multi,WP_011124546.1,1,4.0,cyanorak,curated,1,
pro,cyanorak:CK_00002355,Pro0646,Prochlorococcus marinus subsp. marinus CCMP1375 (SS120),,Predicted protein family PM-6,catch_all_only,WP_011124798.1,1,4.0,cyanorak,curated,1,
pro,cyanorak:CK_00000399,Pro1200,Prochlorococcus marinus subsp. marinus CCMP1375 (SS120),,2-oxoglutarate/iron-dependent dioxygenase,informative_multi,WP_011125352.1,1,4.0,cyanorak,curated,1,
pro,cyanorak:CK_00053552,A9601_12821,Prochlorococcus AS9601,,conserved hypothetical protein,catch_all_only,WP_011818710.1,1,5.0,cyanorak,curated,1,
pro,cyanorak:CK_00049443,NATL1_08811,Prochlorococcus NATL1A,,hypothetical protein,no_evidence,WP_011823584.1,1,5.0,cyanorak,curated,1,
pro,cyanorak:CK_00051584,NATL1_13731,Prochlorococcus NATL1A,,glutaredoxin family protein,informative_multi,WP_011823975.1,1,5.0,cyanorak,curated,1,
pro,cyanorak:CK_00047151,P9301_04041,Prochlorococcus MIT9301,,Conserved hypothetical protein,catch_all_only,WP_011862409.1,1,5.0,cyanorak,curated,2,PMM1831
pro,cyanorak:CK_00043260,P9303_09681,Prochlorococcus MIT9303,,conserved hypothetical protein,catch_all_only,WP_011825625.1,1,5.0,cyanorak,curated,1,
pro,cyanorak:CK_00001439,P9303_29301,Prochlorococcus MIT9303,,uncharacterized conserved secreted protein,catch_all_only,WP_011827498.1,1,5.0,cyanorak,curated,1,
pro,cyanorak:CK_00001144,PMM0073,Prochlorococcus MED4,sufB,"ABC transporter involved in Fe-S cluster assembly, permease component",informative_multi,WP_011131711.1,1,5.0,cyanorak,curated,1,
pro,cyanorak:CK_00000038,PMM0079,Prochlorococcus MED4,prxQ,2-Cys peroxiredoxin,informative_multi,WP_011131717.1,1,5.0,cyanorak,curated,1,
pro,cyanorak:CK_00001595,PMM0367,Prochlorococcus MED4,,putative antibiotic biosynthesis monooxygenase domain protein,informative_multi,WP_011132004.1,1,5.0,cyanorak,curated,1,
pro,cyanorak:CK_00000698,PMM0428,Prochlorococcus MED4,chlG,chlorophyll a synthase,informative_multi,WP_011132064.1,1,5.0,cyanorak,curated,1,
pro,cyanorak:CK_00000059,PMM0453,Prochlorococcus MED4,fabG,beta-ketoacyl-(acyl-carrier-protein) reductase (KR),informative_multi,WP_011132089.1,1,5.0,cyanorak,curated,1,
pro,cyanorak:CK_00047478,PMM0647,Prochlorococcus MED4,,conserved hypothetical protein (DUF2811),informative_single,WP_011132281.1,1,5.0,cyanorak,curated,1,
pro,cyanorak:CK_00001718,PMM1037,Prochlorococcus MED4,,conserved hypothetical protein,catch_all_only,WP_011132670.1,1,5.0,cyanorak,curated,1,
pro,cyanorak:CK_00000758,PMM1090,Prochlorococcus MED4,lysA,diaminopimelate decarboxylase,informative_multi,WP_011132723.1,1,5.0,cyanorak,curated,1,
pro,cyanorak:CK_00001025,PMM1151,Prochlorococcus MED4,infA,translation initiation factor IF-1,informative_multi,WP_011132784.1,1,5.0,cyanorak,curated,1,
pro,cyanorak:CK_00000597,PMM1186,Prochlorococcus MED4,ALB3,photosystem II assembly factor,informative_multi,WP_011132820.1,1,5.0,cyanorak,curated,1,
pro,cyanorak:CK_00036913,PMM1379,Prochlorococcus MED4,,putative lysine decarboxylase family protein,informative_multi,WP_011133013.1,1,5.0,cyanorak,curated,1,
pro,cyanorak:CK_00001116,PMM1450,Prochlorococcus MED4,atpC,ATP synthase gamma chain,informative_multi,WP_011133079.1,1,5.0,cyanorak,curated,1,
pro,cyanorak:CK_00001063,PMM1488,Prochlorococcus MED4,hisD,histidinol dehydrogenase,informative_multi,WP_011133116.1,1,5.0,cyanorak,curated,1,
pro,cyanorak:CK_00050803,PMM1829,Prochlorococcus MED4,,Conserved hypothetical protein,no_evidence,,1,5.0,cyanorak,curated,1,
pro,cyanorak:CK_00050253,PMM1983,Prochlorococcus MED4,,uncharacterized conserved membrane protein,catch_all_only,WP_036930494.1,1,5.0,cyanorak,curated,1,
pro,cyanorak:CK_00048265,PMN2A_0921,Prochlorococcus NATL2A,PMN2A_RS07810,Secreted pentapeptide repeats protein,informative_single,WP_011295269.1,1,5.0,cyanorak,curated,1,
pro,cyanorak:CK_00049696,PMN2A_0941,Prochlorococcus NATL2A,PMN2A_RS07920,hypothetical protein,catch_all_only,WP_011125327.1,1,5.0,cyanorak,curated,1,
pro,cyanorak:CK_00049702,PMN2A_1226,Prochlorococcus NATL2A,PMN2A_RS09405,hypothetical protein,informative_single,WP_011295570.1,1,5.0,cyanorak,curated,1,
pro,cyanorak:CK_00047017,PMN2A_2001,Prochlorococcus NATL2A,PMN2A_RS11005,conserved hypothetical protein,no_evidence,WP_263892330.1,1,5.0,cyanorak,curated,1,
pro,cyanorak:CK_00000310,PMT0120,Prochlorococcus MIT9313,miaA,tRNA delta-2-isopentenylpyrophosphate (IPP) adenosine transferase,informative_multi,WP_011129499.1,1,5.0,cyanorak,curated,1,
pro,cyanorak:CK_00000063,PMT0509,Prochlorococcus MIT9313,petJ2,cytochrome c553 (cytochrome c6),informative_multi,WP_011129888.1,1,5.0,cyanorak,curated,1,
pro,cyanorak:CK_00001941,PMT0551,Prochlorococcus MIT9313,gbmt2,dimethylglycine N-methyltransferase,informative_multi,WP_011129930.1,1,5.0,cyanorak,curated,1,
pro,cyanorak:CK_00001262,PMT0773,Prochlorococcus MIT9313,,conserved hypothetical protein,catch_all_only,WP_011130151.1,1,5.0,cyanorak,curated,1,
pro,cyanorak:CK_00000532,PMT1734,Prochlorococcus MIT9313,rplW,50S ribosomal protein L23,informative_multi,WP_011131101.1,1,5.0,cyanorak,curated,1,
pro,cyanorak:CK_00035443,PMT1906,Prochlorococcus MIT9313,,conserved hypothetical protein,informative_single,,1,5.0,cyanorak,curated,1,
pro,cyanorak:CK_00000973,PMT2103,Prochlorococcus MIT9313,,conserved hypothetical protein,informative_multi,WP_011131467.1,1,5.0,cyanorak,curated,1,
pro,cyanorak:CK_00033671,PMT2266,Prochlorococcus MIT9313,,conserved hypothetical protein,catch_all_only,WP_011131630.1,1,5.0,cyanorak,curated,1,
pro,cyanorak:CK_00042930,PMT9312_1484,Prochlorococcus MIT9312,,conserved hypothetical protein,catch_all_only,WP_011377027.1,1,5.0,cyanorak,curated,1,
pro,cyanorak:CK_00043009,PMT_0915,Prochlorococcus MIT9313,,Bacterial outer membrane protein,informative_multi,WP_011130293.1,1,5.0,cyanorak,curated,1,
pro,cyanorak:CK_00000471,Pro0272,Prochlorococcus marinus subsp. marinus CCMP1375 (SS120),txlA,thioredoxin-like protein TxlA,informative_multi,WP_011124427.1,1,5.0,cyanorak,curated,1,
pro,cyanorak:CK_00001626,Pro0868,Prochlorococcus marinus subsp. marinus CCMP1375 (SS120),,conserved hypothetical protein,informative_single,WP_164923227.1,1,5.0,cyanorak,curated,1,
pro,cyanorak:CK_00001012,Pro1149,Prochlorococcus marinus subsp. marinus CCMP1375 (SS120),sufE,sulfur acceptor for SufS cysteine desulfurase,informative_multi,WP_011125301.1,1,5.0,cyanorak,curated,1,
pro,cyanorak:CK_00046016,A9601_11371,Prochlorococcus AS9601,,conserved hypothetical protein,no_evidence,,1,6.0,cyanorak,curated,1,
pro,cyanorak:CK_00001478,NATL1_06431,Prochlorococcus NATL1A,,domain of unknown function DUF4332-containing protein,informative_single,WP_011823368.1,1,6.0,cyanorak,curated,1,
pro,cyanorak:CK_00045273,NATL1_17971,Prochlorococcus NATL1A,,conserved hypothetical protein,no_evidence,WP_011824345.1,1,6.0,cyanorak,curated,1,
pro,cyanorak:CK_00000975,P9301_08411,Prochlorococcus MIT9301,purQ,"phosphoribosylformylglycinamidine (FGAM) synthase, glutamine amidotransferase domain",informative_multi,WP_011862817.1,1,6.0,cyanorak,curated,1,
pro,eggnog:1GGH2@1117,P9303_RS06050,Prochlorococcus MIT9303,,hypothetical protein,no_evidence,WP_041374804.1,1,6.0,eggnog,Cyanobacteria,1,
pro,cyanorak:CK_00000412,PMM0043,Prochlorococcus MED4,flv3,flavoprotein involved in Mehler reaction,informative_multi,WP_011131681.1,1,6.0,cyanorak,curated,1,
pro,cyanorak:CK_00008024,PMM0345,Prochlorococcus MED4,prxQ,2-Cys peroxiredoxin,informative_multi,WP_011131982.1,1,6.0,cyanorak,curated,2,PMN2A_0727
pro,cyanorak:CK_00003380,PMM0365,Prochlorococcus MED4,,possible DsrE-like protein,informative_single,WP_011132002.1,1,6.0,cyanorak,curated,1,
pro,cyanorak:CK_00000613,PMM0444,Prochlorococcus MED4,ctaEI,cytochrome c oxidase subunit III,informative_multi,WP_011132080.1,1,6.0,cyanorak,curated,1,
pro,cyanorak:CK_00000618,PMM0454,Prochlorococcus MED4,ispD,2-C-methyl-D-erythritol 4-phosphate cytidylyltransferase,informative_multi,WP_011132090.1,1,6.0,cyanorak,curated,1,
pro,cyanorak:CK_00001269,PMM0687,Prochlorococcus MED4,,conserved hypothetical protein,catch_all_only,WP_011132321.1,1,6.0,cyanorak,curated,1,
pro,cyanorak:CK_00001360,PMM0965,Prochlorococcus MED4,ureA,urease gamma subunit,informative_multi,WP_011132598.1,1,6.0,cyanorak,curated,1,
pro,cyanorak:CK_00043661,PMM1228,Prochlorococcus MED4,,conserved hypothetical protein,no_evidence,WP_011132862.1,1,6.0,cyanorak,curated,1,
pro,cyanorak:CK_00047683,PMM1240,Prochlorococcus MED4,,methyltransferase domain protein,informative_multi,WP_011132874.1,1,6.0,cyanorak,curated,1,
pro,cyanorak:CK_00002660,PMM1256,Prochlorococcus MED4,wcaA,possible beta-glycosyltransferase,informative_multi,WP_011132890.1,1,6.0,cyanorak,curated,1,
pro,cyanorak:CK_00056825,PMM1414,Prochlorococcus MED4,,conserved hypothetical protein (DUF3303),informative_single,WP_011133043.1,1,6.0,cyanorak,curated,1,
pro,cyanorak:CK_00035425,PMM1826,Prochlorococcus MED4,,conserved hypothetical protein,catch_all_only,WP_173027945.1,1,6.0,cyanorak,curated,1,
pro,cyanorak:CK_00046159,PMM1931,Prochlorococcus MED4,,uncharacterized conserved membrane protein,catch_all_only,WP_173028011.1,1,6.0,cyanorak,curated,1,
pro,cyanorak:CK_00048035,PMN2A_0454,Prochlorococcus NATL2A,PMN2A_RS05290,conserved hypothetical protein,no_evidence,WP_011823820.1,1,6.0,cyanorak,curated,1,
pro,cyanorak:CK_00001523,PMN2A_0995,Prochlorococcus NATL2A,PMN2A_RS08210,conserved hypothetical protein,catch_all_only,WP_011295340.1,1,6.0,cyanorak,curated,1,
pro,cyanorak:CK_00045983,PMN2A_1710,Prochlorococcus NATL2A,PMN2A_RS01985,conserved hypothetical protein,no_evidence,WP_225866319.1,1,6.0,cyanorak,curated,1,
pro,cyanorak:CK_00038648,PMN2A_1994,Prochlorococcus NATL2A,PMN2A_RS10560,conserved hypothetical protein,no_evidence,WP_011294966.1,1,6.0,cyanorak,curated,1,
pro,cyanorak:CK_00045417,PMN2A_1997,Prochlorococcus NATL2A,PMN2A_RS05225,uncharacterized conserved lipoprotein,informative_single,WP_011294986.1,1,6.0,cyanorak,curated,1,
pro,cyanorak:CK_00047449,PMN2A_2000,Prochlorococcus NATL2A,PMN2A_RS11000,conserved hypothetical protein,no_evidence,WP_011295021.1,1,6.0,cyanorak,curated,1,
pro,cyanorak:CK_00054364,PMN2A_2136,Prochlorococcus NATL2A,PMN2A_RS07090,conserved hypothetical protein,no_evidence,WP_011295071.1,1,6.0,cyanorak,curated,1,
pro,cyanorak:CK_00000320,PMT0075,Prochlorococcus MIT9313,cobH,precorrin-8X methylmutase,informative_multi,WP_011129454.1,1,6.0,cyanorak,curated,1,
pro,cyanorak:CK_00001867,PMT0133,Prochlorococcus MIT9313,sdhB,"succinate dehydrogenase/fumarate reductase, Fe-S protein subunit",informative_multi,WP_011129512.1,1,6.0,cyanorak,curated,1,
pro,cyanorak:CK_00037748,PMT0800,Prochlorococcus MIT9313,,hypothetical protein,no_evidence,,1,6.0,cyanorak,curated,1,
pro,cyanorak:CK_00003723,PMT0884,Prochlorococcus MIT9313,,putative RIKEN cDNA 1200003J11; EST AA930106,no_evidence,WP_011130262.1,1,6.0,cyanorak,curated,1,
pro,cyanorak:CK_00001476,PMT1559,Prochlorococcus MIT9313,,conserved hypothetical protein,catch_all_only,WP_011130926.1,1,6.0,cyanorak,curated,2,PMT9312_0746
pro,cyanorak:CK_00037656,PMT1563,Prochlorococcus MIT9313,,hypothetical protein,no_evidence,WP_011130930.1,1,6.0,cyanorak,curated,1,
pro,cyanorak:CK_00000529,PMT1737,Prochlorococcus MIT9313,rplV,50S ribosomal protein L22,informative_multi,WP_011131104.1,1,6.0,cyanorak,curated,1,
pro,cyanorak:CK_00000523,PMT1744,Prochlorococcus MIT9313,rplE,50S ribosomal protein L5,informative_multi,WP_011131111.1,1,6.0,cyanorak,curated,1,
pro,cyanorak:CK_00037705,PMT1940,Prochlorococcus MIT9313,,possible Peptidase family C9,no_evidence,WP_011131305.1,1,6.0,cyanorak,curated,1,
pro,cyanorak:CK_00039131,PMT2262,Prochlorococcus MIT9313,,uncharacterized conserved membrane protein,informative_single,WP_236069602.1,1,6.0,cyanorak,curated,1,
pro,cyanorak:CK_00003436,PMT9312_1520,Prochlorococcus MIT9312,,conserved hypothetical protein,catch_all_only,WP_011377063.1,1,6.0,cyanorak,curated,1,
pro,cyanorak:CK_00000271,Pro0328,Prochlorococcus marinus subsp. marinus CCMP1375 (SS120),psbE,"cytochrome b559, alpha subunit",informative_multi,WP_011124483.1,1,6.0,cyanorak,curated,1,
pro,cyanorak:CK_00051841,Pro0610,Prochlorococcus marinus subsp. marinus CCMP1375 (SS120),,conserved hypothetical protein,no_evidence,WP_011124762.1,1,6.0,cyanorak,curated,1,
pro,cyanorak:CK_00008106,Pro1757,Prochlorococcus marinus subsp. marinus CCMP1375 (SS120),mhpC,alpha/beta hydrolase fold family protein,informative_multi,WP_052039744.1,1,6.0,cyanorak,curated,1,
pro,cyanorak:CK_00000881,NATL1_08021,Prochlorococcus NATL1A,lptG,"lipopolysaccharide export system, permease component",informative_multi,WP_011823509.1,1,7.0,cyanorak,curated,1,
pro,cyanorak:CK_00056842,NATL1_08641,Prochlorococcus NATL1A,wecC,nucleotide sugar dehydrogenase family protein,informative_multi,WP_011823567.1,1,7.0,cyanorak,curated,1,
pro,cyanorak:CK_00000907,P9301_09331,Prochlorococcus MIT9301,psb28,photosystem II reaction centre Psb28 protein,informative_multi,WP_011862904.1,1,7.0,cyanorak,curated,1,
pro,cyanorak:CK_00000742,P9303_09501,Prochlorococcus MIT9303,,conserved hypothetical protein,informative_single,WP_011825607.1,1,7.0,cyanorak,curated,1,
pro,eggnog:1MMN0@1212,P9303_RS02295,Prochlorococcus MIT9303,groES,co-chaperone GroES,informative_multi,WP_011130818.1,1,7.0,eggnog,Prochloraceae,1,
pro,cyanorak:CK_00000208,PMM0115,Prochlorococcus MED4,crtQ,"9,9^-di-cis-zeta-carotene desaturase",informative_multi,WP_011131754.1,1,7.0,cyanorak,curated,1,
pro,cyanorak:CK_00046788,PMM0501,Prochlorococcus MED4,,conserved hypothetical protein,catch_all_only,WP_011132136.1,1,7.0,cyanorak,curated,1,
pro,cyanorak:CK_00003803,PMM0540,Prochlorococcus MED4,psaM,photosystem I reaction centre subunit XII,informative_multi,WP_011132175.1,1,7.0,cyanorak,curated,2,PMT1220
pro,cyanorak:CK_00000083,PMM0590,Prochlorococcus MED4,proA,glutamate-5-semialdehyde dehydrogenase,informative_multi,WP_011132224.1,1,7.0,cyanorak,curated,1,
pro,cyanorak:CK_00001555,PMM1039,Prochlorococcus MED4,,A predicted alpha-helical domain with a conserved ER motif family protein,informative_single,WP_011132672.1,1,7.0,cyanorak,curated,1,
pro,cyanorak:CK_00008086,PMM1264,Prochlorococcus MED4,ftsH4,cell division protein FtsH,informative_multi,WP_011132898.1,1,7.0,cyanorak,curated,1,
pro,cyanorak:CK_00001992,PMM1520,Prochlorococcus MED4,psaI,photosystem I reaction center subunit VIII,informative_multi,WP_011133148.1,1,7.0,cyanorak,curated,1,
pro,cyanorak:CK_00048479,PMM1869,Prochlorococcus MED4,,uncharacterized conserved membrane protein,catch_all_only,,1,7.0,cyanorak,curated,1,
pro,cyanorak:CK_00047426,PMM1870,Prochlorococcus MED4,,conserved hypothetical protein,catch_all_only,WP_173027972.1,1,7.0,cyanorak,curated,1,
pro,cyanorak:CK_00047672,PMN2A_0414,Prochlorococcus NATL2A,PMN2A_RS05070,conserved hypothetical protein,no_evidence,WP_011293948.1,1,7.0,cyanorak,curated,1,
pro,cyanorak:CK_00004213,PMN2A_1393,Prochlorococcus NATL2A,PMN2A_RS00340,uncharacterized conserved membrane protein,catch_all_only,WP_041710887.1,1,7.0,cyanorak,curated,1,
pro,cyanorak:CK_00000114,PMN2A_1654,Prochlorococcus NATL2A,chlD,"protoporphyrin IX Mg-chelatase, subunit ChlD",informative_multi,WP_011294287.1,1,7.0,cyanorak,curated,1,
pro,cyanorak:CK_00038425,PMN2A_1901,Prochlorococcus NATL2A,PMN2A_RS00350,conserved hypothetical protein,no_evidence,WP_041710890.1,1,7.0,cyanorak,curated,1,
pro,cyanorak:CK_00003768,PMT1005,Prochlorococcus MIT9313,,possible Gamma-thionins family,no_evidence,WP_236069679.1,1,7.0,cyanorak,curated,1,
pro,cyanorak:CK_00009134,PMT1576,Prochlorococcus MIT9313,,"ABC exporter ATP-binding subunit, DevA type",informative_multi,WP_011130943.1,1,7.0,cyanorak,curated,1,
pro,cyanorak:CK_00037697,PMT2112,Prochlorococcus MIT9313,,possible Alanine racemase,no_evidence,,1,7.0,cyanorak,curated,1,
pro,cyanorak:CK_00033188,PMT_0307,Prochlorococcus MIT9313,,conserved hypothetical protein,informative_multi,WP_011129686.1,1,7.0,cyanorak,curated,1,
pro,cyanorak:CK_00048870,PMT_1041,Prochlorococcus MIT9313,,conserved hypothetical protein,catch_all_only,WP_236069682.1,1,7.0,cyanorak,curated,1,
pro,cyanorak:CK_00001138,Pro0080,Prochlorococcus marinus subsp. marinus CCMP1375 (SS120),hit,histidine triad (HIT) family protein,informative_multi,WP_011124235.1,1,7.0,cyanorak,curated,1,
pro,cyanorak:CK_00000786,Pro0749,Prochlorococcus marinus subsp. marinus CCMP1375 (SS120),,uncharacterized conserved secreted protein (DUF1816),informative_multi,WP_011124901.1,1,7.0,cyanorak,curated,1,
pro,cyanorak:CK_00000792,Pro0757,Prochlorococcus marinus subsp. marinus CCMP1375 (SS120),dnaG,DNA primase,informative_multi,WP_011124909.1,1,7.0,cyanorak,curated,1,
pro,cyanorak:CK_00049888,NATL1_12121,Prochlorococcus NATL1A,,conserved hypothetical protein,no_evidence,WP_011823851.1,1,8.0,cyanorak,curated,1,
pro,cyanorak:CK_00001927,NATL1_14411,Prochlorococcus NATL1A,,conserved hypothetical protein,catch_all_only,WP_011824027.1,1,8.0,cyanorak,curated,1,
pro,cyanorak:CK_00009151,P9301_07601,Prochlorococcus MIT9301,,conserved hypothetical protein,catch_all_only,WP_011862745.1,1,8.0,cyanorak,curated,1,
pro,cyanorak:CK_00001157,PMM0092,Prochlorococcus MED4,,conserved hypothetical protein,catch_all_only,WP_042115974.1,1,8.0,cyanorak,curated,1,
pro,cyanorak:CK_00000623,PMM0461,Prochlorococcus MED4,petA,apocytochrome f,informative_multi,WP_011132097.1,1,8.0,cyanorak,curated,1,
pro,cyanorak:CK_00000636,PMM0481,Prochlorococcus MED4,yajQ,cyclic-di-GMP-binding protein,informative_multi,WP_011132116.1,1,8.0,cyanorak,curated,1,
pro,cyanorak:CK_00000672,PMM0537,Prochlorococcus MED4,trpF,N-(5^phosphoribosyl)anthranilate isomerase,informative_multi,WP_011132172.1,1,8.0,cyanorak,curated,1,
pro,cyanorak:CK_00000940,PMM0582,Prochlorococcus MED4,,short chain dehydrogenase family protein,informative_multi,WP_011132216.1,1,8.0,cyanorak,curated,1,
pro,cyanorak:CK_00044628,PMM0719,Prochlorococcus MED4,,conserved hypothetical protein (DUF3764),informative_single,WP_011132353.1,1,8.0,cyanorak,curated,1,
pro,cyanorak:CK_00000818,PMM0723,Prochlorococcus MED4,pstC,ABC-type phosphate transport system permease component,informative_multi,WP_011132357.1,1,8.0,cyanorak,curated,1,
pro,cyanorak:CK_00000917,PMM0936,Prochlorococcus MED4,umuD,"DNA polymerase V, subunit D",informative_multi,WP_011132569.1,1,8.0,cyanorak,curated,1,
pro,cyanorak:CK_00000721,PMM1284,Prochlorococcus MED4,phoH,phosphate starvation-inducible protein,informative_multi,WP_011132918.1,1,8.0,cyanorak,curated,1,
pro,cyanorak:CK_00001107,PMM1438,Prochlorococcus MED4,atpB,ATP synthase beta chain,informative_multi,WP_011133067.1,1,8.0,cyanorak,curated,1,
pro,cyanorak:CK_00001345,PMM1633,Prochlorococcus MED4,,conserved hypothetical protein,catch_all_only,WP_011133260.1,1,8.0,cyanorak,curated,1,
pro,cyanorak:CK_00045915,PMM1881,Prochlorococcus MED4,,Conserved hypothetical protein,no_evidence,WP_011820175.1,1,8.0,cyanorak,curated,1,
pro,cyanorak:CK_00001506,PMM1966,Prochlorococcus MED4,,conserved hypothetical protein,catch_all_only,WP_036930560.1,1,8.0,cyanorak,curated,1,
pro,cyanorak:CK_00042631,PMN2A_0442,Prochlorococcus NATL2A,PMN2A_RS05230,conserved hypothetical protein,no_evidence,WP_011294541.1,1,8.0,cyanorak,curated,1,
pro,cyanorak:CK_00003940,PMN2A_0550,Prochlorococcus NATL2A,PMN2A_RS05835,uncharacterized conserved membrane protein,catch_all_only,WP_011294647.1,1,8.0,cyanorak,curated,1,
pro,cyanorak:CK_00000746,PMN2A_0641,Prochlorococcus NATL2A,plsC2,1-acyl-sn-glycerol-3-phosphate acyltransferase,informative_multi,WP_011294730.1,1,8.0,cyanorak,curated,1,
pro,cyanorak:CK_00003563,PMN2A_0728,Prochlorococcus NATL2A,PMN2A_RS06805,FAD binding domain of DNA photolyase,informative_multi,WP_011294817.1,1,8.0,cyanorak,curated,1,
pro,cyanorak:CK_00043588,PMT0279,Prochlorococcus MIT9313,,conserved hypothetical protein,catch_all_only,,1,8.0,cyanorak,curated,1,
pro,cyanorak:CK_00003703,PMT0631,Prochlorococcus MIT9313,,conserved hypothetical protein,no_evidence,,1,8.0,cyanorak,curated,1,
pro,cyanorak:CK_00001490,PMT0818,Prochlorococcus MIT9313,,S4 domain-containing protein,informative_multi,WP_041384988.1,1,8.0,cyanorak,curated,1,
pro,cyanorak:CK_00055596,PMT0916,Prochlorococcus MIT9313,,conserved hypothetical protein,no_evidence,,1,8.0,cyanorak,curated,1,
pro,cyanorak:CK_00034844,PMT1024,Prochlorococcus MIT9313,,ion transport family protein,informative_multi,WP_041384440.1,1,8.0,cyanorak,curated,1,
pro,cyanorak:CK_00003799,PMT1152,Prochlorococcus MIT9313,hli,high light inducible protein,informative_multi,,1,8.0,cyanorak,curated,1,
pro,cyanorak:CK_00056279,PMT2081,Prochlorococcus MIT9313,,conserved hypothetical protein,catch_all_only,WP_011131445.1,1,8.0,cyanorak,curated,1,
pro,cyanorak:CK_00001557,PMT2189,Prochlorococcus MIT9313,evrB,"ATP-binding cassette-type viologen exporter, permease component",informative_multi,WP_011131553.1,1,8.0,cyanorak,curated,1,
pro,cyanorak:CK_00000809,PMT9312_0894,Prochlorococcus MIT9312,psaK,photosystem I reaction center subunit X,informative_multi,WP_011376448.1,1,8.0,cyanorak,curated,2,PMM0906
pro,cyanorak:CK_00035052,PMT9312_1169,Prochlorococcus MIT9312,,NADPH-dependent reductase,informative_multi,WP_011376718.1,1,8.0,cyanorak,curated,1,
pro,cyanorak:CK_00037315,PMT_2702,Prochlorococcus MIT9313,,Hypothetical protein,no_evidence,,1,8.0,cyanorak,curated,1,
pro,cyanorak:CK_00000477,Pro0262,Prochlorococcus marinus subsp. marinus CCMP1375 (SS120),pyrB,aspartate carbamoyltransferase,informative_multi,WP_011124417.1,1,8.0,cyanorak,curated,1,
pro,cyanorak:CK_00000116,Pro0335,Prochlorococcus marinus subsp. marinus CCMP1375 (SS120),uvrD,DNA-dependent ATPase I and helicase II,informative_multi,WP_011124490.1,1,8.0,cyanorak,curated,1,
pro,cyanorak:CK_00000160,Pro0740,Prochlorococcus marinus subsp. marinus CCMP1375 (SS120),msrA1,peptide methionine sulfoxide reductase,informative_multi,WP_011124892.1,1,8.0,cyanorak,curated,1,
pro,cyanorak:CK_00000543,Pro1721,Prochlorococcus marinus subsp. marinus CCMP1375 (SS120),,putative fructosamine 3-kinase,informative_multi,WP_011125870.1,1,8.0,cyanorak,curated,1,
pro,cyanorak:CK_00050864,A9601_12911,Prochlorococcus AS9601,,conserved hypothetical protein,no_evidence,,1,9.0,cyanorak,curated,1,
pro,cyanorak:CK_00003607,A9601_18411,Prochlorococcus AS9601,,conserved hypothetical protein,informative_multi,WP_011819243.1,1,9.0,cyanorak,curated,1,
pro,cyanorak:CK_00000615,NATL1_05011,Prochlorococcus NATL1A,ctaA,cytochrome oxidase biogenesis protein,informative_multi,WP_011823246.1,1,9.0,cyanorak,curated,1,
pro,cyanorak:CK_00035008,NATL1_09171,Prochlorococcus NATL1A,,conserved hypothetical protein,informative_single,WP_011823613.1,1,9.0,cyanorak,curated,1,
pro,cyanorak:CK_00000353,PMM0014,Prochlorococcus MED4,dusA,tRNA dihydrouridine synthase,informative_multi,WP_011131652.1,1,9.0,cyanorak,curated,1,
pro,cyanorak:CK_00002325,PMM0265,Prochlorococcus MED4,,doxX family protein,informative_multi,WP_011131902.1,1,9.0,cyanorak,curated,1,
pro,cyanorak:CK_00001397,PMM0306,Prochlorococcus MED4,cpeS,phycoerythrobilin:Cys-82 beta-phycoerythrin lyase,informative_multi,WP_011131943.1,1,9.0,cyanorak,curated,1,
pro,cyanorak:CK_00053319,PMM0684,Prochlorococcus MED4,,conserved hypothetical protein (DUF1651),informative_single,WP_036930839.1,1,9.0,cyanorak,curated,1,
pro,cyanorak:CK_00008074,PMM0974,Prochlorococcus MED4,urtE,"ABC-type urea transporter, ATPase component UrtE",informative_multi,WP_011132607.1,1,9.0,cyanorak,curated,1,
pro,cyanorak:CK_00003484,PMM1003,Prochlorococcus MED4,,conserved hypothetical protein,catch_all_only,WP_173028013.1,1,9.0,cyanorak,curated,1,
pro,cyanorak:CK_00003591,PMM1424,Prochlorococcus MED4,,possible Uncharacterized protein family UPF003,no_evidence,WP_011133053.1,1,9.0,cyanorak,curated,1,
pro,cyanorak:CK_00043382,PMM1429,Prochlorococcus MED4,,conserved hypothetical protein (DUF2811),informative_single,WP_011133058.1,1,9.0,cyanorak,curated,1,
pro,cyanorak:CK_00049169,PMN2A_0238,Prochlorococcus NATL2A,PMN2A_RS04125,conserved hypothetical protein,catch_all_only,WP_011293772.1,1,9.0,cyanorak,curated,1,
pro,cyanorak:CK_00001859,PMN2A_0685,Prochlorococcus NATL2A,PMN2A_RS06595,conserved hypothetical protein,catch_all_only,WP_011294774.1,1,9.0,cyanorak,curated,1,
pro,cyanorak:CK_00000494,PMN2A_1074,Prochlorococcus NATL2A,tuf,elongation factor EF-Tu,informative_multi,WP_011295418.1,1,9.0,cyanorak,curated,1,
pro,cyanorak:CK_00001153,PMN2A_1451,Prochlorococcus NATL2A,PMN2A_RS00645,conserved hypothetical protein,informative_multi,WP_011294083.1,1,9.0,cyanorak,curated,1,
pro,cyanorak:CK_00003772,PMN2A_1712,Prochlorococcus NATL2A,PMN2A_RS02005,"possible 7S seed storage protein, N-terminal doma",informative_single,WP_011294346.1,1,9.0,cyanorak,curated,1,
pro,cyanorak:CK_00000729,PMT0365,Prochlorococcus MIT9313,,conserved membrane protein,informative_multi,WP_011129744.1,1,9.0,cyanorak,curated,1,
pro,cyanorak:CK_00001472,PMT0624,Prochlorococcus MIT9313,,uncharacterised protein family UPF0102,informative_multi,WP_011130003.1,1,9.0,cyanorak,curated,1,
pro,cyanorak:CK_00037806,PMT1021,Prochlorococcus MIT9313,,hypothetical protein,catch_all_only,,1,9.0,cyanorak,curated,1,
pro,cyanorak:CK_00039750,PMT1288,Prochlorococcus MIT9313,,2OG-Fe(II) oxygenase family protein,informative_single,WP_419177144.1,1,9.0,cyanorak,curated,1,
pro,cyanorak:CK_00001223,PMT1290,Prochlorococcus MIT9313,,glycosyltransferase 2 family protein,informative_multi,WP_011130659.1,1,9.0,cyanorak,curated,1,
pro,cyanorak:CK_00000447,PMT2059,Prochlorococcus MIT9313,menA,"1,4-dihydroxy-2-naphthoate phytyltransferase",informative_multi,WP_011131424.1,1,9.0,cyanorak,curated,1,
pro,cyanorak:CK_00004186,PMT9312_1175,Prochlorococcus MIT9312,,conserved hypothetical protein,catch_all_only,WP_011376724.1,1,9.0,cyanorak,curated,1,
pro,cyanorak:CK_00034744,PMT9312_1919,Prochlorococcus MIT9312,,conserved hypothetical protein,no_evidence,,1,9.0,cyanorak,curated,1,
pro,cyanorak:CK_00001731,Pro0247,Prochlorococcus marinus subsp. marinus CCMP1375 (SS120),,conserved hypothetical protein,catch_all_only,WP_011124402.1,1,9.0,cyanorak,curated,1,
pro,cyanorak:CK_00050166,Pro1449,Prochlorococcus marinus subsp. marinus CCMP1375 (SS120),,Predicted protein family PM-20,no_evidence,WP_011125600.1,1,9.0,cyanorak,curated,1,
pro,cyanorak:CK_00000739,Pro1521,Prochlorococcus marinus subsp. marinus CCMP1375 (SS120),ydiU,ACR YdiU/UPF0061 family protein,informative_multi,WP_011125671.1,1,9.0,cyanorak,curated,1,
pro,cyanorak:CK_00000526,Pro1703,Prochlorococcus marinus subsp. marinus CCMP1375 (SS120),rpsQ,30S ribosomal protein S17,informative_multi,WP_011125852.1,1,9.0,cyanorak,curated,1,
pro,cyanorak:CK_00001494,A9601_07811,Prochlorococcus AS9601,pdeM,"metallophosphoesterase, DNA ligase-associated",informative_multi,WP_011818228.1,1,10.0,cyanorak,curated,1,
pro,cyanorak:CK_00000883,NATL1_07981,Prochlorococcus NATL1A,typA,GTP-binding protein TypA/BipA,informative_multi,WP_011823505.1,1,10.0,cyanorak,curated,1,
pro,cyanorak:CK_00004123,NATL1_08671,Prochlorococcus NATL1A,,beta-lactamase superfamily domain protein,informative_multi,WP_011823570.1,1,10.0,cyanorak,curated,1,
pro,cyanorak:CK_00000452,P9301_01871,Prochlorococcus MIT9301,purE,N5-carboxyaminoimidazole ribonucleotide mutase,informative_multi,WP_041484653.1,1,10.0,cyanorak,curated,1,
pro,cyanorak:CK_00046483,P9301_10611,Prochlorococcus MIT9301,,Conserved hypothetical protein,catch_all_only,WP_225866343.1,1,10.0,cyanorak,curated,1,
pro,cyanorak:CK_00001190,PMM0181,Prochlorococcus MED4,,conserved hypothetical protein,informative_single,WP_011131820.1,1,10.0,cyanorak,curated,1,
pro,cyanorak:CK_00000424,PMM0206,Prochlorococcus MED4,secE,Preprotein translocase SecE subunit,informative_multi,WP_011131845.1,1,10.0,cyanorak,curated,1,
pro,cyanorak:CK_00000259,PMM0280,Prochlorococcus MED4,diox1,"apocarotenoid-15,15^-oxygenase",informative_multi,WP_036930996.1,1,10.0,cyanorak,curated,1,
pro,cyanorak:CK_00005948,PMM0307,Prochlorococcus MED4,unk6,conserved hypothetical protein,catch_all_only,WP_011131944.1,1,10.0,cyanorak,curated,1,
pro,cyanorak:CK_00000689,PMM0410,Prochlorococcus MED4,rpsD,30S ribosomal protein S4,informative_multi,WP_011132046.1,1,10.0,cyanorak,curated,1,
pro,cyanorak:CK_00000979,PMM0785,Prochlorococcus MED4,prkB,phosphoribulokinase,informative_multi,WP_011132419.1,1,10.0,cyanorak,curated,1,
pro,cyanorak:CK_00001369,PMM0961,Prochlorococcus MED4,gmgG,possible glucosyl(mannosyl)glycerate-glucosidase,informative_multi,WP_011132594.1,1,10.0,cyanorak,curated,1,
pro,cyanorak:CK_00001358,PMM0963,Prochlorococcus MED4,ureC,urease alpha subunit,informative_multi,WP_011132596.1,1,10.0,cyanorak,curated,1,
pro,cyanorak:CK_00001366,PMM0972,Prochlorococcus MED4,urtC,"ABC-type urea transporter, membrane component",informative_multi,WP_011132605.1,1,10.0,cyanorak,curated,1,
pro,cyanorak:CK_00044753,PMM1402,Prochlorococcus MED4,,conserved hypothetical protein,no_evidence,WP_011133031.1,1,10.0,cyanorak,curated,1,
pro,cyanorak:CK_00000507,PMM1529,Prochlorococcus MED4,prfA,peptide chain release factor 1,informative_multi,WP_011133157.1,1,10.0,cyanorak,curated,1,
pro,cyanorak:CK_00000381,PMM1699,Prochlorococcus MED4,aroF,3-deoxy-7-phosphoheptulonate synthase,informative_multi,WP_011133326.1,1,10.0,cyanorak,curated,1,
pro,cyanorak:CK_00050440,PMM1811,Prochlorococcus MED4,,Conserved hypothetical protein,no_evidence,,1,10.0,cyanorak,curated,1,
pro,cyanorak:CK_00052501,PMM1868,Prochlorococcus MED4,,conserved hypothetical protein,catch_all_only,WP_036930830.1,1,10.0,cyanorak,curated,1,
pro,cyanorak:CK_00045409,PMM1994,Prochlorococcus MED4,,conserved hypothetical protein,catch_all_only,WP_036930488.1,1,10.0,cyanorak,curated,1,
pro,cyanorak:CK_00054323,PMM2034,Prochlorococcus MED4,,Hypothetical protein,no_evidence,WP_157859385.1,1,10.0,cyanorak,curated,1,
pro,cyanorak:CK_00051839,PMN2A_0940,Prochlorococcus NATL2A,hli,high light inducible protein,informative_single,WP_011295288.1,1,10.0,cyanorak,curated,1,
pro,cyanorak:CK_00042414,PMN2A_2181,Prochlorococcus NATL2A,PMN2A_RS09385,conserved hypothetical protein,no_evidence,WP_011295163.1,1,10.0,cyanorak,curated,1,
pro,cyanorak:CK_00053668,PMT0924,Prochlorococcus MIT9313,,putative carbamoyl-phosphate synthase L chain,informative_single,WP_011130302.1,1,10.0,cyanorak,curated,1,
pro,cyanorak:CK_00048442,PMT1181,Prochlorococcus MIT9313,maf,septum formation protein,informative_multi,WP_041385102.1,1,10.0,cyanorak,curated,1,
pro,cyanorak:CK_00001487,PMT1437,Prochlorococcus MIT9313,,AEC transporter family,informative_multi,WP_011130805.1,1,10.0,cyanorak,curated,1,
pro,cyanorak:CK_00000531,PMT1735,Prochlorococcus MIT9313,rplB,50S ribosomal protein L2,informative_multi,WP_011131102.1,1,10.0,cyanorak,curated,1,
pro,cyanorak:CK_00003860,PMT1774,Prochlorococcus MIT9313,,possible Methanol dehydrogenase beta subunit,catch_all_only,WP_041384664.1,1,10.0,cyanorak,curated,1,
pro,cyanorak:CK_00001365,PMT2228,Prochlorococcus MIT9313,urtB,"ABC-type urea transporter, permease component",informative_multi,WP_011131592.1,1,10.0,cyanorak,curated,1,
pro,cyanorak:CK_00049995,PMT9312_1858,Prochlorococcus MIT9312,,conserved hypothetical protein,no_evidence,,1,10.0,cyanorak,curated,1,
pro,locus:PMT_0928,PMT_0928,Prochlorococcus MIT9313,,hypothetical protein,no_evidence,WP_041384394.1,1,10.0,,,1,
pro,cyanorak:CK_00037700,PMT_2050,Prochlorococcus MIT9313,,hypothetical protein,no_evidence,WP_011131415.1,1,10.0,cyanorak,curated,1,
pro,cyanorak:CK_00053434,PMT_2662,Prochlorococcus MIT9313,,Conserved hypothetical protein,no_evidence,,1,10.0,cyanorak,curated,1,
pro,cyanorak:CK_00000950,Pro0567,Prochlorococcus marinus subsp. marinus CCMP1375 (SS120),dnaA,chromosomal replication initiator protein,informative_multi,WP_011124720.1,1,10.0,cyanorak,curated,1,
pro,cyanorak:CK_00000865,Pro1029,Prochlorococcus marinus subsp. marinus CCMP1375 (SS120),prfC,peptide chain release factor 3,informative_multi,WP_011125181.1,1,10.0,cyanorak,curated,1,
pro,cyanorak:CK_00000971,Pro1445,Prochlorococcus marinus subsp. marinus CCMP1375 (SS120),apt,adenine phosphoribosyltransferase,informative_multi,WP_011125596.1,1,10.0,cyanorak,curated,1,
syn,cyanorak:CK_00000425,BL107_07454,Synechococcus sp. BL107,nusG,transcription termination/antitermination factor NusG,informative_multi,WP_009788712.1,4,1.0,cyanorak,curated,2,SYNW2344
syn,cyanorak:CK_00000181,BL107_16040,Synechococcus sp. BL107,rpoB,"DNA-directed RNA polymerase, beta subunit",informative_multi,WP_009790367.1,4,2.0,cyanorak,curated,1,
syn,cyanorak:CK_00001768,SYNW1812,Synechococcus WH8102,,nucleoside 2-deoxyribosyltransferase family protein,informative_multi,WP_011128672.1,3,1.0,cyanorak,curated,1,
syn,cyanorak:CK_00057095,SYNW1950,Synechococcus WH8102,,conserved hypothetical protein,informative_single,WP_011128808.1,3,2.0,cyanorak,curated,1,
syn,cyanorak:CK_00007392,SynWH7803_1706,Synechococcus WH7803,,uncharacterized conserved lipoprotein (DUF1254/DUF1214),informative_single,WP_011933604.1,3,2.0,cyanorak,curated,1,
syn,cyanorak:CK_00000495,BL107_08264,Synechococcus sp. BL107,fusA,elongation factor G,informative_multi,WP_009788868.1,3,5.0,cyanorak,curated,1,
syn,cyanorak:CK_00000525,BL107_08586,Synechococcus sp. BL107,rplN,50S ribosomal protein L14,informative_multi,WP_006169852.1,2,1.0,cyanorak,curated,1,
syn,cyanorak:CK_00000607,BL107_09756,Synechococcus sp. BL107,topA,"DNA topoisomerase I, omega subunit",informative_multi,WP_009789155.1,2,1.0,cyanorak,curated,1,
syn,cyanorak:CK_00000010,BL107_11441,Synechococcus sp. BL107,cyabrB2,AbrB-like transcriptional regulator involved in photosynthesis regulation,informative_multi,WP_009789471.1,2,1.0,cyanorak,curated,2,SynWH7803_0733
syn,eggnog:1GZ49@1129,M744_04015,Synechococcus elongatus UTEX 2973,sphX,PstS family phosphate ABC transporter substrate-binding protein,informative_multi,WP_011243971.1,2,1.0,eggnog,Synechococcus,2,M744_04020
syn,locus:SYNPCC7002_E0006,SYNPCC7002_E0006,Synechococcus PCC 7002,,hypothetical protein,no_evidence,WP_012308512.1,2,1.0,,,1,
syn,cyanorak:CK_00000645,SYNW1780,Synechococcus WH8102,argB,acetylglutamate kinase,informative_multi,WP_011128640.1,2,1.0,cyanorak,curated,1,
syn,cyanorak:CK_00000480,SynWH7803_0353,Synechococcus WH7803,psbO,photosystem II manganese-stabilizing protein PsbO,informative_multi,WP_011932278.1,2,1.0,cyanorak,curated,2,BL107_08129
syn,cyanorak:CK_00001033,SynWH7803_0582,Synechococcus WH7803,pdhC,"pyruvate dehydrogenase complex, dihydrolipoamide acyltransferase (E2) component",informative_multi,WP_011932494.1,2,1.0,cyanorak,curated,2,BL107_15760
syn,cyanorak:CK_00001625,SynWH7803_0866,Synechococcus WH7803,ggt,gamma-glutamyltranspeptidase,informative_multi,WP_011932774.1,2,1.0,cyanorak,curated,1,
syn,cyanorak:CK_00001262,SynWH7803_1093,Synechococcus WH7803,,conserved hypothetical protein,catch_all_only,WP_041428473.1,2,1.0,cyanorak,curated,1,
syn,cyanorak:CK_00000407,SynWH7803_2418,Synechococcus WH7803,rplI,50S ribosomal protein L9,informative_multi,WP_011934304.1,2,1.0,cyanorak,curated,1,
syn,cyanorak:CK_00000517,BL107_08514,Synechococcus sp. BL107,adk,adenylate kinase,informative_multi,WP_009788917.1,2,2.0,cyanorak,curated,2,SynWH7803_0415
syn,eggnog:1GZ68@1129,SYNPCC7002_A0224,Synechococcus PCC 7002,,M48 family metallopeptidase,informative_multi,WP_012305860.1,2,2.0,eggnog,Synechococcus,1,
syn,cyanorak:CK_00000285,SYNW0152,Synechococcus WH8102,rnc,ribonuclease III,informative_multi,WP_011127028.1,2,2.0,cyanorak,curated,1,
syn,cyanorak:CK_00000066,SynWH7803_0196,Synechococcus WH7803,fabF,beta-ketoacyl-(acyl-carrier-protein) synthase II (KASII),informative_multi,WP_011932128.1,2,2.0,cyanorak,curated,1,
syn,cyanorak:CK_00000510,SynWH7803_0408,Synechococcus WH7803,rplM,50S ribosomal protein L13,informative_multi,WP_011932330.1,2,2.0,cyanorak,curated,2,BL107_08479
syn,cyanorak:CK_00003002,SynWH7803_0948,Synechococcus WH7803,,cupredoxin-like protein,informative_multi,WP_011932856.1,2,2.0,cyanorak,curated,1,
syn,cyanorak:CK_00008056,BL107_10556,Synechococcus sp. BL107,csoS1A,carboxysome shell protein CsoS1A,informative_multi,WP_006169870.1,2,2.0,cyanorak,curated,2,SYNW1719
syn,cyanorak:CK_00043821,SynWH7803_1045,Synechococcus WH7803,pstS,"phosphate ABC transporter, phosphate-binding protein PstS",informative_multi,WP_011932953.1,2,2.0,cyanorak,curated,3,SYNW1018;SYNW1815
syn,cyanorak:CK_00000440,BL107_07694,Synechococcus sp. BL107,,beta-lactamase superfamily domain protein,informative_multi,WP_009788759.1,2,3.0,cyanorak,curated,1,
syn,eggnog:COG1961@2,SYNPCC7002_C0017,Synechococcus PCC 7002,resP,recombinase family protein,informative_multi,WP_012308477.1,2,3.0,eggnog,Bacteria,1,
syn,cyanorak:CK_00001142,SYNW0321,Synechococcus WH8102,sufD,"ABC transporter involved in Fe-S cluster assembly, permease component",informative_multi,WP_011127195.1,2,3.0,cyanorak,curated,1,
syn,cyanorak:CK_00001145,SynWH7803_2164,Synechococcus WH7803,pgmA2,phosphoglucomutase,informative_multi,WP_011934052.1,2,3.0,cyanorak,curated,1,
syn,cyanorak:CK_00008038,BL107_06309,Synechococcus sp. BL107,clpP2,"ATP-dependent Clp protease, protease subunit",informative_multi,WP_009788487.1,2,4.0,cyanorak,curated,1,
syn,eggnog:1H0KC@1129,SYNPCC7002_A1666,Synechococcus PCC 7002,,Uma2 family endonuclease,informative_single,WP_012307278.1,2,4.0,eggnog,Synechococcus,1,
syn,eggnog:1H3KX@1129,SYNPCC7002_E0007,Synechococcus PCC 7002,,hypothetical protein,no_evidence,WP_012308513.1,2,4.0,eggnog,Synechococcus,1,
syn,cyanorak:CK_00000437,SYNW2320,Synechococcus WH8102,nadC,nicotinate-nucleotide diphosphorylase,informative_multi,WP_042504493.1,2,4.0,cyanorak,curated,1,
syn,eggnog:1G0XK@1117,SYNPCC7002_G0059,Synechococcus PCC 7002,kdpB,potassium-transporting ATPase subunit KdpB,informative_multi,WP_012305536.1,2,5.0,eggnog,Cyanobacteria,1,
syn,cyanorak:CK_00000967,SYNW0819,Synechococcus WH8102,dapB,4-hydroxy-tetrahydrodipicolinate reductase,informative_multi,WP_011127684.1,2,5.0,cyanorak,curated,1,
syn,cyanorak:CK_00000512,SynWH7803_0410,Synechococcus WH7803,rplQ,50S ribosomal protein L17,informative_multi,WP_006042229.1,2,5.0,cyanorak,curated,1,
syn,cyanorak:CK_00001083,SynWH7803_1959,Synechococcus WH7803,bamA,outer membrane protein insertion porin family,informative_multi,WP_011933855.1,2,5.0,cyanorak,curated,1,
syn,cyanorak:CK_00000102,BL107_11096,Synechococcus sp. BL107,lpdA,dihydrolipoamide dehydrogenase,informative_multi,WP_009789403.1,2,6.0,cyanorak,curated,1,
syn,cyanorak:CK_00003047,SynWH7803_2356,Synechococcus WH7803,,uncharacterized conserved lipoprotein (DUF3604),informative_single,WP_011934243.1,2,6.0,cyanorak,curated,1,
syn,eggnog:1H0H5@1129,SYNPCC7002_A1284,Synechococcus PCC 7002,,thioesterase family protein,informative_multi,WP_012306904.1,2,7.0,eggnog,Synechococcus,1,
syn,cyanorak:CK_00000429,SYNW2340,Synechococcus WH8102,rplL,50S ribosomal protein L7/L12,informative_multi,WP_011129193.1,2,7.0,cyanorak,curated,1,
syn,eggnog:1GZ4J@1129,SYNPCC7002_A1946,Synechococcus PCC 7002,,hypothetical protein,catch_all_only,WP_012307556.1,2,10.0,eggnog,Synechococcus,1,
syn,cyanorak:CK_00001330,SynWH7803_0262,Synechococcus WH7803,phrA,deoxyribodipyrimidine photolyase (DNA photolyase) (photoreactivating enzyme),informative_multi,WP_011932191.1,2,10.0,cyanorak,curated,1,
syn,cyanorak:CK_00049420,BL107_09306,Synechococcus sp. BL107,cp12,CP12 polypeptide,informative_multi,WP_009789067.1,1,1.0,cyanorak,curated,2,SynWH7803_2093
syn,cyanorak:CK_00051364,BL107_09846,Synechococcus sp. BL107,groL2,chaperonin GroEL,informative_multi,WP_009789173.1,1,1.0,cyanorak,curated,2,SynWH7803_1863
syn,eggnog:1H0D1@1129,H6G84_02080,Synechococcus elongatus PCC 7942,dpsA,DNA starvation/stress protection protein DpsA,informative_multi,WP_011244234.1,1,1.0,eggnog,Synechococcus,1,
syn,eggnog:1GAHI@1117,H6G84_04390,Synechococcus elongatus PCC 7942,H6G84_RS04390,hypothetical protein,no_evidence,WP_039755663.1,1,1.0,eggnog,Cyanobacteria,1,
syn,eggnog:1GZGP@1129,H6G84_11350,Synechococcus elongatus PCC 7942,H6G84_RS11350,chlorophyll a/b binding light-harvesting protein,informative_multi,WP_011242315.1,1,1.0,eggnog,Synechococcus,1,
syn,eggnog:1GYTG@1129,H6G84_12445,Synechococcus elongatus PCC 7942,ppsA,phosphoenolpyruvate synthase,informative_multi,WP_011377725.1,1,1.0,eggnog,Synechococcus,1,
syn,eggnog:1GZT0@1129,M744_07055,Synechococcus elongatus UTEX 2973,,transglutaminase TgpA family protein,informative_multi,WP_011244527.1,1,1.0,eggnog,Synechococcus,1,
syn,eggnog:1H46R@1129,M744_08450,Synechococcus elongatus UTEX 2973,cmpD,nitrate ABC transporter ATP-binding protein,informative_multi,WP_011244787.1,1,1.0,eggnog,Synechococcus,1,
syn,eggnog:1H1QT@1129,SYNPCC7002_A2291,Synechococcus PCC 7002,,2TM domain-containing protein,informative_single,WP_012307888.1,1,1.0,eggnog,Synechococcus,1,
syn,eggnog:1G2HN@1117,SYNPCC7002_D0014,Synechococcus PCC 7002,,ParM/StbA family protein,informative_single,WP_012308491.1,1,1.0,eggnog,Cyanobacteria,1,
syn,cyanorak:CK_00000166,SYNW1226,Synechococcus WH8102,rpmG,50S ribosomal protein L33,informative_multi,WP_011128090.1,1,1.0,cyanorak,curated,1,
syn,cyanorak:CK_00000824,SYNW1262,Synechococcus WH8102,argC,N-acetyl-gamma-glutamyl-phosphate reductase,informative_multi,WP_011128126.1,1,1.0,cyanorak,curated,1,
syn,cyanorak:CK_00043585,SYNW1382,Synechococcus WH8102,,conserved hypothetical protein,informative_single,WP_011128246.1,1,1.0,cyanorak,curated,1,
syn,cyanorak:CK_00002098,SYNW1414,Synechococcus WH8102,hypB,hydrogenase expression/formation protein HypB,informative_multi,WP_011128278.1,1,1.0,cyanorak,curated,1,
syn,cyanorak:CK_00053712,SYNW1443,Synechococcus WH8102,,uncharacterized conserved membrane protein,informative_single,WP_011128307.1,1,1.0,cyanorak,curated,1,
syn,cyanorak:CK_00001942,SYNW1914,Synechococcus WH8102,gbmt1,glycine/sarcosine N-methyltransferase,informative_multi,WP_011128772.1,1,1.0,cyanorak,curated,1,
syn,cyanorak:CK_00001888,SYNW2035,Synechococcus WH8102,,conserved hypothetical protein,catch_all_only,WP_011128893.1,1,1.0,cyanorak,curated,1,
syn,cyanorak:CK_00052500,SYNW2390,Synechococcus WH8102,,putative alkaline phosphatase/5^ nucleotidase,informative_multi,WP_011129243.1,1,1.0,cyanorak,curated,1,
syn,cyanorak:CK_00000365,SYNW2525,Synechococcus WH8102,,alpha/beta hydrolase of unknown function (DUF1400),informative_multi,WP_011129378.1,1,1.0,cyanorak,curated,1,
syn,cyanorak:CK_00000343,SynWH7803_0032,Synechococcus WH7803,efp,translation elongation factor P,informative_multi,WP_006042657.1,1,1.0,cyanorak,curated,1,
syn,cyanorak:CK_00002970,SynWH7803_0139,Synechococcus WH7803,,"possible alpha-glycosyltransferase, family 4",informative_multi,WP_011932073.1,1,1.0,cyanorak,curated,1,
syn,cyanorak:CK_00000301,SynWH7803_0171,Synechococcus WH7803,ssb,single-stranded DNA-binding protein,informative_multi,WP_011932105.1,1,1.0,cyanorak,curated,1,
syn,cyanorak:CK_00001565,SynWH7803_0323,Synechococcus WH7803,thyx,thymidylate synthase,informative_multi,WP_011932249.1,1,1.0,cyanorak,curated,1,
syn,cyanorak:CK_00000496,SynWH7803_0381,Synechococcus WH7803,rpsG,30S ribosomal protein S7,informative_multi,WP_011932305.1,1,1.0,cyanorak,curated,2,SYNW2136
syn,cyanorak:CK_00001035,SynWH7803_0580,Synechococcus WH7803,fadD,long-chain acyl-CoA synthetase,informative_multi,WP_011932492.1,1,1.0,cyanorak,curated,1,
syn,cyanorak:CK_00000940,SynWH7803_0754,Synechococcus WH7803,,short chain dehydrogenase family protein,informative_multi,WP_011932663.1,1,1.0,cyanorak,curated,1,
syn,cyanorak:CK_00049937,SynWH7803_0845,Synechococcus WH7803,smtA,"metallothionein, family 14",informative_multi,WP_011932753.1,1,1.0,cyanorak,curated,1,
syn,cyanorak:CK_00057383,SynWH7803_1017,Synechococcus WH7803,,uncharacterized conserved secreted protein (DUF1254/DUF1214),informative_single,WP_011932925.1,1,1.0,cyanorak,curated,1,
syn,cyanorak:CK_00000749,SynWH7803_1508,Synechococcus WH7803,recB,"exodeoxyribonuclease V (RecBCD complex), beta subunit",informative_multi,WP_011933411.1,1,1.0,cyanorak,curated,1,
syn,cyanorak:CK_00057382,SynWH7803_1705,Synechococcus WH7803,,uncharacterized conserved lipoprotein (DUF1254/DUF1214),informative_single,WP_041428623.1,1,1.0,cyanorak,curated,1,
syn,cyanorak:CK_00000149,SynWH7803_1733,Synechococcus WH7803,zipN,cell division protein ZipN,informative_multi,WP_011933631.1,1,1.0,cyanorak,curated,1,
syn,cyanorak:CK_00002762,SynWH7803_1795,Synechococcus WH7803,pilA,type IV pilin PilA,informative_multi,WP_011933693.1,1,1.0,cyanorak,curated,2,sync_0667
syn,cyanorak:CK_00002330,SynWH7803_2236,Synechococcus WH7803,,outer membrane porin,informative_multi,WP_011934124.1,1,1.0,cyanorak,curated,2,SynWH7803_0993
syn,cyanorak:CK_00006622,sync_1494,Synechococcus CC9311,sigI,"RNA polymerase sigma factor, type III (ECF-like)",informative_multi,WP_049750336.1,1,1.0,cyanorak,curated,1,
syn,cyanorak:CK_00008117,sync_2793,Synechococcus CC9311,desC4,delta-9 fatty-acid desaturase DesC4,informative_multi,WP_011620682.1,1,1.0,cyanorak,curated,1,
syn,eggnog:1H11T@1129,H6G84_02990,Synechococcus elongatus PCC 7942,H6G84_RS02990,high light inducible protein,informative_single,WP_011244409.1,1,2.0,eggnog,Synechococcus,1,
syn,eggnog:1GYV7@1129,H6G84_05550,Synechococcus elongatus PCC 7942,H6G84_RS05550,ammonium transporter,informative_multi,WP_011377582.1,1,2.0,eggnog,Synechococcus,1,
syn,locus:H6G84_07385,H6G84_07385,Synechococcus elongatus PCC 7942,H6G84_RS07385,hypothetical protein,no_evidence,WP_039755509.1,1,2.0,,,1,
syn,eggnog:1GZNW@1129,H6G84_11345,Synechococcus elongatus PCC 7942,fldA,flavodoxin FldA,informative_multi,WP_011242314.1,1,2.0,eggnog,Synechococcus,1,
syn,eggnog:1GYP8@1129,M744_03660,Synechococcus elongatus UTEX 2973,argF,ornithine carbamoyltransferase,informative_multi,WP_011243902.1,1,2.0,eggnog,Synechococcus,1,
syn,eggnog:1H1GB@1129,M744_03840,Synechococcus elongatus UTEX 2973,,hypothetical protein,no_evidence,WP_039755541.1,1,2.0,eggnog,Synechococcus,1,
syn,eggnog:1GZDG@1129,M744_10450,Synechococcus elongatus UTEX 2973,ntrB,nitrate ABC transporter permease,informative_multi,WP_011242626.1,1,2.0,eggnog,Synechococcus,1,
syn,eggnog:1H3VH@1129,SYNPCC7002_A0820,Synechococcus PCC 7002,,hypothetical protein,no_evidence,WP_041443377.1,1,2.0,eggnog,Synechococcus,1,
syn,cyanorak:CK_00000473,SYNW0285,Synechococcus WH8102,trmB,tRNA (guanine-N(7)-)-methyltransferase,informative_multi,WP_011127159.1,1,2.0,cyanorak,curated,1,
syn,cyanorak:CK_00001047,SYNW0637,Synechococcus WH8102,fumC,"fumarate hydratase, class II",informative_multi,WP_042504173.1,1,2.0,cyanorak,curated,1,
syn,cyanorak:CK_00005262,SYNW0759,Synechococcus WH8102,ppiA,peptidylprolyl isomerase,informative_multi,WP_011127624.1,1,2.0,cyanorak,curated,1,
syn,cyanorak:CK_00002132,SYNW1332,Synechococcus WH8102,,uncharacterized conserved secreted protein,catch_all_only,WP_225867678.1,1,2.0,cyanorak,curated,1,
syn,cyanorak:CK_00005392,SYNW2102,Synechococcus WH8102,,conserved hypothetical protein,catch_all_only,WP_011128959.1,1,2.0,cyanorak,curated,1,
syn,cyanorak:CK_00000009,SYNW2151,Synechococcus WH8102,psbA,photosystem II protein D1.2,informative_multi,WP_011127848.1,1,2.0,cyanorak,curated,1,
syn,cyanorak:CK_00057421,SYNWH7803_RS10220,Synechococcus WH7803,,carbohydrate-binding protein (CBM2),informative_multi,WP_011933960.1,1,2.0,cyanorak,curated,1,
syn,cyanorak:CK_00000308,SynWH7803_0151,Synechococcus WH7803,gpx,glutathione peroxidase,informative_multi,WP_011932085.1,1,2.0,cyanorak,curated,1,
syn,cyanorak:CK_00001583,SynWH7803_0625,Synechococcus WH7803,petF,2Fe-2S ferredoxin,informative_multi,WP_011932537.1,1,2.0,cyanorak,curated,1,
syn,cyanorak:CK_00001856,SynWH7803_0946,Synechococcus WH7803,,conserved hypothetical protein,catch_all_only,WP_011932854.1,1,2.0,cyanorak,curated,1,
syn,cyanorak:CK_00000169,SynWH7803_1102,Synechococcus WH7803,cycI1,Mg-protoporphyrin IX monomethylester oxidative cyclase,informative_multi,WP_011933010.1,1,2.0,cyanorak,curated,1,
syn,cyanorak:CK_00001611,SynWH7803_1274,Synechococcus WH7803,,conserved hypothetical protein,catch_all_only,WP_011933180.1,1,2.0,cyanorak,curated,1,
syn,cyanorak:CK_00000873,SynWH7803_1295,Synechococcus WH7803,,NADH:ubiquinone oxidoreductase complex I intermediate-associated CIA30-like protein,informative_multi,WP_011933200.1,1,2.0,cyanorak,curated,1,
syn,cyanorak:CK_00001850,SynWH7803_1473,Synechococcus WH7803,,conserved hypothetical protein,informative_multi,WP_011933376.1,1,2.0,cyanorak,curated,1,
syn,cyanorak:CK_00000630,SynWH7803_1835,Synechococcus WH7803,,Prochlorococcus/marine Synechococcus Hyper-Conserved Protein (PSHCP),informative_multi,WP_011933733.1,1,2.0,cyanorak,curated,1,
syn,cyanorak:CK_00001088,SynWH7803_1967,Synechococcus WH7803,rplU,50S ribosomal protein L21,informative_multi,WP_011933863.1,1,2.0,cyanorak,curated,1,
syn,cyanorak:CK_00001312,SynWH7803_1970,Synechococcus WH7803,,possible S-adenosyl-L-methionine-dependent methyltransferase,informative_multi,WP_011933866.1,1,2.0,cyanorak,curated,1,
syn,cyanorak:CK_00045635,SynWH7803_2086,Synechococcus WH7803,,uncharacterized conserved secreted protein,catch_all_only,WP_011933976.1,1,2.0,cyanorak,curated,1,
syn,cyanorak:CK_00000188,SynWH7803_2157,Synechococcus WH7803,,conserved hypothetical protein,informative_multi,WP_011934045.1,1,2.0,cyanorak,curated,1,
syn,cyanorak:CK_00038643,SynWH7803_2307,Synechococcus WH7803,,putative dockerin type I repeat,catch_all_only,WP_041428693.1,1,2.0,cyanorak,curated,1,
syn,cyanorak:CK_00000408,SynWH7803_2414,Synechococcus WH7803,metC,cystathionine beta-lyase family aluminum resistance protein,informative_multi,WP_011934300.1,1,2.0,cyanorak,curated,1,
syn,cyanorak:CK_00043574,sync_2421,Synechococcus CC9311,,conserved hypothetical protein,catch_all_only,,1,2.0,cyanorak,curated,1,
syn,cyanorak:CK_00054030,sync_2758,Synechococcus CC9311,,hypothetical protein,no_evidence,,1,2.0,cyanorak,curated,1,
syn,cyanorak:CK_00033672,BL107_10866,Synechococcus sp. BL107,petP,cytochrome b6-f complex subunit PetP,informative_multi,WP_009789358.1,1,3.0,cyanorak,curated,1,
syn,eggnog:1GZDB@1129,H6G84_00360,Synechococcus elongatus PCC 7942,H6G84_RS00360,NAD(P)/FAD-dependent oxidoreductase,informative_multi,WP_011243908.1,1,3.0,eggnog,Synechococcus,1,
syn,eggnog:1H17G@1129,H6G84_02980,Synechococcus elongatus PCC 7942,H6G84_RS02980,RNA recognition motif domain-containing protein,informative_multi,WP_011244407.1,1,3.0,eggnog,Synechococcus,3,H6G84_13025;M744_06420
syn,eggnog:1GZK3@1129,H6G84_04715,Synechococcus elongatus PCC 7942,katG,catalase/peroxidase HPI,informative_multi,WP_011244741.1,1,3.0,eggnog,Synechococcus,1,
syn,eggnog:1H0X9@1129,H6G84_05960,Synechococcus elongatus PCC 7942,cpcS,phycobiliprotein lyase,informative_multi,WP_011243461.1,1,3.0,eggnog,Synechococcus,1,
syn,eggnog:1H1NU@1129,M744_01435,Synechococcus elongatus UTEX 2973,,hypothetical protein,no_evidence,WP_011243509.1,1,3.0,eggnog,Synechococcus,1,
syn,eggnog:1H466@1129,M744_04025,Synechococcus elongatus UTEX 2973,pstC,phosphate ABC transporter permease subunit PstC,informative_multi,WP_011378465.1,1,3.0,eggnog,Synechococcus,1,
syn,eggnog:1GYXA@1129,M744_07325,Synechococcus elongatus UTEX 2973,hisA,1-(5-phosphoribosyl)-5-[(5-phosphoribosylamino)methylideneamino]imidazole-4-carboxamide isomerase,informative_multi,WP_011244575.1,1,3.0,eggnog,Synechococcus,1,
syn,eggnog:1H1IA@1129,SYNPCC7002_A0304,Synechococcus PCC 7002,,hypothetical protein,no_evidence,WP_012305938.1,1,3.0,eggnog,Synechococcus,1,
syn,eggnog:1GADH@1117,SYNPCC7002_C0002,Synechococcus PCC 7002,,hypothetical protein,no_evidence,WP_012308462.1,1,3.0,eggnog,Cyanobacteria,1,
syn,cyanorak:CK_00057348,SYNW0083,Synechococcus WH8102,,sulfotransferase,informative_multi,WP_011126961.1,1,3.0,cyanorak,curated,1,
syn,cyanorak:CK_00000823,SYNW1263,Synechococcus WH8102,ribBA,"3,4-dihydroxy 2-butanone 4-phosphate synthase / GTP cyclohydrolase II",informative_multi,WP_071820871.1,1,3.0,cyanorak,curated,1,
syn,cyanorak:CK_00008086,SYNW1587,Synechococcus WH8102,ftsH4,cell division protein FtsH,informative_multi,WP_011128451.1,1,3.0,cyanorak,curated,1,
syn,cyanorak:CK_00000732,SYNW1599,Synechococcus WH8102,ppnK,ATP-NAD kinase family protein,informative_multi,WP_011128463.1,1,3.0,cyanorak,curated,1,
syn,cyanorak:CK_00001234,SYNW1686,Synechococcus WH8102,mqoA,malate:quinone oxidoreductase,informative_multi,WP_011128548.1,1,3.0,cyanorak,curated,1,
syn,cyanorak:CK_00000551,SYNW2047,Synechococcus WH8102,ppc,phosphoenol pyruvate carboxylase,informative_multi,WP_011128905.1,1,3.0,cyanorak,curated,1,
syn,cyanorak:CK_00040198,SYNW2391,Synechococcus WH8102,,putative alkaline phosphatase,informative_multi,WP_011129244.1,1,3.0,cyanorak,curated,1,
syn,cyanorak:CK_00000076,SYNW2442,Synechococcus WH8102,urtA,"ABC-type urea transporter, substrate binding component",informative_multi,WP_042504522.1,1,3.0,cyanorak,curated,1,
syn,cyanorak:CK_00051556,SYNW2488,Synechococcus WH8102,tatB,twin-arginine translocation TatB-like protein,informative_multi,WP_011129341.1,1,3.0,cyanorak,curated,1,
syn,cyanorak:CK_00000282,SynWH7803_0213,Synechococcus WH7803,galM,aldose 1-epimerase family protein,informative_multi,WP_041428329.1,1,3.0,cyanorak,curated,2,BL107_05724
syn,cyanorak:CK_00000769,SynWH7803_1022,Synechococcus WH7803,menB,naphthoate synthase,informative_multi,WP_011932930.1,1,3.0,cyanorak,curated,1,
syn,cyanorak:CK_00008103,SynWH7803_1275,Synechococcus WH7803,cobN,"cobaltochelatase, CobN subunit",informative_multi,WP_011933181.1,1,3.0,cyanorak,curated,1,
syn,cyanorak:CK_00000838,SynWH7803_1277,Synechococcus WH7803,metH,methionine synthase,informative_multi,WP_011933183.1,1,3.0,cyanorak,curated,2,SYNW1238
syn,cyanorak:CK_00001699,SynWH7803_1384,Synechococcus WH7803,,carbonic anhydrase-like protein,informative_multi,WP_011933288.1,1,3.0,cyanorak,curated,1,
syn,cyanorak:CK_00000623,SynWH7803_1851,Synechococcus WH7803,petA,apocytochrome f,informative_multi,WP_011933749.1,1,3.0,cyanorak,curated,1,
syn,cyanorak:CK_00034984,SynWH7803_1930,Synechococcus WH7803,glgX,isoamylase,informative_multi,WP_041428660.1,1,3.0,cyanorak,curated,1,
syn,cyanorak:CK_00051494,SynWH7803_2075,Synechococcus WH7803,,conserved hypothetical protein,catch_all_only,WP_011933966.1,1,3.0,cyanorak,curated,1,
syn,cyanorak:CK_00044839,SynWH7803_2122,Synechococcus WH7803,,"uncharacterized conserved inner membrane protein, YqjD/ElaB family",informative_single,WP_041428951.1,1,3.0,cyanorak,curated,1,
syn,cyanorak:CK_00000213,SynWH7803_2231,Synechococcus WH7803,ndhO,NADH dehydrogenase I subunit NdhO,informative_multi,WP_011934119.1,1,3.0,cyanorak,curated,1,
syn,cyanorak:CK_00054672,sync_1121,Synechococcus CC9311,,hypothetical protein,no_evidence,,1,3.0,cyanorak,curated,1,
syn,cyanorak:CK_00000513,BL107_08494,Synechococcus sp. BL107,rpoA,"DNA-directed RNA polymerase, alpha subunit",informative_multi,WP_009788914.1,1,4.0,cyanorak,curated,1,
syn,eggnog:1H4AR@1129,H6G84_00820,Synechococcus elongatus PCC 7942,rpaB,response regulator transcription factor RpaB,informative_multi,WP_011244000.1,1,4.0,eggnog,Synechococcus,1,
syn,eggnog:1GZ5S@1129,H6G84_01150,Synechococcus elongatus PCC 7942,hpf,"ribosome hibernation-promoting factor, HPF/YfiA family",informative_multi,WP_011378421.1,1,4.0,eggnog,Synechococcus,1,
syn,eggnog:1GZT4@1129,H6G84_01725,Synechococcus elongatus PCC 7942,proA,glutamate-5-semialdehyde dehydrogenase,informative_multi,WP_011378369.1,1,4.0,eggnog,Synechococcus,1,
syn,eggnog:1H07J@1129,H6G84_03570,Synechococcus elongatus PCC 7942,psbU,photosystem II complex extrinsic protein PsbU,informative_multi,WP_011244523.1,1,4.0,eggnog,Synechococcus,1,
syn,eggnog:1GYXY@1129,M744_06105,Synechococcus elongatus UTEX 2973,plsY,glycerol-3-phosphate 1-O-acyltransferase PlsY,informative_multi,WP_011244346.1,1,4.0,eggnog,Synechococcus,1,
syn,eggnog:1H42D@1129,M744_09255,Synechococcus elongatus UTEX 2973,,iron uptake porin,informative_multi,WP_039755710.1,1,4.0,eggnog,Synechococcus,1,
syn,eggnog:1GYWT@1129,M744_09635,Synechococcus elongatus UTEX 2973,,choice-of-anchor I family protein,informative_multi,WP_011242477.1,1,4.0,eggnog,Synechococcus,1,
syn,cyanorak:CK_00000293,SYNW0136,Synechococcus WH8102,,TPR repeat family protein,informative_multi,WP_042504070.1,1,4.0,cyanorak,curated,1,
syn,cyanorak:CK_00000977,SYNW0790,Synechococcus WH8102,mviM,"oxidoreductase, NAD-binding Rossmann fold family protein",informative_multi,WP_011127655.1,1,4.0,cyanorak,curated,1,
syn,cyanorak:CK_00000842,SYNW1230,Synechococcus WH8102,,DnaJ type IV chaperone protein,informative_multi,WP_011128094.1,1,4.0,cyanorak,curated,1,
syn,cyanorak:CK_00000007,SYNW1300,Synechococcus WH8102,ftsH2,photosystem II D1 repair protein FtsH2,informative_multi,WP_011128164.1,1,4.0,cyanorak,curated,1,
syn,cyanorak:CK_00002248,SYNW1413,Synechococcus WH8102,hypA,hydrogenase nickel insertion protein,informative_multi,WP_011128277.1,1,4.0,cyanorak,curated,1,
syn,cyanorak:CK_00000929,SYNW1479,Synechococcus WH8102,,conserved hypothetical protein,informative_single,WP_011128343.1,1,4.0,cyanorak,curated,1,
syn,cyanorak:CK_00000524,SYNW2078,Synechococcus WH8102,rplX,50S ribosomal protein L24,informative_multi,WP_011128936.1,1,4.0,cyanorak,curated,1,
syn,cyanorak:CK_00005390,SYNW2100,Synechococcus WH8102,,conserved hypothetical protein,catch_all_only,,1,4.0,cyanorak,curated,1,
syn,cyanorak:CK_00001561,SYNW2365,Synechococcus WH8102,hspA,small heat shock protein (HSP20) family protein,informative_multi,WP_011129218.1,1,4.0,cyanorak,curated,2,SynWH7803_2403
syn,cyanorak:CK_00009056,SYNW2496,Synechococcus WH8102,rpoD4,"RNA polymerase sigma factor, type II",informative_multi,WP_011129349.1,1,4.0,cyanorak,curated,1,
syn,cyanorak:CK_00000340,SynWH7803_0036,Synechococcus WH7803,wcaG,uncharacterized conserved NADP-binding domain-containing protein,informative_multi,WP_011931970.1,1,4.0,cyanorak,curated,1,
syn,cyanorak:CK_00000314,SynWH7803_0088,Synechococcus WH7803,ribH,"6,7-dimethyl-8-ribityllumazine synthase",informative_multi,WP_011932022.1,1,4.0,cyanorak,curated,1,
syn,cyanorak:CK_00000534,SynWH7803_0434,Synechococcus WH7803,rplC,50S ribosomal protein L3,informative_multi,WP_011932348.1,1,4.0,cyanorak,curated,1,
syn,cyanorak:CK_00001762,SynWH7803_0507,Synechococcus WH7803,unk4,conserved hypothetical protein,catch_all_only,WP_011932421.1,1,4.0,cyanorak,curated,1,
syn,cyanorak:CK_00000011,SynWH7803_0748,Synechococcus WH7803,clpB1,ATP-dependent Clp protease ATP-binding subunit ClpB,informative_multi,,1,4.0,cyanorak,curated,1,
syn,cyanorak:CK_00000804,SynWH7803_1218,Synechococcus WH7803,pyk,pyruvate kinase,informative_multi,WP_011933125.1,1,4.0,cyanorak,curated,1,
syn,cyanorak:CK_00001409,SynWH7803_1472,Synechococcus WH7803,aspC,aspartate aminotransferase,informative_multi,WP_011933375.1,1,4.0,cyanorak,curated,1,
syn,cyanorak:CK_00001081,SynWH7803_1957,Synechococcus WH7803,fabZ,beta-hydroxy-acyl-(acyl-carrier-protein) dehydratase (DH),informative_multi,WP_041428667.1,1,4.0,cyanorak,curated,1,
syn,cyanorak:CK_00001107,SynWH7803_2000,Synechococcus WH7803,atpB,ATP synthase beta chain,informative_multi,WP_011933893.1,1,4.0,cyanorak,curated,1,
syn,cyanorak:CK_00051367,SynWH7803_2068,Synechococcus WH7803,chiC,chitinase,informative_multi,WP_011933959.1,1,4.0,cyanorak,curated,1,
syn,cyanorak:CK_00056929,sync_1293,Synechococcus CC9311,dnaK4,chaperone protein DnaK,informative_multi,WP_011619221.1,1,4.0,cyanorak,curated,1,
syn,cyanorak:CK_00001319,BL107_04827,Synechococcus sp. BL107,psbU,photosystem II 12 kDa extrinsic PsbU protein,informative_multi,WP_009788195.1,1,5.0,cyanorak,curated,1,
syn,cyanorak:CK_00000029,BL107_06744,Synechococcus sp. BL107,dnaK3,chaperone protein DnaK,informative_multi,WP_009788574.1,1,5.0,cyanorak,curated,2,SYNW2508
syn,cyanorak:CK_00000730,BL107_11261,Synechococcus sp. BL107,surE,5^-nucleotidase,informative_multi,WP_009789436.1,1,5.0,cyanorak,curated,1,
syn,eggnog:323H2@2,H6G84_04720,Synechococcus elongatus PCC 7942,H6G84_RS04720,hypothetical protein,no_evidence,WP_011378129.1,1,5.0,eggnog,Bacteria,1,
syn,eggnog:1H0QX@1129,H6G84_06720,Synechococcus elongatus PCC 7942,H6G84_RS06720,HAD family hydrolase,informative_multi,WP_011377500.1,1,5.0,eggnog,Synechococcus,1,
syn,eggnog:1GYVZ@1129,H6G84_06980,Synechococcus elongatus PCC 7942,H6G84_RS06980,asparaginase,informative_multi,WP_011243652.1,1,5.0,eggnog,Synechococcus,1,
syn,eggnog:1H14E@1129,H6G84_08370,Synechococcus elongatus PCC 7942,H6G84_RS08370,photosystem I reaction center subunit IV,informative_multi,WP_011242545.1,1,5.0,eggnog,Synechococcus,1,
syn,eggnog:1H0PZ@1129,M744_10365,Synechococcus elongatus UTEX 2973,,cyclic nucleotide-binding domain-containing protein,informative_multi,WP_039755728.1,1,5.0,eggnog,Synechococcus,1,
syn,eggnog:1GYPS@1129,M744_10785,Synechococcus elongatus UTEX 2973,lnt,apolipoprotein N-acyltransferase,informative_multi,WP_231621316.1,1,5.0,eggnog,Synechococcus,1,
syn,eggnog:1H1EC@1129,SYNPCC7002_E0008,Synechococcus PCC 7002,,DUF1071 domain-containing protein,informative_single,WP_012308514.1,1,5.0,eggnog,Synechococcus,1,
syn,cyanorak:CK_00001053,SYNW0626,Synechococcus WH8102,gidB,16S rRNA (guanine(527)-N(7))-methyltransferase GidB,informative_multi,WP_042503069.1,1,5.0,cyanorak,curated,1,
syn,cyanorak:CK_00043167,SYNW0861,Synechococcus WH8102,,uncharacterized conserved secreted protein,catch_all_only,WP_011127726.1,1,5.0,cyanorak,curated,1,
syn,cyanorak:CK_00048774,SYNW1444,Synechococcus WH8102,,uncharacterized conserved membrane protein,informative_single,WP_011128308.1,1,5.0,cyanorak,curated,1,
syn,cyanorak:CK_00000681,SYNW1718,Synechococcus WH8102,rbcL,"ribulose bisphosphate carboxylase, large subunit",informative_multi,WP_011128579.1,1,5.0,cyanorak,curated,2,SynWH7803_0678
syn,cyanorak:CK_00008084,SYNW2480,Synechococcus WH8102,znuB,"ABC zinc transport system, ATPase component",informative_multi,WP_011129333.1,1,5.0,cyanorak,curated,1,
syn,cyanorak:CK_00000483,SynWH7803_0367,Synechococcus WH7803,,radical SAM superfamily protein,informative_multi,WP_011932291.1,1,5.0,cyanorak,curated,1,
syn,cyanorak:CK_00000486,SynWH7803_0370,Synechococcus WH7803,dapL,LL-diaminopimelate aminotransferase,informative_multi,WP_041428752.1,1,5.0,cyanorak,curated,1,
syn,cyanorak:CK_00000494,SynWH7803_0379,Synechococcus WH7803,tuf,elongation factor EF-Tu,informative_multi,WP_011932303.1,1,5.0,cyanorak,curated,1,
syn,cyanorak:CK_00001032,SynWH7803_0584,Synechococcus WH7803,queA,S-adenosylmethionine:tRNA ribosyltransferase-isomerase,informative_multi,WP_011932496.1,1,5.0,cyanorak,curated,1,
syn,cyanorak:CK_00001681,SynWH7803_1703,Synechococcus WH7803,,uncharacterized conserved secreted protein,informative_multi,WP_011933601.1,1,5.0,cyanorak,curated,1,
syn,cyanorak:CK_00000636,SynWH7803_1823,Synechococcus WH7803,yajQ,cyclic-di-GMP-binding protein,informative_multi,WP_011933721.1,1,5.0,cyanorak,curated,1,
syn,cyanorak:CK_00008020,BL107_08996,Synechococcus sp. BL107,cpeE,"rod linker polypeptide (Lr), C-phycoerythrin class I-associated (CpeE)",informative_multi,WP_009789005.1,1,6.0,cyanorak,curated,1,
syn,cyanorak:CK_00003317,BL107_16150,Synechococcus sp. BL107,,conserved hypothetical protein,catch_all_only,WP_009790388.1,1,6.0,cyanorak,curated,1,
syn,eggnog:1GZNS@1129,H6G84_00385,Synechococcus elongatus PCC 7942,H6G84_RS00385,protochlorophyllide reductase,informative_multi,WP_011378491.1,1,6.0,eggnog,Synechococcus,1,
syn,eggnog:1GYT7@1129,H6G84_00775,Synechococcus elongatus PCC 7942,H6G84_RS00775,NAD(P)H-binding protein,informative_multi,WP_011378457.1,1,6.0,eggnog,Synechococcus,1,
syn,eggnog:1H3WH@1129,H6G84_10180,Synechococcus elongatus PCC 7942,H6G84_RS10180,dienelactone hydrolase family protein,informative_multi,WP_011242886.1,1,6.0,eggnog,Synechococcus,1,
syn,eggnog:1GYC8@1129,H6G84_10680,Synechococcus elongatus PCC 7942,H6G84_RS10680,Fe(3+) ABC transporter substrate-binding protein,informative_multi,WP_011242460.1,1,6.0,eggnog,Synechococcus,1,
syn,eggnog:1GYK5@1129,M744_04035,Synechococcus elongatus UTEX 2973,pstB,phosphate ABC transporter ATP-binding protein PstB,informative_multi,WP_011378464.1,1,6.0,eggnog,Synechococcus,1,
syn,eggnog:1GYV5@1129,M744_11220,Synechococcus elongatus UTEX 2973,clpB,ATP-dependent chaperone ClpB,informative_multi,WP_039755993.1,1,6.0,eggnog,Synechococcus,1,
syn,eggnog:1H1AW@1129,SYNPCC7002_A0754,Synechococcus PCC 7002,,YlxR family protein,informative_multi,WP_012306383.1,1,6.0,eggnog,Synechococcus,1,
syn,eggnog:1GAE1@1117,SYNPCC7002_D0002,Synechococcus PCC 7002,,hypothetical protein,no_evidence,WP_012308479.1,1,6.0,eggnog,Cyanobacteria,1,
syn,cyanorak:CK_00000362,SYNW0003,Synechococcus WH8102,purL,"phosphoribosylformylglycinamidine synthase, synthetase domain",informative_multi,WP_011126884.1,1,6.0,cyanorak,curated,1,
syn,cyanorak:CK_00005181,SYNW0196,Synechococcus WH8102,phoD,hemolysin-type calcium-binding repeat family protein,informative_multi,WP_011127072.1,1,6.0,cyanorak,curated,1,
syn,cyanorak:CK_00001086,SYNW0550,Synechococcus WH8102,kaiC,circadian clock protein KaiC,informative_multi,WP_011127419.1,1,6.0,cyanorak,curated,1,
syn,cyanorak:CK_00002247,SYNW1412,Synechococcus WH8102,speB,agmatinase protein family,informative_multi,WP_042503589.1,1,6.0,cyanorak,curated,1,
syn,cyanorak:CK_00001569,SYNW2061,Synechococcus WH8102,,Conserved hypothetical protein (DUF1815),informative_single,WP_011128919.1,1,6.0,cyanorak,curated,1,
syn,cyanorak:CK_00000497,SYNW2135,Synechococcus WH8102,rpsL,30S ribosomal protein S12,informative_multi,WP_011128991.1,1,6.0,cyanorak,curated,1,
syn,cyanorak:CK_00000239,SYNW2273,Synechococcus WH8102,ndhI,NADH dehydrogenase I subunit NdhI,informative_multi,WP_011129126.1,1,6.0,cyanorak,curated,1,
syn,cyanorak:CK_00000364,SynWH7803_0001,Synechococcus WH7803,dnaN,"DNA polymerase III, beta subunit",informative_multi,WP_011931936.1,1,6.0,cyanorak,curated,1,
syn,cyanorak:CK_00000291,SynWH7803_0195,Synechococcus WH7803,tktA,transketolase,informative_multi,WP_011932127.1,1,6.0,cyanorak,curated,1,
syn,cyanorak:CK_00008044,SynWH7803_0556,Synechococcus WH7803,,ABC multidrug efflux transporter,informative_multi,WP_011932468.1,1,6.0,cyanorak,curated,1,
syn,cyanorak:CK_00033695,SynWH7803_0982,Synechococcus WH7803,,uncharacterized conserved secreted protein (UCP028288),catch_all_only,WP_011932890.1,1,6.0,cyanorak,curated,1,
syn,cyanorak:CK_00043199,SynWH7803_1090,Synechococcus WH7803,,nif11-like leader peptide domain protein,informative_multi,WP_083833673.1,1,6.0,cyanorak,curated,1,
syn,cyanorak:CK_00000975,SynWH7803_1142,Synechococcus WH7803,purQ,"phosphoribosylformylglycinamidine (FGAM) synthase, glutamine amidotransferase domain",informative_multi,WP_011933050.1,1,6.0,cyanorak,curated,1,
syn,cyanorak:CK_00008089,SynWH7803_1874,Synechococcus WH7803,,abrB-like transcriptional regulator family protein,informative_multi,WP_011933772.1,1,6.0,cyanorak,curated,1,
syn,cyanorak:CK_00008006,SynWH7803_2026,Synechococcus WH7803,apcA,"allophycocyanin, alpha chain",informative_multi,WP_011933918.1,1,6.0,cyanorak,curated,1,
syn,cyanorak:CK_00048448,SynWH7803_2099,Synechococcus WH7803,hemB,delta-aminolevulinic acid dehydratase,informative_multi,WP_011933989.1,1,6.0,cyanorak,curated,1,
syn,cyanorak:CK_00052564,SynWH7803_2199,Synechococcus WH7803,tolC,"TolC-like outer membrane efflux protein, RND family",informative_multi,WP_011934087.1,1,6.0,cyanorak,curated,1,
syn,cyanorak:CK_00008783,sync_2681,Synechococcus CC9311,VBPO,vanadium-dependent bromoperoxidase,informative_multi,WP_011620573.1,1,6.0,cyanorak,curated,1,
syn,cyanorak:CK_00057408,BL107_14060,Synechococcus sp. BL107,rbpD,nucleotide-binding alpha-beta plait domain-containing protein,informative_multi,WP_009789981.1,1,7.0,cyanorak,curated,1,
syn,eggnog:1H271@1129,H6G84_06730,Synechococcus elongatus PCC 7942,H6G84_RS06730,slr1957 family protein,informative_single,WP_011243609.1,1,7.0,eggnog,Synechococcus,1,
syn,eggnog:1GZXV@1129,H6G84_06820,Synechococcus elongatus PCC 7942,fbt,folate/biopterin family MFS transporter,informative_multi,WP_011377487.1,1,7.0,eggnog,Synechococcus,1,
syn,eggnog:1GYPW@1129,H6G84_11925,Synechococcus elongatus PCC 7942,H6G84_RS11925,LON peptidase substrate-binding domain-containing protein,informative_multi,WP_011242970.1,1,7.0,eggnog,Synechococcus,1,
syn,eggnog:1H3WW@1129,M744_04030,Synechococcus elongatus UTEX 2973,pstA,phosphate ABC transporter permease PstA,informative_multi,WP_011243974.1,1,7.0,eggnog,Synechococcus,1,
syn,eggnog:1GAF6@1117,M744_07860,Synechococcus elongatus UTEX 2973,,hypothetical protein,no_evidence,WP_011244677.1,1,7.0,eggnog,Cyanobacteria,1,
syn,eggnog:1GYQJ@1129,M744_12485,Synechococcus elongatus UTEX 2973,purM,phosphoribosylformylglycinamidine cyclo-ligase,informative_multi,WP_011377763.1,1,7.0,eggnog,Synechococcus,1,
syn,locus:SYNPCC7002_C0016,SYNPCC7002_C0016,Synechococcus PCC 7002,,hypothetical protein,no_evidence,WP_012308476.1,1,7.0,,,1,
syn,cyanorak:CK_00002104,SYNW0044,Synechococcus WH8102,,conserved hypothetical protein,catch_all_only,,1,7.0,cyanorak,curated,1,
syn,cyanorak:CK_00000254,SYNW0239,Synechococcus WH8102,,CNNM domain-containing protein,informative_multi,WP_011127115.1,1,7.0,cyanorak,curated,1,
syn,cyanorak:CK_00008085,SYNW0305,Synechococcus WH8102,ftsH1,cell division protein FtsH1,informative_multi,WP_011127179.1,1,7.0,cyanorak,curated,1,
syn,cyanorak:CK_00002006,SYNW1139,Synechococcus WH8102,,conserved hypothetical protein,informative_single,,1,7.0,cyanorak,curated,1,
syn,cyanorak:CK_00000682,SYNW1717,Synechococcus WH8102,rbcS,"ribulose bisphosphate carboxylase, small subunit",informative_multi,WP_006043651.1,1,7.0,cyanorak,curated,1,
syn,cyanorak:CK_00000631,SYNW1824,Synechococcus WH8102,rplS,50S ribosomal protein L19,informative_multi,WP_011128684.1,1,7.0,cyanorak,curated,1,
syn,cyanorak:CK_00000412,SYNW2367,Synechococcus WH8102,flv3,flavoprotein involved in Mehler reaction,informative_multi,WP_011129220.1,1,7.0,cyanorak,curated,1,
syn,cyanorak:CK_00005414,SYNW2380,Synechococcus WH8102,,conserved hypothetical protein,catch_all_only,WP_011129233.1,1,7.0,cyanorak,curated,1,
syn,cyanorak:CK_00000885,SynWH7803_1317,Synechococcus WH7803,chlP,geranylgeranyl reductase,informative_multi,WP_011933222.1,1,7.0,cyanorak,curated,1,
syn,cyanorak:CK_00008017,SynWH7803_1449,Synechococcus WH7803,ompR,two-component system response regulator RR class II (RRII)-OmpR,informative_multi,WP_041428534.1,1,7.0,cyanorak,curated,1,
syn,cyanorak:CK_00000153,SynWH7803_1734,Synechococcus WH7803,pdhA,pyruvate dehydrogenase E1 component complex alpha subunit,informative_multi,WP_011933632.1,1,7.0,cyanorak,curated,1,
syn,cyanorak:CK_00000126,SynWH7803_1841,Synechococcus WH7803,pilT2,twitching motility protein PilT,informative_multi,WP_011933739.1,1,7.0,cyanorak,curated,1,
syn,cyanorak:CK_00001077,SynWH7803_1951,Synechococcus WH7803,pepA,leucine aminopeptidase,informative_multi,WP_011933847.1,1,7.0,cyanorak,curated,1,
syn,cyanorak:CK_00001128,SynWH7803_2038,Synechococcus WH7803,purB,adenylosuccinate lyase,informative_multi,WP_011933929.1,1,7.0,cyanorak,curated,1,
syn,cyanorak:CK_00056759,SynWH7803_2466,Synechococcus WH7803,,"type I secretion system ABC transporter, HlyB family",informative_multi,WP_041428709.1,1,7.0,cyanorak,curated,1,
syn,cyanorak:CK_00054191,sync_2757,Synechococcus CC9311,,conserved hypothetical protein,catch_all_only,WP_237699232.1,1,7.0,cyanorak,curated,1,
syn,locus:H6G84_01695,H6G84_01695,Synechococcus elongatus PCC 7942,H6G84_RS01695,hypothetical protein,no_evidence,WP_039755581.1,1,8.0,,,1,
syn,eggnog:1GZN1@1129,H6G84_04100,Synechococcus elongatus PCC 7942,H6G84_RS04100,ABC1 kinase family protein,informative_multi,WP_011378187.1,1,8.0,eggnog,Synechococcus,1,
syn,eggnog:1H0IT@1129,H6G84_05440,Synechococcus elongatus PCC 7942,H6G84_RS05440,YbaB/EbfC family nucleoid-associated protein,informative_multi,WP_011243366.1,1,8.0,eggnog,Synechococcus,1,
syn,eggnog:1GZ7P@1129,H6G84_12875,Synechococcus elongatus PCC 7942,H6G84_RS12875,ABC1 kinase family protein,informative_multi,WP_011243134.1,1,8.0,eggnog,Synechococcus,1,
syn,eggnog:1GZSX@1129,M744_10440,Synechococcus elongatus UTEX 2973,nirA,ferredoxin--nitrite reductase,informative_multi,WP_011242624.1,1,8.0,eggnog,Synechococcus,1,
syn,eggnog:1H00X@1129,M744_10885,Synechococcus elongatus UTEX 2973,,GTPase family protein,informative_multi,WP_011242709.1,1,8.0,eggnog,Synechococcus,1,
syn,eggnog:2ZGYZ@2,M744_11295,Synechococcus elongatus UTEX 2973,,YbjN domain-containing protein,informative_single,WP_011242785.1,1,8.0,eggnog,Bacteria,1,
syn,eggnog:1GYXF@1129,SYNPCC7002_A1377,Synechococcus PCC 7002,,NAD(P)/FAD-dependent oxidoreductase,informative_multi,WP_012306996.1,1,8.0,eggnog,Synechococcus,1,
syn,eggnog:1H34M@1129,SYNPCC7002_E0012,Synechococcus PCC 7002,,DNA cytosine methyltransferase,informative_multi,WP_012308518.1,1,8.0,eggnog,Synechococcus,1,
syn,cyanorak:CK_00000118,SYNW0156,Synechococcus WH8102,glgP,glycogen phosphorylase,informative_multi,WP_011127032.1,1,8.0,cyanorak,curated,1,
syn,cyanorak:CK_00001648,SYNW0318,Synechococcus WH8102,ftrC,"ferredoxin-thioredoxin reductase, catalytic subunit",informative_multi,WP_011127192.1,1,8.0,cyanorak,curated,1,
syn,cyanorak:CK_00051584,SYNW0765,Synechococcus WH8102,,glutaredoxin family protein,informative_multi,WP_011127630.1,1,8.0,cyanorak,curated,1,
syn,cyanorak:CK_00002250,SYNW1416,Synechococcus WH8102,,"ABC-type nitrate/sulfonate/bicarbonate transport system, permease component",informative_multi,WP_011128280.1,1,8.0,cyanorak,curated,1,
syn,cyanorak:CK_00051150,SYNW2244,Synechococcus WH8102,,conserved hypothetical protein,catch_all_only,WP_011129097.1,1,8.0,cyanorak,curated,1,
syn,cyanorak:CK_00000233,SYNW2267,Synechococcus WH8102,metF,"5,10-methylenetetrahydrofolate reductase",informative_multi,WP_011129120.1,1,8.0,cyanorak,curated,1,
syn,cyanorak:CK_00000409,SYNW2375,Synechococcus WH8102,gcvH,glycine cleavage system H protein,informative_multi,WP_011129228.1,1,8.0,cyanorak,curated,1,
syn,cyanorak:CK_00001370,SYNW2434,Synechococcus WH8102,gpgP,glucosyl-3-phosphoglycerate phosphatase,informative_multi,WP_011129287.1,1,8.0,cyanorak,curated,1,
syn,cyanorak:CK_00000372,SYNW2515,Synechococcus WH8102,,conserved hypothetical protein,informative_single,WP_011129368.1,1,8.0,cyanorak,curated,1,
syn,cyanorak:CK_00000245,SynWH7803_0296,Synechococcus WH7803,lytB,4-hydroxy-3-methylbut-2-enyl diphosphate reductase,informative_multi,WP_011932224.1,1,8.0,cyanorak,curated,1,
syn,cyanorak:CK_00050291,SynWH7803_0750,Synechococcus WH7803,,conserved hypothetical protein,catch_all_only,WP_011932659.1,1,8.0,cyanorak,curated,1,
syn,cyanorak:CK_00001607,SynWH7803_1071,Synechococcus WH7803,,conserved hypothetical protein,catch_all_only,WP_011932979.1,1,8.0,cyanorak,curated,1,
syn,cyanorak:CK_00001284,SynWH7803_1407,Synechococcus WH7803,metY,O-acetylhomoserine aminocarboxypropyltransferase,informative_multi,WP_011933311.1,1,8.0,cyanorak,curated,1,
syn,cyanorak:CK_00008028,SynWH7803_1592,Synechococcus WH7803,trxA,m-type thioredoxin,informative_multi,WP_006041767.1,1,8.0,cyanorak,curated,1,
syn,cyanorak:CK_00041109,SynWH7803_1695,Synechococcus WH7803,,conserved hypothetical protein,informative_multi,WP_011933593.1,1,8.0,cyanorak,curated,1,
syn,cyanorak:CK_00008337,sync_0840,Synechococcus CC9311,,conserved hypothetical protein,no_evidence,,1,8.0,cyanorak,curated,1,
syn,eggnog:1GYUQ@1129,H6G84_01435,Synechococcus elongatus PCC 7942,glnT,type III glutamate--ammonia ligase,informative_multi,WP_011378394.1,1,9.0,eggnog,Synechococcus,1,
syn,eggnog:1GZ80@1129,H6G84_02920,Synechococcus elongatus PCC 7942,psbV,photosystem II cytochrome c-550,informative_multi,WP_039755617.1,1,9.0,eggnog,Synechococcus,1,
syn,eggnog:1H42A@1129,H6G84_09265,Synechococcus elongatus PCC 7942,H6G84_RS09265,HD domain-containing phosphohydrolase,informative_multi,WP_011242714.1,1,9.0,eggnog,Synechococcus,1,
syn,eggnog:1H0JF@1129,H6G84_11670,Synechococcus elongatus PCC 7942,H6G84_RS11670,PhzF family phenazine biosynthesis protein,informative_multi,WP_011242368.1,1,9.0,eggnog,Synechococcus,1,
syn,eggnog:1GYK9@1129,M744_06705,Synechococcus elongatus UTEX 2973,pdhA,pyruvate dehydrogenase (acetyl-transferring) E1 component subunit alpha,informative_multi,WP_011244460.1,1,9.0,eggnog,Synechococcus,1,
syn,eggnog:1H076@1129,M744_07195,Synechococcus elongatus UTEX 2973,cobG,precorrin-3B synthase,informative_multi,WP_011244553.1,1,9.0,eggnog,Synechococcus,1,
syn,eggnog:1GYUH@1129,M744_13305,Synechococcus elongatus UTEX 2973,psbB,photosystem II chlorophyll-binding protein CP47,informative_multi,WP_011243145.1,1,9.0,eggnog,Synechococcus,1,
syn,eggnog:1H0GP@1129,SYNPCC7002_A0228,Synechococcus PCC 7002,rub,rubredoxin,informative_multi,WP_012305864.1,1,9.0,eggnog,Synechococcus,1,
syn,eggnog:1H3CS@1129,SYNPCC7002_A1877,Synechococcus PCC 7002,,hypothetical protein,no_evidence,WP_012307488.1,1,9.0,eggnog,Synechococcus,1,
syn,cyanorak:CK_00000342,SYNW0034,Synechococcus WH8102,accB,"acetyl-CoA carboxylase, biotin carboxyl carrier protein",informative_multi,WP_011126912.1,1,9.0,cyanorak,curated,1,
syn,cyanorak:CK_00000001,SYNW0102,Synechococcus WH8102,rpoD8,"RNA polymerase sigma factor, type II",informative_multi,WP_011126980.1,1,9.0,cyanorak,curated,1,
syn,cyanorak:CK_00000751,SYNW0928,Synechococcus WH8102,recR,recombination protein RecR,informative_multi,WP_011127793.1,1,9.0,cyanorak,curated,1,
syn,cyanorak:CK_00000883,SYNW1109,Synechococcus WH8102,typA,GTP-binding protein TypA/BipA,informative_multi,WP_011127974.1,1,9.0,cyanorak,curated,1,
syn,cyanorak:CK_00001695,SYNW1775,Synechococcus WH8102,cutA,periplasmic divalent cation tolerance protein,informative_multi,WP_011128635.1,1,9.0,cyanorak,curated,1,
syn,cyanorak:CK_00000208,SYNW2213,Synechococcus WH8102,crtQ,"9,9^-di-cis-zeta-carotene desaturase",informative_multi,WP_011129069.1,1,9.0,cyanorak,curated,1,
syn,cyanorak:CK_00000381,SYNW2499,Synechococcus WH8102,aroF,3-deoxy-7-phosphoheptulonate synthase,informative_multi,WP_011129352.1,1,9.0,cyanorak,curated,1,
syn,cyanorak:CK_00008100,SynWH7803_0014,Synechococcus WH7803,,RNA-binding domain RNP-1 (RNA recognition motif) containing protein,informative_multi,WP_011931949.1,1,9.0,cyanorak,curated,1,
syn,cyanorak:CK_00047121,SynWH7803_0125,Synechococcus WH7803,,O-linked beta-N-acetylglucosamine transferase,informative_multi,WP_011932059.1,1,9.0,cyanorak,curated,1,
syn,cyanorak:CK_00001964,SynWH7803_0393,Synechococcus WH7803,,RmlC-like cupin domain-containing protein,informative_multi,WP_011932316.1,1,9.0,cyanorak,curated,1,
syn,cyanorak:CK_00000683,SynWH7803_0680,Synechococcus WH7803,csoS2,carboxysome shell protein CsoS2,informative_multi,WP_011932589.1,1,9.0,cyanorak,curated,1,
syn,cyanorak:CK_00000774,SynWH7803_1032,Synechococcus WH7803,aroA,3-phosphoshikimate 1-carboxyvinyltransferase,informative_multi,WP_011932940.1,1,9.0,cyanorak,curated,1,
syn,cyanorak:CK_00000747,SynWH7803_1371,Synechococcus WH7803,pdxJ,pyridoxine 5^-phosphate synthase,informative_multi,WP_011933275.1,1,9.0,cyanorak,curated,1,
syn,cyanorak:CK_00057079,SynWH7803_1808,Synechococcus WH7803,idiA1,iron deficiency-induced protein A,informative_multi,WP_011933706.1,1,9.0,cyanorak,curated,1,
syn,cyanorak:CK_00000444,SynWH7803_2325,Synechococcus WH7803,prfB,peptide chain release factor 2,informative_multi,WP_011934212.1,1,9.0,cyanorak,curated,1,
syn,cyanorak:CK_00042431,sync_1050,Synechococcus CC9311,,uncharacterized conserved secreted protein,informative_single,WP_049750326.1,1,9.0,cyanorak,curated,1,
syn,cyanorak:CK_00000716,BL107_11121,Synechococcus sp. BL107,fkpA,FKBP-type peptidyl-prolyl cis-trans isomerase,informative_multi,WP_009789408.1,1,10.0,cyanorak,curated,1,
syn,eggnog:1H13R@1129,H6G84_03040,Synechococcus elongatus PCC 7942,H6G84_RS03040,hypothetical protein,no_evidence,WP_011378268.1,1,10.0,eggnog,Synechococcus,1,
syn,eggnog:1GYHE@1129,H6G84_09520,Synechococcus elongatus PCC 7942,H6G84_RS09520,HhoA/HhoB/HtrA family serine endopeptidase,informative_multi,WP_011242760.1,1,10.0,eggnog,Synechococcus,1,
syn,eggnog:1GZAS@1129,H6G84_10175,Synechococcus elongatus PCC 7942,crtD,"C-3^,4^ desaturase CrtD",informative_multi,WP_011242885.1,1,10.0,eggnog,Synechococcus,1,
syn,eggnog:1H17A@1129,H6G84_11710,Synechococcus elongatus PCC 7942,H6G84_RS11710,fasciclin domain-containing protein,informative_multi,WP_011378109.1,1,10.0,eggnog,Synechococcus,1,
syn,eggnog:1GYW6@1129,M744_11635,Synechococcus elongatus UTEX 2973,phoB,response regulator transcription factor,informative_multi,WP_011242845.1,1,10.0,eggnog,Synechococcus,1,
syn,eggnog:1GJHV@1117,M744_RS14125,Synechococcus elongatus UTEX 2973,,hypothetical protein,no_evidence,WP_173282536.1,1,10.0,eggnog,Cyanobacteria,1,
syn,eggnog:1H0X1@1129,SYNPCC7002_A2281,Synechococcus PCC 7002,clpS,ATP-dependent Clp protease adapter ClpS,informative_multi,WP_012307878.1,1,10.0,eggnog,Synechococcus,1,
syn,cyanorak:CK_00002243,SYNW1376,Synechococcus WH8102,,conserved hypothetical protein,catch_all_only,,1,10.0,cyanorak,curated,1,
syn,cyanorak:CK_00008000,SYNW1783,Synechococcus WH8102,rpoD1,"major RNA polymerase sigma factor, type I",informative_multi,WP_011128643.1,1,10.0,cyanorak,curated,1,
syn,cyanorak:CK_00001650,SYNW2152,Synechococcus WH8102,,conserved hypothetical protein,catch_all_only,WP_042503889.1,1,10.0,cyanorak,curated,1,
syn,cyanorak:CK_00037828,SYNW2305,Synechococcus WH8102,menE,O-succinylbenzoic acid--CoA ligase (OSB-CoA synthetase),informative_multi,WP_011129158.1,1,10.0,cyanorak,curated,1,
syn,cyanorak:CK_00000406,SYNW2382,Synechococcus WH8102,gidA,tRNA uridine 5-carboxymethylaminomethyl modification enzyme GidA,informative_multi,WP_011129235.1,1,10.0,cyanorak,curated,1,
syn,cyanorak:CK_00000260,SynWH7803_0269,Synechococcus WH7803,hisB,imidazoleglycerol-phosphate dehydratase family protein,informative_multi,WP_011932198.1,1,10.0,cyanorak,curated,1,
syn,cyanorak:CK_00001309,SynWH7803_2072,Synechococcus WH7803,grrP,"extracellular substrate-binding orphan, GRRM family protein",informative_multi,WP_011933963.1,1,10.0,cyanorak,curated,1,
syn,cyanorak:CK_00001140,SynWH7803_2142,Synechococcus WH7803,dap2,prolyl oligopeptidase/peptidase S9-like domain containing protein,informative_multi,WP_011934030.1,1,10.0,cyanorak,curated,1,
syn,cyanorak:CK_00008051,sync_2439,Synechococcus CC9311,hli,high light inducible protein,informative_multi,WP_011620344.1,1,10.0,cyanorak,curated,1,
