pool,pool_rank,rep_locus_tag,rep_organism,rep_gene_name,rep_product,gene_category,annotation_state,freq,best_rank,n_collapsed,ortholog_group_size,n_genera,og_source,og_level,response,conservation,info_gain,score,rep_protein_id,dedup_key
alt,1,EZ55_00751,Alteromonas macleodii EZ55,,IS110 family RNA-guided transposase,Replication and repair,informative_multi,1,3.0,2,65.0,4,eggnog,Proteobacteria,0.52,0.5461129072595842,0.15,0.2839787117749838,WP_061485171.1,eggnog:1MUER@1224
alt,2,DEH24_16585,Alteromonas (MarRef v6),acnB,bifunctional aconitate hydratase 2/2-methylisocitrate dehydratase,Energy production,informative_multi,2,6.0,1,48.0,7,eggnog,Bacteria,0.38,0.6897548122197643,0.15,0.2621068286435104,HBY41045.1,eggnog:COG1049@2
alt,3,DEH24_02300,Alteromonas (MarRef v6),adk,adenylate kinase,Nucleotide metabolism,informative_multi,10,1.0,1,10.0,1,eggnog,Alteromonadaceae,1.0,0.24093024401469773,0.15,0.24093024401469773,HBY38216.1,eggnog:46577@72275
alt,4,EZ55_01060,Alteromonas macleodii EZ55,flaA,flagellin N-terminal helical domain-containing protein,Cell motility,informative_multi,2,1.0,4,29.0,1,eggnog,Alteromonadaceae,0.6799999999999999,0.31849277060660175,0.15,0.21657508401248918,WP_014975883.1,eggnog:464FC@72275
alt,5,DEH24_14130,Alteromonas (MarRef v6),cheW,chemotaxis protein CheW,Cell motility,informative_multi,6,1.0,1,10.0,1,eggnog,Alteromonadaceae,0.84,0.24093024401469773,0.15,0.20238140497234608,HBY40558.1,eggnog:466IY@72275
alt,6,EZ55_02117,Alteromonas macleodii EZ55,fecA,TonB-dependent receptor family protein,Inorganic ion transport,informative_multi,2,2.0,1,6.0,3,eggnog,Proteobacteria,0.6200000000000001,0.31709962833210437,0.15,0.19660176956590475,WP_020745975.1,eggnog:1MWDG@1224
alt,7,EZ55_01776,Alteromonas macleodii EZ55,,DUF3718 domain-containing protein,Unknown,informative_single,2,1.0,2,18.0,1,eggnog,Alteromonadaceae,0.6799999999999999,0.28318203476077547,0.35,0.1925637836373273,WP_014949234.1,eggnog:46CDY@72275
alt,8,ACZ81_05680,Alteromonas macleodii HOT1A3,slyA,MarR family winged helix-turn-helix transcriptional regulator,Transcription,informative_multi,2,1.0,1,8.0,2,eggnog,Proteobacteria,0.6799999999999999,0.2809725000212018,0.15,0.19106130001441718,WP_014948722.1,eggnog:1RBBN@1224
alt,9,ACZ81_12890,Alteromonas macleodii HOT1A3,lldP,L-lactate permease,Energy production,informative_multi,1,3.0,1,12.0,3,eggnog,Proteobacteria,0.52,0.3649558469518518,0.15,0.18977704041496293,WP_061486133.1,eggnog:1MV13@1224
alt,10,EZ55_03376,Alteromonas macleodii EZ55,,EF-hand domain-containing protein,Unknown,informative_single,4,2.0,2,15.0,1,eggnog,Alteromonadaceae,0.7000000000000001,0.2698967640482536,0.35,0.18892773483377753,WP_156086941.1,eggnog:46CBI@72275
alt,11,ACZ81_17215,Alteromonas macleodii HOT1A3,,FG-GAP-like repeat-containing protein,Cell wall and membrane,informative_multi,2,2.0,1,11.0,2,eggnog,Bacteria,0.6200000000000001,0.3032124098125054,0.15,0.18799169408375338,WP_158511557.1,eggnog:COG1361@2
alt,12,DEH24_01620,Alteromonas (MarRef v6),tsaA,alkyl hydroperoxide reductase,Post-translational modification,informative_multi,4,1.0,1,10.0,1,eggnog,Alteromonadaceae,0.76,0.24093024401469773,0.15,0.18310698545117027,HBY38081.1,eggnog:46531@72275
alt,13,DEH24_07870,Alteromonas (MarRef v6),lpdA,dihydrolipoyl dehydrogenase,Energy production,informative_multi,4,1.0,1,10.0,1,eggnog,Alteromonadaceae,0.76,0.24093024401469773,0.15,0.18310698545117027,HBY39317.1,eggnog:463YH@72275
alt,14,EZ55_00872,Alteromonas macleodii EZ55,,organic hydroperoxide resistance protein,Post-translational modification,informative_multi,4,1.0,1,10.0,1,eggnog,Alteromonadaceae,0.76,0.24093024401469773,0.15,0.18310698545117027,WP_014948414.1,eggnog:467CA@72275
alt,15,EZ55_00776,Alteromonas macleodii EZ55,,tetratricopeptide repeat protein,Cell motility,informative_multi,1,1.0,1,17.0,1,eggnog,Alteromonadaceae,0.64,0.2790022465888207,0.15,0.17856143781684528,WP_156085958.1,eggnog:467MF@72275
alt,16,EZ55_02634,Alteromonas macleodii EZ55,,HvfA family oxazolone/thioamide-modified RiPP metallophore,Unknown,informative_single,4,1.0,1,9.0,1,eggnog,Alteromonadaceae,0.76,0.23356207615155639,0.35,0.17750717787518286,WP_156086632.1,eggnog:466Z0@72275
alt,17,ACZ81_07715,Alteromonas macleodii HOT1A3,romA,MBL fold metallo-hydrolase,Unknown,informative_multi,1,1.0,2,16.0,1,eggnog,Alteromonadaceae,0.64,0.27458348682120426,0.15,0.17573343156557072,WP_081106076.1,eggnog:4660C@72275
alt,18,DEH24_09265,Alteromonas (MarRef v6),rne,hypothetical protein,Translation,informative_multi,3,1.0,1,10.0,1,eggnog,Alteromonadaceae,0.72,0.24093024401469773,0.15,0.17346977569058236,HBY39595.1,eggnog:464FV@72275
alt,19,DEH24_13670,Alteromonas (MarRef v6),,isocitrate dehydrogenase,Energy production,informative_multi,3,1.0,1,10.0,1,eggnog,Alteromonadaceae,0.72,0.24093024401469773,0.15,0.17346977569058236,HBY40467.1,eggnog:464QC@72275
alt,20,MIT1002_02386,Alteromonas macleodii MIT1002,ytjA,DUF1328 domain-containing protein,Unknown,informative_single,1,4.0,1,14.0,3,eggnog,Proteobacteria,0.45999999999999996,0.3760185795945383,0.35,0.17296854661348762,WP_049587611.1,eggnog:1NGAH@1224
alt,21,EZ55_02165,Alteromonas macleodii EZ55,,DoxX family protein,Unknown,informative_multi,4,2.0,1,10.0,1,eggnog,Alteromonadaceae,0.7000000000000001,0.24093024401469773,0.15,0.16865117081028844,WP_014949616.1,eggnog:466ZI@72275
alt,22,EZ55_03067,Alteromonas macleodii EZ55,,AAA family ATPase,Cell cycle and division,informative_multi,2,1.0,1,11.0,1,eggnog,Alteromonadaceae,0.6799999999999999,0.2476568542569499,0.15,0.16840666089472592,WP_156086818.1,eggnog:46501@72275
alt,23,EZ55_02348,Alteromonas macleodii EZ55,metE,methionine synthase,Amino acid metabolism,informative_multi,3,1.0,3,9.0,1,eggnog,Alteromonadaceae,0.72,0.23356207615155639,0.15,0.16816469482912058,WP_014949790.1,eggnog:464VV@72275
alt,24,MIT1002_03521,Alteromonas macleodii MIT1002,,S8 family peptidase,Post-translational modification,informative_multi,2,2.0,3,15.0,1,eggnog,Alteromonadaceae,0.6200000000000001,0.2698967640482536,0.15,0.16733599370991725,WP_049586980.1,eggnog:468YY@72275
alt,25,EZ55_02158,Alteromonas macleodii EZ55,yhhW,pirin family protein,Unknown,informative_multi,4,1.0,1,7.0,1,eggnog,Alteromonadaceae,0.76,0.21631146192507905,0.15,0.16439671106306009,WP_156086465.1,eggnog:466FN@72275
alt,26,DEH24_15900,Alteromonas (MarRef v6),purB,adenylosuccinate lyase,Nucleotide metabolism,informative_multi,2,1.0,1,10.0,1,eggnog,Alteromonadaceae,0.6799999999999999,0.24093024401469773,0.15,0.16383256592999446,HBY40908.1,eggnog:464G4@72275
alt,27,EZ55_03747,Alteromonas macleodii EZ55,,MFS transporter,Carbohydrate metabolism,informative_multi,2,1.0,2,10.0,1,eggnog,Alteromonadaceae,0.6799999999999999,0.24093024401469773,0.15,0.16383256592999446,WP_156087072.1,eggnog:464WI@72275
alt,28,DEH24_15195,Alteromonas (MarRef v6),secA,preprotein translocase subunit SecA,Intracellular trafficking,informative_multi,1,1.0,1,12.0,1,eggnog,Alteromonadaceae,0.64,0.25384473584074063,0.15,0.162460630938074,HBY40769.1,eggnog:464S6@72275
alt,29,EZ55_00798,Alteromonas macleodii EZ55,,spondin domain-containing protein,Unknown,informative_single,3,1.0,1,8.0,1,eggnog,Alteromonadaceae,0.72,0.22541694446564625,0.35,0.1623002000152653,WP_101563515.1,eggnog:466IE@72275
alt,30,DEH24_11560,Alteromonas (MarRef v6),cysD,sulfate adenylyltransferase subunit CysD,Coenzyme metabolism,informative_multi,3,2.0,1,10.0,1,eggnog,Alteromonadaceae,0.66,0.24093024401469773,0.15,0.1590139610497005,HBY40050.1,eggnog:464C9@72275
alt,31,DEH24_17975,Alteromonas (MarRef v6),,DUF1329 domain-containing protein,Unknown,informative_single,3,2.0,1,10.0,1,eggnog,Alteromonadaceae,0.66,0.24093024401469773,0.35,0.1590139610497005,HBY41322.1,eggnog:464MQ@72275
alt,32,ACZ81_14325,Alteromonas macleodii HOT1A3,,retropepsin-like aspartic protease,Unknown,informative_multi,2,1.0,1,9.0,1,eggnog,Alteromonadaceae,0.6799999999999999,0.23356207615155639,0.15,0.15882221178305833,WP_014950335.1,eggnog:46B7K@72275
alt,33,EZ55_02855,Alteromonas macleodii EZ55,suxA,TonB-dependent receptor,Cell wall and membrane,informative_multi,2,1.0,2,9.0,1,eggnog,Alteromonadaceae,0.6799999999999999,0.23356207615155639,0.15,0.15882221178305833,WP_156086697.1,eggnog:46441@72275
alt,34,EZ55_02884,Alteromonas macleodii EZ55,,hypothetical protein,Unknown,no_evidence,2,1.0,1,9.0,1,eggnog,Alteromonadaceae,0.6799999999999999,0.23356207615155639,1.0,0.15882221178305833,WP_014950289.1,eggnog:46CA4@72275
alt,35,EZ55_02347,Alteromonas macleodii EZ55,,DUF1852 domain-containing protein,Unknown,informative_single,2,1.0,3,9.0,1,eggnog,Alteromonadaceae,0.6799999999999999,0.23356207615155639,0.35,0.15882221178305833,WP_014949789.1,eggnog:465VF@72275
alt,36,EZ55_03498,Alteromonas macleodii EZ55,actP,sodium:solute symporter family protein,Unknown,informative_multi,2,1.0,2,9.0,1,eggnog,Alteromonadaceae,0.6799999999999999,0.23356207615155639,0.15,0.15882221178305833,WP_014980378.1,eggnog:4640T@72275
alt,37,ACZ81_05350,Alteromonas macleodii HOT1A3,cynT,carbonic anhydrase,Inorganic ion transport,informative_multi,1,1.0,1,11.0,1,eggnog,Alteromonadaceae,0.64,0.2476568542569499,0.15,0.15850038672444794,WP_014948664.1,eggnog:464WD@72275
alt,38,DEH24_16630,Alteromonas (MarRef v6),serA,phosphoglycerate dehydrogenase,Amino acid metabolism,informative_multi,2,2.0,1,12.0,1,eggnog,Alteromonadaceae,0.6200000000000001,0.25384473584074063,0.15,0.15738373622125923,HBY41054.1,eggnog:464BH@72275
alt,39,ACZ81_07025,Alteromonas macleodii HOT1A3,,TonB-dependent receptor,Inorganic ion transport,informative_multi,1,1.0,1,10.0,1,eggnog,Alteromonadaceae,0.64,0.24093024401469773,0.15,0.15419535616940655,WP_081106072.1,eggnog:465FH@72275
alt,40,DEH24_01275,Alteromonas (MarRef v6),dnaN,DNA polymerase III subunit beta,Replication and repair,informative_multi,1,1.0,1,10.0,1,eggnog,Alteromonadaceae,0.64,0.24093024401469773,0.15,0.15419535616940655,HBY38014.1,eggnog:4648R@72275
alt,41,DEH24_08800,Alteromonas (MarRef v6),pyrB,aspartate carbamoyltransferase,Nucleotide metabolism,informative_multi,1,1.0,1,10.0,1,eggnog,Alteromonadaceae,0.64,0.24093024401469773,0.15,0.15419535616940655,HBY39503.1,eggnog:465UN@72275
alt,42,DEH24_10240,Alteromonas (MarRef v6),sucB,dihydrolipoamide succinyltransferase,Energy production,informative_multi,1,1.0,1,10.0,1,eggnog,Alteromonadaceae,0.64,0.24093024401469773,0.15,0.15419535616940655,HBY39788.1,eggnog:464AW@72275
alt,43,DEH24_11265,Alteromonas (MarRef v6),sdhA,succinate dehydrogenase flavoprotein subunit,Energy production,informative_multi,1,1.0,1,10.0,1,eggnog,Alteromonadaceae,0.64,0.24093024401469773,0.15,0.15419535616940655,HBY39991.1,eggnog:4646I@72275
alt,44,DEH24_19170,Alteromonas (MarRef v6),glgP,glycogen/starch/alpha-glucan phosphorylase,Carbohydrate metabolism,informative_multi,1,1.0,1,10.0,1,eggnog,Alteromonadaceae,0.64,0.24093024401469773,0.15,0.15419535616940655,HBY41560.1,eggnog:464XN@72275
alt,45,DEH24_21385,Alteromonas (MarRef v6),ilvH,acetolactate synthase small subunit,Amino acid metabolism,informative_multi,1,1.0,1,10.0,1,eggnog,Alteromonadaceae,0.64,0.24093024401469773,0.15,0.15419535616940655,HBY41995.1,eggnog:466IV@72275
alt,46,EZ55_01782,Alteromonas macleodii EZ55,,DUF3718 domain-containing protein,Unknown,informative_single,3,2.0,1,9.0,1,eggnog,Alteromonadaceae,0.66,0.23356207615155639,0.35,0.15415097026002722,WP_014949240.1,eggnog:467J6@72275
alt,47,ACZ81_02025,Alteromonas macleodii HOT1A3,katA,catalase,Energy production,informative_multi,2,3.0,2,16.0,1,eggnog,Alteromonadaceae,0.56,0.27458348682120426,0.15,0.1537667526198744,WP_014975484.1,eggnog:464SN@72275
alt,48,DEH24_14880,Alteromonas (MarRef v6),infB,translation initiation factor IF-2,Translation,informative_multi,2,2.0,2,11.0,1,eggnog,Alteromonadaceae,0.6200000000000001,0.2476568542569499,0.15,0.15354724963930896,HBY40706.1,eggnog:46433@72275
alt,49,DEH24_16415,Alteromonas (MarRef v6),arcA,two-component system response regulator ArcA,Transcription,informative_multi,3,3.0,1,12.0,1,eggnog,Alteromonadaceae,0.6,0.25384473584074063,0.15,0.15230684150444437,HBY41011.1,eggnog:465BX@72275
alt,50,EZ55_00310,Alteromonas macleodii EZ55,aer2,methyl-accepting chemotaxis protein,Signal transduction,informative_multi,1,3.0,1,20.0,1,eggnog,Alteromonadaceae,0.52,0.2909192116760386,0.15,0.15127799007154008,WP_418655454.1,eggnog:4646N@72275
alt,51,ACZ81_08845,Alteromonas macleodii HOT1A3,ahpF,alkyl hydroperoxide reductase subunit F,Post-translational modification,informative_multi,2,2.0,2,10.0,1,eggnog,Alteromonadaceae,0.6200000000000001,0.24093024401469773,0.15,0.14937675128911262,WP_061485746.1,eggnog:465DW@72275
alt,52,DEH24_14245,Alteromonas (MarRef v6),argG,argininosuccinate synthase,Amino acid metabolism,informative_multi,2,2.0,1,10.0,1,eggnog,Alteromonadaceae,0.6200000000000001,0.24093024401469773,0.15,0.14937675128911262,HBY40581.1,eggnog:464YE@72275
alt,53,EZ55_00205,Alteromonas macleodii EZ55,galK,galactokinase,Carbohydrate metabolism,informative_multi,2,2.0,1,10.0,1,eggnog,Alteromonadaceae,0.6200000000000001,0.24093024401469773,0.15,0.14937675128911262,WP_014947879.1,eggnog:465EG@72275
alt,54,EZ55_03068,Alteromonas macleodii EZ55,,hypothetical protein,Unknown,informative_single,2,2.0,1,10.0,1,eggnog,Proteobacteria,0.6200000000000001,0.24093024401469773,0.35,0.14937675128911262,WP_014950448.1,eggnog:1QH72@1224
alt,55,EZ55_03522,Alteromonas macleodii EZ55,katB,catalase,Energy production,informative_multi,2,2.0,2,10.0,1,eggnog,Alteromonadaceae,0.6200000000000001,0.24093024401469773,0.15,0.14937675128911262,WP_273070703.1,eggnog:4644E@72275
alt,56,MIT1002_00930,Alteromonas macleodii MIT1002,,DUF3718 domain-containing protein,Unknown,informative_single,2,2.0,1,10.0,1,eggnog,Alteromonadaceae,0.6200000000000001,0.24093024401469773,0.35,0.14937675128911262,WP_014948465.1,eggnog:468CU@72275
alt,57,EZ55_03499,Alteromonas macleodii EZ55,,DUF4212 domain-containing protein,Unknown,informative_single,2,2.0,2,10.0,1,eggnog,Alteromonadaceae,0.6200000000000001,0.24093024401469773,0.35,0.14937675128911262,WP_014950817.1,eggnog:468I1@72275
alt,58,EZ55_01738,Alteromonas macleodii EZ55,,nuclear transport factor 2 family protein,Unknown,informative_single,3,1.0,1,6.0,1,eggnog,Alteromonadaceae,0.72,0.20598851722099326,0.35,0.14831173239911513,WP_014979105.1,eggnog:46728@72275
alt,59,ACZ81_16910,Alteromonas macleodii HOT1A3,ankB,ankyrin repeat domain-containing protein,Unknown,informative_multi,2,1.0,1,7.0,1,eggnog,Alteromonadaceae,0.6799999999999999,0.21631146192507905,0.15,0.14709179410905374,WP_014950839.1,eggnog:468HU@72275
alt,60,ACZ81_07970,Alteromonas macleodii HOT1A3,wcaJ,undecaprenyl-phosphate glucose phosphotransferase,Cell wall and membrane,informative_multi,1,1.0,1,8.0,1,eggnog,Alteromonadaceae,0.64,0.22541694446564625,0.15,0.1442668444580136,WP_061485569.1,eggnog:46597@72275
alt,61,ACZ81_19860,Alteromonas macleodii HOT1A3,atpE,F0F1 ATP synthase subunit C,Energy production,informative_multi,1,1.0,1,8.0,1,eggnog,Alteromonadaceae,0.64,0.22541694446564625,0.15,0.1442668444580136,WP_012520222.1,eggnog:468H6@72275
alt,62,MIT1002_03278,Alteromonas macleodii MIT1002,pedF,cytochrome c-550 PedF,Energy production,informative_multi,1,1.0,1,8.0,1,eggnog,Alteromonadaceae,0.64,0.22541694446564625,0.15,0.1442668444580136,WP_014950662.1,eggnog:468QM@72275
alt,63,MIT1002_03279,Alteromonas macleodii MIT1002,pedH,PQQ-dependent methanol/ethanol family dehydrogenase,Carbohydrate metabolism,informative_multi,1,1.0,1,8.0,1,eggnog,Alteromonadaceae,0.64,0.22541694446564625,0.15,0.1442668444580136,WP_197047979.1,eggnog:4663U@72275
alt,64,EZ55_03366,Alteromonas macleodii EZ55,,endonuclease/exonuclease/phosphatase family protein,Replication and repair,informative_multi,1,2.0,1,11.0,1,eggnog,Alteromonadaceae,0.5800000000000001,0.2476568542569499,0.15,0.14364097546903096,WP_014949486.1,eggnog:466FM@72275
alt,65,EZ55_02372,Alteromonas macleodii EZ55,maoP,DUF413 domain-containing protein,Unknown,informative_single,3,2.0,1,7.0,1,eggnog,Alteromonadaceae,0.66,0.21631146192507905,0.35,0.14276556487055217,WP_049587633.1,eggnog:468SJ@72275
alt,66,EZ55_01932,Alteromonas macleodii EZ55,proA,glutamate-5-semialdehyde dehydrogenase,Amino acid metabolism,informative_multi,2,3.0,1,12.0,1,eggnog,Alteromonadaceae,0.56,0.25384473584074063,0.15,0.14215305207081477,WP_061485817.1,eggnog:464S8@72275
alt,67,ACZ81_18535,Alteromonas macleodii HOT1A3,,TonB-dependent receptor,Inorganic ion transport,informative_multi,2,1.0,3,6.0,1,eggnog,Alteromonadaceae,0.6799999999999999,0.20598851722099326,0.15,0.1400721917102754,WP_014951136.1,eggnog:46CI9@72275
alt,68,EZ55_02929,Alteromonas macleodii EZ55,,marine proteobacterial sortase target protein,Unknown,informative_multi,2,2.0,1,8.0,1,eggnog,Alteromonadaceae,0.6200000000000001,0.22541694446564625,0.15,0.1397585055687007,WP_156086745.1,eggnog:46676@72275
alt,69,ACZ81_06975,Alteromonas macleodii HOT1A3,bamE,outer membrane protein assembly factor BamE,Translation,informative_multi,1,2.0,2,10.0,1,eggnog,Alteromonadaceae,0.5800000000000001,0.24093024401469773,0.15,0.1397395415285247,WP_012517879.1,eggnog:467KN@72275
alt,70,ACZ81_15570,Alteromonas macleodii HOT1A3,plsC,1-acylglycerol-3-phosphate O-acyltransferase,Lipid metabolism,informative_multi,1,2.0,1,10.0,1,eggnog,Alteromonadaceae,0.5800000000000001,0.24093024401469773,0.15,0.1397395415285247,WP_061486484.1,eggnog:466JE@72275
alt,71,DEH24_08275,Alteromonas (MarRef v6),yhbH,ribosome hibernation promoting factor,Translation,informative_multi,1,2.0,1,10.0,1,eggnog,Alteromonadaceae,0.5800000000000001,0.24093024401469773,0.15,0.1397395415285247,HBY39398.1,eggnog:467QQ@72275
alt,72,DEH24_11000,Alteromonas (MarRef v6),gltD,glutamate synthase small subunit,Amino acid metabolism,informative_multi,1,2.0,1,10.0,1,eggnog,Alteromonadaceae,0.5800000000000001,0.24093024401469773,0.15,0.1397395415285247,HBY39938.1,eggnog:464UQ@72275
alt,73,EZ55_01931,Alteromonas macleodii EZ55,proB,glutamate 5-kinase,Amino acid metabolism,informative_multi,1,2.0,1,10.0,1,eggnog,Alteromonadaceae,0.5800000000000001,0.24093024401469773,0.15,0.1397395415285247,WP_156086388.1,eggnog:4663J@72275
alt,74,ACZ81_20300,Alteromonas macleodii HOT1A3,,hypothetical protein,Unknown,no_evidence,1,1.0,1,7.0,1,eggnog,Alteromonadaceae,0.64,0.21631146192507905,1.0,0.1384393356320506,WP_158511561.1,eggnog:469NV@72275
alt,75,EZ55_02930,Alteromonas macleodii EZ55,srtA,class GN sortase,Cell wall and membrane,informative_multi,1,1.0,1,7.0,1,eggnog,Alteromonadaceae,0.64,0.21631146192507905,0.15,0.1384393356320506,WP_014950323.1,eggnog:467ZM@72275
alt,76,MIT1002_01198,Alteromonas macleodii MIT1002,,response regulator transcription factor,Transcription,informative_multi,1,3.0,2,14.0,1,eggnog,Alteromonadaceae,0.52,0.26490746848342717,0.15,0.13775188361138213,WP_049585783.1,eggnog:46AKB@72275
alt,77,EZ55_03398,Alteromonas macleodii EZ55,,hypothetical protein,Unknown,no_evidence,4,4.0,1,9.0,1,eggnog,Alteromonadaceae,0.5800000000000001,0.23356207615155639,1.0,0.13546600416790272,WP_014977415.1,eggnog:468ZJ@72275
alt,78,ACZ81_00265,Alteromonas macleodii HOT1A3,rpmB,50S ribosomal protein L28,Translation,informative_multi,1,2.0,1,9.0,1,eggnog,Alteromonadaceae,0.5800000000000001,0.23356207615155639,0.15,0.13546600416790272,WP_014947757.1,eggnog:467R5@72275
alt,79,ACZ81_03035,Alteromonas macleodii HOT1A3,,hypothetical protein,Unknown,no_evidence,1,2.0,1,9.0,1,eggnog,Alteromonadaceae,0.5800000000000001,0.23356207615155639,1.0,0.13546600416790272,WP_044556911.1,eggnog:4691K@72275
alt,80,ACZ81_16310,Alteromonas macleodii HOT1A3,pspA,phage shock protein PspA,Transcription,informative_multi,1,2.0,2,9.0,1,eggnog,Alteromonadaceae,0.5800000000000001,0.23356207615155639,0.15,0.13546600416790272,WP_014950724.1,eggnog:46773@72275
alt,81,ACZ81_19450,Alteromonas macleodii HOT1A3,,C1 family peptidase,Post-translational modification,informative_multi,1,2.0,1,9.0,1,eggnog,Proteobacteria,0.5800000000000001,0.23356207615155639,0.15,0.13546600416790272,WP_061486834.1,eggnog:1MV6S@1224
alt,82,DEH24_13920,Alteromonas (MarRef v6),yicC,YicC family protein,Unknown,informative_multi,1,2.0,1,9.0,1,eggnog,Alteromonadaceae,0.5800000000000001,0.23356207615155639,0.15,0.13546600416790272,HBY40516.1,eggnog:464U7@72275
alt,83,MIT1002_03321,Alteromonas macleodii MIT1002,exaC,acetaldehyde dehydrogenase ExaC,Energy production,informative_multi,1,2.0,1,9.0,1,eggnog,Alteromonadaceae,0.5800000000000001,0.23356207615155639,0.15,0.13546600416790272,WP_014950684.1,eggnog:465NN@72275
alt,84,DEH24_12145,Alteromonas (MarRef v6),aroF,3-deoxy-7-phosphoheptulonate synthase,Amino acid metabolism,informative_multi,2,3.0,1,10.0,1,eggnog,Alteromonadaceae,0.56,0.24093024401469773,0.15,0.13492093664823074,HBY40165.1,eggnog:465DU@72275
alt,85,EZ55_00390,Alteromonas macleodii EZ55,glnK,P-II family nitrogen regulator,Transcription,informative_multi,2,3.0,2,10.0,1,eggnog,Alteromonadaceae,0.56,0.24093024401469773,0.15,0.13492093664823074,WP_012516988.1,eggnog:467D0@72275
alt,86,EZ55_01828,Alteromonas macleodii EZ55,,DUF547 domain-containing protein,Unknown,informative_single,2,2.0,1,7.0,1,eggnog,Alteromonadaceae,0.6200000000000001,0.21631146192507905,0.35,0.13411310639354904,WP_061485756.1,eggnog:466I5@72275
alt,87,EZ55_03037,Alteromonas macleodii EZ55,,methyl-accepting chemotaxis protein,Cell motility,informative_multi,1,1.0,1,6.0,1,eggnog,Proteobacteria,0.64,0.20598851722099326,0.15,0.13183265102143568,WP_039227964.1,eggnog:1N5N4@1224
alt,88,EZ55_01810,Alteromonas macleodii EZ55,,2OG-Fe(II) oxygenase,Post-translational modification,informative_multi,2,3.0,1,9.0,1,eggnog,Alteromonadaceae,0.56,0.23356207615155639,0.15,0.13079476264487158,WP_156086337.1,eggnog:46712@72275
alt,89,EZ55_02501,Alteromonas macleodii EZ55,gtfA,sucrose phosphorylase,Carbohydrate metabolism,informative_multi,2,3.0,1,9.0,1,eggnog,Alteromonadaceae,0.56,0.23356207615155639,0.15,0.13079476264487158,WP_131136549.1,eggnog:467J0@72275
alt,90,EZ55_02876,Alteromonas macleodii EZ55,betB,betaine-aldehyde dehydrogenase,Energy production,informative_multi,2,3.0,1,9.0,1,eggnog,Alteromonadaceae,0.56,0.23356207615155639,0.15,0.13079476264487158,WP_014950281.1,eggnog:465SI@72275
alt,91,ACZ81_15955,Alteromonas macleodii HOT1A3,,porin family protein,Cell wall and membrane,informative_multi,1,2.0,2,8.0,1,eggnog,Proteobacteria,0.5800000000000001,0.22541694446564625,0.15,0.13074182779007484,WP_061486522.1,eggnog:1N1M5@1224
alt,92,ACZ81_16595,Alteromonas macleodii HOT1A3,rutC,pyrimidine utilization protein C,Translation,informative_multi,1,2.0,1,8.0,1,eggnog,Alteromonadaceae,0.5800000000000001,0.22541694446564625,0.15,0.13074182779007484,WP_061486583.1,eggnog:46B00@72275
alt,93,ACZ81_18755,Alteromonas macleodii HOT1A3,,hypothetical protein,Unknown,no_evidence,1,2.0,1,8.0,1,eggnog,Alteromonadaceae,0.5800000000000001,0.22541694446564625,1.0,0.13074182779007484,WP_014951188.1,eggnog:46BHT@72275
alt,94,ACZ81_11930,Alteromonas macleodii HOT1A3,,ExeM/NucH family extracellular endonuclease,Replication and repair,informative_multi,1,4.0,1,18.0,1,eggnog,Alteromonadaceae,0.45999999999999996,0.28318203476077547,0.15,0.13026373598995672,WP_061486054.1,eggnog:46500@72275
alt,95,EZ55_02269,Alteromonas macleodii EZ55,azoR,FMN-dependent NADH-azoreductase,Lipid metabolism,informative_multi,3,4.0,1,10.0,1,eggnog,Alteromonadaceae,0.54,0.24093024401469773,0.15,0.13010233176793679,WP_039225536.1,eggnog:466Y8@72275
alt,96,MIT1002_02418,Alteromonas macleodii MIT1002,,glycosyltransferase family 2 protein,Unknown,informative_multi,1,3.0,1,11.0,1,eggnog,Alteromonadaceae,0.52,0.2476568542569499,0.15,0.12878156421361395,WP_049589024.1,eggnog:46AJB@72275
alt,97,ACZ81_02485,Alteromonas macleodii HOT1A3,glyA,serine hydroxymethyltransferase,Amino acid metabolism,informative_multi,1,4.0,1,17.0,1,eggnog,Alteromonadaceae,0.45999999999999996,0.2790022465888207,0.15,0.1283410334308575,WP_061439323.1,eggnog:4641N@72275
alt,98,EZ55_01737,Alteromonas macleodii EZ55,,glutathione S-transferase family protein,Post-translational modification,informative_multi,2,2.0,2,6.0,1,eggnog,Alteromonadaceae,0.6200000000000001,0.20598851722099326,0.15,0.12771288067701583,WP_156086301.1,eggnog:46780@72275
alt,99,MIT1002_02110,Alteromonas macleodii MIT1002,tnpT,DNA-binding protein,Cell wall and membrane,informative_multi,1,2.0,1,3.0,2,eggnog,Proteobacteria,0.5800000000000001,0.2182817153574601,0.15,0.1266033949073269,WP_049588580.1,eggnog:1QVEW@1224
alt,100,EZ55_03446,Alteromonas macleodii EZ55,,hypothetical protein,Unknown,no_evidence,2,3.0,1,8.0,1,eggnog,Proteobacteria,0.56,0.22541694446564625,1.0,0.12623348890076191,WP_156086949.1,eggnog:1N6MB@1224
alt,101,EZ55_02919,Alteromonas macleodii EZ55,pfpI,type 1 glutamine amidotransferase domain-containing protein,Unknown,informative_multi,3,4.0,1,9.0,1,eggnog,Alteromonadaceae,0.54,0.23356207615155639,0.15,0.12612352112184044,WP_156086738.1,eggnog:466SW@72275
alt,102,ACZ81_00050,Alteromonas macleodii HOT1A3,yihI,Der GTPase-activating protein YihI,Unknown,informative_multi,1,3.0,1,10.0,1,eggnog,Alteromonadaceae,0.52,0.24093024401469773,0.15,0.12528372688764283,WP_014947719.1,eggnog:468FG@72275
alt,103,EZ55_00161,Alteromonas macleodii EZ55,yacH,DUF3300 domain-containing protein,Unknown,informative_single,1,3.0,1,10.0,1,eggnog,Alteromonadaceae,0.52,0.24093024401469773,0.35,0.12528372688764283,WP_156085737.1,eggnog:46D5P@72275
alt,104,EZ55_02008,Alteromonas macleodii EZ55,,TonB-dependent receptor,Coenzyme metabolism,informative_multi,1,3.0,2,10.0,1,eggnog,Alteromonadaceae,0.52,0.24093024401469773,0.15,0.12528372688764283,WP_156086418.1,eggnog:464K9@72275
alt,105,EZ55_03340,Alteromonas macleodii EZ55,mmsB,3-hydroxyisobutyrate dehydrogenase,Lipid metabolism,informative_multi,1,3.0,1,10.0,1,eggnog,Alteromonadaceae,0.52,0.24093024401469773,0.15,0.12528372688764283,WP_061486531.1,eggnog:464MY@72275
alt,106,MIT1002_00415,Alteromonas macleodii MIT1002,,hypothetical protein,Unknown,no_evidence,1,3.0,1,10.0,1,eggnog,Alteromonadaceae,0.52,0.24093024401469773,1.0,0.12528372688764283,WP_049588553.1,eggnog:4694D@72275
alt,107,MIT1002_00747,Alteromonas macleodii MIT1002,benE,benzoate/H(+) symporter BenE family transporter,Secondary metabolites,informative_multi,1,3.0,1,10.0,1,eggnog,Alteromonadaceae,0.52,0.24093024401469773,0.15,0.12528372688764283,WP_049587052.1,eggnog:4660J@72275
alt,108,ACZ81_02460,Alteromonas macleodii HOT1A3,,TonB-dependent receptor,Inorganic ion transport,informative_multi,1,3.0,2,9.0,1,eggnog,Alteromonadaceae,0.52,0.23356207615155639,0.15,0.12145227959880932,WP_014975544.1,eggnog:4673Y@72275
alt,109,ACZ81_10105,Alteromonas macleodii HOT1A3,sdaA,L-serine ammonia-lyase,Amino acid metabolism,informative_multi,1,3.0,1,9.0,1,eggnog,Alteromonadaceae,0.52,0.23356207615155639,0.15,0.12145227959880932,WP_061485894.1,eggnog:46637@72275
alt,110,ACZ81_10335,Alteromonas macleodii HOT1A3,,c-type cytochrome,Energy production,informative_multi,1,3.0,1,9.0,1,eggnog,Alteromonadaceae,0.52,0.23356207615155639,0.15,0.12145227959880932,WP_014949583.1,eggnog:46AXG@72275
alt,111,ACZ81_19000,Alteromonas macleodii HOT1A3,cyoB,cytochrome o ubiquinol oxidase subunit I,Energy production,informative_multi,1,3.0,1,9.0,1,eggnog,Alteromonadaceae,0.52,0.23356207615155639,0.15,0.12145227959880932,WP_014980664.1,eggnog:465FP@72275
alt,112,MIT1002_03286,Alteromonas macleodii MIT1002,pqqB,pyrroloquinoline quinone biosynthesis protein PqqB,Unknown,informative_multi,1,3.0,1,9.0,1,eggnog,Alteromonadaceae,0.52,0.23356207615155639,0.15,0.12145227959880932,WP_014950672.1,eggnog:4655A@72275
alt,113,ACZ81_02915,Alteromonas macleodii HOT1A3,prnA,tryptophan halogenase family protein,Amino acid metabolism,informative_multi,1,5.0,1,23.0,1,eggnog,Alteromonadaceae,0.4,0.3012421563801244,0.15,0.12049686255204978,WP_061439430.1,eggnog:463ZR@72275
alt,114,EZ55_00391,Alteromonas macleodii EZ55,amtB,ammonium transporter,Inorganic ion transport,informative_multi,2,4.0,1,10.0,1,eggnog,Alteromonadaceae,0.5,0.24093024401469773,0.15,0.12046512200734887,WP_014948004.1,eggnog:4652P@72275
alt,115,EZ55_03008,Alteromonas macleodii EZ55,,SIMPL domain-containing protein,Unknown,informative_single,2,4.0,1,10.0,1,eggnog,Alteromonadaceae,0.5,0.24093024401469773,0.35,0.12046512200734887,WP_014977212.1,eggnog:466G0@72275
alt,116,EZ55_04065,Alteromonas macleodii EZ55,ilvC,ketol-acid reductoisomerase,Amino acid metabolism,informative_multi,2,4.0,1,10.0,1,eggnog,Alteromonadaceae,0.5,0.24093024401469773,0.15,0.12046512200734887,WP_014951396.1,eggnog:464ET@72275
alt,117,ACZ81_04245,Alteromonas macleodii HOT1A3,yhiI,HlyD family secretion protein,Cell wall and membrane,informative_multi,1,2.0,1,6.0,1,eggnog,Alteromonadaceae,0.5800000000000001,0.20598851722099326,0.15,0.11947333998817611,WP_053103809.1,eggnog:468JU@72275
alt,118,DEH24_15880,Alteromonas (MarRef v6),icd,NADP-dependent isocitrate dehydrogenase,Energy production,informative_multi,3,5.0,1,11.0,1,eggnog,Alteromonadaceae,0.48,0.2476568542569499,0.15,0.11887529004333594,HBY40904.1,eggnog:464R6@72275
alt,119,ACZ81_03615,Alteromonas macleodii HOT1A3,,thermostable hemolysin,Unknown,informative_single,1,3.0,2,8.0,1,eggnog,Alteromonadaceae,0.52,0.22541694446564625,0.35,0.11721681112213606,WP_061486929.1,eggnog:468BQ@72275
alt,120,ACZ81_16585,Alteromonas macleodii HOT1A3,rutE,malonic semialdehyde reductase,Energy production,informative_multi,1,3.0,1,8.0,1,eggnog,Alteromonadaceae,0.52,0.22541694446564625,0.15,0.11721681112213606,WP_014977452.1,eggnog:46A8S@72275
alt,121,EZ55_03829,Alteromonas macleodii EZ55,,glycoside hydrolase family 16 protein,Carbohydrate metabolism,informative_multi,1,3.0,1,8.0,1,eggnog,Alteromonadaceae,0.52,0.22541694446564625,0.15,0.11721681112213606,WP_156087119.1,eggnog:463ZT@72275
alt,122,EZ55_02006,Alteromonas macleodii EZ55,,TonB-dependent receptor,Inorganic ion transport,informative_multi,2,4.0,2,9.0,1,eggnog,Alteromonadaceae,0.5,0.23356207615155639,0.15,0.11678103807577819,WP_156086417.1,eggnog:464SZ@72275
alt,123,EZ55_01991,Alteromonas macleodii EZ55,yqjG,glutathione S-transferase family protein,Post-translational modification,informative_multi,3,5.0,1,10.0,1,eggnog,Alteromonadaceae,0.48,0.24093024401469773,0.15,0.11564651712705491,WP_014979276.1,eggnog:4651K@72275
alt,124,EZ55_01736,Alteromonas macleodii EZ55,,pyridoxamine 5^-phosphate oxidase family protein,Unknown,informative_single,2,3.0,1,6.0,1,eggnog,Alteromonadaceae,0.56,0.20598851722099326,0.35,0.11535356964375623,WP_156086300.1,eggnog:46D4A@72275
alt,125,EZ55_03166,Alteromonas macleodii EZ55,acnD,Fe/S-dependent 2-methylisocitrate dehydratase AcnD,Energy production,informative_multi,1,5.0,1,19.0,1,eggnog,Alteromonadaceae,0.4,0.28714737827473086,0.15,0.11485895130989235,WP_156086851.1,eggnog:465HN@72275
alt,126,DEH24_12210,Alteromonas (MarRef v6),ssb,single-stranded DNA-binding protein,Replication and repair,informative_multi,1,4.0,1,11.0,1,eggnog,Alteromonadaceae,0.45999999999999996,0.2476568542569499,0.15,0.11392215295819694,HBY40178.1,eggnog:466WC@72275
alt,127,ACZ81_03625,Alteromonas macleodii HOT1A3,,TVP38/TMEM64 family protein,Unknown,informative_multi,1,6.0,2,16.0,2,eggnog,Proteobacteria,0.33999999999999997,0.33013904237675984,0.15,0.11224727440809834,WP_014975715.1,eggnog:1RDYV@1224
alt,128,ACZ81_08360,Alteromonas macleodii HOT1A3,VP2647,DUF2061 domain-containing protein,Unknown,informative_single,1,4.0,1,10.0,1,eggnog,Alteromonadaceae,0.45999999999999996,0.24093024401469773,0.35,0.11082791224676095,WP_014976293.1,eggnog:468ER@72275
alt,129,ACZ81_09710,Alteromonas macleodii HOT1A3,rimO,30S ribosomal protein S12 methylthiotransferase RimO,Translation,informative_multi,1,4.0,1,10.0,1,eggnog,Alteromonadaceae,0.45999999999999996,0.24093024401469773,0.15,0.11082791224676095,WP_061485851.1,eggnog:4644Z@72275
alt,130,ACZ81_10015,Alteromonas macleodii HOT1A3,,DUF6279 family lipoprotein,Unknown,no_evidence,1,4.0,1,10.0,1,eggnog,Alteromonadaceae,0.45999999999999996,0.24093024401469773,1.0,0.11082791224676095,WP_039227740.1,eggnog:466ZR@72275
alt,131,DEH24_05375,Alteromonas (MarRef v6),pheS,phenylalanine--tRNA ligase subunit alpha,Translation,informative_multi,1,4.0,1,10.0,1,eggnog,Alteromonadaceae,0.45999999999999996,0.24093024401469773,0.15,0.11082791224676095,HBY38823.1,eggnog:465BM@72275
alt,132,EZ55_01450,Alteromonas macleodii EZ55,trpG,aminodeoxychorismate/anthranilate synthase component II,Amino acid metabolism,informative_multi,1,4.0,1,10.0,1,eggnog,Alteromonadaceae,0.45999999999999996,0.24093024401469773,0.15,0.11082791224676095,WP_014978834.1,eggnog:466KX@72275
alt,133,EZ55_02418,Alteromonas macleodii EZ55,osmY,BON domain-containing protein,Unknown,informative_multi,1,4.0,1,10.0,1,eggnog,Alteromonadaceae,0.45999999999999996,0.24093024401469773,0.15,0.11082791224676095,WP_014949860.1,eggnog:4678Y@72275
alt,134,EZ55_02711,Alteromonas macleodii EZ55,pilW,PilW family protein,Cell motility,informative_multi,1,4.0,1,10.0,1,eggnog,Alteromonadaceae,0.45999999999999996,0.24093024401469773,0.15,0.11082791224676095,WP_014950126.1,eggnog:466M9@72275
alt,135,MIT1002_03506,Alteromonas macleodii MIT1002,,DUF294 nucleotidyltransferase-like domain-containing protein,Signal transduction,informative_multi,1,4.0,1,10.0,1,eggnog,Alteromonadaceae,0.45999999999999996,0.24093024401469773,0.15,0.11082791224676095,WP_049586969.1,eggnog:46521@72275
alt,136,MIT1002_03517,Alteromonas macleodii MIT1002,,DcaP family trimeric outer membrane transporter,Cell wall and membrane,informative_multi,1,4.0,1,10.0,1,eggnog,Alteromonadaceae,0.45999999999999996,0.24093024401469773,0.15,0.11082791224676095,WP_014977485.1,eggnog:4654M@72275
alt,137,ACZ81_17120,Alteromonas macleodii HOT1A3,,hypothetical protein,Unknown,no_evidence,2,1.0,1,3.0,1,eggnog,Proteobacteria,0.6799999999999999,0.16272615980190455,1.0,0.11065378866529509,WP_061486623.1,eggnog:1NDFN@1224
alt,138,ACZ81_01420,Alteromonas macleodii HOT1A3,cheY1,response regulator,Signal transduction,informative_multi,1,5.0,1,15.0,1,eggnog,Alteromonadaceae,0.4,0.2698967640482536,0.15,0.10795870561930143,WP_014947933.1,eggnog:4678S@72275
alt,139,ACZ81_16085,Alteromonas macleodii HOT1A3,csgB,minor curlin subunit CsgB,Unknown,informative_multi,1,4.0,1,9.0,1,eggnog,Alteromonadaceae,0.45999999999999996,0.23356207615155639,0.15,0.10743855502971593,WP_049588827.1,eggnog:46BSE@72275
alt,140,ACZ81_17270,Alteromonas macleodii HOT1A3,rplQ,50S ribosomal protein L17,Translation,informative_multi,1,4.0,1,9.0,1,eggnog,Alteromonadaceae,0.45999999999999996,0.23356207615155639,0.15,0.10743855502971593,WP_012519212.1,eggnog:466UW@72275
alt,141,ACZ81_18505,Alteromonas macleodii HOT1A3,syrP,TauD/TfdA family dioxygenase,Secondary metabolites,informative_multi,1,3.0,1,6.0,1,eggnog,Alteromonadaceae,0.52,0.20598851722099326,0.15,0.1071140289549165,WP_014951130.1,eggnog:46826@72275
alt,142,EZ55_01827,Alteromonas macleodii EZ55,merA,FAD-dependent oxidoreductase,Energy production,informative_multi,1,3.0,1,6.0,1,eggnog,Alteromonadaceae,0.52,0.20598851722099326,0.15,0.1071140289549165,WP_156086348.1,eggnog:465ST@72275
alt,143,EZ55_03030,Alteromonas macleodii EZ55,,hypothetical protein,Unknown,no_evidence,1,3.0,1,6.0,1,eggnog,Proteobacteria,0.52,0.20598851722099326,1.0,0.1071140289549165,WP_156086803.1,eggnog:1PV4R@1224
alt,144,MIT1002_01197,Alteromonas macleodii MIT1002,pedE,methanol/ethanol family PQQ-dependent dehydrogenase,Carbohydrate metabolism,informative_multi,1,3.0,1,6.0,1,eggnog,Alteromonadaceae,0.52,0.20598851722099326,0.15,0.1071140289549165,WP_014948731.1,eggnog:469Y7@72275
alt,145,ACZ81_01470,Alteromonas macleodii HOT1A3,cheW,chemotaxis protein CheW,Cell motility,informative_multi,1,5.0,2,14.0,1,eggnog,Alteromonadaceae,0.4,0.26490746848342717,0.15,0.10596298739337087,WP_014947943.1,eggnog:466J2@72275
alt,146,ACZ81_03610,Alteromonas macleodii HOT1A3,,AMP-binding protein,Lipid metabolism,informative_multi,1,4.0,1,8.0,1,eggnog,Alteromonadaceae,0.45999999999999996,0.22541694446564625,0.15,0.10369179445419727,WP_061439588.1,eggnog:465UH@72275
alt,147,ACZ81_13975,Alteromonas macleodii HOT1A3,,pectin acetylesterase-family hydrolase,Lipid metabolism,informative_multi,1,4.0,1,8.0,1,eggnog,Alteromonadaceae,0.45999999999999996,0.22541694446564625,0.15,0.10369179445419727,WP_039228476.1,eggnog:468F2@72275
alt,148,EZ55_02317,Alteromonas macleodii EZ55,amy1,alpha-amylase family protein,Carbohydrate metabolism,informative_multi,1,4.0,1,8.0,1,eggnog,Alteromonadaceae,0.45999999999999996,0.22541694446564625,0.15,0.10369179445419727,WP_083605958.1,eggnog:46654@72275
alt,149,EZ55_02371,Alteromonas macleodii EZ55,,hypothetical protein,Unknown,no_evidence,2,5.0,1,9.0,1,eggnog,Alteromonadaceae,0.44,0.23356207615155639,1.0,0.1027673135066848,WP_168463489.1,eggnog:46CCP@72275
alt,150,EZ55_03447,Alteromonas macleodii EZ55,yiaA,inner membrane protein YiaA,Unknown,informative_multi,2,5.0,1,9.0,1,eggnog,Alteromonadaceae,0.44,0.23356207615155639,0.15,0.1027673135066848,WP_156086950.1,eggnog:467XC@72275
alt,151,DEH24_16780,Alteromonas (MarRef v6),eda,keto-deoxy-phosphogluconate aldolase,Carbohydrate metabolism,informative_multi,1,5.0,1,12.0,1,eggnog,Alteromonadaceae,0.4,0.25384473584074063,0.15,0.10153789433629626,HBY41083.1,eggnog:465M9@72275
alt,152,MIT1002_00894,Alteromonas macleodii MIT1002,,DUF3718 domain-containing protein,Unknown,informative_single,2,3.0,1,4.0,1,eggnog,Proteobacteria,0.56,0.17997677402838186,0.35,0.10078699345589386,WP_049589028.1,eggnog:1PA4J@1224
alt,153,EZ55_01829,Alteromonas macleodii EZ55,ynjB,ABC transporter substrate-binding protein,Unknown,informative_multi,1,4.0,1,7.0,1,eggnog,Alteromonadaceae,0.45999999999999996,0.21631146192507905,0.15,0.09950327248553635,WP_156086349.1,eggnog:464E4@72275
alt,154,EZ55_02984,Alteromonas macleodii EZ55,,TonB-dependent receptor,Inorganic ion transport,informative_multi,2,5.0,1,8.0,1,eggnog,Alteromonadaceae,0.44,0.22541694446564625,0.15,0.09918345556488435,WP_069944734.1,eggnog:465WR@72275
alt,155,ACZ81_03935,Alteromonas macleodii HOT1A3,metK,methionine adenosyltransferase,Coenzyme metabolism,informative_multi,1,5.0,1,10.0,1,eggnog,Alteromonadaceae,0.4,0.24093024401469773,0.15,0.0963720976058791,WP_014948382.1,eggnog:4642H@72275
alt,156,ACZ81_04975,Alteromonas macleodii HOT1A3,flgN,flagellar export chaperone FlgN,Cell motility,informative_multi,1,5.0,1,10.0,1,eggnog,Alteromonadaceae,0.4,0.24093024401469773,0.15,0.0963720976058791,WP_014978561.1,eggnog:46858@72275
alt,157,ACZ81_05030,Alteromonas macleodii HOT1A3,flgH,flagellar basal body L-ring protein FlgH,Cell motility,informative_multi,1,5.0,1,10.0,1,eggnog,Alteromonadaceae,0.4,0.24093024401469773,0.15,0.0963720976058791,WP_014948599.1,eggnog:4675N@72275
alt,158,ACZ81_05480,Alteromonas macleodii HOT1A3,pspC,envelope stress response membrane protein PspC,Transcription,informative_multi,1,5.0,1,10.0,1,eggnog,Alteromonadaceae,0.4,0.24093024401469773,0.15,0.0963720976058791,WP_014948684.1,eggnog:46822@72275
alt,159,ACZ81_07395,Alteromonas macleodii HOT1A3,fnt,formate/nitrite transporter family protein,Inorganic ion transport,informative_multi,1,5.0,1,10.0,1,eggnog,Alteromonadaceae,0.4,0.24093024401469773,0.15,0.0963720976058791,WP_014949030.1,eggnog:464M9@72275
alt,160,ACZ81_18135,Alteromonas macleodii HOT1A3,ams,alpha-amylase family glycosyl hydrolase,Carbohydrate metabolism,informative_multi,1,5.0,1,10.0,1,eggnog,Alteromonadaceae,0.4,0.24093024401469773,0.15,0.0963720976058791,WP_061486715.1,eggnog:46534@72275
alt,161,ACZ81_18525,Alteromonas macleodii HOT1A3,yicI,glycoside hydrolase family 31 protein,Carbohydrate metabolism,informative_multi,1,4.0,1,6.0,1,eggnog,Alteromonadaceae,0.45999999999999996,0.20598851722099326,0.15,0.09475471792165689,WP_081106144.1,eggnog:4679Q@72275
alt,162,EZ55_03879,Alteromonas macleodii EZ55,yceJ,cytochrome b,Energy production,informative_multi,3,6.0,1,8.0,1,eggnog,Alteromonadaceae,0.42,0.22541694446564625,0.15,0.09467511667557142,WP_156087179.1,eggnog:467A7@72275
alt,163,MIT1002_04153,Alteromonas macleodii MIT1002,,hypothetical protein,Unknown,no_evidence,1,2.0,1,3.0,1,eggnog,Proteobacteria,0.5800000000000001,0.16272615980190455,1.0,0.09438117268510465,WP_049587402.1,eggnog:1NAE7@1224
alt,164,EZ55_04246,Alteromonas macleodii EZ55,,hypothetical protein,Replication and repair,informative_multi,1,3.0,1,4.0,1,eggnog,Alteromonadaceae,0.52,0.17997677402838186,0.15,0.09358792249475857,WP_231506618.1,eggnog:465A7@72275
alt,165,EZ55_03462,Alteromonas macleodii EZ55,,sterol desaturase family protein,Lipid metabolism,informative_multi,4,7.0,1,9.0,1,eggnog,Alteromonadaceae,0.4,0.23356207615155639,0.15,0.09342483046062255,WP_014977457.1,eggnog:469XF@72275
alt,166,ACZ81_02170,Alteromonas macleodii HOT1A3,yibQ,divergent polysaccharide deacetylase family protein,Unknown,informative_multi,1,5.0,1,9.0,1,eggnog,Alteromonadaceae,0.4,0.23356207615155639,0.15,0.09342483046062255,WP_061439265.1,eggnog:4678G@72275
alt,167,ACZ81_06200,Alteromonas macleodii HOT1A3,,YncE family protein,Unknown,catch_all_only,1,5.0,1,9.0,1,eggnog,Alteromonadaceae,0.4,0.23356207615155639,0.75,0.09342483046062255,WP_061485201.1,eggnog:46A4T@72275
alt,168,ACZ81_11825,Alteromonas macleodii HOT1A3,,alkaline phosphatase PhoX,Unknown,informative_single,1,5.0,1,9.0,1,eggnog,Alteromonadaceae,0.4,0.23356207615155639,0.35,0.09342483046062255,WP_061486042.1,eggnog:4661S@72275
alt,169,ACZ81_15335,Alteromonas macleodii HOT1A3,gltB,glutamate synthase large subunit,Amino acid metabolism,informative_multi,1,5.0,1,9.0,1,eggnog,Alteromonadaceae,0.4,0.23356207615155639,0.15,0.09342483046062255,WP_014950543.1,eggnog:465BS@72275
alt,170,EZ55_02164,Alteromonas macleodii EZ55,,DODA-type extradiol aromatic ring-opening family dioxygenase,Unknown,informative_multi,1,5.0,1,9.0,1,eggnog,Alteromonadaceae,0.4,0.23356207615155639,0.15,0.09342483046062255,WP_156086468.1,eggnog:4664C@72275
alt,171,EZ55_03095,Alteromonas macleodii EZ55,osmC,OsmC family protein,Post-translational modification,informative_multi,1,5.0,1,9.0,1,eggnog,Alteromonadaceae,0.4,0.23356207615155639,0.15,0.09342483046062255,WP_069944790.1,eggnog:46AJG@72275
alt,172,MIT1002_02883,Alteromonas macleodii MIT1002,,DUF3081 domain-containing protein,Unknown,informative_single,1,5.0,1,9.0,1,eggnog,Alteromonadaceae,0.4,0.23356207615155639,0.35,0.09342483046062255,WP_014950255.1,eggnog:468QB@72275
alt,173,MIT1002_03289,Alteromonas macleodii MIT1002,pqqE,pyrroloquinoline quinone biosynthesis protein PqqE,Unknown,informative_multi,1,5.0,1,9.0,1,eggnog,Alteromonadaceae,0.4,0.23356207615155639,0.15,0.09342483046062255,WP_049588481.1,eggnog:4656E@72275
alt,174,MIT1002_03291,Alteromonas macleodii MIT1002,,TonB-dependent receptor,Coenzyme metabolism,informative_multi,1,5.0,1,9.0,1,eggnog,Alteromonadaceae,0.4,0.23356207615155639,0.15,0.09342483046062255,WP_049588483.1,eggnog:469WA@72275
alt,175,MIT1002_03323,Alteromonas macleodii MIT1002,pedS2,sensor histidine kinase,Signal transduction,informative_multi,1,5.0,1,9.0,1,eggnog,Alteromonadaceae,0.4,0.23356207615155639,0.15,0.09342483046062255,WP_049588820.1,eggnog:468U4@72275
alt,176,DEH24_02850,Alteromonas (MarRef v6),,TonB-dependent receptor,Inorganic ion transport,informative_multi,1,6.0,1,16.0,1,eggnog,Alteromonadaceae,0.33999999999999997,0.27458348682120426,0.15,0.09335838551920944,HBY38326.1,eggnog:46575@72275
alt,177,EZ55_03399,Alteromonas macleodii EZ55,,PspC domain-containing protein,Transcription,informative_multi,2,6.0,2,10.0,1,eggnog,Alteromonadaceae,0.38,0.24093024401469773,0.15,0.09155349272558513,WP_014950723.1,eggnog:468XH@72275
alt,178,ACZ81_02595,Alteromonas macleodii HOT1A3,,TA system antitoxin ParD family protein,Unknown,informative_single,2,3.0,1,3.0,1,eggnog,Alteromonadaceae,0.56,0.16272615980190455,0.35,0.09112664948906656,WP_012518669.1,eggnog:467Y9@72275
alt,179,EZ55_00783,Alteromonas macleodii EZ55,dpm1,glycosyltransferase family 2 protein,Cell wall and membrane,informative_multi,1,6.0,1,14.0,1,eggnog,Alteromonadaceae,0.33999999999999997,0.26490746848342717,0.15,0.09006853928436523,WP_049586146.1,eggnog:465K4@72275
alt,180,ACZ81_17190,Alteromonas macleodii HOT1A3,,glycosyltransferase family 32 protein,Cell wall and membrane,informative_multi,1,1.0,1,2.0,1,eggnog,Proteobacteria,0.64,0.1404862500106009,0.15,0.08991120000678457,WP_061486634.1,eggnog:1RAI1@1224
alt,181,EZ55_00313,Alteromonas macleodii EZ55,cheB,protein-glutamate methylesterase/protein-glutamine glutaminase,Cell motility,informative_multi,1,6.0,1,13.0,1,eggnog,Alteromonadaceae,0.33999999999999997,0.2595738193441678,0.15,0.08825509857701704,WP_156085799.1,eggnog:464RN@72275
alt,182,EZ55_01910,Alteromonas macleodii EZ55,,hypothetical protein,Unknown,no_evidence,1,5.0,1,7.0,1,eggnog,Alteromonadaceae,0.4,0.21631146192507905,1.0,0.08652458477003162,WP_156086377.1,eggnog:46B5W@72275
alt,183,ACZ81_13955,Alteromonas macleodii HOT1A3,,TonB-dependent receptor,Inorganic ion transport,informative_multi,1,6.0,1,11.0,1,eggnog,Alteromonadaceae,0.33999999999999997,0.2476568542569499,0.15,0.08420333044736296,WP_014977109.1,eggnog:469ZB@72275
alt,184,MIT1002_02967,Alteromonas macleodii MIT1002,,hypothetical protein,Amino acid metabolism,informative_single,1,5.0,1,6.0,1,eggnog,Proteobacteria,0.4,0.20598851722099326,0.35,0.0823954068883973,WP_231514316.1,eggnog:1NDF9@1224
alt,185,ACZ81_09195,Alteromonas macleodii HOT1A3,cspD,cold shock domain-containing protein CspD,Transcription,informative_multi,1,6.0,1,10.0,1,eggnog,Alteromonadaceae,0.33999999999999997,0.24093024401469773,0.15,0.08191628296499723,WP_014949330.1,eggnog:467ZC@72275
alt,186,ACZ81_10365,Alteromonas macleodii HOT1A3,ccoN,"cytochrome-c oxidase, cbb3-type subunit I",Energy production,informative_multi,1,6.0,1,10.0,1,eggnog,Alteromonadaceae,0.33999999999999997,0.24093024401469773,0.15,0.08191628296499723,WP_014949589.1,eggnog:4654T@72275
alt,187,DEH24_03810,Alteromonas (MarRef v6),fusA2,elongation factor G,Translation,informative_multi,1,6.0,1,10.0,1,eggnog,Alteromonadaceae,0.33999999999999997,0.24093024401469773,0.15,0.08191628296499723,HBY38518.1,eggnog:464WS@72275
alt,188,EZ55_00953,Alteromonas macleodii EZ55,leuD,3-isopropylmalate dehydratase small subunit,Amino acid metabolism,informative_multi,1,6.0,1,10.0,1,eggnog,Alteromonadaceae,0.33999999999999997,0.24093024401469773,0.15,0.08191628296499723,WP_156086019.1,eggnog:464MP@72275
alt,189,EZ55_01508,Alteromonas macleodii EZ55,,carboxymuconolactone decarboxylase family protein,Unknown,informative_multi,1,6.0,1,10.0,1,eggnog,Alteromonadaceae,0.33999999999999997,0.24093024401469773,0.15,0.08191628296499723,WP_156086188.1,eggnog:466DC@72275
alt,190,EZ55_01922,Alteromonas macleodii EZ55,,hemerythrin domain-containing protein,Unknown,informative_multi,1,6.0,1,10.0,1,eggnog,Alteromonadaceae,0.33999999999999997,0.24093024401469773,0.15,0.08191628296499723,WP_014949372.1,eggnog:467F7@72275
alt,191,EZ55_02712,Alteromonas macleodii EZ55,pilV,PilV family protein,Cell motility,informative_multi,1,6.0,1,10.0,1,eggnog,Alteromonadaceae,0.33999999999999997,0.24093024401469773,0.15,0.08191628296499723,WP_080590400.1,eggnog:466XP@72275
alt,192,MIT1002_02179,Alteromonas macleodii MIT1002,lolA,outer membrane lipoprotein chaperone LolA,Cell wall and membrane,informative_multi,1,6.0,1,10.0,1,eggnog,Alteromonadaceae,0.33999999999999997,0.24093024401469773,0.15,0.08191628296499723,WP_049588670.1,eggnog:467Z6@72275
alt,193,MIT1002_02310,Alteromonas macleodii MIT1002,msrQ,protein-methionine-sulfoxide reductase heme-binding subunit MsrQ,Energy production,informative_multi,1,6.0,2,10.0,1,eggnog,Alteromonadaceae,0.33999999999999997,0.24093024401469773,0.15,0.08191628296499723,WP_049587266.1,eggnog:4686M@72275
alt,194,ACZ81_02865,Alteromonas macleodii HOT1A3,,DUF3530 family protein,Unknown,informative_single,1,6.0,1,9.0,1,eggnog,Proteobacteria,0.33999999999999997,0.23356207615155639,0.35,0.07941110589152917,WP_061439413.1,eggnog:1N922@1224
alt,195,ACZ81_17320,Alteromonas macleodii HOT1A3,rplR,50S ribosomal protein L18,Translation,informative_multi,1,6.0,1,9.0,1,eggnog,Alteromonadaceae,0.33999999999999997,0.23356207615155639,0.15,0.07941110589152917,WP_014950908.1,eggnog:4679B@72275
alt,196,EZ55_03167,Alteromonas macleodii EZ55,prpF,2-methylaconitate cis-trans isomerase PrpF,Unknown,informative_multi,1,6.0,1,9.0,1,eggnog,Alteromonadaceae,0.33999999999999997,0.23356207615155639,0.15,0.07941110589152917,WP_101565673.1,eggnog:464AI@72275
alt,197,EZ55_04002,Alteromonas macleodii EZ55,,DUF748 domain-containing protein,Cell wall and membrane,informative_multi,1,6.0,1,9.0,1,eggnog,Alteromonadaceae,0.33999999999999997,0.23356207615155639,0.15,0.07941110589152917,WP_061486831.1,eggnog:466M4@72275
alt,198,EZ55_02865,Alteromonas macleodii EZ55,,glycoside hydrolase family 97 protein,Carbohydrate metabolism,informative_multi,3,7.0,1,7.0,1,eggnog,Alteromonadaceae,0.36,0.21631146192507905,0.15,0.07787212629302846,WP_156086703.1,eggnog:465TX@72275
alt,199,EZ55_03098,Alteromonas macleodii EZ55,ygaZ,AzlC family ABC transporter permease,Amino acid metabolism,informative_multi,2,7.0,1,10.0,1,eggnog,Alteromonadaceae,0.32,0.24093024401469773,0.15,0.07709767808470327,WP_061095739.1,eggnog:465UC@72275
alt,200,ACZ81_12900,Alteromonas macleodii HOT1A3,,DcaP family trimeric outer membrane transporter,Cell wall and membrane,informative_multi,1,7.0,1,16.0,1,eggnog,Proteobacteria,0.28,0.27458348682120426,0.15,0.0768833763099372,WP_061486135.1,eggnog:1MX4Q@1224
alt,201,EZ55_00416,Alteromonas macleodii EZ55,,TorF family putative porin,Unknown,informative_multi,2,7.0,1,9.0,1,eggnog,Alteromonadaceae,0.32,0.23356207615155639,0.15,0.07473986436849804,WP_156085832.1,eggnog:4677C@72275
alt,202,EZ55_01444,Alteromonas macleodii EZ55,,pyridoxamine 5^-phosphate oxidase family protein,Unknown,informative_single,2,7.0,2,9.0,1,eggnog,Alteromonadaceae,0.32,0.23356207615155639,0.35,0.07473986436849804,WP_156086164.1,eggnog:46948@72275
alt,203,EZ55_04249,Alteromonas macleodii EZ55,benB,aromatic-ring-hydroxylating dioxygenase subunit beta,Secondary metabolites,informative_multi,2,1.0,1,1.0,1,eggnog,Alteromonadaceae,0.6799999999999999,0.10914085767873005,0.15,0.07421578322153644,WP_156087405.1,eggnog:46D24@72275
alt,204,EZ55_02922,Alteromonas macleodii EZ55,,MFS transporter,Carbohydrate metabolism,informative_multi,1,6.0,1,7.0,1,eggnog,Alteromonadaceae,0.33999999999999997,0.21631146192507905,0.15,0.07354589705452687,WP_156086739.1,eggnog:46DB4@72275
alt,205,EZ55_00311,Alteromonas macleodii EZ55,cheR,CheR family methyltransferase,Cell motility,informative_multi,1,7.0,1,13.0,1,eggnog,Alteromonadaceae,0.28,0.2595738193441678,0.15,0.07268066941636699,WP_039225824.1,eggnog:46564@72275
alt,206,EZ55_02390,Alteromonas macleodii EZ55,,hypothetical protein,Unknown,no_evidence,1,7.0,1,11.0,1,eggnog,Alteromonadaceae,0.28,0.2476568542569499,1.0,0.06934391919194598,WP_014949833.1,eggnog:468ZM@72275
alt,207,EZ55_02586,Alteromonas macleodii EZ55,,hypothetical protein,Unknown,no_evidence,2,7.0,1,7.0,1,eggnog,Alteromonadaceae,0.32,0.21631146192507905,1.0,0.0692196678160253,WP_039236345.1,eggnog:46CBB@72275
alt,208,EZ55_04248,Alteromonas macleodii EZ55,benA,"benzoate 1,2-dioxygenase large subunit",Inorganic ion transport,informative_multi,2,2.0,1,1.0,1,eggnog,Alteromonadaceae,0.6200000000000001,0.10914085767873005,0.15,0.06766733176081265,WP_156087404.1,eggnog:466BG@72275
alt,209,ACZ81_02340,Alteromonas macleodii HOT1A3,dps,Dps family protein,Inorganic ion transport,informative_multi,1,7.0,1,10.0,1,eggnog,Alteromonadaceae,0.28,0.24093024401469773,0.15,0.06746046832411537,WP_014948101.1,eggnog:466DT@72275
alt,210,ACZ81_02730,Alteromonas macleodii HOT1A3,nlpD,peptidoglycan DD-metalloendopeptidase family protein,Cell cycle and division,informative_multi,1,7.0,1,10.0,1,eggnog,Alteromonadaceae,0.28,0.24093024401469773,0.15,0.06746046832411537,WP_061439390.1,eggnog:466TP@72275
alt,211,ACZ81_04980,Alteromonas macleodii HOT1A3,flgM,flagellar biosynthesis anti-sigma factor FlgM,Cell motility,informative_multi,1,7.0,1,10.0,1,eggnog,Alteromonadaceae,0.28,0.24093024401469773,0.15,0.06746046832411537,WP_014948589.1,eggnog:4680T@72275
alt,212,ACZ81_08725,Alteromonas macleodii HOT1A3,phhB,4a-hydroxytetrahydrobiopterin dehydratase,Coenzyme metabolism,informative_multi,1,7.0,1,10.0,1,eggnog,Alteromonadaceae,0.28,0.24093024401469773,0.15,0.06746046832411537,WP_049586648.1,eggnog:4686F@72275
alt,213,DEH24_07770,Alteromonas (MarRef v6),rpoD,RNA polymerase sigma factor RpoD,Transcription,informative_multi,1,7.0,1,10.0,1,eggnog,Alteromonadaceae,0.28,0.24093024401469773,0.15,0.06746046832411537,HBY39297.1,eggnog:464VE@72275
alt,214,DEH24_13850,Alteromonas (MarRef v6),prkB,phosphoribulokinase,Carbohydrate metabolism,informative_multi,1,7.0,1,10.0,1,eggnog,Alteromonadaceae,0.28,0.24093024401469773,0.15,0.06746046832411537,HBY40502.1,eggnog:464XM@72275
alt,215,DEH24_15040,Alteromonas (MarRef v6),,cold-shock protein,Transcription,informative_multi,1,7.0,1,10.0,1,eggnog,Alteromonadaceae,0.28,0.24093024401469773,0.15,0.06746046832411537,HBY40738.1,eggnog:46816@72275
alt,216,EZ55_00368,Alteromonas macleodii EZ55,rpsQ,30S ribosomal protein S17,Translation,informative_multi,1,7.0,1,10.0,1,eggnog,Alteromonadaceae,0.28,0.24093024401469773,0.15,0.06746046832411537,WP_014975444.1,eggnog:467RN@72275
alt,217,EZ55_03194,Alteromonas macleodii EZ55,fucP,L-fucose:H+ symporter permease,Carbohydrate metabolism,informative_multi,1,7.0,1,10.0,1,eggnog,Alteromonadaceae,0.28,0.24093024401469773,0.15,0.06746046832411537,WP_014950563.1,eggnog:4659F@72275
alt,218,ACZ81_08990,Alteromonas macleodii HOT1A3,,IS4 family transposase,Replication and repair,informative_multi,1,8.0,1,22.0,1,eggnog,Proteobacteria,0.22,0.2979519896437688,0.15,0.06554943772162913,WP_061485165.1,eggnog:1MVRM@1224
alt,219,ACZ81_14330,Alteromonas macleodii HOT1A3,,hypothetical protein,Unknown,no_evidence,1,7.0,1,9.0,1,eggnog,Alteromonadaceae,0.28,0.23356207615155639,1.0,0.06539738132243579,WP_014977175.1,eggnog:46BFI@72275
alt,220,ACZ81_16965,Alteromonas macleodii HOT1A3,murB,UDP-N-acetylmuramate dehydrogenase,Cell wall and membrane,informative_multi,1,7.0,1,9.0,1,eggnog,Alteromonadaceae,0.28,0.23356207615155639,0.15,0.06539738132243579,WP_061486598.1,eggnog:465JA@72275
alt,221,ACZ81_17395,Alteromonas macleodii HOT1A3,,TonB-dependent receptor,Coenzyme metabolism,informative_multi,1,7.0,1,9.0,1,eggnog,Alteromonadaceae,0.28,0.23356207615155639,0.15,0.06539738132243579,WP_061486648.1,eggnog:469NY@72275
alt,222,ACZ81_16580,Alteromonas macleodii HOT1A3,rutF,flavin reductase,Energy production,informative_multi,1,7.0,1,8.0,1,eggnog,Alteromonadaceae,0.28,0.22541694446564625,0.15,0.06311674445038096,WP_061486582.1,eggnog:46CFN@72275
alt,223,MIT1002_00931,Alteromonas macleodii MIT1002,,LytR/AlgR family response regulator transcription factor,Transcription,informative_multi,2,8.0,1,10.0,1,eggnog,Alteromonadaceae,0.26,0.24093024401469773,0.15,0.06264186344382142,WP_049585940.1,eggnog:46BTD@72275
alt,224,EZ55_00157,Alteromonas macleodii EZ55,,MauE/DoxX family redox-associated membrane protein,Post-translational modification,informative_multi,1,8.0,1,18.0,1,eggnog,Alteromonadaceae,0.22,0.28318203476077547,0.15,0.062300047647370606,WP_156085733.1,eggnog:466CR@72275
alt,225,EZ55_02905,Alteromonas macleodii EZ55,,DUF1223 domain-containing protein,Unknown,informative_single,1,6.0,1,4.0,1,eggnog,Alteromonadaceae,0.33999999999999997,0.17997677402838186,0.35,0.06119210316964983,WP_156086728.1,eggnog:46BMZ@72275
alt,226,EZ55_04098,Alteromonas macleodii EZ55,,TonB-dependent receptor,Inorganic ion transport,informative_multi,2,9.0,1,24.0,1,eggnog,Alteromonadaceae,0.2,0.30439799250120814,0.15,0.06087959850024163,WP_014977831.1,eggnog:463XU@72275
alt,227,ACZ81_16155,Alteromonas macleodii HOT1A3,,sulfite exporter TauE/SafE family protein,Unknown,informative_multi,1,8.0,1,11.0,1,eggnog,Alteromonadaceae,0.22,0.2476568542569499,0.15,0.054484507936528974,WP_061486544.1,eggnog:466K2@72275
alt,228,ACZ81_03285,Alteromonas macleodii HOT1A3,rpsU,30S ribosomal protein S21,Translation,informative_multi,1,8.0,1,10.0,1,eggnog,Alteromonadaceae,0.22,0.24093024401469773,0.15,0.0530046536832335,WP_012517258.1,eggnog:468FU@72275
alt,229,ACZ81_03785,Alteromonas macleodii HOT1A3,mlaD,outer membrane lipid asymmetry maintenance protein MlaD,Secondary metabolites,informative_multi,1,8.0,1,10.0,1,eggnog,Alteromonadaceae,0.22,0.24093024401469773,0.15,0.0530046536832335,WP_014948351.1,eggnog:4678T@72275
alt,230,ACZ81_09240,Alteromonas macleodii HOT1A3,sppA,signal peptide peptidase SppA,Post-translational modification,informative_multi,1,8.0,1,10.0,1,eggnog,Alteromonadaceae,0.22,0.24093024401469773,0.15,0.0530046536832335,WP_061485796.1,eggnog:46415@72275
alt,231,DEH24_04200,Alteromonas (MarRef v6),pgi,glucose-6-phosphate isomerase,Carbohydrate metabolism,informative_multi,1,8.0,1,10.0,1,eggnog,Alteromonadaceae,0.22,0.24093024401469773,0.15,0.0530046536832335,HBY38595.1,eggnog:464TD@72275
alt,232,EZ55_01449,Alteromonas macleodii EZ55,trpD,anthranilate phosphoribosyltransferase,Amino acid metabolism,informative_multi,1,8.0,1,10.0,1,eggnog,Alteromonadaceae,0.22,0.24093024401469773,0.15,0.0530046536832335,WP_014978833.1,eggnog:4661X@72275
alt,233,EZ55_02298,Alteromonas macleodii EZ55,dat,D-amino acid aminotransferase,Amino acid metabolism,informative_multi,1,8.0,1,10.0,1,eggnog,Alteromonadaceae,0.22,0.24093024401469773,0.15,0.0530046536832335,WP_156086502.1,eggnog:464SW@72275
alt,234,EZ55_00366,Alteromonas macleodii EZ55,rplP,50S ribosomal protein L16,Translation,informative_multi,1,8.0,1,9.0,1,eggnog,Alteromonadaceae,0.22,0.23356207615155639,0.15,0.0513836567533424,WP_014947979.1,eggnog:466H8@72275
alt,235,EZ55_01198,Alteromonas macleodii EZ55,,fatty acid desaturase family protein,Lipid metabolism,informative_multi,1,8.0,1,9.0,1,eggnog,Alteromonadaceae,0.22,0.23356207615155639,0.15,0.0513836567533424,WP_156086098.1,eggnog:4669N@72275
alt,236,EZ55_04251,Alteromonas macleodii EZ55,benD,"1,6-dihydroxycyclohexa-2,4-diene-1-carboxylate dehydrogenase",Lipid metabolism,informative_multi,2,5.0,1,1.0,1,eggnog,Alteromonadaceae,0.44,0.10914085767873005,0.15,0.04802197737864122,WP_156087406.1,eggnog:469D8@72275
alt,237,EZ55_00797,Alteromonas macleodii EZ55,,spondin domain-containing protein,Unknown,informative_single,1,8.0,1,7.0,1,eggnog,Alteromonadaceae,0.22,0.21631146192507905,0.35,0.04758852162351739,WP_156085967.1,eggnog:467PB@72275
alt,238,ACZ81_04720,Alteromonas macleodii HOT1A3,,IS4 family transposase,Replication and repair,informative_multi,1,9.0,1,20.0,1,eggnog,Alteromonadaceae,0.16,0.2909192116760386,0.15,0.04654707386816618,WP_061439181.1,eggnog:464GA@72275
alt,239,EZ55_00549,Alteromonas macleodii EZ55,,type II toxin-antitoxin system Phd/YefM family antitoxin,Cell cycle and division,informative_multi,1,7.0,1,3.0,1,eggnog,Alteromonadaceae,0.28,0.16272615980190455,0.15,0.04556332474453328,WP_156085897.1,eggnog:467AI@72275
alt,240,EZ55_00312,Alteromonas macleodii EZ55,cheD,chemoreceptor glutamine deamidase CheD,Cell motility,informative_multi,1,9.0,1,14.0,1,eggnog,Alteromonadaceae,0.16,0.26490746848342717,0.15,0.04238519495734835,WP_156085798.1,eggnog:467DT@72275
alt,241,EZ55_03523,Alteromonas macleodii EZ55,,hypothetical protein,Unknown,no_evidence,4,1.0,1,,0,,,0.76,0.0535853021231745,1.0,0.04072482961361262,WP_155279885.1,locus:EZ55_03523
alt,242,ACZ81_02510,Alteromonas macleodii HOT1A3,,YnfA family protein,Unknown,informative_multi,1,8.0,1,4.0,1,eggnog,Alteromonadaceae,0.22,0.17997677402838186,0.15,0.03959489028624401,WP_157160426.1,eggnog:4683F@72275
alt,243,ACZ81_03545,Alteromonas macleodii HOT1A3,,hypothetical protein,Unknown,no_evidence,1,9.0,1,10.0,1,eggnog,Alteromonadaceae,0.16,0.24093024401469773,1.0,0.03854883904235164,WP_014997360.1,eggnog:468FD@72275
alt,244,DEH24_18145,Alteromonas (MarRef v6),fabB,beta-ketoacyl-ACP synthase I,Lipid metabolism,informative_multi,1,9.0,1,10.0,1,eggnog,Alteromonadaceae,0.16,0.24093024401469773,0.15,0.03854883904235164,HBY41356.1,eggnog:46552@72275
alt,245,EZ55_00896,Alteromonas macleodii EZ55,hutU,urocanate hydratase,Amino acid metabolism,informative_multi,1,9.0,1,10.0,1,eggnog,Alteromonadaceae,0.16,0.24093024401469773,0.15,0.03854883904235164,WP_156085993.1,eggnog:46644@72275
alt,246,EZ55_01395,Alteromonas macleodii EZ55,,RimK family protein,Coenzyme metabolism,informative_multi,1,9.0,1,10.0,1,eggnog,Alteromonadaceae,0.16,0.24093024401469773,0.15,0.03854883904235164,WP_156086152.1,eggnog:464RX@72275
alt,247,EZ55_03243,Alteromonas macleodii EZ55,,DUF4331 domain-containing protein,Unknown,informative_single,1,9.0,1,10.0,1,eggnog,Alteromonadaceae,0.16,0.24093024401469773,0.35,0.03854883904235164,WP_156086878.1,eggnog:464P7@72275
alt,248,ACZ81_04190,Alteromonas macleodii HOT1A3,,MipA/OmpV family protein,Cell wall and membrane,informative_multi,1,9.0,1,9.0,1,eggnog,Alteromonadaceae,0.16,0.23356207615155639,0.15,0.03736993218424902,WP_061484829.1,eggnog:466YH@72275
alt,249,ACZ81_08225,Alteromonas macleodii HOT1A3,,alpha/beta fold hydrolase,Unknown,informative_single,1,9.0,1,9.0,1,eggnog,Alteromonadaceae,0.16,0.23356207615155639,0.35,0.03736993218424902,WP_049586509.1,eggnog:466FJ@72275
alt,250,ACZ81_17285,Alteromonas macleodii HOT1A3,rpsK,30S ribosomal protein S11,Translation,informative_multi,1,9.0,1,9.0,1,eggnog,Alteromonadaceae,0.16,0.23356207615155639,0.15,0.03736993218424902,WP_012519215.1,eggnog:466ID@72275
alt,251,EZ55_00109,Alteromonas macleodii EZ55,,acyl-CoA dehydrogenase family protein,Lipid metabolism,informative_multi,1,9.0,1,9.0,1,eggnog,Alteromonadaceae,0.16,0.23356207615155639,0.15,0.03736993218424902,WP_156085708.1,eggnog:464P2@72275
alt,252,EZ55_00367,Alteromonas macleodii EZ55,rpmC,50S ribosomal protein L29,Translation,informative_multi,1,9.0,1,9.0,1,eggnog,Alteromonadaceae,0.16,0.23356207615155639,0.15,0.03736993218424902,WP_014947980.1,eggnog:468D6@72275
alt,253,EZ55_00954,Alteromonas macleodii EZ55,leuC,3-isopropylmalate dehydratase large subunit,Amino acid metabolism,informative_multi,1,9.0,1,9.0,1,eggnog,Alteromonadaceae,0.16,0.23356207615155639,0.15,0.03736993218424902,WP_061094370.1,eggnog:4642D@72275
alt,254,MIT1002_01568,Alteromonas macleodii MIT1002,,diguanylate cyclase,Signal transduction,informative_multi,1,9.0,1,9.0,1,eggnog,Alteromonadaceae,0.16,0.23356207615155639,0.15,0.03736993218424902,WP_049588799.1,eggnog:467J3@72275
alt,255,MIT1002_03528,Alteromonas macleodii MIT1002,,hypothetical protein,Unknown,no_evidence,2,1.0,1,,0,,,0.6799999999999999,0.0535853021231745,1.0,0.03643800544375866,WP_014977495.1,locus:MIT1002_03528
alt,256,ACZ81_03645,Alteromonas macleodii HOT1A3,,cupredoxin domain-containing protein,Unknown,informative_single,1,9.0,1,8.0,1,eggnog,Alteromonadaceae,0.16,0.22541694446564625,0.35,0.0360667111145034,WP_014975719.1,eggnog:468VC@72275
alt,257,EZ55_00777,Alteromonas macleodii EZ55,,SDR family oxidoreductase,Unknown,informative_multi,1,9.0,1,8.0,1,eggnog,Alteromonadaceae,0.16,0.22541694446564625,0.15,0.0360667111145034,WP_156085959.1,eggnog:467GC@72275
alt,258,MIT1002_02411,Alteromonas macleodii MIT1002,,hypothetical protein,Unknown,no_evidence,1,1.0,1,,0,,,0.64,0.0535853021231745,1.0,0.03429459335883168,WP_014949857.1,locus:MIT1002_02411
alt,259,ACZ81_02530,Alteromonas macleodii HOT1A3,,hypothetical protein,Unknown,no_evidence,1,2.0,1,,0,,,0.5800000000000001,0.0535853021231745,1.0,0.031079475231441212,WP_061439334.1,locus:ACZ81_02530
alt,260,MIT1002_02782,Alteromonas macleodii MIT1002,,hypothetical protein,Unknown,no_evidence,1,2.0,1,,0,,,0.5800000000000001,0.0535853021231745,1.0,0.031079475231441212,WP_014950161.1,locus:MIT1002_02782
alt,261,ALTBGP6_RS01855,Alteromonas macleodii EZ55,,hypothetical protein,Unknown,no_evidence,1,3.0,1,,0,,,0.52,0.0535853021231745,1.0,0.02786435710405074,WP_014975451.1,locus:ALTBGP6_RS01855
alt,262,MIT1002_03386,Alteromonas macleodii MIT1002,,hypothetical protein,Unknown,no_evidence,2,4.0,1,,0,,,0.5,0.0535853021231745,1.0,0.02679265106158725,WP_049588678.1,locus:MIT1002_03386
alt,263,EZ55_03258,Alteromonas macleodii EZ55,,hypothetical protein,Unknown,no_evidence,1,4.0,1,,0,,,0.45999999999999996,0.0535853021231745,1.0,0.024649238976660267,WP_156086888.1,locus:EZ55_03258
alt,264,EZ55_00204,Alteromonas macleodii EZ55,galT,UDP-glucose--hexose-1-phosphate uridylyltransferase,Energy production,informative_multi,1,10.0,1,10.0,1,eggnog,Alteromonadaceae,0.1,0.24093024401469773,0.15,0.024093024401469775,WP_014947878.1,eggnog:46414@72275
alt,265,EZ55_00873,Alteromonas macleodii EZ55,pepN,M1 family metallopeptidase,Amino acid metabolism,informative_multi,1,10.0,1,10.0,1,eggnog,Alteromonadaceae,0.1,0.24093024401469773,0.15,0.024093024401469775,WP_156085984.1,eggnog:464W2@72275
alt,266,EZ55_02804,Alteromonas macleodii EZ55,glcB,malate synthase G,Energy production,informative_multi,1,10.0,1,10.0,1,eggnog,Alteromonadaceae,0.1,0.24093024401469773,0.15,0.024093024401469775,WP_156086680.1,eggnog:464G0@72275
alt,267,MIT1002_03620,Alteromonas macleodii MIT1002,,GbsR/MarR family transcriptional regulator,Transcription,informative_multi,1,10.0,1,10.0,1,eggnog,Alteromonadaceae,0.1,0.24093024401469773,0.15,0.024093024401469775,WP_014999724.1,eggnog:466H1@72275
alt,268,ACZ81_06180,Alteromonas macleodii HOT1A3,,hypothetical protein,Unknown,no_evidence,1,10.0,1,9.0,1,eggnog,Alteromonadaceae,0.1,0.23356207615155639,1.0,0.02335620761515564,WP_014978722.1,eggnog:46CAA@72275
alt,269,ACZ81_09840,Alteromonas macleodii HOT1A3,,RNA methyltransferase,Translation,informative_multi,1,10.0,1,9.0,1,eggnog,Alteromonadaceae,0.1,0.23356207615155639,0.15,0.02335620761515564,WP_207198495.1,eggnog:46D66@72275
alt,270,EZ55_02642,Alteromonas macleodii EZ55,xdp1,exosortase-dependent surface protein XDP1,Unknown,no_evidence,1,10.0,1,9.0,1,eggnog,Alteromonadaceae,0.1,0.23356207615155639,1.0,0.02335620761515564,WP_156086634.1,eggnog:46B5J@72275
alt,271,EZ55_03014,Alteromonas macleodii EZ55,aceE,"pyruvate dehydrogenase (acetyl-transferring), homodimeric type",Energy production,informative_multi,1,10.0,1,9.0,1,eggnog,Alteromonadaceae,0.1,0.23356207615155639,0.15,0.02335620761515564,WP_039228012.1,eggnog:464NI@72275
alt,272,EZ55_03244,Alteromonas macleodii EZ55,,Ig-like domain-containing protein,Cell wall and membrane,informative_single,1,10.0,1,9.0,1,eggnog,Alteromonadaceae,0.1,0.23356207615155639,0.35,0.02335620761515564,WP_156086879.1,eggnog:467YA@72275
alt,273,ACZ81_05530,Alteromonas macleodii HOT1A3,,TonB-dependent receptor,Inorganic ion transport,informative_multi,1,10.0,1,8.0,1,eggnog,Alteromonadaceae,0.1,0.22541694446564625,0.15,0.022541694446564627,WP_061485087.1,eggnog:4651V@72275
alt,274,MIT1002_00411,Alteromonas macleodii MIT1002,,hypothetical protein,Unknown,informative_single,2,6.0,1,,0,,,0.38,0.0535853021231745,0.35,0.02036241480680631,WP_049588555.1,locus:MIT1002_00411
alt,275,ACZ81_RS21735,Alteromonas macleodii HOT1A3,,hypothetical protein,Unknown,no_evidence,1,6.0,1,,0,,,0.33999999999999997,0.0535853021231745,1.0,0.01821900272187933,WP_012517787.1,locus:ACZ81_RS21735
alt,276,EZ55_02415,Alteromonas macleodii EZ55,,hypothetical protein,Unknown,no_evidence,1,6.0,1,,0,,,0.33999999999999997,0.0535853021231745,1.0,0.01821900272187933,WP_014949857.1,locus:EZ55_02415
alt,277,MIT1002_04181,Alteromonas macleodii MIT1002,,hypothetical protein,Unknown,no_evidence,1,6.0,1,,0,,,0.33999999999999997,0.0535853021231745,1.0,0.01821900272187933,WP_049587376.1,locus:MIT1002_04181
alt,278,EZ55_02353,Alteromonas macleodii EZ55,,hypervirulence associated TUDOR domain-containing protein,Unknown,informative_single,1,10.0,1,3.0,1,eggnog,Alteromonadaceae,0.1,0.16272615980190455,0.35,0.016272615980190457,WP_014949794.1,eggnog:46BD9@72275
alt,279,MIT1002_01817,Alteromonas macleodii MIT1002,,hypothetical protein,Unknown,no_evidence,1,8.0,1,,0,,,0.22,0.0535853021231745,1.0,0.01178876646709839,WP_155279892.1,locus:MIT1002_01817
alt,280,ACZ81_07645,Alteromonas macleodii HOT1A3,,vWA domain-containing protein,Unknown,informative_single,1,10.0,1,1.0,1,eggnog,Proteobacteria,0.1,0.10914085767873005,0.35,0.010914085767873005,WP_061485481.1,eggnog:1MVUE@1224
alt,281,ACZ81_RS21260,Alteromonas macleodii HOT1A3,,hypothetical protein,Unknown,no_evidence,1,10.0,1,,0,,,0.1,0.0535853021231745,1.0,0.00535853021231745,WP_156079180.1,locus:ACZ81_RS21260
alt,282,EZ55_03401,Alteromonas macleodii EZ55,,hypothetical protein,Unknown,no_evidence,1,10.0,1,,0,,,0.1,0.0535853021231745,1.0,0.00535853021231745,WP_014977416.1,locus:EZ55_03401
other_hetero,1,HP15_2958,Marinobacter (MarRef v6),gtsA,ABC transporter substrate-binding protein,Carbohydrate metabolism,informative_multi,6,1.0,2,55.0,9,eggnog,Bacteria,0.84,0.8111888680349613,0.15,0.6813986491493674,WP_041645557.1,eggnog:COG1653@2
other_hetero,2,HP15_529,Marinobacter (MarRef v6),clpB,ATP-dependent chaperone ClpB,Post-translational modification,informative_multi,3,1.0,3,112.0,9,eggnog,Bacteria,0.72,0.8654613502351367,0.15,0.6231321721692984,WP_014576075.1,eggnog:COG0542@2
other_hetero,3,HP15_3759,Marinobacter (MarRef v6),prlC,oligopeptidase A,Amino acid metabolism,informative_multi,4,1.0,1,56.0,9,eggnog,Bacteria,0.76,0.8125571736602653,0.15,0.6175434519818016,WP_014578889.1,eggnog:COG0339@2
other_hetero,4,HP15_372,Marinobacter (MarRef v6),rplL,50S ribosomal protein L7/L12,Translation,informative_multi,5,2.0,1,39.0,9,eggnog,Bacteria,0.74,0.7851771248423498,0.15,0.5810310723833388,WP_008174836.1,eggnog:COG0222@2
other_hetero,5,HP15_3031,Marinobacter (MarRef v6),artJ,transporter substrate-binding domain-containing protein,Amino acid metabolism,informative_multi,2,2.0,2,238.0,9,eggnog,Bacteria,0.6200000000000001,0.9233703349406097,0.15,0.5724896076631781,WP_014578262.1,eggnog:COG0834@2
other_hetero,6,HP15_2088,Marinobacter (MarRef v6),purB,adenylosuccinate lyase,Nucleotide metabolism,informative_multi,3,1.0,1,43.0,9,eggnog,Bacteria,0.72,0.7925452927054912,0.15,0.5706326107479537,WP_014577430.1,eggnog:COG0015@2
other_hetero,7,HP15_1225,Marinobacter (MarRef v6),yciK,YciK family oxidoreductase,Lipid metabolism,informative_multi,1,2.0,1,481.0,9,eggnog,Bacteria,0.5800000000000001,0.9775998678723028,0.15,0.5670079233659356,WP_008171450.1,eggnog:COG1028@2
other_hetero,8,HP15_533,Marinobacter (MarRef v6),ilvC,ketol-acid reductoisomerase,Amino acid metabolism,informative_multi,3,1.0,1,40.0,9,eggnog,Bacteria,0.72,0.7870860428080793,0.15,0.5667019508218171,WP_008170689.1,eggnog:COG0059@2
other_hetero,9,HP15_2027,Marinobacter (MarRef v6),dapA,4-hydroxy-tetrahydrodipicolinate synthase,Amino acid metabolism,informative_multi,2,1.0,1,56.0,9,eggnog,Bacteria,0.6799999999999999,0.8125571736602653,0.15,0.5525388780889803,WP_014577380.1,eggnog:COG0329@2
other_hetero,10,HP15_3649,Marinobacter (MarRef v6),nrdA,ribonucleoside-diphosphate reductase subunit alpha,Nucleotide metabolism,informative_multi,2,1.0,1,44.0,9,eggnog,Bacteria,0.6799999999999999,0.794282607382917,0.15,0.5401121730203835,WP_014578798.1,eggnog:COG0209@2
other_hetero,11,HP15_3335,Marinobacter (MarRef v6),hemB,porphobilinogen synthase,Coenzyme metabolism,informative_multi,2,1.0,1,42.0,9,eggnog,Bacteria,0.6799999999999999,0.7907680362810453,0.15,0.5377222646711107,WP_014578521.1,eggnog:COG0113@2
other_hetero,12,HP15_3068,Marinobacter (MarRef v6),nusA,transcription termination factor NusA,Transcription,informative_multi,2,1.0,1,40.0,9,eggnog,Bacteria,0.6799999999999999,0.7870860428080793,0.15,0.5352185091094939,WP_014578293.1,eggnog:COG0195@2
other_hetero,13,HP15_388,Marinobacter (MarRef v6),rpmC,50S ribosomal protein L29,Translation,informative_multi,2,1.0,1,39.0,9,eggnog,Bacteria,0.6799999999999999,0.7851771248423498,0.15,0.5339204448927978,WP_008174877.1,eggnog:COG0255@2
other_hetero,14,HP15_758,Marinobacter (MarRef v6),rpsP,30S ribosomal protein S16,Translation,informative_multi,2,1.0,1,39.0,9,eggnog,Bacteria,0.6799999999999999,0.7851771248423498,0.15,0.5339204448927978,WP_008176245.1,eggnog:COG0228@2
other_hetero,15,HP15_906,Marinobacter (MarRef v6),aldH6A1,CoA-acylating methylmalonate-semialdehyde dehydrogenase,Energy production,informative_multi,1,2.0,1,200.0,9,eggnog,Bacteria,0.5800000000000001,0.9099839164318482,0.15,0.527790671530472,WP_008175948.1,eggnog:COG1012@2
other_hetero,16,HP15_3453,Marinobacter (MarRef v6),cysK,cysteine synthase A,Amino acid metabolism,informative_multi,2,2.0,1,84.0,9,eggnog,Bacteria,0.6200000000000001,0.8434491497384751,0.15,0.5229384728378547,WP_014578627.1,eggnog:COG0031@2
other_hetero,17,HP15_275,Marinobacter (MarRef v6),glnK,P-II family nitrogen regulator,Transcription,informative_multi,2,2.0,1,78.0,9,eggnog,Bacteria,0.6200000000000001,0.8377899959093211,0.15,0.5194297974637792,WP_008173268.1,eggnog:COG0347@2
other_hetero,18,HP15_382,Marinobacter (MarRef v6),rplW,50S ribosomal protein L23,Translation,informative_multi,3,2.0,1,39.0,9,eggnog,Bacteria,0.66,0.7851771248423498,0.15,0.5182169023959509,WP_008174862.1,eggnog:COG0089@2
other_hetero,19,HP15_3821,Marinobacter (MarRef v6),,MarR family transcriptional regulator,Transcription,informative_multi,1,1.0,1,109.0,8,eggnog,Bacteria,0.64,0.8078256534995873,0.15,0.5170084182397359,WP_008176821.1,eggnog:COG1846@2
other_hetero,20,HP15_3552,Marinobacter (MarRef v6),,ribonuclease R family protein,Transcription,informative_multi,2,2.0,1,71.0,9,eggnog,Bacteria,0.6200000000000001,0.8306172952796143,0.15,0.5149827230733609,WP_014578706.1,eggnog:COG0557@2
other_hetero,21,HP15_488,Marinobacter (MarRef v6),yjjK,energy-dependent translational throttle protein EttA,Unknown,informative_multi,1,1.0,1,98.0,8,eggnog,Bacteria,0.64,0.7996805218136773,0.15,0.5117955339607535,WP_014576039.1,eggnog:COG0488@2
other_hetero,22,HP15_641,Marinobacter (MarRef v6),metY,O-acetylhomoserine aminocarboxypropyltransferase/cysteine synthase family protein,Amino acid metabolism,informative_multi,2,1.0,1,49.0,8,eggnog,Bacteria,0.6799999999999999,0.7468721835132714,0.15,0.5078730847890245,WP_008176355.1,eggnog:COG2873@2
other_hetero,23,HP15_1239,Marinobacter (MarRef v6),purL,phosphoribosylformylglycinamidine synthase,Nucleotide metabolism,informative_multi,1,1.0,1,40.0,9,eggnog,Bacteria,0.64,0.7870860428080793,0.15,0.5037350673971708,WP_014576687.1,eggnog:COG0047@2
other_hetero,24,HP15_369,Marinobacter (MarRef v6),rplK,50S ribosomal protein L11,Translation,informative_multi,1,1.0,1,40.0,9,eggnog,Bacteria,0.64,0.7870860428080793,0.15,0.5037350673971708,WP_008174831.1,eggnog:COG0080@2
other_hetero,25,HP15_404,Marinobacter (MarRef v6),rpoA,DNA-directed RNA polymerase subunit alpha,Transcription,informative_multi,1,1.0,1,39.0,9,eggnog,Bacteria,0.64,0.7851771248423498,0.15,0.5025133598991038,WP_008174911.1,eggnog:COG0202@2
other_hetero,26,HP15_482,Marinobacter (MarRef v6),gltB,glutamate synthase large subunit,Amino acid metabolism,informative_multi,1,1.0,1,39.0,9,eggnog,Bacteria,0.64,0.7851771248423498,0.15,0.5025133598991038,WP_014576034.1,eggnog:COG0070@2
other_hetero,27,HP15_2091,Marinobacter (MarRef v6),,LysR family transcriptional regulator,Transcription,informative_multi,2,4.0,1,643.0,9,eggnog,Bacteria,0.5,1.0,0.15,0.5,WP_039882066.1,eggnog:COG0583@2
other_hetero,28,HP15_3389,Marinobacter (MarRef v6),pstS,substrate-binding domain-containing protein,Inorganic ion transport,informative_multi,1,2.0,1,106.0,9,eggnog,Bacteria,0.5800000000000001,0.8612435452197121,0.15,0.4995212562274331,WP_169702178.1,eggnog:COG0226@2
other_hetero,29,HP15_1056,Marinobacter (MarRef v6),,AraC family transcriptional regulator,Transcription,informative_multi,2,1.0,1,150.0,6,eggnog,Bacteria,0.6799999999999999,0.7212054381798858,0.15,0.4904196979623223,WP_008170520.1,eggnog:COG2207@2
other_hetero,30,HP15_3286,Marinobacter (MarRef v6),rpe,ribulose-phosphate 3-epimerase,Carbohydrate metabolism,informative_multi,2,2.0,1,41.0,9,eggnog,Bacteria,0.6200000000000001,0.7889489582436575,0.15,0.4891483541110677,WP_008173385.1,eggnog:COG0036@2
other_hetero,31,HP15_3288,Marinobacter (MarRef v6),trpE,anthranilate synthase component I,Amino acid metabolism,informative_multi,1,2.0,1,80.0,9,eggnog,Bacteria,0.5800000000000001,0.8397227778201815,0.15,0.4870392111357053,WP_041646392.1,eggnog:COG0147@2
other_hetero,32,HP15_2191,Marinobacter (MarRef v6),glnS,glutamine--tRNA ligase/YqeY domain fusion protein,Translation,informative_multi,1,2.0,1,76.0,9,eggnog,Bacteria,0.5800000000000001,0.8358076501245799,0.15,0.4847684370722564,WP_014577525.1,eggnog:COG0008@2
other_hetero,33,HP15_380,Marinobacter (MarRef v6),rplC,50S ribosomal protein L3,Translation,informative_multi,3,3.0,1,39.0,9,eggnog,Bacteria,0.6,0.7851771248423498,0.15,0.47110627490540985,WP_008174858.1,eggnog:COG0087@2
other_hetero,34,HP15_1360,Marinobacter (MarRef v6),gyrA,DNA gyrase subunit A,Replication and repair,informative_multi,2,3.0,1,79.0,9,eggnog,Bacteria,0.56,0.8387624269655243,0.15,0.46970695910069366,WP_014576789.1,eggnog:COG0188@2
other_hetero,35,HP15_2913,Marinobacter (MarRef v6),tkt1,transketolase,Carbohydrate metabolism,informative_multi,1,2.0,1,52.0,9,eggnog,Bacteria,0.5800000000000001,0.8069323480952801,0.15,0.46802076189526254,WP_014578165.1,eggnog:COG0021@2
other_hetero,36,HP15_306,Marinobacter (MarRef v6),tdcF,RidA family protein,Translation,informative_multi,2,3.0,1,73.0,9,eggnog,Bacteria,0.56,0.83273543461699,0.15,0.4663318433855144,WP_008169589.1,eggnog:COG0251@2
other_hetero,37,HP15_2034,Marinobacter (MarRef v6),pal,peptidoglycan-associated lipoprotein Pal,Cell wall and membrane,informative_multi,2,3.0,2,148.0,8,eggnog,Bacteria,0.56,0.83128577069152,0.15,0.46552003158725125,WP_008169120.1,eggnog:COG2885@2
other_hetero,38,HP15_2984,Marinobacter (MarRef v6),sufB,Fe-S cluster assembly protein SufB,Post-translational modification,informative_multi,1,1.0,1,77.0,7,eggnog,Bacteria,0.64,0.7256940657522939,0.15,0.4644442020814681,WP_008169346.1,eggnog:COG0719@2
other_hetero,39,HP15_2455,Marinobacter (MarRef v6),mreB,rod shape-determining protein,Cell cycle and division,informative_multi,1,2.0,1,42.0,9,eggnog,Bacteria,0.5800000000000001,0.7907680362810453,0.15,0.45864546104300635,WP_008170134.1,eggnog:COG1077@2
other_hetero,40,HP15_2025,Marinobacter (MarRef v6),purC,phosphoribosylaminoimidazolesuccinocarboxamide synthase,Nucleotide metabolism,informative_multi,1,2.0,1,40.0,9,eggnog,Bacteria,0.5800000000000001,0.7870860428080793,0.15,0.45650990482868603,WP_008169108.1,eggnog:COG0152@2
other_hetero,41,HP15_2184,Marinobacter (MarRef v6),clpX,ATP-dependent Clp protease ATP-binding subunit ClpX,Post-translational modification,informative_multi,1,2.0,1,40.0,9,eggnog,Bacteria,0.5800000000000001,0.7870860428080793,0.15,0.45650990482868603,WP_008174598.1,eggnog:COG1219@2
other_hetero,42,HP15_3067,Marinobacter (MarRef v6),infB,translation initiation factor IF-2,Translation,informative_multi,1,2.0,1,39.0,9,eggnog,Bacteria,0.5800000000000001,0.7851771248423498,0.15,0.45540273240856294,WP_014578292.1,eggnog:COG0532@2
other_hetero,43,HP15_376,Marinobacter (MarRef v6),rpsG,30S ribosomal protein S7,Translation,informative_multi,1,2.0,1,39.0,9,eggnog,Bacteria,0.5800000000000001,0.7851771248423498,0.15,0.45540273240856294,WP_008174847.1,eggnog:COG0049@2
other_hetero,44,HP15_381,Marinobacter (MarRef v6),rplD,50S ribosomal protein L4,Translation,informative_multi,1,2.0,1,39.0,9,eggnog,Bacteria,0.5800000000000001,0.7851771248423498,0.15,0.45540273240856294,WP_008174860.1,eggnog:COG0088@2
other_hetero,45,HP15_2198,Marinobacter (MarRef v6),,acyl-CoA thioesterase,Unknown,informative_multi,1,3.0,1,114.0,9,eggnog,Bacteria,0.52,0.8668176525610396,0.15,0.45074517933174063,WP_014577531.1,eggnog:COG0824@2
other_hetero,46,HP15_1306,Marinobacter (MarRef v6),,DUF1631 domain-containing protein,Cell motility,informative_multi,1,1.0,2,53.0,7,eggnog,Bacteria,0.64,0.6972662743771993,0.15,0.4462504156014076,WP_014576739.1,eggnog:COG3170@2
other_hetero,47,HP15_373,Marinobacter (MarRef v6),rpoB,DNA-directed RNA polymerase subunit beta,Transcription,informative_multi,2,3.0,1,39.0,9,eggnog,Bacteria,0.56,0.7851771248423498,0.15,0.4396991899117159,WP_041646080.1,eggnog:COG0085@2
other_hetero,48,HP15_384,Marinobacter (MarRef v6),rpsS,30S ribosomal protein S19,Translation,informative_multi,2,3.0,1,39.0,9,eggnog,Bacteria,0.56,0.7851771248423498,0.15,0.4396991899117159,WP_007154011.1,eggnog:COG0185@2
other_hetero,49,HP15_3216,Marinobacter (MarRef v6),ppa,inorganic diphosphatase,Energy production,informative_multi,2,2.0,1,60.0,7,eggnog,Bacteria,0.6200000000000001,0.7066892409353878,0.15,0.4381473293799405,WP_014578423.1,eggnog:COG0221@2
other_hetero,50,HP15_3373,Marinobacter (MarRef v6),cspA,cold-shock protein,Transcription,informative_multi,2,1.0,1,53.0,6,eggnog,Bacteria,0.6799999999999999,0.6417107188216438,0.15,0.4363632887987177,WP_008172950.1,eggnog:COG1278@2
other_hetero,51,HP15_2351,Marinobacter (MarRef v6),sodB,superoxide dismutase [Fe],Inorganic ion transport,informative_multi,2,2.0,1,22.0,8,eggnog,Bacteria,0.6200000000000001,0.6868408785326576,0.15,0.4258413446902478,WP_014577657.1,eggnog:COG0605@2
other_hetero,52,HP15_273,Marinobacter (MarRef v6),speE,polyamine aminopropyltransferase,Amino acid metabolism,informative_multi,1,1.0,1,32.0,7,eggnog,Bacteria,0.64,0.6591942718030763,0.15,0.42188433395396885,WP_014575878.1,eggnog:COG0421@2
other_hetero,53,HP15_1397,Marinobacter (MarRef v6),katG,catalase/peroxidase HPI,Inorganic ion transport,informative_multi,5,2.0,1,19.0,6,eggnog,Bacteria,0.74,0.5649251560525086,0.15,0.41804461547885635,WP_041645165.1,eggnog:COG0376@2
other_hetero,54,HP15_3055,Marinobacter (MarRef v6),braC,branched-chain amino acid ABC transporter substrate-binding protein,Amino acid metabolism,informative_multi,4,5.0,2,103.0,8,eggnog,Bacteria,0.52,0.803489531099153,0.15,0.41781455617155955,WP_014578283.1,eggnog:COG0683@2
other_hetero,55,HP15_494,Marinobacter (MarRef v6),ribH,"6,7-dimethyl-8-ribityllumazine synthase",Coenzyme metabolism,informative_multi,1,3.0,1,41.0,9,eggnog,Bacteria,0.52,0.7889489582436575,0.15,0.4102534582867019,WP_008170762.1,eggnog:COG0054@2
other_hetero,56,HP15_383,Marinobacter (MarRef v6),rplB,50S ribosomal protein L2,Translation,informative_multi,1,3.0,1,39.0,9,eggnog,Bacteria,0.52,0.7851771248423498,0.15,0.4082921049180219,WP_014575956.1,eggnog:COG0090@2
other_hetero,57,HP15_3052,Marinobacter (MarRef v6),lon,endopeptidase La,Post-translational modification,informative_multi,2,1.0,1,28.0,6,eggnog,Bacteria,0.6799999999999999,0.5936497126658842,0.15,0.4036818046128012,WP_041645590.1,eggnog:COG0466@2
other_hetero,58,HP15_1878,Marinobacter (MarRef v6),,VWA domain-containing protein,Unknown,informative_single,1,4.0,1,111.0,9,eggnog,Bacteria,0.45999999999999996,0.8647741701581357,0.35,0.3977961182727424,WP_227499740.1,eggnog:COG2304@2
other_hetero,59,HP15_1494,Marinobacter (MarRef v6),hisS,histidine--tRNA ligase,Translation,informative_multi,2,4.0,1,40.0,9,eggnog,Bacteria,0.5,0.7870860428080793,0.15,0.39354302140403963,WP_014576905.1,eggnog:COG0124@2
other_hetero,60,HP15_781,Marinobacter (MarRef v6),lepA,translation elongation factor 4,Cell wall and membrane,informative_multi,2,4.0,1,40.0,9,eggnog,Bacteria,0.5,0.7870860428080793,0.15,0.39354302140403963,WP_014576285.1,eggnog:COG0481@2
other_hetero,61,HP15_453,Marinobacter (MarRef v6),thiC,phosphomethylpyrimidine synthase ThiC,Coenzyme metabolism,informative_multi,3,4.0,1,38.0,8,eggnog,Bacteria,0.54,0.7276643191846749,0.15,0.3929387323597245,WP_041644939.1,eggnog:COG0422@2
other_hetero,62,HP15_2292,Marinobacter (MarRef v6),cheW,chemotaxis protein CheW,Cell motility,informative_multi,1,3.0,1,99.0,7,eggnog,Bacteria,0.52,0.7449019300808906,0.15,0.3873490036420631,WP_008173094.1,eggnog:COG0835@2
other_hetero,63,HP15_3007,Marinobacter (MarRef v6),ctpA,S41 family peptidase,Cell wall and membrane,informative_multi,2,5.0,1,126.0,9,eggnog,Bacteria,0.44,0.8744907803842896,0.15,0.38477594336908744,WP_014578245.1,eggnog:COG0793@2
other_hetero,64,HP15_3349,Marinobacter (MarRef v6),rubB,NAD(P)/FAD-dependent oxidoreductase,Energy production,informative_multi,1,2.0,1,30.0,7,eggnog,Bacteria,0.5800000000000001,0.654360994958486,0.15,0.37952937707592194,WP_014578533.1,eggnog:COG0446@2
other_hetero,65,HP15_768,Marinobacter (MarRef v6),lysS,lysine--tRNA ligase,Translation,informative_multi,1,3.0,1,39.0,8,eggnog,Bacteria,0.52,0.7296215692867942,0.15,0.379403216029133,WP_014576273.1,eggnog:COG1190@2
other_hetero,66,HP15_1076,Marinobacter (MarRef v6),pheT,phenylalanine--tRNA ligase subunit beta,Translation,informative_multi,1,1.0,1,12.0,7,eggnog,Bacteria,0.64,0.587178069174074,0.15,0.3757939642714074,WP_014576544.1,eggnog:COG0073@2
other_hetero,67,HP15_3028,Marinobacter (MarRef v6),dctP,TRAP transporter substrate-binding protein DctP,Secondary metabolites,informative_multi,2,2.0,1,15.0,7,eggnog,Bacteria,0.6200000000000001,0.603230097381587,0.15,0.374002660376584,WP_041645585.1,eggnog:COG4663@2
other_hetero,68,HP15_764,Marinobacter (MarRef v6),hom,homoserine dehydrogenase,Amino acid metabolism,informative_multi,2,2.0,1,29.0,6,eggnog,Bacteria,0.6200000000000001,0.5962705483843795,0.15,0.3696877399983154,WP_014576269.1,eggnog:COG0460@2
other_hetero,69,HP15_3063,Marinobacter (MarRef v6),pnp,polyribonucleotide nucleotidyltransferase,Translation,informative_multi,1,4.0,1,40.0,9,eggnog,Bacteria,0.45999999999999996,0.7870860428080793,0.15,0.3620595796917164,WP_014578290.1,eggnog:COG1185@2
other_hetero,70,HP15_471,Marinobacter (MarRef v6),rpmE,50S ribosomal protein L31,Translation,informative_multi,1,4.0,1,40.0,9,eggnog,Bacteria,0.45999999999999996,0.7870860428080793,0.15,0.3620595796917164,WP_008170804.1,eggnog:COG0254@2
other_hetero,71,HP15_3376,Marinobacter (MarRef v6),rapA,RNA polymerase-associated protein RapA,Transcription,informative_multi,1,4.0,1,39.0,9,eggnog,Bacteria,0.45999999999999996,0.7851771248423498,0.15,0.36118147742748086,WP_014578556.1,eggnog:COG0553@2
other_hetero,72,HP15_3673,Marinobacter (MarRef v6),fhuA,TonB-dependent siderophore receptor,Inorganic ion transport,informative_multi,1,2.0,1,66.0,5,eggnog,Bacteria,0.5800000000000001,0.6028309997545805,0.15,0.34964197985765677,WP_041645841.1,eggnog:COG4774@2
other_hetero,73,HP15_3081,Marinobacter (MarRef v6),dnaK,molecular chaperone DnaK,Post-translational modification,informative_multi,1,5.0,1,116.0,9,eggnog,Bacteria,0.4,0.8681505691952758,0.15,0.3472602276781103,WP_014578301.1,eggnog:COG0443@2
other_hetero,74,HP15_2229,Marinobacter (MarRef v6),ppsA,phosphoenolpyruvate synthase,Carbohydrate metabolism,informative_multi,2,4.0,1,24.0,8,eggnog,Bacteria,0.5,0.693286881390097,0.15,0.3466434406950485,WP_373274841.1,eggnog:COG1080@2
other_hetero,75,HP15_1827,Marinobacter (MarRef v6),trpB,tryptophan synthase subunit beta,Amino acid metabolism,informative_multi,2,5.0,1,40.0,9,eggnog,Bacteria,0.44,0.7870860428080793,0.15,0.3463178588355549,WP_373274847.1,eggnog:COG0133@2
other_hetero,76,HP15_332,Marinobacter (MarRef v6),dksA,RNA polymerase-binding protein DksA,Signal transduction,informative_multi,1,1.0,1,29.0,5,eggnog,Bacteria,0.64,0.540714992828824,0.15,0.34605759541044734,WP_014575920.1,eggnog:COG1734@2
other_hetero,77,HP15_317,Marinobacter (MarRef v6),rpsU,30S ribosomal protein S21,Translation,informative_multi,1,4.0,1,39.0,8,eggnog,Bacteria,0.45999999999999996,0.7296215692867942,0.15,0.3356259218719253,WP_007153483.1,eggnog:COG0828@2
other_hetero,78,HP15_3079,Marinobacter (MarRef v6),dapB,4-hydroxy-tetrahydrodipicolinate reductase,Amino acid metabolism,informative_multi,1,4.0,1,38.0,8,eggnog,Bacteria,0.45999999999999996,0.7276643191846749,0.15,0.3347255868249504,WP_014578299.1,eggnog:COG0289@2
other_hetero,79,HP15_3708,Marinobacter (MarRef v6),gabT,4-aminobutyrate--2-oxoglutarate transaminase,Amino acid metabolism,informative_multi,2,2.0,2,12.0,6,eggnog,Bacteria,0.6200000000000001,0.5316225136185184,0.15,0.3296059584434815,WP_014578841.1,eggnog:COG0160@2
other_hetero,80,HP15_3706,Marinobacter (MarRef v6),gyrB,DNA topoisomerase (ATP-hydrolyzing) subunit B,Replication and repair,informative_multi,1,5.0,1,55.0,9,eggnog,Bacteria,0.4,0.8111888680349613,0.15,0.3244755472139845,WP_008172535.1,eggnog:COG0187@2
other_hetero,81,HP15_1075,Marinobacter (MarRef v6),pheS,phenylalanine--tRNA ligase subunit alpha,Translation,informative_multi,1,5.0,1,41.0,9,eggnog,Bacteria,0.4,0.7889489582436575,0.15,0.31557958329746305,WP_014576543.1,eggnog:COG0016@2
other_hetero,82,HP15_216,Marinobacter (MarRef v6),yhgF,Tex family protein,Transcription,informative_multi,1,1.0,1,15.0,5,eggnog,Bacteria,0.64,0.4921189862704758,0.15,0.3149561512131045,WP_014575831.1,eggnog:COG2183@2
other_hetero,83,HP15_761,Marinobacter (MarRef v6),rplS,50S ribosomal protein L19,Translation,informative_multi,1,5.0,1,40.0,9,eggnog,Bacteria,0.4,0.7870860428080793,0.15,0.31483441712323174,WP_008176237.1,eggnog:COG0335@2
other_hetero,84,HP15_385,Marinobacter (MarRef v6),rplV,50S ribosomal protein L22,Translation,informative_multi,1,5.0,1,39.0,9,eggnog,Bacteria,0.4,0.7851771248423498,0.15,0.31407084993693996,WP_008174870.1,eggnog:COG0091@2
other_hetero,85,HP15_1758,Marinobacter (MarRef v6),slyD,FKBP-type peptidyl-prolyl cis-trans isomerase,Post-translational modification,informative_multi,1,3.0,1,32.0,6,eggnog,Bacteria,0.52,0.6036387162475207,0.15,0.3138921324487108,WP_008171631.1,eggnog:COG1047@2
other_hetero,86,HP15_3953,Marinobacter (MarRef v6),btuB,TonB-dependent receptor plug domain-containing protein,Coenzyme metabolism,informative_multi,2,4.0,1,83.0,5,eggnog,Bacteria,0.5,0.6203120381446099,0.15,0.31015601907230494,WP_014579072.1,eggnog:COG4206@2
other_hetero,87,SPO0362,Ruegeria pomeroyi DSS-3,,hypothetical protein,Secondary metabolites,informative_multi,1,1.0,1,24.0,4,eggnog,Proteobacteria,0.64,0.47106465916787477,0.15,0.30148138186743983,WP_044027809.1,eggnog:1MU7T@1224
other_hetero,88,HP15_478,Marinobacter (MarRef v6),pilQ,type IV pilus secretin PilQ,Intracellular trafficking,informative_multi,1,3.0,1,20.0,6,eggnog,Bacteria,0.52,0.5686969894538164,0.15,0.29572243451598457,WP_014576031.1,eggnog:COG4796@2
other_hetero,89,HP15_3169,Marinobacter (MarRef v6),pedA,YVTN family beta-propeller repeat protein,Unknown,informative_single,2,6.0,1,65.0,8,eggnog,Bacteria,0.38,0.7683351294818064,0.35,0.2919673492030864,WP_041645641.1,eggnog:COG3391@2
other_hetero,90,HP15_3085,Marinobacter (MarRef v6),fur,ferric iron uptake transcriptional regulator,Transcription,informative_multi,1,6.0,1,100.0,9,eggnog,Bacteria,0.33999999999999997,0.8567822739032447,0.15,0.29130597312710316,WP_008171512.1,eggnog:COG0735@2
other_hetero,91,HP15_3679,Marinobacter (MarRef v6),atpD,F0F1 ATP synthase subunit beta,Energy production,informative_multi,2,6.0,1,40.0,8,eggnog,Bacteria,0.38,0.7315304872525237,0.15,0.277981585155959,WP_008172594.1,eggnog:COG0055@2
other_hetero,92,HP15_770,Marinobacter (MarRef v6),,HDOD domain-containing protein,Signal transduction,informative_multi,1,3.0,1,54.0,4,eggnog,Bacteria,0.52,0.5320181291541908,0.15,0.2766494271601792,WP_014576275.1,eggnog:COG1639@2
other_hetero,93,M8001_21015,Pseudomonas putida KT2440,idh,NADP-dependent isocitrate dehydrogenase,Energy production,informative_multi,1,1.0,1,14.0,4,eggnog,Proteobacteria,0.64,0.43157413515009385,0.15,0.27620744649606005,WP_010954815.1,eggnog:1MV6Q@1224
other_hetero,94,SPO0347,Ruegeria pomeroyi DSS-3,sucC,ADP-forming succinate--CoA ligase subunit beta,Coenzyme metabolism,informative_multi,1,1.0,1,14.0,4,eggnog,Proteobacteria,0.64,0.43157413515009385,0.15,0.27620744649606005,WP_011046108.1,eggnog:1MVCE@1224
other_hetero,95,SPO3109,Ruegeria pomeroyi DSS-3,tolB,Tol-Pal system beta propeller repeat protein TolB,Intracellular trafficking,informative_multi,1,1.0,1,14.0,4,eggnog,Proteobacteria,0.64,0.43157413515009385,0.15,0.27620744649606005,WP_011048799.1,eggnog:1MV09@1224
other_hetero,96,SPO0719,Ruegeria pomeroyi DSS-3,etfA,electron transfer flavoprotein subunit alpha/FixB family protein,Energy production,informative_multi,2,2.0,1,15.0,4,eggnog,Proteobacteria,0.6200000000000001,0.4365634307149202,0.15,0.2706693270432506,WP_011046469.1,eggnog:1MUFI@1224
other_hetero,97,SPO0887,Ruegeria pomeroyi DSS-3,groL,chaperonin GroEL,Post-translational modification,informative_multi,2,2.0,1,15.0,4,eggnog,Proteobacteria,0.6200000000000001,0.4365634307149202,0.15,0.2706693270432506,WP_011046636.1,eggnog:1MURR@1224
other_hetero,98,Sputw3181_0575,Shewanella sp. W3-18-1,,cytochrome c-type biogenesis protein CcmH,Energy production,informative_multi,2,2.0,1,15.0,4,eggnog,Proteobacteria,0.6200000000000001,0.4365634307149202,0.15,0.2706693270432506,WP_011787958.1,eggnog:1MZZ5@1224
other_hetero,99,SPO0326,Ruegeria pomeroyi DSS-3,phbA,acetyl-CoA C-acetyltransferase,Lipid metabolism,informative_multi,2,4.0,1,60.0,4,eggnog,Proteobacteria,0.5,0.540022574268721,0.15,0.2700112871343605,WP_011046087.1,eggnog:1MU5G@1224
other_hetero,100,SPO0728,Ruegeria pomeroyi DSS-3,tuf,elongation factor Tu,Translation,informative_multi,1,2.0,1,22.0,4,eggnog,Proteobacteria,0.5800000000000001,0.4646186563104355,0.15,0.26947882066005263,WP_011046478.1,eggnog:1MVC0@1224
other_hetero,101,SPO3162,Ruegeria pomeroyi DSS-3,atpD,F0F1 ATP synthase subunit beta,Energy production,informative_multi,1,1.0,1,12.0,4,eggnog,Proteobacteria,0.64,0.4205114025074073,0.15,0.2691272976047407,WP_011048852.1,eggnog:1MUFU@1224
other_hetero,102,SPO3825,Ruegeria pomeroyi DSS-3,rplC,50S ribosomal protein L3,Translation,informative_multi,1,1.0,1,12.0,4,eggnog,Proteobacteria,0.64,0.4205114025074073,0.15,0.2691272976047407,WP_011049497.1,eggnog:1MUST@1224
other_hetero,103,HP15_1370,Marinobacter (MarRef v6),pyrF,orotidine-5^-phosphate decarboxylase,Nucleotide metabolism,informative_multi,1,6.0,1,40.0,9,eggnog,Bacteria,0.33999999999999997,0.7870860428080793,0.15,0.26760925455474693,WP_041645156.1,eggnog:COG0284@2
other_hetero,104,HP15_3799,Marinobacter (MarRef v6),,acetoacetate--CoA ligase,Lipid metabolism,informative_multi,2,7.0,1,72.0,9,eggnog,Bacteria,0.32,0.831683619077031,0.15,0.26613875810464993,WP_014578928.1,eggnog:COG0365@2
other_hetero,105,HP15_2212,Marinobacter (MarRef v6),acpP,acyl carrier protein,Lipid metabolism,informative_multi,2,7.0,1,53.0,9,eggnog,Bacteria,0.32,0.8083773854883105,0.15,0.2586807633562594,WP_008174976.1,eggnog:COG0236@2
other_hetero,106,HP15_1273,Marinobacter (MarRef v6),kdsA,3-deoxy-8-phosphooctulonate synthase,Cell wall and membrane,informative_multi,1,5.0,1,23.0,7,eggnog,Bacteria,0.4,0.6345754897134578,0.15,0.25383019588538314,WP_014576711.1,eggnog:COG2877@2
other_hetero,107,M8001_12870,Pseudomonas putida KT2440,ansB,asparaginase,Amino acid metabolism,informative_multi,2,1.0,1,13.0,3,eggnog,Proteobacteria,0.6799999999999999,0.3706849304552789,0.15,0.25206575270958964,WP_010953400.1,eggnog:1MWIR@1224
other_hetero,108,M8001_21885,Pseudomonas putida KT2440,sucD,succinate--CoA ligase subunit alpha,Energy production,informative_multi,1,2.0,1,14.0,4,eggnog,Proteobacteria,0.5800000000000001,0.43157413515009385,0.15,0.25031299838705445,WP_003254203.1,eggnog:1MUGA@1224
other_hetero,109,HP15_3678,Marinobacter (MarRef v6),atpC,F0F1 ATP synthase subunit epsilon,Energy production,informative_multi,1,6.0,1,40.0,8,eggnog,Bacteria,0.33999999999999997,0.7315304872525237,0.15,0.24872036566585803,WP_008172596.1,eggnog:COG0355@2
other_hetero,110,HP15_1755,Marinobacter (MarRef v6),etfA,electron transfer flavoprotein subunit alpha/FixB family protein,Energy production,informative_multi,2,5.0,1,18.0,6,eggnog,Bacteria,0.44,0.5609598125385532,0.15,0.2468223175169634,WP_014577132.1,eggnog:COG2025@2
other_hetero,111,HP15_1477,Marinobacter (MarRef v6),flgL,flagellar hook-associated protein FlgL,Cell motility,informative_multi,1,5.0,1,78.0,5,eggnog,Bacteria,0.4,0.6155677736870988,0.15,0.24622710947483953,WP_014576893.1,eggnog:COG1344@2
other_hetero,112,HP15_1525,Marinobacter (MarRef v6),sucD,succinate--CoA ligase subunit alpha,Energy production,informative_multi,1,5.0,1,17.0,7,eggnog,Bacteria,0.4,0.612335579922154,0.15,0.24493423196886163,WP_008174394.1,eggnog:COG0074@2
other_hetero,113,HP15_1065,Marinobacter (MarRef v6),pepN,aminopeptidase N,Amino acid metabolism,informative_multi,1,6.0,1,69.0,7,eggnog,Bacteria,0.33999999999999997,0.7173283711503274,0.15,0.2438916461911113,WP_014576535.1,eggnog:COG0308@2
other_hetero,114,SPO0349,Ruegeria pomeroyi DSS-3,mdh,malate dehydrogenase,Energy production,informative_multi,2,3.0,1,13.0,4,eggnog,Proteobacteria,0.56,0.4262404860108344,0.15,0.2386946721660673,WP_011046110.1,eggnog:1MV57@1224
other_hetero,115,HP15_1757,Marinobacter (MarRef v6),etfD,electron transfer flavoprotein-ubiquinone oxidoreductase,Energy production,informative_multi,1,4.0,1,17.0,5,eggnog,Bacteria,0.45999999999999996,0.501224468811043,0.15,0.23056325565307975,WP_041646211.1,eggnog:COG2440@2
other_hetero,116,HP15_1795,Marinobacter (MarRef v6),cysI,nitrite/sulfite reductase,Energy production,informative_multi,1,7.0,1,62.0,9,eggnog,Bacteria,0.28,0.8202943505755285,0.15,0.22968241816114798,WP_041645228.1,eggnog:COG0155@2
other_hetero,117,SPO2904,Ruegeria pomeroyi DSS-3,,bifunctional metallophosphatase/5^-nucleotidase,Nucleotide metabolism,informative_multi,1,3.0,1,16.0,4,eggnog,Proteobacteria,0.52,0.4412501534878709,0.15,0.22945007981369286,WP_011048604.1,eggnog:1MX03@1224
other_hetero,118,HP15_1174,Marinobacter (MarRef v6),bamA,outer membrane protein assembly factor BamA,Cell wall and membrane,informative_multi,1,7.0,1,57.0,9,eggnog,Bacteria,0.28,0.8139016814557254,0.15,0.22789247080760314,WP_041645133.1,eggnog:COG4775@2
other_hetero,119,M8001_27870,Pseudomonas putida KT2440,hupA,HU family DNA-binding protein,Replication and repair,informative_multi,1,3.0,2,15.0,4,eggnog,Proteobacteria,0.52,0.4365634307149202,0.15,0.2270129839717585,WP_003253355.1,eggnog:1MZ5B@1224
other_hetero,120,M8001_14325,Pseudomonas putida KT2440,,NAD(P)/FAD-dependent oxidoreductase,Unknown,informative_multi,1,3.0,1,13.0,4,eggnog,Proteobacteria,0.52,0.4262404860108344,0.15,0.2216450527256339,WP_010953650.1,eggnog:1MV4Z@1224
other_hetero,121,SPO1163,Ruegeria pomeroyi DSS-3,hisB,imidazoleglycerol-phosphate dehydratase HisB,Amino acid metabolism,informative_multi,1,3.0,1,13.0,4,eggnog,Proteobacteria,0.52,0.4262404860108344,0.15,0.2216450527256339,WP_011046909.1,eggnog:1MWBS@1224
other_hetero,122,SPO1990,Ruegeria pomeroyi DSS-3,rplU,50S ribosomal protein L21,Translation,informative_multi,1,3.0,1,13.0,4,eggnog,Proteobacteria,0.52,0.4262404860108344,0.15,0.2216450527256339,WP_011047721.1,eggnog:1MZEW@1224
other_hetero,123,SPO2305,Ruegeria pomeroyi DSS-3,purB,adenylosuccinate lyase,Nucleotide metabolism,informative_multi,1,3.0,1,13.0,4,eggnog,Proteobacteria,0.52,0.4262404860108344,0.15,0.2216450527256339,WP_011048022.1,eggnog:1MV4B@1224
other_hetero,124,HP15_2911,Marinobacter (MarRef v6),pgk,phosphoglycerate kinase,Carbohydrate metabolism,informative_multi,1,7.0,1,41.0,9,eggnog,Bacteria,0.28,0.7889489582436575,0.15,0.22090570830822412,WP_014578163.1,eggnog:COG0126@2
other_hetero,125,Sputw3181_0700,Shewanella sp. W3-18-1,glnK,P-II family nitrogen regulator,Transcription,informative_multi,1,4.0,1,27.0,4,eggnog,Proteobacteria,0.45999999999999996,0.47982578813400895,0.15,0.2207198625416441,WP_011788081.1,eggnog:1RGWK@1224
other_hetero,126,M8001_02475,Pseudomonas putida KT2440,rplX,50S ribosomal protein L24,Translation,informative_multi,1,3.0,1,12.0,4,eggnog,Proteobacteria,0.52,0.4205114025074073,0.15,0.2186659293038518,WP_003255476.1,eggnog:1MZQD@1224
other_hetero,127,HP15_3234,Marinobacter (MarRef v6),aceA,isocitrate lyase,Energy production,informative_multi,2,5.0,1,16.0,5,eggnog,Bacteria,0.44,0.49680570904342647,0.15,0.21859451197910765,WP_014578440.1,eggnog:COG2224@2
other_hetero,128,Sputw3181_0086,Shewanella sp. W3-18-1,glcB,malate synthase,Energy production,informative_multi,2,4.0,2,14.0,4,eggnog,Proteobacteria,0.5,0.43157413515009385,0.15,0.21578706757504693,WP_011787506.1,eggnog:1MVEV@1224
other_hetero,129,M8001_15495,Pseudomonas putida KT2440,dgkA,diacylglycerol kinase,Cell wall and membrane,informative_multi,1,3.0,1,22.0,3,eggnog,Proteobacteria,0.52,0.40906310075487995,0.15,0.2127128123925376,WP_031297681.1,eggnog:1MZ3Q@1224
other_hetero,130,HP15_3160,Marinobacter (MarRef v6),pedH,PQQ-dependent methanol/ethanol family dehydrogenase,Carbohydrate metabolism,informative_multi,1,4.0,1,21.0,4,eggnog,Bacteria,0.45999999999999996,0.46118221280453886,0.15,0.21214381789008785,WP_014578370.1,eggnog:COG4993@2
other_hetero,131,SPO3661,Ruegeria pomeroyi DSS-3,,5-oxoprolinase subunit B family protein,Amino acid metabolism,informative_multi,1,2.0,1,12.0,3,eggnog,Proteobacteria,0.5800000000000001,0.3649558469518518,0.15,0.21167439123207407,WP_011049341.1,eggnog:1MWRB@1224
other_hetero,132,HP15_4076,Marinobacter (MarRef v6),,TRAP transporter substrate-binding protein,Carbohydrate metabolism,informative_multi,1,6.0,1,37.0,6,eggnog,Bacteria,0.33999999999999997,0.6145451146617278,0.15,0.20894533898498743,WP_041645964.1,eggnog:COG1638@2
other_hetero,133,SPO3720,Ruegeria pomeroyi DSS-3,tyrB,aromatic amino acid transaminase,Amino acid metabolism,informative_multi,1,4.0,1,15.0,4,eggnog,Proteobacteria,0.45999999999999996,0.4365634307149202,0.15,0.20081917812886327,WP_011049398.1,eggnog:1MUT0@1224
other_hetero,134,M8001_08450,Pseudomonas putida KT2440,recA,recombinase RecA,Replication and repair,informative_multi,1,4.0,1,13.0,4,eggnog,Proteobacteria,0.45999999999999996,0.4262404860108344,0.15,0.1960706235649838,WP_003252365.1,eggnog:1MU3C@1224
other_hetero,135,SPO1001,Ruegeria pomeroyi DSS-3,soxF,NAD(P)/FAD-dependent oxidoreductase,Energy production,informative_multi,1,2.0,1,8.0,3,eggnog,Proteobacteria,0.5800000000000001,0.33652805557675736,0.15,0.1951862722345193,WP_011046749.1,eggnog:1N5MC@1224
other_hetero,136,HP15_354,Marinobacter (MarRef v6),,bactofilin family protein,Cell wall and membrane,informative_multi,2,3.0,1,4.0,4,eggnog,Bacteria,0.56,0.3466434406950485,0.15,0.19412032678922717,WP_008173148.1,eggnog:COG1664@2
other_hetero,137,SPO1429,Ruegeria pomeroyi DSS-3,omp28,SIMPL domain-containing protein,Unknown,informative_multi,1,3.0,1,13.0,3,eggnog,Proteobacteria,0.52,0.3706849304552789,0.15,0.19275616383674504,WP_011047166.1,eggnog:1RH7T@1224
other_hetero,138,SPO1960,Ruegeria pomeroyi DSS-3,,serine hydrolase domain-containing protein,Defense mechanisms,informative_multi,1,2.0,1,7.0,3,eggnog,Proteobacteria,0.5800000000000001,0.32742257303619016,0.15,0.18990509236099032,WP_011047691.1,eggnog:1MVPR@1224
other_hetero,139,M8001_24150,Pseudomonas putida KT2440,pagO,DMT family transporter,Amino acid metabolism,informative_multi,1,1.0,1,10.0,2,eggnog,Proteobacteria,0.64,0.2964857995702533,0.15,0.1897509117249621,WP_010955268.1,eggnog:1MXJY@1224
other_hetero,140,SPO1796,Ruegeria pomeroyi DSS-3,fdhF,formate dehydrogenase subunit alpha,Energy production,informative_multi,1,1.0,1,4.0,3,eggnog,Proteobacteria,0.64,0.29108788513949296,0.15,0.1862962464892755,WP_011047529.1,eggnog:1MW3N@1224
other_hetero,141,HP15_2051,Marinobacter (MarRef v6),guaB,IMP dehydrogenase,Nucleotide metabolism,informative_multi,1,8.0,1,74.0,9,eggnog,Bacteria,0.22,0.833773131400698,0.15,0.18343008890815354,WP_008169151.1,eggnog:COG0517@2
other_hetero,142,SPO2554,Ruegeria pomeroyi DSS-3,,ABC transporter substrate-binding protein,Amino acid metabolism,informative_multi,1,4.0,2,17.0,3,eggnog,Proteobacteria,0.45999999999999996,0.39011335769993183,0.15,0.17945214454196862,WP_044029270.1,eggnog:1MUZH@1224
other_hetero,143,HP15_2188,Marinobacter (MarRef v6),glcB,malate synthase G,Energy production,informative_multi,2,7.0,1,16.0,6,eggnog,Bacteria,0.32,0.552361264598982,0.15,0.17675560467167425,WP_014577523.1,eggnog:COG2225@2
other_hetero,144,SPO0720,Ruegeria pomeroyi DSS-3,etfB,electron transfer flavoprotein subunit beta/FixA family protein,Energy production,informative_multi,1,5.0,1,15.0,4,eggnog,Proteobacteria,0.4,0.4365634307149202,0.15,0.17462537228596808,WP_011046470.1,eggnog:1MVH6@1224
other_hetero,145,HP15_2176,Marinobacter (MarRef v6),pykA,pyruvate kinase,Carbohydrate metabolism,informative_multi,1,8.0,1,42.0,9,eggnog,Bacteria,0.22,0.7907680362810453,0.15,0.17396896798182998,WP_014577515.1,eggnog:COG0469@2
other_hetero,146,HP15_3195,Marinobacter (MarRef v6),hisE,phosphoribosyl-ATP diphosphatase,Amino acid metabolism,informative_multi,1,8.0,1,40.0,9,eggnog,Bacteria,0.22,0.7870860428080793,0.15,0.17315892941777744,WP_014578404.1,eggnog:COG0140@2
other_hetero,147,HP15_628,Marinobacter (MarRef v6),rplI,50S ribosomal protein L9,Translation,informative_multi,1,8.0,1,40.0,9,eggnog,Bacteria,0.22,0.7870860428080793,0.15,0.17315892941777744,WP_008176379.1,eggnog:COG0359@2
other_hetero,148,Sputw3181_0807,Shewanella sp. W3-18-1,,curlin,Unknown,informative_single,1,2.0,1,10.0,2,eggnog,Proteobacteria,0.5800000000000001,0.2964857995702533,0.35,0.17196176375074693,WP_011788186.1,eggnog:1R8QE@1224
other_hetero,149,SPO0709,Ruegeria pomeroyi DSS-3,pckA,phosphoenolpyruvate carboxykinase,Nucleotide metabolism,informative_multi,1,5.0,1,13.0,4,eggnog,Proteobacteria,0.4,0.4262404860108344,0.15,0.17049619440433378,WP_011046459.1,eggnog:1MWXN@1224
other_hetero,150,M8001_25435,Pseudomonas putida KT2440,oprC,TonB-dependent copper receptor,Cell wall and membrane,informative_multi,1,4.0,1,12.0,3,eggnog,Proteobacteria,0.45999999999999996,0.3649558469518518,0.15,0.16787968959785182,WP_010955445.1,eggnog:1MW7D@1224
other_hetero,151,Sputw3181_0919,Shewanella sp. W3-18-1,,LysR family transcriptional regulator,Transcription,informative_multi,1,1.0,1,6.0,2,eggnog,Proteobacteria,0.64,0.2615440727765488,0.15,0.16738820657699122,WP_011788296.1,eggnog:1NUAB@1224
other_hetero,152,HP15_223,Marinobacter (MarRef v6),mip,FKBP-type peptidyl-prolyl cis-trans isomerase,Cell wall and membrane,informative_multi,1,8.0,1,58.0,8,eggnog,Bacteria,0.22,0.7596676495272912,0.15,0.16712688289600405,WP_008169914.1,eggnog:COG0545@2
other_hetero,153,HP15_3619,Marinobacter (MarRef v6),ahpF,alkyl hydroperoxide reductase subunit F,Post-translational modification,informative_multi,1,6.0,1,14.0,5,eggnog,Bacteria,0.33999999999999997,0.48712969070564943,0.15,0.1656240948399208,WP_014578771.1,eggnog:COG3634@2
other_hetero,154,HP15_3309,Marinobacter (MarRef v6),speD,adenosylmethionine decarboxylase,Coenzyme metabolism,informative_multi,1,6.0,1,29.0,4,eggnog,Bacteria,0.33999999999999997,0.4851594372732684,0.15,0.16495420867291125,WP_008173437.1,eggnog:COG1586@2
other_hetero,155,SPO0193,Ruegeria pomeroyi DSS-3,flgK,flagellar hook-associated protein FlgK,Cell motility,informative_multi,2,6.0,1,14.0,4,eggnog,Proteobacteria,0.38,0.43157413515009385,0.15,0.16399817135703568,WP_011045962.1,eggnog:1MV2M@1224
other_hetero,156,M8001_13950,Pseudomonas putida KT2440,,porin,Cell wall and membrane,informative_multi,2,1.0,1,4.0,2,eggnog,Proteobacteria,0.6799999999999999,0.23553232958393738,0.15,0.1601619841170774,WP_010953581.1,eggnog:1P7S0@1224
other_hetero,157,Sputw3181_0961,Shewanella sp. W3-18-1,csgE,curli production assembly/transport protein CsgE,Unknown,informative_multi,1,3.0,1,10.0,2,eggnog,Proteobacteria,0.52,0.2964857995702533,0.15,0.1541726157765317,WP_011788337.1,eggnog:1MZCE@1224
other_hetero,158,M8001_04100,Pseudomonas putida KT2440,,DUF1329 domain-containing protein,Unknown,informative_single,1,5.0,1,15.0,3,eggnog,Proteobacteria,0.4,0.38100787515936463,0.35,0.15240315006374586,WP_010952007.1,eggnog:1MXTF@1224
other_hetero,159,M8001_05600,Pseudomonas putida KT2440,gltI,glutamate/aspartate ABC transporter substrate-binding protein,Amino acid metabolism,informative_multi,1,2.0,1,6.0,2,eggnog,Proteobacteria,0.5800000000000001,0.2615440727765488,0.15,0.15169556221039832,WP_049588510.1,eggnog:1MV5D@1224
other_hetero,160,SPO2264,Ruegeria pomeroyi DSS-3,gp34,phage portal protein,Unknown,informative_multi,1,3.0,1,4.0,3,eggnog,Proteobacteria,0.52,0.29108788513949296,0.15,0.15136570027253635,WP_011047985.1,eggnog:1MUP5@1224
other_hetero,161,SPO2441,Ruegeria pomeroyi DSS-3,,ABC transporter substrate-binding protein,Amino acid metabolism,informative_multi,2,2.0,1,4.0,2,eggnog,Proteobacteria,0.6200000000000001,0.23553232958393738,0.15,0.1460300443420412,WP_144084001.1,eggnog:1MVXS@1224
other_hetero,162,M8001_14330,Pseudomonas putida KT2440,sdh,SDR family NAD(P)-dependent oxidoreductase,Unknown,informative_multi,1,5.0,1,12.0,3,eggnog,Proteobacteria,0.4,0.3649558469518518,0.15,0.1459823387807407,WP_010953651.1,eggnog:1R735@1224
other_hetero,163,M8001_06465,Pseudomonas putida KT2440,purC,phosphoribosylaminoimidazolesuccinocarboxamide synthase,Nucleotide metabolism,informative_multi,1,6.0,1,13.0,4,eggnog,Proteobacteria,0.33999999999999997,0.4262404860108344,0.15,0.1449217652436837,WP_003254733.1,eggnog:1MUR9@1224
other_hetero,164,SPO3537,Ruegeria pomeroyi DSS-3,yejA,extracellular solute-binding protein,Amino acid metabolism,informative_multi,1,2.0,1,5.0,2,eggnog,Proteobacteria,0.5800000000000001,0.24962710768933094,0.15,0.14478372245981197,WP_044028782.1,eggnog:1MUVU@1224
other_hetero,165,HP15_4133,Marinobacter (MarRef v6),tupA,substrate-binding domain-containing protein,Coenzyme metabolism,informative_multi,1,3.0,1,3.0,3,eggnog,Bacteria,0.52,0.2738372709130157,0.15,0.14239538087476816,WP_041645991.1,eggnog:COG2998@2
other_hetero,166,SPO1085,Ruegeria pomeroyi DSS-3,,isocitrate lyase/PEP mutase family protein,Carbohydrate metabolism,informative_multi,1,1.0,1,3.0,2,eggnog,Proteobacteria,0.64,0.2182817153574601,0.15,0.13970029782877447,WP_011046832.1,eggnog:1R3SD@1224
other_hetero,167,M8001_24260,Pseudomonas putida KT2440,,alpha/beta fold hydrolase,Unknown,informative_multi,1,4.0,1,11.0,2,eggnog,Proteobacteria,0.45999999999999996,0.3032124098125054,0.15,0.1394777085137525,WP_049587072.1,eggnog:1QIT9@1224
other_hetero,168,SPOA0144,Ruegeria pomeroyi DSS-3,bhcA,L-aspartate--glyoxylate aminotransferase BhcA,Amino acid metabolism,informative_multi,1,7.0,1,24.0,4,eggnog,Proteobacteria,0.28,0.47106465916787477,0.15,0.13189810456700496,WP_011241925.1,eggnog:1MWHJ@1224
other_hetero,169,HP15_428,Marinobacter (MarRef v6),glnA,glutamate--ammonia ligase,Amino acid metabolism,informative_multi,1,9.0,1,60.0,9,eggnog,Bacteria,0.16,0.8178003520464988,0.15,0.13084805632743982,WP_014575989.1,eggnog:COG0174@2
other_hetero,170,HP15_1792,Marinobacter (MarRef v6),metH,methionine synthase,Amino acid metabolism,informative_multi,1,9.0,1,42.0,9,eggnog,Bacteria,0.16,0.7907680362810453,0.15,0.12652288580496726,WP_014577161.1,eggnog:COG1410@2
other_hetero,171,HP15_389,Marinobacter (MarRef v6),rpsQ,30S ribosomal protein S17,Translation,informative_multi,1,9.0,1,42.0,9,eggnog,Bacteria,0.16,0.7907680362810453,0.15,0.12652288580496726,WP_008174879.1,eggnog:COG0186@2
other_hetero,172,HP15_2214,Marinobacter (MarRef v6),fabD,ACP S-malonyltransferase,Lipid metabolism,informative_multi,1,9.0,1,41.0,9,eggnog,Bacteria,0.16,0.7889489582436575,0.15,0.12623183331898521,WP_041645307.1,eggnog:COG0331@2
other_hetero,173,SPO1710,Ruegeria pomeroyi DSS-3,urtA,urea ABC transporter substrate-binding protein,Amino acid metabolism,informative_multi,1,4.0,1,3.0,3,eggnog,Proteobacteria,0.45999999999999996,0.2738372709130157,0.15,0.1259651446199872,WP_044029188.1,eggnog:1MU8V@1224
other_hetero,174,Sputw3181_0808,Shewanella sp. W3-18-1,csgB,curlin,Unknown,informative_multi,1,1.0,1,2.0,2,eggnog,Proteobacteria,0.64,0.1960418055661564,0.15,0.1254667555623401,WP_011788187.1,eggnog:1NGYJ@1224
other_hetero,175,M8001_14040,Pseudomonas putida KT2440,aldB-II,acetaldehyde dehydrogenase ExaC,Energy production,informative_multi,1,8.0,1,87.0,4,eggnog,Proteobacteria,0.22,0.5683528170508879,0.15,0.12503761975119534,WP_010953599.1,eggnog:1MU1V@1224
other_hetero,176,M8001_14315,Pseudomonas putida KT2440,cfa,SAM-dependent methyltransferase,Cell wall and membrane,informative_multi,1,7.0,1,16.0,4,eggnog,Proteobacteria,0.28,0.4412501534878709,0.15,0.12355004297660387,WP_049586237.1,eggnog:1MX3U@1224
other_hetero,177,Sputw3181_0962,Shewanella sp. W3-18-1,csgF,curli assembly protein CsgF,Unknown,informative_multi,1,6.0,1,11.0,3,eggnog,Proteobacteria,0.33999999999999997,0.358767965368061,0.15,0.12198110822514073,WP_011788338.1,eggnog:1N4PQ@1224
other_hetero,178,Sputw3181_2088,Shewanella sp. W3-18-1,trhA,PAQR family membrane homeostasis protein TrhA,Unknown,informative_multi,1,6.0,1,11.0,3,eggnog,Proteobacteria,0.33999999999999997,0.358767965368061,0.15,0.12198110822514073,WP_011789387.1,eggnog:1PGRH@1224
other_hetero,179,Sputw3181_1206,Shewanella sp. W3-18-1,yhbV,U32 family peptidase,Post-translational modification,informative_multi,2,2.0,1,2.0,2,eggnog,Proteobacteria,0.6200000000000001,0.1960418055661564,0.15,0.121545919451017,WP_011788557.1,eggnog:1MWFW@1224
other_hetero,180,HP15_3046,Marinobacter (MarRef v6),aceE,"pyruvate dehydrogenase (acetyl-transferring), homodimeric type",Energy production,informative_multi,1,8.0,1,14.0,6,eggnog,Bacteria,0.22,0.542685246261205,0.15,0.11939075417746509,WP_014578275.1,eggnog:COG2609@2
other_hetero,181,Sputw3181_1408,Shewanella sp. W3-18-1,flgD,flagellar hook assembly protein FlgD,Cell motility,informative_multi,1,7.0,1,13.0,4,eggnog,Proteobacteria,0.28,0.4262404860108344,0.15,0.11934733608303365,WP_011788754.1,eggnog:1MXCG@1224
other_hetero,182,Sputw3181_0615,Shewanella sp. W3-18-1,,TorF family putative porin,Unknown,informative_multi,1,5.0,1,10.0,2,eggnog,Proteobacteria,0.4,0.2964857995702533,0.15,0.11859431982810131,WP_011787997.1,eggnog:1R8VZ@1224
other_hetero,183,M8001_01800,Pseudomonas putida KT2440,aceE,"pyruvate dehydrogenase (acetyl-transferring), homodimeric type",Energy production,informative_multi,1,7.0,1,12.0,4,eggnog,Proteobacteria,0.28,0.4205114025074073,0.15,0.11774319270207406,WP_010951693.1,eggnog:1MV21@1224
other_hetero,184,SPO3366,Ruegeria pomeroyi DSS-3,,"metal ABC transporter solute-binding protein, Zn/Mn family",Inorganic ion transport,informative_multi,1,2.0,1,2.0,2,eggnog,Proteobacteria,0.5800000000000001,0.1960418055661564,0.15,0.11370424722837073,WP_011049049.1,eggnog:1MVW9@1224
other_hetero,185,M8001_08610,Pseudomonas putida KT2440,,GMC oxidoreductase,Amino acid metabolism,informative_multi,1,6.0,1,16.0,2,eggnog,Proteobacteria,0.33999999999999997,0.33013904237675984,0.15,0.11224727440809834,WP_010952718.1,eggnog:1MU3F@1224
other_hetero,186,HP15_1807,Marinobacter (MarRef v6),yejA,extracellular solute-binding protein,Amino acid metabolism,informative_multi,1,7.0,1,7.0,4,eggnog,Bacteria,0.28,0.38297812859174574,0.15,0.10723387600568882,WP_014577171.1,eggnog:COG4166@2
other_hetero,187,M8001_21550,Pseudomonas putida KT2440,aceA,isocitrate lyase,Energy production,informative_multi,1,7.0,2,14.0,3,eggnog,Proteobacteria,0.28,0.3760185795945383,0.15,0.10528520228647074,WP_010954897.1,eggnog:1MWIF@1224
other_hetero,188,SPO0568,Ruegeria pomeroyi DSS-3,,indolepyruvate ferredoxin oxidoreductase family protein,Energy production,informative_multi,1,2.0,1,4.0,1,eggnog,Proteobacteria,0.5800000000000001,0.17997677402838186,0.15,0.10438652893646148,WP_011046324.1,eggnog:1MUKS@1224
other_hetero,189,SPO0260,Ruegeria pomeroyi DSS-3,,alkaline phosphatase D family protein,Inorganic ion transport,informative_multi,1,7.0,1,13.0,3,eggnog,Proteobacteria,0.28,0.3706849304552789,0.15,0.1037917805274781,WP_011046022.1,eggnog:1MWAF@1224
other_hetero,190,HP15_3047,Marinobacter (MarRef v6),,KamA family radical SAM protein,Amino acid metabolism,informative_multi,1,6.0,1,11.0,2,eggnog,Bacteria,0.33999999999999997,0.3032124098125054,0.15,0.10309221933625183,WP_014578276.1,eggnog:COG1509@2
other_hetero,191,M8001_14310,Pseudomonas putida KT2440,,DUF2878 domain-containing protein,Unknown,informative_single,1,6.0,1,11.0,2,eggnog,Proteobacteria,0.33999999999999997,0.3032124098125054,0.35,0.10309221933625183,WP_010953647.1,eggnog:1N8YD@1224
other_hetero,192,Sputw3181_0963,Shewanella sp. W3-18-1,csgG,CsgG/HfaB family protein,Cell wall and membrane,informative_multi,1,7.0,1,11.0,3,eggnog,Proteobacteria,0.28,0.358767965368061,0.15,0.1004550303030571,WP_011788339.1,eggnog:1MVZM@1224
other_hetero,193,HP15_2248,Marinobacter (MarRef v6),nqrF,NADH:ubiquinone reductase (Na(+)-transporting) subunit F,Energy production,informative_multi,1,8.0,1,18.0,4,eggnog,Bacteria,0.22,0.44984870142744215,0.15,0.09896671431403728,WP_014577567.1,eggnog:COG2871@2
other_hetero,194,M8001_05295,Pseudomonas putida KT2440,edd,phosphogluconate dehydratase,Amino acid metabolism,informative_multi,1,8.0,1,15.0,4,eggnog,Proteobacteria,0.22,0.4365634307149202,0.15,0.09604395475728245,WP_003255057.1,eggnog:1MU3T@1224
other_hetero,195,M8001_05590,Pseudomonas putida KT2440,gltK,amino acid ABC transporter permease,Inorganic ion transport,informative_multi,1,5.0,1,4.0,2,eggnog,Proteobacteria,0.4,0.23553232958393738,0.15,0.09421293183357496,WP_010952241.1,eggnog:1MV3I@1224
other_hetero,196,HP15_2463,Marinobacter (MarRef v6),cysN,sulfate adenylyltransferase subunit CysN,Coenzyme metabolism,informative_multi,1,8.0,1,13.0,4,eggnog,Bacteria,0.22,0.4262404860108344,0.15,0.09377290692238358,WP_014577759.1,eggnog:COG2895@2
other_hetero,197,M8001_14320,Pseudomonas putida KT2440,,DUF1365 domain-containing protein,Unknown,informative_single,1,8.0,1,13.0,4,eggnog,Proteobacteria,0.22,0.4262404860108344,0.35,0.09377290692238358,WP_010953649.1,eggnog:1RC56@1224
other_hetero,198,SPO0047,Ruegeria pomeroyi DSS-3,thiG,thiazole synthase,Coenzyme metabolism,informative_multi,1,8.0,1,13.0,4,eggnog,Proteobacteria,0.22,0.4262404860108344,0.15,0.09377290692238358,WP_011045820.1,eggnog:1N0N5@1224
other_hetero,199,HP15_3162,Marinobacter (MarRef v6),pedF,cytochrome c-550 PedF,Energy production,informative_multi,1,10.0,1,181.0,9,eggnog,Bacteria,0.1,0.9023074440737973,0.15,0.09023074440737973,WP_041645637.1,eggnog:COG2010@2
other_hetero,200,HP15_3827,Marinobacter (MarRef v6),oprI,Lpp/OprI family alanine-zipper lipoprotein,Unknown,informative_single,1,4.0,1,2.0,2,eggnog,Bacteria,0.45999999999999996,0.1960418055661564,0.35,0.09017923056043194,WP_014578950.1,eggnog:339KM@2
other_hetero,201,SPO0046,Ruegeria pomeroyi DSS-3,thiO,FAD-dependent oxidoreductase,Energy production,informative_multi,1,4.0,1,2.0,2,eggnog,Proteobacteria,0.45999999999999996,0.1960418055661564,0.15,0.09017923056043194,WP_011045818.1,eggnog:1N1TN@1224
other_hetero,202,SPO0186,Ruegeria pomeroyi DSS-3,tctC,tripartite tricarboxylate transporter substrate binding protein,Unknown,informative_multi,1,4.0,1,2.0,2,eggnog,Proteobacteria,0.45999999999999996,0.1960418055661564,0.15,0.09017923056043194,WP_011045955.1,eggnog:1MXEX@1224
other_hetero,203,SPO2929,Ruegeria pomeroyi DSS-3,deoA,thymidine phosphorylase,Nucleotide metabolism,informative_multi,1,4.0,1,2.0,2,eggnog,Proteobacteria,0.45999999999999996,0.1960418055661564,0.15,0.09017923056043194,WP_011048629.1,eggnog:1MV3H@1224
other_hetero,204,SPO3036,Ruegeria pomeroyi DSS-3,,alkyl/aryl-sulfatase,Secondary metabolites,informative_multi,1,4.0,1,2.0,2,eggnog,Proteobacteria,0.45999999999999996,0.1960418055661564,0.15,0.09017923056043194,WP_230981747.1,eggnog:1MU82@1224
other_hetero,205,SPO0674,Ruegeria pomeroyi DSS-3,tauA,taurine ABC transporter substrate-binding protein,Inorganic ion transport,informative_multi,2,5.0,1,2.0,2,eggnog,Proteobacteria,0.44,0.1960418055661564,0.15,0.08625839444910882,WP_144083951.1,eggnog:1MVH2@1224
other_hetero,206,Sputw3181_2857,Shewanella sp. W3-18-1,malQ,4-alpha-glucanotransferase,Carbohydrate metabolism,informative_multi,1,8.0,1,12.0,3,eggnog,Proteobacteria,0.22,0.3649558469518518,0.15,0.08029028632940739,WP_011790129.1,eggnog:1QTVJ@1224
other_hetero,207,HP15_3905,Marinobacter (MarRef v6),metQ-2,MetQ/NlpA family ABC transporter substrate-binding protein,Inorganic ion transport,informative_multi,1,6.0,1,4.0,2,eggnog,Bacteria,0.33999999999999997,0.23553232958393738,0.15,0.0800809920585387,WP_014579024.1,eggnog:COG1464@2
other_hetero,208,HP15_1821,Marinobacter (MarRef v6),purF,amidophosphoribosyltransferase,Nucleotide metabolism,informative_multi,1,10.0,1,43.0,9,eggnog,Bacteria,0.1,0.7925452927054912,0.15,0.07925452927054913,WP_014577182.1,eggnog:COG0034@2
other_hetero,209,HP15_2473,Marinobacter (MarRef v6),leuS,leucine--tRNA ligase,Translation,informative_multi,1,10.0,1,40.0,9,eggnog,Bacteria,0.1,0.7870860428080793,0.15,0.07870860428080793,WP_014577768.1,eggnog:COG0495@2
other_hetero,210,HP15_429,Marinobacter (MarRef v6),bipA,translational GTPase TypA,Signal transduction,informative_multi,1,10.0,1,40.0,9,eggnog,Bacteria,0.1,0.7870860428080793,0.15,0.07870860428080793,WP_014575990.1,eggnog:COG1217@2
other_hetero,211,HP15_3228,Marinobacter (MarRef v6),purD,phosphoribosylamine--glycine ligase,Nucleotide metabolism,informative_multi,1,10.0,1,39.0,9,eggnog,Bacteria,0.1,0.7851771248423498,0.15,0.07851771248423499,WP_014578434.1,eggnog:COG0151@2
other_hetero,212,SPO1210,Ruegeria pomeroyi DSS-3,,ABC transporter substrate-binding protein,Amino acid metabolism,informative_multi,2,1.0,1,1.0,1,eggnog,Proteobacteria,0.6799999999999999,0.10914085767873005,0.15,0.07421578322153644,WP_011046953.1,eggnog:1MWBH@1224
other_hetero,213,SPO2231,Ruegeria pomeroyi DSS-3,,bactofilin family protein,Cell wall and membrane,informative_multi,2,1.0,1,1.0,1,eggnog,Proteobacteria,0.6799999999999999,0.10914085767873005,0.15,0.07421578322153644,WP_011047953.1,eggnog:1MZN0@1224
other_hetero,214,SPO3705,Ruegeria pomeroyi DSS-3,,substrate-binding domain-containing protein,Amino acid metabolism,informative_multi,2,1.0,1,1.0,1,eggnog,Proteobacteria,0.6799999999999999,0.10914085767873005,0.15,0.07421578322153644,WP_011049383.1,eggnog:1N1MX@1224
other_hetero,215,Sputw3181_2878,Shewanella sp. W3-18-1,,hypothetical protein,Unknown,catch_all_only,2,1.0,1,1.0,1,eggnog,Proteobacteria,0.6799999999999999,0.10914085767873005,0.75,0.07421578322153644,WP_011790149.1,eggnog:1P4HU@1224
other_hetero,216,HP15_2231,Marinobacter (MarRef v6),,insulinase family protein,Unknown,informative_multi,1,1.0,1,1.0,1,eggnog,Bacteria,0.64,0.10914085767873005,0.15,0.06985014891438723,WP_014577554.1,eggnog:COG1026@2
other_hetero,217,SPO1096,Ruegeria pomeroyi DSS-3,,hypothetical protein,Unknown,no_evidence,1,1.0,1,1.0,1,eggnog,Proteobacteria,0.64,0.10914085767873005,1.0,0.06985014891438723,WP_011046843.1,eggnog:1NHQG@1224
other_hetero,218,SPO1293,Ruegeria pomeroyi DSS-3,phaP,"phasin, PhaP",Unknown,informative_single,1,1.0,1,1.0,1,eggnog,Proteobacteria,0.64,0.10914085767873005,0.35,0.06985014891438723,WP_011047034.1,eggnog:1RD63@1224
other_hetero,219,SPO1490,Ruegeria pomeroyi DSS-3,,substrate-binding domain-containing protein,Amino acid metabolism,informative_multi,1,1.0,1,1.0,1,eggnog,Proteobacteria,0.64,0.10914085767873005,0.15,0.06985014891438723,WP_202807077.1,eggnog:1MVV2@1224
other_hetero,220,SPO3452a,Ruegeria pomeroyi DSS-3,,hypothetical protein,Unknown,no_evidence,1,1.0,1,1.0,1,eggnog,Proteobacteria,0.64,0.10914085767873005,1.0,0.06985014891438723,WP_030003262.1,eggnog:1N9S0@1224
other_hetero,221,HP15_2910,Marinobacter (MarRef v6),fba,class II fructose-bisphosphate aldolase,Carbohydrate metabolism,informative_multi,1,10.0,1,23.0,8,eggnog,Bacteria,0.1,0.6901310452690133,0.15,0.06901310452690133,WP_014578162.1,eggnog:COG0191@2
other_hetero,222,M8001_21905,Pseudomonas putida KT2440,sucA,2-oxoglutarate dehydrogenase E1 component,Energy production,informative_multi,1,9.0,1,13.0,4,eggnog,Proteobacteria,0.16,0.4262404860108344,0.15,0.0681984777617335,WP_010954951.1,eggnog:1MVBF@1224
other_hetero,223,SPO1953,Ruegeria pomeroyi DSS-3,phoB,phosphate regulon transcriptional regulator PhoB,Transcription,informative_multi,1,9.0,1,13.0,4,eggnog,Proteobacteria,0.16,0.4262404860108344,0.15,0.0681984777617335,WP_011047684.1,eggnog:1MY2Z@1224
other_hetero,224,SPO2802,Ruegeria pomeroyi DSS-3,,BMP family protein,Unknown,informative_multi,2,2.0,1,1.0,1,eggnog,Proteobacteria,0.6200000000000001,0.10914085767873005,0.15,0.06766733176081265,WP_044028559.1,eggnog:1MVU5@1224
other_hetero,225,SPO1472,Ruegeria pomeroyi DSS-3,hyuA,hydantoinase/oxoprolinase family protein,Amino acid metabolism,informative_multi,1,7.0,1,4.0,2,eggnog,Proteobacteria,0.28,0.23553232958393738,0.15,0.06594905228350248,WP_011047209.1,eggnog:1MU2Y@1224
other_hetero,226,M8001_14035,Pseudomonas putida KT2440,pedH,PQQ-dependent alcohol dehydrogenase PedH,Carbohydrate metabolism,informative_multi,1,9.0,1,20.0,3,eggnog,Proteobacteria,0.16,0.40203032278714973,0.15,0.06432485164594395,WP_010953598.1,eggnog:1MUQX@1224
other_hetero,227,M8001_24155,Pseudomonas putida KT2440,tetD,helix-turn-helix domain-containing protein,Transcription,informative_multi,1,2.0,1,1.0,1,eggnog,Proteobacteria,0.5800000000000001,0.10914085767873005,0.15,0.06330169745366344,WP_010955269.1,eggnog:1MXZQ@1224
other_hetero,228,SPO1465,Ruegeria pomeroyi DSS-3,dctP,TRAP transporter substrate-binding protein DctP,Carbohydrate metabolism,informative_multi,1,2.0,1,1.0,1,eggnog,Proteobacteria,0.5800000000000001,0.10914085767873005,0.15,0.06330169745366344,WP_011047202.1,eggnog:1NTFS@1224
other_hetero,229,Sputw3181_1098,Shewanella sp. W3-18-1,mobH,MobH family relaxase,Unknown,informative_multi,2,7.0,1,2.0,2,eggnog,Proteobacteria,0.32,0.1960418055661564,0.15,0.06273337778117005,WP_011788468.1,eggnog:1MUZY@1224
other_hetero,230,SPO1820,Ruegeria pomeroyi DSS-3,,ABC transporter substrate-binding protein,Inorganic ion transport,informative_multi,1,3.0,1,1.0,1,eggnog,Proteobacteria,0.52,0.10914085767873005,0.15,0.05675324599293963,WP_011047553.1,eggnog:1P20V@1224
other_hetero,231,SPO2260,Ruegeria pomeroyi DSS-3,,head-tail connector protein,Unknown,informative_single,1,3.0,1,1.0,1,eggnog,Proteobacteria,0.52,0.10914085767873005,0.35,0.05675324599293963,WP_044028335.1,eggnog:1QV7P@1224
other_hetero,232,SPOA0300,Ruegeria pomeroyi DSS-3,,ABC transporter substrate-binding protein,Amino acid metabolism,informative_multi,1,5.0,1,2.0,1,eggnog,Proteobacteria,0.4,0.1404862500106009,0.15,0.05619450000424036,WP_011242079.1,eggnog:1MW99@1224
other_hetero,233,SPO2816,Ruegeria pomeroyi DSS-3,,ABC transporter permease,Amino acid metabolism,informative_multi,1,6.0,1,3.0,1,eggnog,Proteobacteria,0.33999999999999997,0.16272615980190455,0.15,0.05532689433264754,WP_030003238.1,eggnog:1MU26@1224
other_hetero,234,SPO2443,Ruegeria pomeroyi DSS-3,opuAA,quaternary amine ABC transporter ATP-binding protein,Amino acid metabolism,informative_multi,1,8.0,1,5.0,2,eggnog,Proteobacteria,0.22,0.24962710768933094,0.15,0.054917963691652805,WP_011048152.1,eggnog:1MU86@1224
other_hetero,235,HP15_1344,Marinobacter (MarRef v6),cysP,thiosulfate ABC transporter substrate-binding protein CysP,Inorganic ion transport,informative_multi,2,8.0,1,2.0,2,eggnog,Bacteria,0.26,0.1960418055661564,0.15,0.05097086944720067,WP_014576774.1,eggnog:COG4150@2
other_hetero,236,SPO3415,Ruegeria pomeroyi DSS-3,lolA,LolA family protein,Cell wall and membrane,informative_multi,1,4.0,1,1.0,1,eggnog,Proteobacteria,0.45999999999999996,0.10914085767873005,0.15,0.05020479453221582,WP_011049098.1,eggnog:1RA1S@1224
other_hetero,237,SPO3291,Ruegeria pomeroyi DSS-3,,ABC transporter substrate-binding protein,Amino acid metabolism,informative_multi,1,9.0,1,5.0,3,eggnog,Proteobacteria,0.16,0.3051826632448865,0.15,0.04882922611918184,WP_011048974.1,eggnog:1MV5T@1224
other_hetero,238,HP15_3000,Marinobacter (MarRef v6),hmuS,hemin-degrading factor,Inorganic ion transport,informative_multi,2,5.0,1,1.0,1,eggnog,Bacteria,0.44,0.10914085767873005,0.15,0.04802197737864122,WP_014578240.1,eggnog:COG3720@2
other_hetero,239,SPO0825,Ruegeria pomeroyi DSS-3,,ABC transporter substrate-binding protein,Amino acid metabolism,informative_multi,2,5.0,1,1.0,1,eggnog,Proteobacteria,0.44,0.10914085767873005,0.15,0.04802197737864122,WP_044027914.1,eggnog:1PERH@1224
other_hetero,240,M8001_07495,Pseudomonas putida KT2440,lon-I,endopeptidase La,Post-translational modification,informative_multi,1,5.0,1,1.0,1,eggnog,Proteobacteria,0.4,0.10914085767873005,0.15,0.04365634307149202,WP_010952543.1,eggnog:1NTR5@1224
other_hetero,241,SPO0781,Ruegeria pomeroyi DSS-3,phnD,phosphonate ABC transporter substrate-binding protein,Inorganic ion transport,informative_multi,1,5.0,1,1.0,1,eggnog,Proteobacteria,0.4,0.10914085767873005,0.15,0.04365634307149202,WP_044027908.1,eggnog:1MXD8@1224
other_hetero,242,HP15_1331,Marinobacter (MarRef v6),pycB,sodium-extruding oxaloacetate decarboxylase subunit alpha,Energy production,informative_multi,1,10.0,1,14.0,4,eggnog,Bacteria,0.1,0.43157413515009385,0.15,0.04315741351500939,WP_014576761.1,eggnog:COG5016@2
other_hetero,243,M8001_28210,Pseudomonas putida KT2440,copB,putative metal-binding protein,Inorganic ion transport,informative_multi,1,10.0,1,14.0,4,eggnog,Bacteria,0.1,0.43157413515009385,0.15,0.04315741351500939,WP_061405729.1,eggnog:COG3667@2
other_hetero,244,SPO0483,Ruegeria pomeroyi DSS-3,,phage tail protein,Unknown,informative_multi,1,8.0,1,2.0,2,eggnog,Proteobacteria,0.22,0.1960418055661564,0.15,0.04312919722455441,WP_011046243.1,eggnog:1MZY9@1224
other_hetero,245,M8001_00700,Pseudomonas putida KT2440,gltP,glutamate/aspartate:proton symporter GltP,Energy production,informative_multi,1,10.0,1,26.0,3,eggnog,Proteobacteria,0.1,0.42145875003180266,0.15,0.04214587500318027,WP_010951531.1,eggnog:1MU0Q@1224
other_hetero,246,HP15_3319,Marinobacter (MarRef v6),dut,dUTP diphosphatase,Nucleotide metabolism,informative_multi,1,10.0,1,5.0,5,eggnog,Bacteria,0.1,0.4162937743559976,0.15,0.04162937743559977,WP_014578508.1,eggnog:COG0756@2
other_hetero,247,M8001_02180,Pseudomonas putida KT2440,,ABC transporter substrate-binding protein,Amino acid metabolism,informative_multi,1,9.0,1,5.0,2,eggnog,Proteobacteria,0.16,0.24962710768933094,0.15,0.03994033723029295,WP_010951750.1,eggnog:1MU0I@1224
other_hetero,248,HP15_1213,Marinobacter (MarRef v6),,SDR family oxidoreductase,Cell wall and membrane,informative_multi,1,7.0,1,2.0,1,eggnog,Bacteria,0.28,0.1404862500106009,0.15,0.03933615000296825,WP_041645140.1,eggnog:COG3320@2
other_hetero,249,M8001_05595,Pseudomonas putida KT2440,gltJ,amino acid ABC transporter permease,Inorganic ion transport,informative_multi,1,6.0,1,1.0,1,eggnog,Proteobacteria,0.33999999999999997,0.10914085767873005,0.15,0.03710789161076822,WP_010952242.1,eggnog:1MUVX@1224
other_hetero,250,SPO0470,Ruegeria pomeroyi DSS-3,phnI,carbon-phosphorus lyase complex subunit PhnI,Inorganic ion transport,informative_multi,1,6.0,1,1.0,1,eggnog,Proteobacteria,0.33999999999999997,0.10914085767873005,0.15,0.03710789161076822,WP_011046231.1,eggnog:1MUBA@1224
other_hetero,251,Sputw3181_4089,Shewanella sp. W3-18-1,,helix-turn-helix domain-containing protein,Transcription,informative_multi,1,6.0,1,1.0,1,eggnog,Proteobacteria,0.33999999999999997,0.10914085767873005,0.15,0.03710789161076822,WP_011791310.1,eggnog:1NJDU@1224
other_hetero,252,SPO0784,Ruegeria pomeroyi DSS-3,,chloramphenicol acetyltransferase,Unknown,informative_multi,1,10.0,1,7.0,3,eggnog,Proteobacteria,0.1,0.32742257303619016,0.15,0.032742257303619016,WP_011046533.1,eggnog:1MUCJ@1224
other_hetero,253,M8001_04090,Pseudomonas putida KT2440,alkK,fatty acid--CoA ligase,Lipid metabolism,informative_multi,1,10.0,1,6.0,3,eggnog,Proteobacteria,0.1,0.31709962833210437,0.15,0.03170996283321044,WP_010952004.1,eggnog:1MUMC@1224
other_hetero,254,M8001_19090,Pseudomonas putida KT2440,,LysE family translocator,Amino acid metabolism,informative_multi,1,9.0,1,2.0,2,eggnog,Proteobacteria,0.16,0.1960418055661564,0.15,0.031366688890585026,WP_010954494.1,eggnog:1RFR9@1224
other_hetero,255,M8001_16105,Pseudomonas putida KT2440,,Hcp family type VI secretion system effector,Unknown,informative_multi,1,7.0,1,1.0,1,eggnog,Proteobacteria,0.28,0.10914085767873005,0.15,0.030559440150044418,WP_049586088.1,eggnog:1RC8U@1224
other_hetero,256,SPO0379,Ruegeria pomeroyi DSS-3,tmpC,BMP family lipoprotein,Unknown,informative_multi,1,7.0,1,1.0,1,eggnog,Proteobacteria,0.28,0.10914085767873005,0.15,0.030559440150044418,WP_011046140.1,eggnog:1NGHH@1224
other_hetero,257,SPO1742,Ruegeria pomeroyi DSS-3,,TadE/TadG family type IV pilus assembly protein,Unknown,informative_single,1,7.0,1,1.0,1,eggnog,Proteobacteria,0.28,0.10914085767873005,0.35,0.030559440150044418,WP_011047476.1,eggnog:1QVW2@1224
other_hetero,258,Sputw3181_2907,Shewanella sp. W3-18-1,,hypothetical protein,Unknown,no_evidence,2,3.0,1,,0,,,0.56,0.0535853021231745,1.0,0.030007769188977722,WP_014620654.1,locus:Sputw3181_2907
other_hetero,259,Sputw3181_2286,Shewanella sp. W3-18-1,,marine proteobacterial sortase target protein,Unknown,informative_multi,1,10.0,1,9.0,2,eggnog,Proteobacteria,0.1,0.2891176317071119,0.15,0.028911763170711192,WP_011789575.1,eggnog:1MW8K@1224
other_hetero,260,M8001_10915,Pseudomonas putida KT2440,oprF,OmpA family protein,Cell wall and membrane,informative_multi,1,8.0,1,1.0,1,eggnog,Proteobacteria,0.22,0.10914085767873005,0.15,0.02401098868932061,WP_010953090.1,eggnog:1RCNJ@1224
other_hetero,261,SPO1159,Ruegeria pomeroyi DSS-3,,DUF2147 domain-containing protein,Unknown,informative_single,1,9.0,1,1.0,1,eggnog,Proteobacteria,0.16,0.10914085767873005,0.35,0.01746253722859681,WP_011046905.1,eggnog:1RHN9@1224
other_hetero,262,M8001_08935,Pseudomonas putida KT2440,,ABC transporter substrate-binding protein,Inorganic ion transport,informative_multi,1,10.0,1,1.0,1,eggnog,Proteobacteria,0.1,0.10914085767873005,0.15,0.010914085767873005,WP_010952774.1,eggnog:1Q13Q@1224
other_hetero,263,SPO3772,Ruegeria pomeroyi DSS-3,,complex I NDUFA9 subunit family protein,Carbohydrate metabolism,informative_multi,1,10.0,1,1.0,1,eggnog,Proteobacteria,0.1,0.10914085767873005,0.15,0.010914085767873005,WP_011049451.1,eggnog:1MW54@1224
other_hetero,264,Sputw3181_3466,Shewanella sp. W3-18-1,,transposase,Replication and repair,informative_multi,1,10.0,1,1.0,1,eggnog,Proteobacteria,0.1,0.10914085767873005,0.15,0.010914085767873005,WP_011790716.1,eggnog:1QRPA@1224
other_hetero,265,Sputw3181_2494,Shewanella sp. W3-18-1,,hypothetical protein,Unknown,no_evidence,1,9.0,1,,0,,,0.16,0.0535853021231745,1.0,0.00857364833970792,WP_041408208.1,locus:Sputw3181_2494
pro,1,PMM1028,Prochlorococcus MED4,,uncharacterized conserved secreted protein,Unknown,catch_all_only,9,1.0,1,28.0,2,cyanorak,curated,0.96,0.37142749044366197,0.75,0.35657039082591546,WP_011132661.1,cyanorak:CK_00000141
pro,2,PMM1404,Prochlorococcus MED4,hli,high light inducible protein,Stress response and adaptation,informative_multi,10,1.0,6,40.0,1,cyanorak,curated,1.0,0.3426415983636347,0.15,0.3426415983636347,WP_011133033.1,cyanorak:CK_00002025
pro,3,PMM1135,Prochlorococcus MED4,hli,high light inducible protein,Stress response and adaptation,informative_multi,10,1.0,7,31.0,1,cyanorak,curated,1.0,0.32348206617142805,0.15,0.32348206617142805,WP_011132768.1,cyanorak:CK_00002026
pro,4,PMN2A_0440,Prochlorococcus NATL2A,PMN2A_RS05215,outer membrane porin,Stress response and adaptation,informative_multi,2,1.0,7,79.0,2,cyanorak,curated,0.6799999999999999,0.4498735380766354,0.15,0.30591400589211204,WP_011294539.1,cyanorak:CK_00002330
pro,5,PMM0806,Prochlorococcus MED4,,"possible transcriptional regulator of iron metabolism, Crp/Fnr family protein",Stress response and adaptation,informative_multi,7,1.0,2,18.0,2,cyanorak,curated,0.8799999999999999,0.338737590316331,0.15,0.29808907947837127,WP_011132440.1,cyanorak:CK_00001390
pro,6,PMM0818,Prochlorococcus MED4,hli,high light inducible protein,Stress response and adaptation,informative_multi,7,1.0,4,34.0,1,cyanorak,curated,0.8799999999999999,0.3304097356938196,0.15,0.2907605674105612,WP_011132452.1,cyanorak:CK_00002168
pro,7,PMM1400,Prochlorococcus MED4,,RmlC-like cupin domain-containing protein,Post-translational modification,informative_multi,6,1.0,3,19.0,2,cyanorak,curated,0.84,0.3427029338302864,0.15,0.2878704644174406,WP_011133029.1,cyanorak:CK_00047242
pro,8,PMM1359,Prochlorococcus MED4,,"uncharacterized conserved membrane protein, DoxX family",Stress response and adaptation,informative_multi,6,1.0,1,17.0,2,cyanorak,curated,0.84,0.33455780214437625,0.15,0.28102855380127606,WP_011132993.1,cyanorak:CK_00001475
pro,9,PMM1672,Prochlorococcus MED4,desC4,delta-9 fatty-acid desaturase DesC4,Stress response and adaptation,informative_multi,5,1.0,1,19.0,2,cyanorak,curated,0.8,0.3427029338302864,0.15,0.2741623470642291,WP_036930746.1,cyanorak:CK_00008117
pro,10,PMM1629,Prochlorococcus MED4,rpoD8,"RNA polymerase sigma factor, type II",Stress response and adaptation,informative_multi,4,1.0,1,24.0,2,cyanorak,curated,0.76,0.3599535480567637,0.15,0.2735646965231404,WP_011133256.1,cyanorak:CK_00000001
pro,11,PMT9312_0722,Prochlorococcus MIT9312,pstS,"phosphate ABC transporter, phosphate-binding protein PstS",Stress response and adaptation,informative_multi,3,1.0,6,28.0,2,cyanorak,curated,0.72,0.37142749044366197,0.15,0.2674277931194366,WP_036924572.1,cyanorak:CK_00043821
pro,12,PMM0551,Prochlorococcus MED4,rbcS,"ribulose bisphosphate carboxylase, small subunit",Photosynthesis,informative_multi,4,1.0,3,20.0,2,cyanorak,curated,0.76,0.3464747672315942,0.15,0.2633208230960116,WP_011132185.1,cyanorak:CK_00000682
pro,13,PMM1148,Prochlorococcus MED4,,conserved hypothetical protein,Unknown,informative_single,4,1.0,1,20.0,2,cyanorak,curated,0.76,0.3464747672315942,0.35,0.2633208230960116,WP_011132781.1,cyanorak:CK_00001300
pro,14,PMT9312_0550,Prochlorococcus MIT9312,rbcL,"ribulose bisphosphate carboxylase, large subunit",Photosynthesis,informative_multi,4,1.0,4,20.0,2,cyanorak,curated,0.76,0.3464747672315942,0.15,0.2633208230960116,WP_002805854.1,cyanorak:CK_00000681
pro,15,PMM0627,Prochlorococcus MED4,pcb,"divinyl-chlorophyll a/b binding light harvesting protein, photosystem II-associated",Stress response and adaptation,informative_multi,4,1.0,3,41.0,1,cyanorak,curated,0.76,0.3445045137992131,0.15,0.261823430487402,WP_011132261.1,cyanorak:CK_00000173
pro,16,PMM0573,Prochlorococcus MED4,cyabrB2,AbrB-like transcriptional regulator involved in photosynthesis regulation,Photosynthesis,informative_multi,3,1.0,3,25.0,2,cyanorak,curated,0.72,0.36298559351947074,0.15,0.2613496273340189,,cyanorak:CK_00000010
pro,17,PMM0970,Prochlorococcus MED4,urtA,"ABC-type urea transporter, substrate binding component",Stress response and adaptation,informative_multi,4,1.0,3,19.0,2,cyanorak,curated,0.76,0.3427029338302864,0.15,0.26045422971101767,WP_036930312.1,cyanorak:CK_00000076
pro,18,PMM1412,Prochlorococcus MED4,,cupin domain-containing protein,Unknown,informative_single,2,1.0,3,31.0,2,cyanorak,curated,0.6799999999999999,0.37903762172698363,0.35,0.25774558277434884,WP_011133041.1,cyanorak:CK_00042284
pro,19,PMM0958,Prochlorococcus MED4,,conserved hypothetical protein (DUF1830),Unknown,informative_single,4,1.0,2,17.0,2,cyanorak,curated,0.76,0.33455780214437625,0.35,0.25426392962972594,WP_011132591.1,cyanorak:CK_00001751
pro,20,PMM0311,Prochlorococcus MED4,metK,methionine adenosyltransferase,Amino acid metabolism,informative_multi,3,1.0,1,20.0,2,cyanorak,curated,0.72,0.3464747672315942,0.15,0.24946183240674782,WP_011131948.1,cyanorak:CK_00000567
pro,21,PMT9312_0549,Prochlorococcus MIT9312,csoS1A,carboxysome shell protein CsoS1A,Photosynthesis,informative_multi,3,1.0,3,20.0,2,cyanorak,curated,0.72,0.3464747672315942,0.15,0.24946183240674782,WP_002807869.1,cyanorak:CK_00008056
pro,22,PMM0469,Prochlorococcus MED4,psaF,photosystem I reaction centre PsaF protein,Photosynthesis,informative_multi,3,1.0,2,20.0,2,cyanorak,curated,0.72,0.3464747672315942,0.15,0.24946183240674782,WP_011132105.1,cyanorak:CK_00000626
pro,23,PMM0223,Prochlorococcus MED4,psbA,photosystem II protein D1.1,Photosynthesis,informative_multi,1,1.0,1,32.0,2,cyanorak,curated,0.64,0.3814164940252986,0.15,0.2441065561761911,WP_011131862.1,cyanorak:CK_00008058
pro,24,PMM1171,Prochlorococcus MED4,isiB,flavodoxin,Stress response and adaptation,informative_multi,3,1.0,4,18.0,2,cyanorak,curated,0.72,0.338737590316331,0.15,0.2438910650277583,WP_011132805.1,cyanorak:CK_00001833
pro,25,PMM0337,Prochlorococcus MED4,,conserved hypothetical protein,Unknown,catch_all_only,2,1.0,1,23.0,2,cyanorak,curated,0.6799999999999999,0.35679771193568,0.75,0.24262244411626238,WP_011131974.1,cyanorak:CK_00019843
pro,26,PMM0195,Prochlorococcus MED4,pgk,phosphoglycerate kinase,Energy production,informative_multi,4,2.0,2,20.0,2,cyanorak,curated,0.7000000000000001,0.3464747672315942,0.15,0.24253233706211597,WP_011131834.1,cyanorak:CK_00000127
pro,27,PMM1309,Prochlorococcus MED4,ftsZ,cell division protein FtsZ,Cell cycle and division,informative_multi,4,2.0,1,20.0,2,cyanorak,curated,0.7000000000000001,0.3464747672315942,0.15,0.24253233706211597,WP_011132943.1,cyanorak:CK_00000705
pro,28,PMM1991,Prochlorococcus MED4,,conserved hypothetical protein,Unknown,catch_all_only,3,2.0,3,26.0,2,cyanorak,curated,0.66,0.36590319447624714,0.75,0.2414961083543231,WP_173028047.1,cyanorak:CK_00055728
pro,29,PMM0263,Prochlorococcus MED4,amt1,ammonium transporter,Central intermediary metabolism,informative_multi,2,1.0,2,20.0,2,cyanorak,curated,0.6799999999999999,0.3464747672315942,0.15,0.23560284171748405,WP_011131900.1,cyanorak:CK_00000244
pro,30,PMM0741,Prochlorococcus MED4,psb29,photosystem II repair protein Psb29,Stress response and adaptation,informative_multi,2,1.0,1,20.0,2,cyanorak,curated,0.6799999999999999,0.3464747672315942,0.15,0.23560284171748405,WP_011132375.1,cyanorak:CK_00000802
pro,31,PMM1145,Prochlorococcus MED4,pntB,pyridine nucleotide transhydrogenase beta subunit,Coenzyme metabolism,informative_multi,2,1.0,1,20.0,2,cyanorak,curated,0.6799999999999999,0.3464747672315942,0.15,0.23560284171748405,WP_011132778.1,cyanorak:CK_00001022
pro,32,PMM1289,Prochlorococcus MED4,rpoD6,"RNA polymerase sigma factor, type II",Transcription,informative_multi,2,1.0,1,20.0,2,cyanorak,curated,0.6799999999999999,0.3464747672315942,0.15,0.23560284171748405,WP_011132923.1,cyanorak:CK_00009058
pro,33,PMM1452,Prochlorococcus MED4,atpD,ATP synthase delta chain,Photosynthesis,informative_multi,2,1.0,2,20.0,2,cyanorak,curated,0.6799999999999999,0.3464747672315942,0.15,0.23560284171748405,WP_011133081.1,cyanorak:CK_00001118
pro,34,PMM1453,Prochlorococcus MED4,atpF,ATP synthase subunit B,Photosynthesis,informative_multi,2,1.0,2,20.0,2,cyanorak,curated,0.6799999999999999,0.3464747672315942,0.15,0.23560284171748405,WP_011133082.1,cyanorak:CK_00001119
pro,35,PMT1742,Prochlorococcus MIT9313,rplN,50S ribosomal protein L14,Translation,informative_multi,2,1.0,1,20.0,2,cyanorak,curated,0.6799999999999999,0.3464747672315942,0.15,0.23560284171748405,WP_011131109.1,cyanorak:CK_00000525
pro,36,Pro0418,Prochlorococcus marinus subsp. marinus CCMP1375 (SS120),mqoA,malate:quinone oxidoreductase,Carbohydrate metabolism,informative_multi,2,1.0,1,20.0,2,cyanorak,curated,0.6799999999999999,0.3464747672315942,0.15,0.23560284171748405,WP_011124573.1,cyanorak:CK_00001234
pro,37,PMM1454,Prochlorococcus MED4,atpG,ATP synthase B^,Photosynthesis,informative_multi,2,1.0,2,20.0,2,cyanorak,curated,0.6799999999999999,0.3464747672315942,0.15,0.23560284171748405,WP_011133083.1,cyanorak:CK_00001120
pro,38,PMT9312_0553,Prochlorococcus MIT9312,csoSCA,carboxysomal carbonic anhydrase,Photosynthesis,informative_multi,2,1.0,2,20.0,2,cyanorak,curated,0.6799999999999999,0.3464747672315942,0.15,0.23560284171748405,WP_011376110.1,cyanorak:CK_00000684
pro,39,PMM1523,Prochlorococcus MED4,psaB,photosystem I core protein PsaB,Photosynthesis,informative_multi,3,2.0,1,22.0,2,cyanorak,curated,0.66,0.35350754519932437,0.15,0.23331497983155408,WP_011133151.1,cyanorak:CK_00000032
pro,40,PMM0920,Prochlorococcus MED4,glnA,"glutamine synthetase, type I",Amino acid metabolism,informative_multi,3,2.0,1,20.0,2,cyanorak,curated,0.66,0.3464747672315942,0.15,0.2286733463728522,WP_011132553.1,cyanorak:CK_00000103
pro,41,PMT9312_0552,Prochlorococcus MIT9312,csoS2,carboxysome shell protein CsoS2,Photosynthesis,informative_multi,3,2.0,2,20.0,2,cyanorak,curated,0.66,0.3464747672315942,0.15,0.2286733463728522,WP_011376109.1,cyanorak:CK_00000683
pro,42,PMT2239,Prochlorococcus MIT9313,nirA,ferredoxin--nitrite reductase,Stress response and adaptation,informative_multi,3,1.0,2,13.0,2,cyanorak,curated,0.72,0.31512937489972337,0.15,0.22689314992780082,WP_011131603.1,cyanorak:CK_00001355
pro,43,PMM1396,Prochlorococcus MED4,hli,high light inducible protein,Stress response and adaptation,informative_multi,5,3.0,6,33.0,1,cyanorak,curated,0.6799999999999999,0.32816878894437873,0.15,0.22315477648217752,,cyanorak:CK_00002332
pro,44,NATL1_02111,Prochlorococcus NATL1A,tsaB,tRNA threonylcarbamoyladenosine biosynthesis protein TsaB,Translation,informative_multi,1,1.0,1,20.0,2,cyanorak,curated,0.64,0.3464747672315942,0.15,0.2217438510282203,WP_011822999.1,cyanorak:CK_00000224
pro,45,P9301_17921,Prochlorococcus MIT9301,nhaS,"Na+/H+ antiporter, CPA2 family",Transport,informative_multi,1,1.0,1,20.0,2,cyanorak,curated,0.64,0.3464747672315942,0.15,0.2217438510282203,WP_011863703.1,cyanorak:CK_00000283
pro,46,PMM0134,Prochlorococcus MED4,rpaB,two-component system response regulator RR class II (RRII)-CheY-OmpR,Signal transduction,informative_multi,1,1.0,1,20.0,2,cyanorak,curated,0.64,0.3464747672315942,0.15,0.2217438510282203,WP_011131773.1,cyanorak:CK_00008013
pro,47,PMM0135,Prochlorococcus MED4,plsX,glycerol-3-phosphate acyltransferase PlsX,Lipid metabolism,informative_multi,1,1.0,1,20.0,2,cyanorak,curated,0.64,0.3464747672315942,0.15,0.2217438510282203,WP_011131774.1,cyanorak:CK_00000220
pro,48,PMM0154,Prochlorococcus MED4,pedR,redox-responsive LuxR-type transcriptional regulator PedR,Regulatory functions,informative_multi,1,1.0,1,20.0,2,cyanorak,curated,0.64,0.3464747672315942,0.15,0.2217438510282203,WP_011131793.1,cyanorak:CK_00000234
pro,49,PMM0346,Prochlorococcus MED4,,conserved hypothetical protein,Unknown,informative_single,1,1.0,2,20.0,2,cyanorak,curated,0.64,0.3464747672315942,0.35,0.2217438510282203,WP_036930987.1,cyanorak:CK_00000839
pro,50,PMM0400,Prochlorococcus MED4,lrtA,light repressed protein A,Translation,informative_multi,1,1.0,1,20.0,2,cyanorak,curated,0.64,0.3464747672315942,0.15,0.2217438510282203,WP_011132036.1,cyanorak:CK_00001037
pro,51,PMM0735,Prochlorococcus MED4,unk1,conserved hypothetical protein,Unknown,catch_all_only,1,1.0,1,20.0,2,cyanorak,curated,0.64,0.3464747672315942,0.75,0.2217438510282203,WP_011132369.1,cyanorak:CK_00001691
pro,52,PMM1104,Prochlorococcus MED4,,phospholipid methyltransferase,Post-translational modification,informative_multi,1,1.0,1,20.0,2,cyanorak,curated,0.64,0.3464747672315942,0.15,0.2217438510282203,WP_011132737.1,cyanorak:CK_00001511
pro,53,PMM1110,Prochlorococcus MED4,colA,bolA-like family protein,Cellular processes,informative_multi,1,1.0,1,20.0,2,cyanorak,curated,0.64,0.3464747672315942,0.15,0.2217438510282203,WP_011132743.1,cyanorak:CK_00000744
pro,54,PMM1314,Prochlorococcus MED4,clpP3,"ATP-dependent Clp protease, protease subunit",Post-translational modification,informative_multi,1,1.0,1,20.0,2,cyanorak,curated,0.64,0.3464747672315942,0.15,0.2217438510282203,WP_011132948.1,cyanorak:CK_00000006
pro,55,PMM1594,Prochlorococcus MED4,ho1,heme oxygenase,Coenzyme metabolism,informative_multi,1,1.0,1,20.0,2,cyanorak,curated,0.64,0.3464747672315942,0.15,0.2217438510282203,WP_011133222.1,cyanorak:CK_00000279
pro,56,PMT1200,Prochlorococcus MIT9313,csos4B,pentameric carboxysome shell protein Csos4B (peptide B),Photosynthesis,informative_multi,1,1.0,1,20.0,2,cyanorak,curated,0.64,0.3464747672315942,0.15,0.2217438510282203,WP_011130571.1,cyanorak:CK_00000686
pro,57,Pro0001,Prochlorococcus marinus subsp. marinus CCMP1375 (SS120),dnaN,"DNA polymerase III, beta subunit",Replication and repair,informative_multi,1,1.0,1,20.0,2,cyanorak,curated,0.64,0.3464747672315942,0.15,0.2217438510282203,WP_011124156.1,cyanorak:CK_00000364
pro,58,Pro0218,Prochlorococcus marinus subsp. marinus CCMP1375 (SS120),ddpD,"peptide/nickel ABC transport system, ATP-binding component",Transport,informative_multi,1,1.0,1,20.0,2,cyanorak,curated,0.64,0.3464747672315942,0.15,0.2217438510282203,WP_052039710.1,cyanorak:CK_00008059
pro,59,Pro0242,Prochlorococcus marinus subsp. marinus CCMP1375 (SS120),sul3,sulfate transporter family protein,Transport,informative_multi,1,1.0,2,20.0,2,cyanorak,curated,0.64,0.3464747672315942,0.15,0.2217438510282203,WP_011124397.1,cyanorak:CK_00056721
pro,60,Pro0330,Prochlorococcus marinus subsp. marinus CCMP1375 (SS120),psbL,photosystem II reaction center protein PsbL,Photosynthesis,informative_multi,1,1.0,1,20.0,2,cyanorak,curated,0.64,0.3464747672315942,0.15,0.2217438510282203,WP_011124485.1,cyanorak:CK_00001331
pro,61,Pro0568,Prochlorococcus marinus subsp. marinus CCMP1375 (SS120),gst,glutathione S-transferase,Coenzyme metabolism,informative_multi,1,1.0,1,20.0,2,cyanorak,curated,0.64,0.3464747672315942,0.15,0.2217438510282203,WP_011124721.1,cyanorak:CK_00000949
pro,62,Pro0993,Prochlorococcus marinus subsp. marinus CCMP1375 (SS120),petF,2Fe-2S ferredoxin,Stress response and adaptation,informative_multi,1,1.0,1,20.0,2,cyanorak,curated,0.64,0.3464747672315942,0.15,0.2217438510282203,WP_011125145.1,cyanorak:CK_00000816
pro,63,Pro1589,Prochlorococcus marinus subsp. marinus CCMP1375 (SS120),groL1,chaperonin GroEL,Stress response and adaptation,informative_multi,1,1.0,3,20.0,2,cyanorak,curated,0.64,0.3464747672315942,0.15,0.2217438510282203,WP_011125739.1,cyanorak:CK_00008054
pro,64,PMM0348,Prochlorococcus MED4,,conserved hypothetical protein family PM-17,Unknown,catch_all_only,4,1.0,2,20.0,1,cyanorak,curated,0.76,0.2909192116760386,0.75,0.22109860087378935,WP_011131985.1,cyanorak:CK_00045004
pro,65,PMM0686,Prochlorococcus MED4,clpS1,ATP-dependent Clp protease adaptor protein ClpS,Post-translational modification,informative_multi,1,1.0,1,19.0,2,cyanorak,curated,0.64,0.3427029338302864,0.15,0.2193298776513833,,cyanorak:CK_00001252
pro,66,PMN2A_0445,Prochlorococcus NATL2A,gap3,glyceraldehyde-3-phosphate dehydrogenase,Stress response and adaptation,informative_multi,3,2.0,4,16.0,2,cyanorak,curated,0.66,0.33013904237675984,0.15,0.2178917679686615,WP_011294544.1,cyanorak:CK_00008093
pro,67,PMM1538,Prochlorococcus MED4,rpmJ,50S ribosomal protein L36,Translation,informative_multi,2,2.0,1,21.0,2,cyanorak,curated,0.6200000000000001,0.3500711016934278,0.15,0.21704408304992528,WP_011133166.1,cyanorak:CK_00000516
pro,68,PMM0272,Prochlorococcus MED4,psbK,photosystem II reaction center protein PsbK,Photosynthesis,informative_multi,1,1.0,1,18.0,2,cyanorak,curated,0.64,0.338737590316331,0.15,0.21679205780245184,WP_011131909.1,cyanorak:CK_00000252
pro,69,PMN2A_0243,Prochlorococcus NATL2A,PMN2A_RS04150,conserved hypothetical protein,Unknown,catch_all_only,1,1.0,1,18.0,2,cyanorak,curated,0.64,0.338737590316331,0.75,0.21679205780245184,WP_011293777.1,cyanorak:CK_00049418
pro,70,PMM0042,Prochlorococcus MED4,flv1,flavoprotein involved in Mehler reaction,Carbohydrate metabolism,informative_multi,2,2.0,1,20.0,2,cyanorak,curated,0.6200000000000001,0.3464747672315942,0.15,0.21481435568358845,WP_011131680.1,cyanorak:CK_00000411
pro,71,PMM0208,Prochlorococcus MED4,eno,enolase,Carbohydrate metabolism,informative_multi,2,2.0,1,20.0,2,cyanorak,curated,0.6200000000000001,0.3464747672315942,0.15,0.21481435568358845,WP_011131847.1,cyanorak:CK_00000422
pro,72,PMM0544,Prochlorococcus MED4,chlB,"light-independent protochlorophyllide reductase, B subunit",Coenzyme metabolism,informative_multi,2,2.0,1,20.0,2,cyanorak,curated,0.6200000000000001,0.3464747672315942,0.15,0.21481435568358845,WP_011132179.1,cyanorak:CK_00000677
pro,73,PMM0768,Prochlorococcus MED4,hemA,glutamyl-tRNA reductase,Coenzyme metabolism,informative_multi,2,2.0,1,20.0,2,cyanorak,curated,0.6200000000000001,0.3464747672315942,0.15,0.21481435568358845,WP_011132402.1,cyanorak:CK_00000877
pro,74,PMM1352,Prochlorococcus MED4,petF,2Fe-2S ferredoxin,Stress response and adaptation,informative_multi,2,2.0,2,20.0,2,cyanorak,curated,0.6200000000000001,0.3464747672315942,0.15,0.21481435568358845,WP_011132986.1,cyanorak:CK_00000016
pro,75,PMM1451,Prochlorococcus MED4,atpA,ATP synthase alpha chain,Photosynthesis,informative_multi,2,2.0,2,20.0,2,cyanorak,curated,0.6200000000000001,0.3464747672315942,0.15,0.21481435568358845,WP_011133080.1,cyanorak:CK_00001117
pro,76,PMM1462,Prochlorococcus MED4,,conserved hypothetical protein,Unknown,catch_all_only,2,2.0,3,20.0,2,cyanorak,curated,0.6200000000000001,0.3464747672315942,0.75,0.21481435568358845,WP_011133090.1,cyanorak:CK_00036942
pro,77,PMM1524,Prochlorococcus MED4,psaA,photosystem I core protein PsaA,Photosynthesis,informative_multi,2,2.0,1,20.0,2,cyanorak,curated,0.6200000000000001,0.3464747672315942,0.15,0.21481435568358845,WP_011133152.1,cyanorak:CK_00007993
pro,78,PMT9312_1695,Prochlorococcus MIT9312,,Conserved hypothetical protein,Unknown,catch_all_only,2,2.0,2,20.0,2,cyanorak,curated,0.6200000000000001,0.3464747672315942,0.75,0.21481435568358845,WP_011377237.1,cyanorak:CK_00000284
pro,79,Pro1401,Prochlorococcus marinus subsp. marinus CCMP1375 (SS120),hupB,DNA-binding protein HU-beta,Regulatory functions,informative_multi,2,2.0,2,20.0,2,cyanorak,curated,0.6200000000000001,0.3464747672315942,0.15,0.21481435568358845,WP_011125552.1,cyanorak:CK_00001068
pro,80,PMM1369,Prochlorococcus MED4,,GAF domain-containing protein,Signal transduction,informative_multi,1,1.0,2,17.0,2,cyanorak,curated,0.64,0.33455780214437625,0.15,0.2141169933724008,WP_036930584.1,cyanorak:CK_00001235
pro,81,PMM1846,Prochlorococcus MED4,,conserved hypothetical protein (DUF4278),Unknown,informative_single,1,1.0,2,17.0,2,cyanorak,curated,0.64,0.33455780214437625,0.35,0.2141169933724008,WP_071812982.1,cyanorak:CK_00047432
pro,82,PMT0917,Prochlorococcus MIT9313,,putative membrane protein,Cell wall and membrane,informative_multi,1,1.0,2,17.0,2,cyanorak,curated,0.64,0.33455780214437625,0.15,0.2141169933724008,WP_011130295.1,cyanorak:CK_00050170
pro,83,PMN2A_0436,Prochlorococcus NATL2A,phoB,two-component system response regulator RR class II (RRII)-CheY-OmpR,Stress response and adaptation,informative_multi,3,1.0,3,10.0,2,cyanorak,curated,0.72,0.2964857995702533,0.15,0.21346977569058237,WP_011294535.1,cyanorak:CK_00008015
pro,84,PMT0992,Prochlorococcus MIT9313,hli,high light inducible protein,Stress response and adaptation,informative_multi,6,1.0,4,12.0,1,cyanorak,curated,0.84,0.25384473584074063,0.15,0.21322957810622212,WP_011130364.1,cyanorak:CK_00003573
pro,85,PMT0510,Prochlorococcus MIT9313,rimI,acetyltransferase family protein,Transcription,informative_multi,2,2.0,1,19.0,2,cyanorak,curated,0.6200000000000001,0.3427029338302864,0.15,0.2124758189747776,WP_011129889.1,cyanorak:CK_00001405
pro,86,PMM1076,Prochlorococcus MED4,,Conserved hypothetical protein,Cellular processes,informative_multi,1,1.0,1,16.0,2,cyanorak,curated,0.64,0.33013904237675984,0.15,0.21128898712112631,WP_011132709.1,cyanorak:CK_00000994
pro,87,PMT1494,Prochlorococcus MIT9313,,conserved hypothetical protein,Unknown,informative_single,1,1.0,1,16.0,2,cyanorak,curated,0.64,0.33013904237675984,0.35,0.21128898712112631,WP_041384574.1,cyanorak:CK_00001308
pro,88,TX50_RS09260,Prochlorococcus MED4,,DUF4278 domain-containing protein,Unknown,informative_single,2,1.0,1,26.0,1,eggnog,Prochloraceae,0.6799999999999999,0.3103476389206916,0.35,0.21103639446607028,WP_071812974.1,eggnog:1MMX8@1212
pro,89,PMM1671,Prochlorococcus MED4,,conserved hypothetical protein,Unknown,catch_all_only,2,2.0,1,18.0,2,cyanorak,curated,0.6200000000000001,0.338737590316331,0.75,0.21001730599612525,WP_011133298.1,cyanorak:CK_00001734
pro,90,PMM1038,Prochlorococcus MED4,,A circularly permuted ATPgrasp family protein,Unknown,informative_single,1,1.0,2,15.0,2,cyanorak,curated,0.64,0.3254523196038091,0.35,0.20828948454643784,WP_011132671.1,cyanorak:CK_00001357
pro,91,PMM0356,Prochlorococcus MED4,pip,proline iminopeptidase,Amino acid metabolism,informative_multi,5,1.0,1,13.0,1,cyanorak,curated,0.8,0.2595738193441678,0.15,0.20765905547533425,WP_011131993.1,cyanorak:CK_00003374
pro,92,PMN2A_0437,Prochlorococcus NATL2A,phoR,"two-component system sensor histidine kinase, phosphate sensing PhoR",Stress response and adaptation,informative_multi,2,1.0,2,11.0,2,cyanorak,curated,0.6799999999999999,0.3032124098125054,0.15,0.20618443867250366,WP_011294536.1,cyanorak:CK_00001531
pro,93,Pro0417,Prochlorococcus marinus subsp. marinus CCMP1375 (SS120),nifU,NifU-like protein,Stress response and adaptation,informative_multi,1,2.0,1,21.0,2,cyanorak,curated,0.5800000000000001,0.3500711016934278,0.15,0.20304123898218815,WP_011124572.1,cyanorak:CK_00000693
pro,94,PMT2240,Prochlorococcus MIT9313,focA,"nitrite transporter, FNT family",Stress response and adaptation,informative_multi,4,2.0,2,9.0,2,cyanorak,curated,0.7000000000000001,0.2891176317071119,0.15,0.20238234219497836,WP_011131604.1,cyanorak:CK_00001669
pro,95,PMM0844,Prochlorococcus MED4,cycI1,Mg-protoporphyrin IX monomethylester oxidative cyclase,Coenzyme metabolism,informative_multi,1,1.0,1,13.0,2,cyanorak,curated,0.64,0.31512937489972337,0.15,0.20168279993582297,WP_011132478.1,cyanorak:CK_00000169
pro,96,PMM0373,Prochlorococcus MED4,cynS,cyanate hydratase,Central intermediary metabolism,informative_multi,2,1.0,1,10.0,2,cyanorak,curated,0.6799999999999999,0.2964857995702533,0.15,0.20161034370777223,WP_011132010.1,cyanorak:CK_00001552
pro,97,PMN2A_0525,Prochlorococcus NATL2A,PMN2A_RS10655,conserved hypothetical protein family PM-14,Unknown,catch_all_only,4,2.0,2,19.0,1,cyanorak,curated,0.7000000000000001,0.28714737827473086,0.75,0.20100316479231162,WP_011294622.1,cyanorak:CK_00042789
pro,98,NATL1_06171,Prochlorococcus NATL1A,ycf52,uncharacterized acyl-CoA N-acetyltransferase,Transcription,informative_multi,1,2.0,1,20.0,2,cyanorak,curated,0.5800000000000001,0.3464747672315942,0.15,0.20095536499432468,WP_011823344.1,cyanorak:CK_00000953
pro,99,PMM0202,Prochlorococcus MED4,rplJ,50S ribosomal protein L10,Stress response and adaptation,informative_multi,1,2.0,1,20.0,2,cyanorak,curated,0.5800000000000001,0.3464747672315942,0.15,0.20095536499432468,WP_011131841.1,cyanorak:CK_00000428
pro,100,PMM0251,Prochlorococcus MED4,psbH,photosystem II reaction center protein PsbH,Photosynthesis,informative_multi,1,2.0,1,20.0,2,cyanorak,curated,0.5800000000000001,0.3464747672315942,0.15,0.20095536499432468,WP_011131889.1,cyanorak:CK_00000463
pro,101,PMM0312,Prochlorococcus MED4,rpsA1,30S ribosomal protein S1,Translation,informative_multi,1,2.0,1,20.0,2,cyanorak,curated,0.5800000000000001,0.3464747672315942,0.15,0.20095536499432468,WP_011131949.1,cyanorak:CK_00000568
pro,102,PMM0910,Prochlorococcus MED4,ylmG1,cell division membrane protein YlmG1 (factor involved in shape determination),Cell cycle and division,informative_multi,1,2.0,1,20.0,2,cyanorak,curated,0.5800000000000001,0.3464747672315942,0.15,0.20095536499432468,WP_011132543.1,cyanorak:CK_00000806
pro,103,PMM0915,Prochlorococcus MED4,ispA,signal peptidase II,Post-translational modification,informative_multi,1,2.0,1,20.0,2,cyanorak,curated,0.5800000000000001,0.3464747672315942,0.15,0.20095536499432468,WP_011132548.1,cyanorak:CK_00000898
pro,104,PMM1501,Prochlorococcus MED4,rne,ribonuclease E,Transcription,informative_multi,1,2.0,1,20.0,2,cyanorak,curated,0.5800000000000001,0.3464747672315942,0.15,0.20095536499432468,WP_011133129.1,cyanorak:CK_00000487
pro,105,PMM1502,Prochlorococcus MED4,rnhB,ribonuclease HII,Transcription,informative_multi,1,2.0,1,20.0,2,cyanorak,curated,0.5800000000000001,0.3464747672315942,0.15,0.20095536499432468,WP_011133130.1,cyanorak:CK_00000488
pro,106,PMM1537,Prochlorococcus MED4,rpsM,30S ribosomal protein S13,Translation,informative_multi,1,2.0,1,20.0,2,cyanorak,curated,0.5800000000000001,0.3464747672315942,0.15,0.20095536499432468,WP_011133165.1,cyanorak:CK_00000515
pro,107,PMM1658,Prochlorococcus MED4,dnaX,"DNA polymerase III, gamma and tau subunits",Replication and repair,informative_multi,1,2.0,1,20.0,2,cyanorak,curated,0.5800000000000001,0.3464747672315942,0.15,0.20095536499432468,WP_011133285.1,cyanorak:CK_00000326
pro,108,PMT0651,Prochlorococcus MIT9313,mrnC,ribonuclease III domain protein,Stress response and adaptation,informative_multi,1,2.0,1,20.0,2,cyanorak,curated,0.5800000000000001,0.3464747672315942,0.15,0.20095536499432468,WP_011130030.1,cyanorak:CK_00000784
pro,109,PMT1693,Prochlorococcus MIT9313,,conserved hypothetical protein,Unknown,catch_all_only,1,2.0,1,20.0,2,cyanorak,curated,0.5800000000000001,0.3464747672315942,0.75,0.20095536499432468,,cyanorak:CK_00002114
pro,110,PMT1733,Prochlorococcus MIT9313,rplD,50S ribosomal protein L4,Translation,informative_multi,1,2.0,2,20.0,2,cyanorak,curated,0.5800000000000001,0.3464747672315942,0.15,0.20095536499432468,WP_011131100.1,cyanorak:CK_00000533
pro,111,PMT1954,Prochlorococcus MIT9313,psaC,photosystem I iron-sulfur center subunit VII PsaC,Photosynthesis,informative_multi,1,2.0,2,20.0,2,cyanorak,curated,0.5800000000000001,0.3464747672315942,0.15,0.20095536499432468,WP_011131319.1,cyanorak:CK_00000289
pro,112,PMT2091,Prochlorococcus MIT9313,rplL,50S ribosomal protein L7/L12,Stress response and adaptation,informative_multi,1,2.0,2,20.0,2,cyanorak,curated,0.5800000000000001,0.3464747672315942,0.15,0.20095536499432468,WP_011131455.1,cyanorak:CK_00000429
pro,113,PMT9312_0768,Prochlorococcus MIT9312,chlP,geranylgeranyl reductase,Coenzyme metabolism,informative_multi,1,2.0,1,20.0,2,cyanorak,curated,0.5800000000000001,0.3464747672315942,0.15,0.20095536499432468,WP_011376323.1,cyanorak:CK_00000885
pro,114,PMT9312_1790,Prochlorococcus MIT9312,rpoD4,"RNA polymerase sigma factor, type II",Transcription,informative_multi,1,2.0,2,20.0,2,cyanorak,curated,0.5800000000000001,0.3464747672315942,0.15,0.20095536499432468,WP_011377332.1,cyanorak:CK_00009056
pro,115,Pro0254,Prochlorococcus marinus subsp. marinus CCMP1375 (SS120),eda,2-keto-3-deoxy-6-phosphogluconate aldolase,Stress response and adaptation,informative_multi,1,2.0,1,20.0,2,cyanorak,curated,0.5800000000000001,0.3464747672315942,0.15,0.20095536499432468,WP_011124409.1,cyanorak:CK_00001199
pro,116,Pro0368,Prochlorococcus marinus subsp. marinus CCMP1375 (SS120),petD,cytochrome b6/f complex subunit 4,Photosynthesis,informative_multi,1,2.0,1,20.0,2,cyanorak,curated,0.5800000000000001,0.3464747672315942,0.15,0.20095536499432468,WP_011124523.1,cyanorak:CK_00000580
pro,117,Pro0895,Prochlorococcus marinus subsp. marinus CCMP1375 (SS120),rsfS,oligomerisation domain protein,Translation,informative_multi,1,2.0,1,20.0,2,cyanorak,curated,0.5800000000000001,0.3464747672315942,0.15,0.20095536499432468,WP_011125047.1,cyanorak:CK_00000960
pro,118,Pro1309,Prochlorococcus marinus subsp. marinus CCMP1375 (SS120),rsmI,2-O-methyltransferase,Translation,informative_multi,1,2.0,1,20.0,2,cyanorak,curated,0.5800000000000001,0.3464747672315942,0.15,0.20095536499432468,WP_011125460.1,cyanorak:CK_00000590
pro,119,Pro1722,Prochlorococcus marinus subsp. marinus CCMP1375 (SS120),,cyanobacterial aminoacyl-tRNA synthetase domain (CAAD) containing protein,Translation,informative_multi,1,2.0,1,20.0,2,cyanorak,curated,0.5800000000000001,0.3464747672315942,0.15,0.20095536499432468,WP_011125871.1,cyanorak:CK_00000544
pro,120,PMM0236,Prochlorococcus MED4,crtR,fatty acid desaturase,Lipid metabolism,informative_multi,3,1.0,1,17.0,1,eggnog,Prochloraceae,0.72,0.2790022465888207,0.15,0.20088161754395092,WP_152556156.1,eggnog:1MKXI@1212
pro,121,PMM1397,Prochlorococcus MED4,hli,high light inducible protein,Stress response and adaptation,informative_multi,5,2.0,6,14.0,1,cyanorak,curated,0.74,0.26490746848342717,0.15,0.1960315266777361,WP_011132450.1,cyanorak:CK_00043616
pro,122,PMM0374,Prochlorococcus MED4,tatA,"twin arginine-targeting translocase, TatA/E family protein",Post-translational modification,informative_multi,3,4.0,1,24.0,2,cyanorak,curated,0.54,0.3599535480567637,0.15,0.19437491595065243,WP_011132011.1,cyanorak:CK_00056407
pro,123,PMN2A_0883,Prochlorococcus NATL2A,PMN2A_RS07615,putative undecaprenyl-phosphate galactosephosphotransferase,Cell wall and membrane,informative_multi,1,1.0,1,11.0,2,cyanorak,curated,0.64,0.3032124098125054,0.15,0.19405594228000347,WP_011295231.1,cyanorak:CK_00000151
pro,124,Pro0989,Prochlorococcus marinus subsp. marinus CCMP1375 (SS120),ubiX,3-octaprenyl-4-hydroxybenzoate carboxy-lyase,Coenzyme metabolism,informative_multi,1,1.0,1,11.0,2,cyanorak,curated,0.64,0.3032124098125054,0.15,0.19405594228000347,WP_011125141.1,cyanorak:CK_00001260
pro,125,PMM0545,Prochlorococcus MED4,chlN,light-independent protochlorophyllide reductase subunit N,Coenzyme metabolism,informative_multi,2,3.0,1,20.0,2,cyanorak,curated,0.56,0.3464747672315942,0.15,0.19402586964969276,WP_011132180.1,cyanorak:CK_00000678
pro,126,PMM0577,Prochlorococcus MED4,rpoD7,"RNA polymerase sigma factor, type II",Transcription,informative_multi,2,3.0,1,20.0,2,cyanorak,curated,0.56,0.3464747672315942,0.15,0.19402586964969276,WP_011132211.1,cyanorak:CK_00009059
pro,127,Pro0025,Prochlorococcus marinus subsp. marinus CCMP1375 (SS120),ppiB,cyclophilin type peptidyl-prolyl cis-trans isomerase/CLD family protein,Post-translational modification,informative_multi,2,3.0,1,20.0,2,cyanorak,curated,0.56,0.3464747672315942,0.15,0.19402586964969276,WP_011124180.1,cyanorak:CK_00000344
pro,128,PMM0468,Prochlorococcus MED4,psaJ,photosystem I reaction centre subunit IX,Photosynthesis,informative_multi,2,3.0,2,20.0,2,cyanorak,curated,0.56,0.3464747672315942,0.15,0.19402586964969276,WP_011132104.1,cyanorak:CK_00001692
pro,129,PMM1427,Prochlorococcus MED4,,conserved hypothetical protein,Unknown,catch_all_only,2,3.0,3,20.0,2,cyanorak,curated,0.56,0.3464747672315942,0.75,0.19402586964969276,WP_011133056.1,cyanorak:CK_00045754
pro,130,PMM0406,Prochlorococcus MED4,queA,S-adenosylmethionine:tRNA ribosyltransferase-isomerase,Translation,informative_multi,2,3.0,2,20.0,2,cyanorak,curated,0.56,0.3464747672315942,0.15,0.19402586964969276,WP_011132042.1,cyanorak:CK_00001032
pro,131,PMN2A_0590,Prochlorococcus NATL2A,PMN2A_RS06065,conserved hypothetical protein (DUF3104),Unknown,informative_single,1,3.0,1,28.0,2,cyanorak,curated,0.52,0.37142749044366197,0.35,0.19314229503070424,WP_041711006.1,cyanorak:CK_00035937
pro,132,PMM1455,Prochlorococcus MED4,atpH,ATP synthase C chain,Photosynthesis,informative_multi,2,3.0,2,19.0,2,cyanorak,curated,0.56,0.3427029338302864,0.15,0.19191364294496038,WP_002805169.1,cyanorak:CK_00001121
pro,133,PMM1164,Prochlorococcus MED4,idiA2,iron deficiency-induced protein A,Stress response and adaptation,informative_multi,2,3.0,3,18.0,2,cyanorak,curated,0.56,0.338737590316331,0.15,0.18969305057714536,WP_011132798.1,cyanorak:CK_00000068
pro,134,PMT0041,Prochlorococcus MIT9313,,conserved hypothetical protein,Unknown,catch_all_only,1,2.0,1,15.0,2,cyanorak,curated,0.5800000000000001,0.3254523196038091,0.75,0.1887623453702093,WP_011129420.1,cyanorak:CK_00001349
pro,135,PMT0950,Prochlorococcus MIT9313,,conserved hypothetical protein,Unknown,informative_single,1,2.0,1,15.0,2,cyanorak,curated,0.5800000000000001,0.3254523196038091,0.35,0.1887623453702093,WP_011130326.1,cyanorak:CK_00037507
pro,136,PMM1041,Prochlorococcus MED4,,RmlC-like cupin domain-containing protein,Central intermediary metabolism,informative_single,2,2.0,1,11.0,2,cyanorak,curated,0.6200000000000001,0.3032124098125054,0.35,0.18799169408375338,WP_036930329.1,cyanorak:CK_00040007
pro,137,PMM0336,Prochlorococcus MED4,PTOX,plastoquinol terminal oxidase,Stress response and adaptation,informative_multi,5,2.0,2,12.0,1,cyanorak,curated,0.74,0.25384473584074063,0.15,0.18784510452214806,WP_011131973.1,cyanorak:CK_00003367
pro,138,PMT0496,Prochlorococcus MIT9313,pcb,"divinyl-chlorophyll a/b binding light harvesting protein, photosystem I-associated",Stress response and adaptation,informative_multi,2,1.0,2,16.0,1,cyanorak,curated,0.6799999999999999,0.27458348682120426,0.15,0.18671677103841888,WP_011129875.1,cyanorak:CK_00033109
pro,139,PMN2A_1227,Prochlorococcus NATL2A,PMN2A_RS11065,hemolysin-type calcium-binding repeat family protein,Post-translational modification,informative_multi,3,2.0,1,8.0,2,cyanorak,curated,0.66,0.2809725000212018,0.15,0.1854418500139932,WP_011295571.1,cyanorak:CK_00045896
pro,140,PMM0314,Prochlorococcus MED4,psbT,photosystem II reaction center T protein,Photosynthesis,informative_multi,2,3.0,1,16.0,2,cyanorak,curated,0.56,0.33013904237675984,0.15,0.18487786373098553,WP_011131951.1,cyanorak:CK_00003852
pro,141,PMM1828,Prochlorococcus MED4,,Hypothetical protein,Unknown,catch_all_only,3,1.0,1,12.0,1,cyanorak,curated,0.72,0.25384473584074063,0.75,0.18276820980533326,WP_036930926.1,cyanorak:CK_00039912
pro,142,PMM1951,Prochlorococcus MED4,,conserved hypothetical protein,Unknown,catch_all_only,3,1.0,1,12.0,1,cyanorak,curated,0.72,0.25384473584074063,0.75,0.18276820980533326,WP_173028022.1,cyanorak:CK_00003991
pro,143,PMM1541,Prochlorococcus MED4,rplO,50S ribosomal protein L15,Translation,informative_multi,1,3.0,1,21.0,2,cyanorak,curated,0.52,0.3500711016934278,0.15,0.18203697288058246,WP_011133169.1,cyanorak:CK_00000135
pro,144,Pro0097,Prochlorococcus marinus subsp. marinus CCMP1375 (SS120),citT,"putative sodium/potassium/sulfate transporter, DASS family",Transport,informative_multi,1,3.0,1,21.0,2,cyanorak,curated,0.52,0.3500711016934278,0.15,0.18203697288058246,WP_011124252.1,cyanorak:CK_00000189
pro,145,PMM0146,Prochlorococcus MED4,,uncharacterized conserved membrane protein (DUF3172),Unknown,informative_single,1,3.0,1,20.0,2,cyanorak,curated,0.52,0.3464747672315942,0.35,0.180166878960429,WP_011131785.1,cyanorak:CK_00044597
pro,146,PMM0347,Prochlorococcus MED4,,uncharacterized conserved membrane protein,Unknown,informative_single,1,3.0,1,20.0,2,cyanorak,curated,0.52,0.3464747672315942,0.35,0.180166878960429,WP_011131984.1,cyanorak:CK_00000921
pro,147,PMM0471,Prochlorococcus MED4,hli,high light inducible protein,Stress response and adaptation,informative_single,1,3.0,1,20.0,2,cyanorak,curated,0.52,0.3464747672315942,0.35,0.180166878960429,WP_011132107.1,cyanorak:CK_00001414
pro,148,PMM0502,Prochlorococcus MED4,ycf41,possible single-stranded DNA-binding protein,Transport,informative_multi,1,3.0,1,20.0,2,cyanorak,curated,0.52,0.3464747672315942,0.15,0.180166878960429,WP_011132137.1,cyanorak:CK_00000647
pro,149,PMM1147,Prochlorococcus MED4,pntA1,"pyridine nucleotide transhydrogenase, subunit alpha1 (A1)",Coenzyme metabolism,informative_multi,1,3.0,1,20.0,2,cyanorak,curated,0.52,0.3464747672315942,0.15,0.180166878960429,WP_011132780.1,cyanorak:CK_00001024
pro,150,PMM1166,Prochlorococcus MED4,,conserved hypothetical protein,Unknown,informative_single,1,3.0,1,20.0,2,cyanorak,curated,0.52,0.3464747672315942,0.35,0.180166878960429,WP_011132800.1,cyanorak:CK_00000929
pro,151,PMM1287,Prochlorococcus MED4,zipN,cell division protein ZipN,Cell cycle and division,informative_multi,1,3.0,1,20.0,2,cyanorak,curated,0.52,0.3464747672315942,0.15,0.180166878960429,WP_011132921.1,cyanorak:CK_00000149
pro,152,PMM1562,Prochlorococcus MED4,recA,recombinase A,Replication and repair,informative_multi,1,3.0,1,20.0,2,cyanorak,curated,0.52,0.3464747672315942,0.15,0.180166878960429,WP_011133190.1,cyanorak:CK_00000538
pro,153,PMM1670,Prochlorococcus MED4,metC,cystathionine beta-lyase family aluminum resistance protein,Stress response and adaptation,informative_multi,1,3.0,2,20.0,2,cyanorak,curated,0.52,0.3464747672315942,0.15,0.180166878960429,WP_011133297.1,cyanorak:CK_00000408
pro,154,PMN2A_1216,Prochlorococcus NATL2A,PMN2A_RS09350,"transcriptional regulator, GntR family",Regulatory functions,informative_multi,1,3.0,1,20.0,2,cyanorak,curated,0.52,0.3464747672315942,0.15,0.180166878960429,WP_011295560.1,cyanorak:CK_00000312
pro,155,PMT0585,Prochlorococcus MIT9313,wcaA,"beta-glycosyltransferase, family 2",Cell wall and membrane,informative_multi,1,3.0,1,20.0,2,cyanorak,curated,0.52,0.3464747672315942,0.15,0.180166878960429,WP_197524596.1,cyanorak:CK_00000892
pro,156,PMT_0586,Prochlorococcus MIT9313,,conserved hypothetical protein,Unknown,catch_all_only,1,3.0,1,20.0,2,cyanorak,curated,0.52,0.3464747672315942,0.75,0.180166878960429,WP_011129965.1,cyanorak:CK_00000893
pro,157,Pro0278,Prochlorococcus marinus subsp. marinus CCMP1375 (SS120),sll1424,conserved hypothetical protein (DUF3084),Unknown,informative_single,1,3.0,1,20.0,2,cyanorak,curated,0.52,0.3464747672315942,0.35,0.180166878960429,WP_011124433.1,cyanorak:CK_00000467
pro,158,Pro1884,Prochlorococcus marinus subsp. marinus CCMP1375 (SS120),,alpha/beta hydrolase of unknown function (DUF1400),Unknown,informative_single,1,3.0,1,20.0,2,cyanorak,curated,0.52,0.3464747672315942,0.35,0.180166878960429,WP_011126033.1,cyanorak:CK_00000365
pro,159,PMM1814,Prochlorococcus MED4,,Conserved hypothetical protein,Unknown,catch_all_only,3,1.0,1,11.0,1,cyanorak,curated,0.72,0.2476568542569499,0.75,0.17831293506500392,WP_036930938.1,cyanorak:CK_00050122
pro,160,PMT1091,Prochlorococcus MIT9313,pdxJ,pyridoxine 5^-phosphate synthase,Coenzyme metabolism,informative_multi,1,3.0,1,19.0,2,cyanorak,curated,0.52,0.3427029338302864,0.15,0.17820552559174893,WP_011130463.1,cyanorak:CK_00000747
pro,161,PMM0580,Prochlorococcus MED4,clpB1,ATP-dependent Clp protease ATP-binding subunit ClpB,Stress response and adaptation,informative_multi,2,4.0,1,21.0,2,cyanorak,curated,0.5,0.3500711016934278,0.15,0.1750355508467139,WP_011132214.1,cyanorak:CK_00000011
pro,162,PMM1058,Prochlorococcus MED4,petG,cytochrome b6-f complex subunit 5,Photosynthesis,informative_multi,1,3.0,1,17.0,2,cyanorak,curated,0.52,0.33455780214437625,0.15,0.17397005711507565,WP_011132691.1,cyanorak:CK_00001500
pro,163,PMM0172,Prochlorococcus MED4,ndhH,NADH dehydrogenase I subunit NdhH (chain 7 or delta),Carbohydrate metabolism,informative_multi,2,4.0,1,20.0,2,cyanorak,curated,0.5,0.3464747672315942,0.15,0.1732373836157971,WP_011131811.1,cyanorak:CK_00000449
pro,164,PMM0244,Prochlorococcus MED4,dcd,deoxycytidine triphosphate deaminase,Nucleotide metabolism,informative_multi,2,4.0,1,20.0,2,cyanorak,curated,0.5,0.3464747672315942,0.15,0.1732373836157971,WP_011131882.1,cyanorak:CK_00000470
pro,165,PMM0245,Prochlorococcus MED4,cobO2,cob(I)alamin adenosyltransferase,Coenzyme metabolism,informative_multi,2,4.0,2,20.0,2,cyanorak,curated,0.5,0.3464747672315942,0.15,0.1732373836157971,WP_011131883.1,cyanorak:CK_00000469
pro,166,PMM0474,Prochlorococcus MED4,,Prochlorococcus/marine Synechococcus Hyper-Conserved Protein (PSHCP),Photosynthesis,informative_multi,2,4.0,1,20.0,2,cyanorak,curated,0.5,0.3464747672315942,0.15,0.1732373836157971,WP_006043540.1,cyanorak:CK_00000630
pro,167,PMM0496,Prochlorococcus MED4,rpoD1,"major RNA polymerase sigma factor, type I",Stress response and adaptation,informative_multi,2,4.0,1,20.0,2,cyanorak,curated,0.5,0.3464747672315942,0.15,0.1732373836157971,WP_011132131.1,cyanorak:CK_00008000
pro,168,Pro1428,Prochlorococcus marinus subsp. marinus CCMP1375 (SS120),truB,tRNA pseudouridine(55) synthase,Translation,informative_multi,2,4.0,1,20.0,2,cyanorak,curated,0.5,0.3464747672315942,0.15,0.1732373836157971,WP_011125579.1,cyanorak:CK_00001090
pro,169,PMM1519,Prochlorococcus MED4,psaL,photosystem I reaction centre subunit XI,Stress response and adaptation,informative_multi,2,4.0,3,20.0,2,cyanorak,curated,0.5,0.3464747672315942,0.15,0.1732373836157971,WP_011133147.1,cyanorak:CK_00000501
pro,170,PMT1831,Prochlorococcus MIT9313,ntcA,global nitrogen regulatory protein,Stress response and adaptation,informative_multi,2,4.0,3,20.0,2,cyanorak,curated,0.5,0.3464747672315942,0.15,0.1732373836157971,WP_041384680.1,cyanorak:CK_00000468
pro,171,PMM0030,Prochlorococcus MED4,,conserved hypothetical protein,Unknown,catch_all_only,5,1.0,1,7.0,1,cyanorak,curated,0.8,0.21631146192507905,0.75,0.17304916954006325,WP_152556136.1,cyanorak:CK_00040038
pro,172,NATL1_08781,Prochlorococcus NATL1A,kpsD,polysaccharide biosynthesis/export family protein,Cell wall and membrane,informative_multi,1,2.0,1,10.0,2,cyanorak,curated,0.5800000000000001,0.2964857995702533,0.15,0.17196176375074693,WP_011823581.1,cyanorak:CK_00048203
pro,173,PMM0476,Prochlorococcus MED4,,conserved hypothetical protein,Unknown,catch_all_only,1,2.0,1,10.0,2,cyanorak,curated,0.5800000000000001,0.2964857995702533,0.75,0.17196176375074693,WP_011132111.1,cyanorak:CK_00001416
pro,174,PMM1227,Prochlorococcus MED4,rfe,UDP-N-acetylmuramyl pentapeptide phosphotransferase/UDP-N- acetylglucosamine-1-phosphate transferase,Cell wall and membrane,informative_multi,1,2.0,1,10.0,2,cyanorak,curated,0.5800000000000001,0.2964857995702533,0.15,0.17196176375074693,WP_011132861.1,cyanorak:CK_00044017
pro,175,PMM0368,Prochlorococcus MED4,,conserved hypothetical protein (DUF3303),Unknown,informative_single,1,3.0,1,16.0,2,cyanorak,curated,0.52,0.33013904237675984,0.35,0.17167230203591513,WP_011132005.1,cyanorak:CK_00001920
pro,176,PMN2A_0561,Prochlorococcus NATL2A,PMN2A_RS05895,plastid lipid-associated protein (PAP)/fibrillin family,Coenzyme metabolism,informative_multi,1,3.0,1,16.0,2,cyanorak,curated,0.52,0.33013904237675984,0.15,0.17167230203591513,WP_011294655.1,cyanorak:CK_00001608
pro,177,PMM1176,Prochlorococcus MED4,,conserved hypothetical protein,Unknown,catch_all_only,3,2.0,1,13.0,1,cyanorak,curated,0.66,0.2595738193441678,0.75,0.17131872076715074,WP_011132810.1,cyanorak:CK_00003517
pro,178,Pro0829,Prochlorococcus marinus subsp. marinus CCMP1375 (SS120),ddpX,D-alanyl-D-alanine dipeptidase,Stress response and adaptation,informative_multi,2,4.0,1,18.0,2,cyanorak,curated,0.5,0.338737590316331,0.15,0.1693687951581655,WP_011124981.1,cyanorak:CK_00000888
pro,179,PMN2A_0621,Prochlorococcus NATL2A,PMN2A_RS06245,hydrogenase/urease accessory protein,Post-translational modification,informative_multi,1,3.0,1,15.0,2,cyanorak,curated,0.52,0.3254523196038091,0.15,0.16923520619398075,WP_011294710.1,cyanorak:CK_00000499
pro,180,PMT9312_1231,Prochlorococcus MIT9312,,uncharacterized conserved secreted protein,Unknown,catch_all_only,2,1.0,4,11.0,1,cyanorak,curated,0.6799999999999999,0.2476568542569499,0.75,0.16840666089472592,WP_011376780.1,cyanorak:CK_00056778
pro,181,PMM0805,Prochlorococcus MED4,,"iron stress-induced protein, Prochlorococcus-specific",Stress response and adaptation,informative_single,3,1.0,1,9.0,1,cyanorak,curated,0.72,0.23356207615155639,0.35,0.16816469482912058,WP_011132439.1,cyanorak:CK_00003448
pro,182,PMT1599,Prochlorococcus MIT9313,,putative ATP-dependent protease,Regulatory functions,informative_multi,1,2.0,1,9.0,2,cyanorak,curated,0.5800000000000001,0.2891176317071119,0.15,0.16768822639012493,,cyanorak:CK_00001139
pro,183,PMM0993,Prochlorococcus MED4,,peptidase S51,Post-translational modification,informative_multi,1,1.0,1,13.0,1,cyanorak,curated,0.64,0.2595738193441678,0.15,0.16612724438026738,WP_011132625.1,cyanorak:CK_00003479
pro,184,PMN2A_0444,Prochlorococcus NATL2A,arsJ,"multidrug efflux transporter, MFS family",Stress response and adaptation,informative_multi,2,4.0,1,16.0,2,cyanorak,curated,0.5,0.33013904237675984,0.15,0.16506952118837992,WP_011294543.1,cyanorak:CK_00001248
pro,185,PMM0660,Prochlorococcus MED4,,conserved hypothetical protein,Unknown,informative_single,3,3.0,1,16.0,1,cyanorak,curated,0.6,0.27458348682120426,0.35,0.16475009209272254,WP_036930844.1,cyanorak:CK_00036837
pro,186,RG24_RS04770,Prochlorococcus MIT9313,,"uncharacterized secreted protein, Prochlorococcus-specific",Unknown,catch_all_only,1,2.0,1,18.0,1,cyanorak,curated,0.5800000000000001,0.28318203476077547,0.75,0.1642455801612498,WP_041384384.1,cyanorak:CK_00003473
pro,187,PMN2A_0435,Prochlorococcus NATL2A,ptrA,"transcriptional phosphate regulator, Crp family",Stress response and adaptation,informative_multi,1,2.0,1,8.0,2,cyanorak,curated,0.5800000000000001,0.2809725000212018,0.15,0.16296405001229705,WP_011294534.1,cyanorak:CK_00001606
pro,188,PMM0332,Prochlorococcus MED4,glpG,uncharacterized conserved membrane protein,Unknown,informative_multi,1,1.0,1,12.0,1,cyanorak,curated,0.64,0.25384473584074063,0.15,0.162460630938074,WP_225866781.1,cyanorak:CK_00009154
pro,189,PMM1403,Prochlorococcus MED4,,HNH endonuclease family protein,Replication and repair,informative_multi,1,4.0,1,21.0,2,cyanorak,curated,0.45999999999999996,0.3500711016934278,0.15,0.16103270677897677,WP_011133032.1,cyanorak:CK_00000339
pro,190,PMM0383,Prochlorococcus MED4,,uncharacterized TonB box-containing membrane protein,Cell wall and membrane,informative_multi,1,3.0,1,12.0,2,cyanorak,curated,0.52,0.3094002913962962,0.15,0.16088815152607402,WP_011132020.1,cyanorak:CK_00001814
pro,191,P9303_12751,Prochlorococcus MIT9303,,conserved hypothetical protein,Unknown,catch_all_only,1,1.0,1,5.0,2,cyanorak,curated,0.64,0.24962710768933094,0.75,0.1597613489211718,WP_011825920.1,cyanorak:CK_00038656
pro,192,PMT_0929,Prochlorococcus MIT9313,,conserved hypothetical protein,Cell wall and membrane,informative_multi,1,1.0,1,5.0,2,cyanorak,curated,0.64,0.24962710768933094,0.15,0.1597613489211718,WP_011130306.1,cyanorak:CK_00046138
pro,193,NATL1_18471,Prochlorococcus NATL1A,,conserved hypothetical protein,Unknown,catch_all_only,1,4.0,1,20.0,2,cyanorak,curated,0.45999999999999996,0.3464747672315942,0.75,0.15937839292653333,WP_011824389.1,cyanorak:CK_00049482
pro,194,P9301_11341,Prochlorococcus MIT9301,lraI,"ABC-type Mn2+/Zn2+ transport system, periplasmic component",Stress response and adaptation,informative_multi,1,4.0,2,20.0,2,cyanorak,curated,0.45999999999999996,0.3464747672315942,0.15,0.15937839292653333,WP_011863093.1,cyanorak:CK_00001600
pro,195,PMM0020,Prochlorococcus MED4,,"DNA-binding protein, YbaB/EbfC family",Unknown,informative_multi,1,4.0,1,20.0,2,cyanorak,curated,0.45999999999999996,0.3464747672315942,0.15,0.15937839292653333,WP_011131658.1,cyanorak:CK_00000348
pro,196,PMM0087,Prochlorococcus MED4,,conserved hypothetical protein,Unknown,catch_all_only,1,4.0,1,20.0,2,cyanorak,curated,0.45999999999999996,0.3464747672315942,0.75,0.15937839292653333,WP_011131725.1,cyanorak:CK_00055271
pro,197,PMM0187,Prochlorococcus MED4,argS,arginine--tRNA ligase,Translation,informative_multi,1,4.0,1,20.0,2,cyanorak,curated,0.45999999999999996,0.3464747672315942,0.15,0.15937839292653333,WP_011131826.1,cyanorak:CK_00000438
pro,198,PMM0227,Prochlorococcus MED4,sat,sulfate adenylyltransferase,Central intermediary metabolism,informative_multi,1,4.0,1,20.0,2,cyanorak,curated,0.45999999999999996,0.3464747672315942,0.15,0.15937839292653333,WP_011131866.1,cyanorak:CK_00000481
pro,199,PMM0426,Prochlorococcus MED4,sun,ribosomal RNA small subunit methyltransferase B,Translation,informative_multi,1,4.0,1,20.0,2,cyanorak,curated,0.45999999999999996,0.3464747672315942,0.15,0.15937839292653333,WP_011132062.1,cyanorak:CK_00000697
pro,200,PMM0509,Prochlorococcus MED4,,conserved hypothetical protein,Unknown,catch_all_only,1,4.0,1,20.0,2,cyanorak,curated,0.45999999999999996,0.3464747672315942,0.75,0.15937839292653333,WP_011132144.1,cyanorak:CK_00000653
pro,201,PMM1179,Prochlorococcus MED4,,eamA-like transporter family protein,Transport,informative_multi,1,4.0,1,20.0,2,cyanorak,curated,0.45999999999999996,0.3464747672315942,0.15,0.15937839292653333,WP_011132813.1,cyanorak:CK_00000602
pro,202,PMM1482,Prochlorococcus MED4,hli,high light inducible protein,Stress response and adaptation,informative_multi,1,4.0,1,20.0,2,cyanorak,curated,0.45999999999999996,0.3464747672315942,0.15,0.15937839292653333,WP_011133110.1,cyanorak:CK_00001058
pro,203,PMM1484,Prochlorococcus MED4,rpoC1,"DNA-directed RNA polymerase complex, gamma subunit",Transcription,informative_multi,1,4.0,1,20.0,2,cyanorak,curated,0.45999999999999996,0.3464747672315942,0.15,0.15937839292653333,WP_011133112.1,cyanorak:CK_00001060
pro,204,PMM1609,Prochlorococcus MED4,fabF,beta-ketoacyl-(acyl-carrier-protein) synthase II (KASII),Lipid metabolism,informative_multi,1,4.0,1,20.0,2,cyanorak,curated,0.45999999999999996,0.3464747672315942,0.15,0.15937839292653333,WP_011133236.1,cyanorak:CK_00000066
pro,205,PMN2A_0987,Prochlorococcus NATL2A,atp1,ATP synthase protein I,Photosynthesis,informative_multi,1,4.0,2,20.0,2,cyanorak,curated,0.45999999999999996,0.3464747672315942,0.15,0.15937839292653333,WP_011295332.1,cyanorak:CK_00001123
pro,206,PMT0283,Prochlorococcus MIT9313,glyQ,"glycine--tRNA ligase, alpha subunit",Translation,informative_multi,1,4.0,1,20.0,2,cyanorak,curated,0.45999999999999996,0.3464747672315942,0.15,0.15937839292653333,WP_011129662.1,cyanorak:CK_00000699
pro,207,PMT1283,Prochlorococcus MIT9313,phhB,pterin-4-alpha-carbinolamine dehydratase,Carbohydrate metabolism,informative_multi,1,4.0,1,20.0,2,cyanorak,curated,0.45999999999999996,0.3464747672315942,0.15,0.15937839292653333,WP_011130652.1,cyanorak:CK_00001224
pro,208,PMT1481,Prochlorococcus MIT9313,glnB,nitrogen regulatory protein P-II,Stress response and adaptation,informative_multi,1,4.0,2,20.0,2,cyanorak,curated,0.45999999999999996,0.3464747672315942,0.15,0.15937839292653333,WP_011130849.1,cyanorak:CK_00000186
pro,209,PMT9312_1670,Prochlorococcus MIT9312,psaD,photosystem I reaction center subunit II,Photosynthesis,informative_multi,1,4.0,2,20.0,2,cyanorak,curated,0.45999999999999996,0.3464747672315942,0.15,0.15937839292653333,WP_011377212.1,cyanorak:CK_00000554
pro,210,Pro0022,Prochlorococcus marinus subsp. marinus CCMP1375 (SS120),murC,UDP-N-acetylmuramate-alanine ligase,Cell wall and membrane,informative_multi,1,4.0,1,20.0,2,cyanorak,curated,0.45999999999999996,0.3464747672315942,0.15,0.15937839292653333,WP_011124177.1,cyanorak:CK_00000346
pro,211,Pro0391,Prochlorococcus marinus subsp. marinus CCMP1375 (SS120),ylmE,conserved hypothetical protein YlmE,Cellular processes,informative_multi,1,4.0,1,20.0,2,cyanorak,curated,0.45999999999999996,0.3464747672315942,0.15,0.15937839292653333,WP_011124546.1,cyanorak:CK_00001043
pro,212,PMM0689,Prochlorococcus MED4,hli,high light inducible protein,Stress response and adaptation,informative_multi,2,1.0,2,9.0,1,cyanorak,curated,0.6799999999999999,0.23356207615155639,0.15,0.15882221178305833,WP_011132323.1,cyanorak:CK_00003421
pro,213,PMM1971,Prochlorococcus MED4,,conserved hypothetical protein,Unknown,catch_all_only,2,1.0,1,9.0,1,cyanorak,curated,0.6799999999999999,0.23356207615155639,0.75,0.15882221178305833,WP_173028032.1,cyanorak:CK_00043487
pro,214,PMM1990,Prochlorococcus MED4,,conserved hypothetical protein,Unknown,catch_all_only,2,1.0,3,9.0,1,cyanorak,curated,0.6799999999999999,0.23356207615155639,0.75,0.15882221178305833,WP_173028045.1,cyanorak:CK_00045422
pro,215,PMM2005,Prochlorococcus MED4,,conserved hypothetical protein,Unknown,catch_all_only,4,2.0,1,8.0,1,cyanorak,curated,0.7000000000000001,0.22541694446564625,0.75,0.1577918611259524,WP_173028055.1,cyanorak:CK_00039114
pro,216,PMM0370,Prochlorococcus MED4,cynA,"cyanate ABC transporter, substrate-binding protein",Central intermediary metabolism,informative_multi,3,1.0,1,3.0,2,cyanorak,curated,0.72,0.2182817153574601,0.15,0.15716283505737128,WP_011132007.1,cyanorak:CK_00002165
pro,217,PMM0243,Prochlorococcus MED4,thyx,thymidylate synthase,Nucleotide metabolism,informative_multi,2,3.0,1,16.0,1,cyanorak,curated,0.56,0.27458348682120426,0.15,0.1537667526198744,WP_011131881.1,cyanorak:CK_00002324
pro,218,PMT1554,Prochlorococcus MIT9313,,pentapeptide repeats family protein,Unknown,informative_single,2,2.0,1,11.0,1,cyanorak,curated,0.6200000000000001,0.2476568542569499,0.35,0.15354724963930896,WP_236069580.1,cyanorak:CK_00056725
pro,219,PMM0814,Prochlorococcus MED4,,conserved hypothetical protein,Unknown,catch_all_only,2,1.0,1,8.0,1,cyanorak,curated,0.6799999999999999,0.22541694446564625,0.75,0.15328352223663944,WP_225866777.1,cyanorak:CK_00003454
pro,220,PMM0142,Prochlorococcus MED4,,RNA-binding protein,Transport,informative_multi,2,5.0,1,20.0,2,cyanorak,curated,0.44,0.3464747672315942,0.15,0.15244889758190144,WP_011131781.1,cyanorak:CK_00000226
pro,221,PMM0642,Prochlorococcus MED4,metY,O-acetylhomoserine aminocarboxypropyltransferase,Amino acid metabolism,informative_multi,2,5.0,1,20.0,2,cyanorak,curated,0.44,0.3464747672315942,0.15,0.15244889758190144,WP_011132276.1,cyanorak:CK_00001284
pro,222,Pro0794,Prochlorococcus marinus subsp. marinus CCMP1375 (SS120),fur,ferric uptake regulator,Stress response and adaptation,informative_multi,2,5.0,1,20.0,2,cyanorak,curated,0.44,0.3464747672315942,0.15,0.15244889758190144,WP_036892330.1,cyanorak:CK_00000956
pro,223,Pro1148,Prochlorococcus marinus subsp. marinus CCMP1375 (SS120),,5-formyltetrahydrofolate cyclo-ligase,Central intermediary metabolism,informative_multi,2,5.0,2,20.0,2,cyanorak,curated,0.44,0.3464747672315942,0.15,0.15244889758190144,WP_011125300.1,cyanorak:CK_00001011
pro,224,PMM1456,Prochlorococcus MED4,atpI,ATP synthase A chain,Photosynthesis,informative_multi,2,5.0,3,20.0,2,cyanorak,curated,0.44,0.3464747672315942,0.15,0.15244889758190144,WP_011133084.1,cyanorak:CK_00001122
pro,225,A9601_11361,Prochlorococcus AS9601,,WD40-repeat-containing protein,Unknown,informative_multi,1,4.0,1,16.0,2,cyanorak,curated,0.45999999999999996,0.33013904237675984,0.15,0.15186395949330952,WP_011818569.1,cyanorak:CK_00002334
pro,226,PMM0252,Prochlorococcus MED4,psbN,photosystem II reaction center assembly factor,Photosynthesis,informative_multi,1,4.0,1,16.0,2,cyanorak,curated,0.45999999999999996,0.33013904237675984,0.15,0.15186395949330952,WP_011131890.1,cyanorak:CK_00001382
pro,227,PMT1118,Prochlorococcus MIT9313,,nif11-like leader peptide domain protein,Unknown,informative_single,1,2.0,1,6.0,2,cyanorak,curated,0.5800000000000001,0.2615440727765488,0.35,0.15169556221039832,WP_011130490.1,cyanorak:CK_00001498
pro,228,PMT2241,Prochlorococcus MIT9313,,Armadillo-like helical-containing protein,Unknown,informative_single,3,5.0,1,13.0,2,cyanorak,curated,0.48,0.31512937489972337,0.35,0.1512620999518672,WP_011131605.1,cyanorak:CK_00001553
pro,229,PMM0731,Prochlorococcus MED4,,uncharacterized conserved membrane protein,Unknown,catch_all_only,1,1.0,1,9.0,1,cyanorak,curated,0.64,0.23356207615155639,0.75,0.14947972873699608,WP_011132365.1,cyanorak:CK_00003439
pro,230,PMM1992,Prochlorococcus MED4,,conserved hypothetical protein,Unknown,catch_all_only,1,1.0,1,9.0,1,cyanorak,curated,0.64,0.23356207615155639,0.75,0.14947972873699608,WP_173028049.1,cyanorak:CK_00044630
pro,231,PMM1711,Prochlorococcus MED4,sps,sucrose phosphate synthase,Carbohydrate metabolism,informative_multi,2,2.0,1,10.0,1,cyanorak,curated,0.6200000000000001,0.24093024401469773,0.15,0.14937675128911262,WP_036930715.1,cyanorak:CK_00033172
pro,232,PMM1910,Prochlorococcus MED4,,Conserved hypothetical protein,Unknown,catch_all_only,2,2.0,1,10.0,1,cyanorak,curated,0.6200000000000001,0.24093024401469773,0.75,0.14937675128911262,WP_173027997.1,cyanorak:CK_00056305
pro,233,PMT_1479,Prochlorococcus MIT9313,,protein of unknown function DUF4278,Unknown,informative_single,2,1.0,1,3.0,2,cyanorak,curated,0.6799999999999999,0.2182817153574601,0.35,0.14843156644307287,WP_011130847.1,cyanorak:CK_00048385
pro,234,Pro1200,Prochlorococcus marinus subsp. marinus CCMP1375 (SS120),,2-oxoglutarate/iron-dependent dioxygenase,Post-translational modification,informative_multi,1,4.0,1,14.0,2,cyanorak,curated,0.45999999999999996,0.32046302403898275,0.15,0.14741299105793204,WP_011125352.1,cyanorak:CK_00000399
pro,235,PMN2A_0569,Prochlorococcus NATL2A,,uncharacterized conserved membrane protein,Unknown,catch_all_only,1,3.0,2,18.0,1,cyanorak,curated,0.52,0.28318203476077547,0.75,0.14725465807560326,,cyanorak:CK_00004021
pro,236,PMN2A_0509,Prochlorococcus NATL2A,hli,high light inducible protein,Stress response and adaptation,informative_multi,1,2.0,4,12.0,1,cyanorak,curated,0.5800000000000001,0.25384473584074063,0.15,0.14722994678762957,WP_011294349.1,cyanorak:CK_00045762
pro,237,PMT0498,Prochlorococcus MIT9313,,putative gram-negative pili assembly chaperone,Stress response and adaptation,informative_single,2,1.0,1,7.0,1,cyanorak,curated,0.6799999999999999,0.21631146192507905,0.35,0.14709179410905374,,cyanorak:CK_00051226
pro,238,PMM1815,Prochlorococcus MED4,,Conserved hypothetical protein,Unknown,no_evidence,2,1.0,2,7.0,1,cyanorak,curated,0.6799999999999999,0.21631146192507905,1.0,0.14709179410905374,,cyanorak:CK_00051480
pro,239,PMN2A_2022,Prochlorococcus NATL2A,hli,possible high light inducible protein,Stress response and adaptation,informative_single,1,4.0,1,29.0,1,cyanorak,curated,0.45999999999999996,0.31849277060660175,0.35,0.14650667447903679,WP_011294968.1,cyanorak:CK_00004195
pro,240,PMM1374,Prochlorococcus MED4,,conserved hypothetical protein,Unknown,catch_all_only,2,2.0,3,9.0,1,cyanorak,curated,0.6200000000000001,0.23356207615155639,0.75,0.14480848721396497,WP_011133008.1,cyanorak:CK_00003569
pro,241,PMM1985,Prochlorococcus MED4,,conserved hypothetical protein,Unknown,catch_all_only,2,2.0,1,9.0,1,cyanorak,curated,0.6200000000000001,0.23356207615155639,0.75,0.14480848721396497,WP_173028041.1,cyanorak:CK_00048289
pro,242,PMT9312_1608,Prochlorococcus MIT9312,,conserved hypothetical protein,Unknown,catch_all_only,2,2.0,2,9.0,1,cyanorak,curated,0.6200000000000001,0.23356207615155639,0.75,0.14480848721396497,WP_011377150.1,cyanorak:CK_00003600
pro,243,PMM1365,Prochlorococcus MED4,,conserved hypothetical protein,Unknown,catch_all_only,2,5.0,1,15.0,2,cyanorak,curated,0.44,0.3254523196038091,0.75,0.143199020625676,WP_011132999.1,cyanorak:CK_00043005
pro,244,TX50_RS09290,Prochlorococcus MED4,,hypothetical protein,Unknown,catch_all_only,1,3.0,1,15.0,1,eggnog,Prochloraceae,0.52,0.2698967640482536,0.75,0.14034631730509187,WP_071812976.1,eggnog:1MN51@1212
pro,245,PMM0362,Prochlorococcus MED4,,uncharacterized conserved membrane protein,Unknown,catch_all_only,3,1.0,1,5.0,1,cyanorak,curated,0.72,0.1940715521337754,0.75,0.13973151753631827,WP_036930928.1,cyanorak:CK_00003378
pro,246,PMM0073,Prochlorococcus MED4,sufB,"ABC transporter involved in Fe-S cluster assembly, permease component",Coenzyme metabolism,informative_multi,1,5.0,1,20.0,2,cyanorak,curated,0.4,0.3464747672315942,0.15,0.1385899068926377,WP_011131711.1,cyanorak:CK_00001144
pro,247,PMM0079,Prochlorococcus MED4,prxQ,2-Cys peroxiredoxin,Stress response and adaptation,informative_multi,1,5.0,1,20.0,2,cyanorak,curated,0.4,0.3464747672315942,0.15,0.1385899068926377,WP_011131717.1,cyanorak:CK_00000038
pro,248,PMM0428,Prochlorococcus MED4,chlG,chlorophyll a synthase,Coenzyme metabolism,informative_multi,1,5.0,1,20.0,2,cyanorak,curated,0.4,0.3464747672315942,0.15,0.1385899068926377,WP_011132064.1,cyanorak:CK_00000698
pro,249,PMM0453,Prochlorococcus MED4,fabG,beta-ketoacyl-(acyl-carrier-protein) reductase (KR),Lipid metabolism,informative_multi,1,5.0,1,20.0,2,cyanorak,curated,0.4,0.3464747672315942,0.15,0.1385899068926377,WP_011132089.1,cyanorak:CK_00000059
pro,250,PMM1090,Prochlorococcus MED4,lysA,diaminopimelate decarboxylase,Amino acid metabolism,informative_multi,1,5.0,1,20.0,2,cyanorak,curated,0.4,0.3464747672315942,0.15,0.1385899068926377,WP_011132723.1,cyanorak:CK_00000758
pro,251,PMM1151,Prochlorococcus MED4,infA,translation initiation factor IF-1,Translation,informative_multi,1,5.0,1,20.0,2,cyanorak,curated,0.4,0.3464747672315942,0.15,0.1385899068926377,WP_011132784.1,cyanorak:CK_00001025
pro,252,PMM1186,Prochlorococcus MED4,ALB3,photosystem II assembly factor,Stress response and adaptation,informative_multi,1,5.0,1,20.0,2,cyanorak,curated,0.4,0.3464747672315942,0.15,0.1385899068926377,WP_011132820.1,cyanorak:CK_00000597
pro,253,PMM1450,Prochlorococcus MED4,atpC,ATP synthase gamma chain,Photosynthesis,informative_multi,1,5.0,1,20.0,2,cyanorak,curated,0.4,0.3464747672315942,0.15,0.1385899068926377,WP_011133079.1,cyanorak:CK_00001116
pro,254,PMM1488,Prochlorococcus MED4,hisD,histidinol dehydrogenase,Amino acid metabolism,informative_multi,1,5.0,1,20.0,2,cyanorak,curated,0.4,0.3464747672315942,0.15,0.1385899068926377,WP_011133116.1,cyanorak:CK_00001063
pro,255,PMT0120,Prochlorococcus MIT9313,miaA,tRNA delta-2-isopentenylpyrophosphate (IPP) adenosine transferase,Translation,informative_multi,1,5.0,1,20.0,2,cyanorak,curated,0.4,0.3464747672315942,0.15,0.1385899068926377,WP_011129499.1,cyanorak:CK_00000310
pro,256,PMT1734,Prochlorococcus MIT9313,rplW,50S ribosomal protein L23,Translation,informative_multi,1,5.0,1,20.0,2,cyanorak,curated,0.4,0.3464747672315942,0.15,0.1385899068926377,WP_011131101.1,cyanorak:CK_00000532
pro,257,Pro0272,Prochlorococcus marinus subsp. marinus CCMP1375 (SS120),txlA,thioredoxin-like protein TxlA,Energy production,informative_multi,1,5.0,1,20.0,2,cyanorak,curated,0.4,0.3464747672315942,0.15,0.1385899068926377,WP_011124427.1,cyanorak:CK_00000471
pro,258,Pro0868,Prochlorococcus marinus subsp. marinus CCMP1375 (SS120),,conserved hypothetical protein,Transcription,informative_single,1,5.0,1,20.0,2,cyanorak,curated,0.4,0.3464747672315942,0.35,0.1385899068926377,WP_164923227.1,cyanorak:CK_00001626
pro,259,Pro1149,Prochlorococcus marinus subsp. marinus CCMP1375 (SS120),sufE,sulfur acceptor for SufS cysteine desulfurase,Stress response and adaptation,informative_multi,1,5.0,1,20.0,2,cyanorak,curated,0.4,0.3464747672315942,0.15,0.1385899068926377,WP_011125301.1,cyanorak:CK_00001012
pro,260,NATL1_13731,Prochlorococcus NATL1A,,glutaredoxin family protein,Energy production,informative_multi,1,5.0,1,19.0,2,cyanorak,curated,0.4,0.3427029338302864,0.15,0.13708117353211455,WP_011823975.1,cyanorak:CK_00051584
pro,261,PMM0647,Prochlorococcus MED4,,conserved hypothetical protein (DUF2811),Unknown,informative_single,1,5.0,1,18.0,2,cyanorak,curated,0.4,0.338737590316331,0.35,0.1354950361265324,WP_011132281.1,cyanorak:CK_00047478
pro,262,PMT2103,Prochlorococcus MIT9313,,conserved hypothetical protein,Translation,informative_multi,1,5.0,1,18.0,2,cyanorak,curated,0.4,0.338737590316331,0.15,0.1354950361265324,WP_011131467.1,cyanorak:CK_00000973
pro,263,P9301_10861,Prochlorococcus MIT9301,,conserved hypothetical protein,Unknown,catch_all_only,1,2.0,1,9.0,1,cyanorak,curated,0.5800000000000001,0.23356207615155639,0.75,0.13546600416790272,WP_011818521.1,cyanorak:CK_00003482
pro,264,PMM1982,Prochlorococcus MED4,,uncharacterized conserved membrane protein,Unknown,catch_all_only,1,2.0,2,9.0,1,cyanorak,curated,0.5800000000000001,0.23356207615155639,0.75,0.13546600416790272,WP_225866754.1,cyanorak:CK_00034724
pro,265,PMM2003,Prochlorococcus MED4,,Conserved hypothetical protein,Unknown,no_evidence,1,2.0,1,9.0,1,cyanorak,curated,0.5800000000000001,0.23356207615155639,1.0,0.13546600416790272,WP_173028053.1,cyanorak:CK_00053566
pro,266,PMM1903,Prochlorococcus MED4,,Conserved hypothetical protein,Unknown,catch_all_only,1,3.0,1,13.0,1,cyanorak,curated,0.52,0.2595738193441678,0.75,0.13497838605896725,WP_173027992.1,cyanorak:CK_00054285
pro,267,NATL1_08591,Prochlorococcus NATL1A,,polysaccharide biosynthesis family protein,Cell wall and membrane,informative_multi,1,4.0,1,9.0,2,cyanorak,curated,0.45999999999999996,0.2891176317071119,0.15,0.13299411058527147,WP_011823562.1,cyanorak:CK_00044481
pro,268,PMM1037,Prochlorococcus MED4,,conserved hypothetical protein,Unknown,catch_all_only,1,5.0,1,16.0,2,cyanorak,curated,0.4,0.33013904237675984,0.75,0.13205561695070395,WP_011132670.1,cyanorak:CK_00001718
pro,269,PMT9312_0720,Prochlorococcus MIT9312,,probable alkaline phosphatase,Secondary metabolites,informative_multi,2,1.0,3,5.0,1,cyanorak,curated,0.6799999999999999,0.1940715521337754,0.15,0.13196865545096725,WP_011376275.1,cyanorak:CK_00003430
pro,270,PMN2A_0476,Prochlorococcus NATL2A,PMN2A_RS05400,conserved hypothetical protein,Unknown,catch_all_only,1,1.0,1,6.0,1,cyanorak,curated,0.64,0.20598851722099326,0.75,0.13183265102143568,WP_011294574.1,cyanorak:CK_00048490
pro,271,A9601_15761,Prochlorococcus AS9601,,Hypothetical protein,Unknown,no_evidence,1,2.0,1,8.0,1,cyanorak,curated,0.5800000000000001,0.22541694446564625,1.0,0.13074182779007484,,cyanorak:CK_00047187
pro,272,PMN2A_0542,Prochlorococcus NATL2A,PMN2A_RS05790,conserved hypothetical protein,Unknown,catch_all_only,3,1.0,1,4.0,1,cyanorak,curated,0.72,0.17997677402838186,0.75,0.12958327730043492,WP_011294639.1,cyanorak:CK_00055752
pro,273,PMN2A_0620,Prochlorococcus NATL2A,PMN2A_RS06235,possible Legume lectins alpha domain,Unknown,no_evidence,3,5.0,1,15.0,1,cyanorak,curated,0.48,0.2698967640482536,1.0,0.1295504467431617,WP_011294709.1,cyanorak:CK_00042831
pro,274,PMN2A_2186,Prochlorococcus NATL2A,,conserved hypothetical protein,Unknown,catch_all_only,1,4.0,1,8.0,2,cyanorak,curated,0.45999999999999996,0.2809725000212018,0.75,0.12924735000975282,,cyanorak:CK_00041258
pro,275,PMT9312_0685,Prochlorococcus MIT9312,,possible M protein repeat,Unknown,catch_all_only,1,3.0,1,11.0,1,cyanorak,curated,0.52,0.2476568542569499,0.75,0.12878156421361395,WP_011376240.1,cyanorak:CK_00003570
pro,276,PMM1379,Prochlorococcus MED4,,putative lysine decarboxylase family protein,Unknown,informative_multi,1,5.0,1,14.0,2,cyanorak,curated,0.4,0.32046302403898275,0.15,0.1281852096155931,WP_011133013.1,cyanorak:CK_00036913
pro,277,PMN2A_2019,Prochlorococcus NATL2A,PMN2A_RS10620,Conserved hypothetical protein,Unknown,no_evidence,2,4.0,2,12.0,1,cyanorak,curated,0.5,0.25384473584074063,1.0,0.12692236792037032,WP_011295041.1,cyanorak:CK_00049623
pro,278,PMT0855,Prochlorococcus MIT9313,pncA,isochorismatase-like hydrolase superfamily,Coenzyme metabolism,informative_multi,1,4.0,1,16.0,1,cyanorak,curated,0.45999999999999996,0.27458348682120426,0.15,0.12630840393775394,WP_052646170.1,cyanorak:CK_00003411
pro,279,PMM1813,Prochlorococcus MED4,,conserved hypothetical protein,Unknown,catch_all_only,3,4.0,2,9.0,1,cyanorak,curated,0.54,0.23356207615155639,0.75,0.12612352112184044,WP_036930939.1,cyanorak:CK_00054066
pro,280,PMT2266,Prochlorococcus MIT9313,,conserved hypothetical protein,Unknown,catch_all_only,1,5.0,1,13.0,2,cyanorak,curated,0.4,0.31512937489972337,0.75,0.12605174995988935,WP_011131630.1,cyanorak:CK_00033671
pro,281,NATL1_12621,Prochlorococcus NATL1A,,Conserved hypothetical protein,Unknown,no_evidence,1,1.0,2,5.0,1,cyanorak,curated,0.64,0.1940715521337754,1.0,0.12420579336561625,WP_011823886.1,cyanorak:CK_00055286
pro,282,PMN2A_0566,Prochlorococcus NATL2A,PMN2A_RS05915,Predicted protein family PM-5,Unknown,no_evidence,1,1.0,1,5.0,1,cyanorak,curated,0.64,0.1940715521337754,1.0,0.12420579336561625,WP_011294660.1,cyanorak:CK_00003986
pro,283,PMN2A_2049,Prochlorococcus NATL2A,PMN2A_RS10680,conserved hypothetical protein,Unknown,no_evidence,2,1.0,1,4.0,1,cyanorak,curated,0.6799999999999999,0.17997677402838186,1.0,0.12238420633929965,WP_011295171.1,cyanorak:CK_00046708
pro,284,PMM0463,Prochlorococcus MED4,,conserved hypothetical protein,Unknown,informative_single,3,7.0,1,18.0,2,cyanorak,curated,0.36,0.338737590316331,0.35,0.12194553251387916,WP_011132099.1,cyanorak:CK_00001413
pro,285,PMM0417,Prochlorococcus MED4,,uncharacterized conserved membrane protein,Unknown,catch_all_only,1,4.0,1,14.0,1,cyanorak,curated,0.45999999999999996,0.26490746848342717,0.75,0.12185743550237649,WP_011132053.1,cyanorak:CK_00044766
pro,286,PMM1018,Prochlorococcus MED4,,conserved hypothetical protein,Unknown,informative_single,1,4.0,1,14.0,1,cyanorak,curated,0.45999999999999996,0.26490746848342717,0.35,0.12185743550237649,WP_011132650.1,cyanorak:CK_00054193
pro,287,PMM1883,Prochlorococcus MED4,,conserved hypothetical protein,Unknown,catch_all_only,1,4.0,1,14.0,1,cyanorak,curated,0.45999999999999996,0.26490746848342717,0.75,0.12185743550237649,WP_036930795.1,cyanorak:CK_00056837
pro,288,PMN2A_0119,Prochlorococcus NATL2A,PMN2A_RS03545,uncharacterized conserved membrane protein,Unknown,catch_all_only,1,4.0,1,14.0,1,cyanorak,curated,0.45999999999999996,0.26490746848342717,0.75,0.12185743550237649,WP_011293653.1,cyanorak:CK_00003993
pro,289,P9301_10311,Prochlorococcus MIT9301,,uncharacterized conserved membrane protein,Unknown,catch_all_only,1,3.0,1,9.0,1,cyanorak,curated,0.52,0.23356207615155639,0.75,0.12145227959880932,WP_011818467.1,cyanorak:CK_00048124
pro,290,PMM1961,Prochlorococcus MED4,,conserved hypothetical protein,Unknown,catch_all_only,1,3.0,2,9.0,1,cyanorak,curated,0.52,0.23356207615155639,0.75,0.12145227959880932,WP_036930569.1,cyanorak:CK_00051242
pro,291,PMT9312_1017,Prochlorococcus MIT9312,,conserved hypothetical protein,Unknown,catch_all_only,1,3.0,1,9.0,1,cyanorak,curated,0.52,0.23356207615155639,0.75,0.12145227959880932,WP_011376568.1,cyanorak:CK_00043306
pro,292,PMM0345,Prochlorococcus MED4,prxQ,2-Cys peroxiredoxin,Stress response and adaptation,informative_multi,1,6.0,2,23.0,2,cyanorak,curated,0.33999999999999997,0.35679771193568,0.15,0.12131122205813119,WP_011131982.1,cyanorak:CK_00008024
pro,293,PMT0773,Prochlorococcus MIT9313,,conserved hypothetical protein,Unknown,catch_all_only,1,5.0,1,11.0,2,cyanorak,curated,0.4,0.3032124098125054,0.75,0.12128496392500217,WP_011130151.1,cyanorak:CK_00001262
pro,294,P9303_17791,Prochlorococcus MIT9303,,conserved hypothetical protein,Unknown,catch_all_only,1,4.0,1,6.0,2,cyanorak,curated,0.45999999999999996,0.2615440727765488,0.75,0.12031027347721243,WP_196757591.1,cyanorak:CK_00054578
pro,295,PMM1854,Prochlorococcus MED4,,Conserved hypothetical protein,Unknown,no_evidence,1,4.0,2,13.0,1,cyanorak,curated,0.45999999999999996,0.2595738193441678,1.0,0.11940395689831718,WP_036930966.1,cyanorak:CK_00042996
pro,296,PMM1988,Prochlorococcus MED4,,Conserved hypothetical protein,Unknown,no_evidence,1,4.0,1,13.0,1,cyanorak,curated,0.45999999999999996,0.2595738193441678,1.0,0.11940395689831718,WP_173028043.1,cyanorak:CK_00051095
pro,297,PMM0367,Prochlorococcus MED4,,putative antibiotic biosynthesis monooxygenase domain protein,Cellular processes,informative_multi,1,5.0,1,10.0,2,cyanorak,curated,0.4,0.2964857995702533,0.15,0.11859431982810131,WP_011132004.1,cyanorak:CK_00001595
pro,298,NATL1_06431,Prochlorococcus NATL1A,,domain of unknown function DUF4332-containing protein,Unknown,informative_single,1,6.0,1,20.0,2,cyanorak,curated,0.33999999999999997,0.3464747672315942,0.35,0.11780142085874203,WP_011823368.1,cyanorak:CK_00001478
pro,299,P9301_08411,Prochlorococcus MIT9301,purQ,"phosphoribosylformylglycinamidine (FGAM) synthase, glutamine amidotransferase domain",Nucleotide metabolism,informative_multi,1,6.0,1,20.0,2,cyanorak,curated,0.33999999999999997,0.3464747672315942,0.15,0.11780142085874203,WP_011862817.1,cyanorak:CK_00000975
pro,300,PMM0043,Prochlorococcus MED4,flv3,flavoprotein involved in Mehler reaction,Carbohydrate metabolism,informative_multi,1,6.0,1,20.0,2,cyanorak,curated,0.33999999999999997,0.3464747672315942,0.15,0.11780142085874203,WP_011131681.1,cyanorak:CK_00000412
pro,301,PMM0444,Prochlorococcus MED4,ctaEI,cytochrome c oxidase subunit III,Carbohydrate metabolism,informative_multi,1,6.0,1,20.0,2,cyanorak,curated,0.33999999999999997,0.3464747672315942,0.15,0.11780142085874203,WP_011132080.1,cyanorak:CK_00000613
pro,302,PMM0454,Prochlorococcus MED4,ispD,2-C-methyl-D-erythritol 4-phosphate cytidylyltransferase,Coenzyme metabolism,informative_multi,1,6.0,1,20.0,2,cyanorak,curated,0.33999999999999997,0.3464747672315942,0.15,0.11780142085874203,WP_011132090.1,cyanorak:CK_00000618
pro,303,PMT0075,Prochlorococcus MIT9313,cobH,precorrin-8X methylmutase,Coenzyme metabolism,informative_multi,1,6.0,1,20.0,2,cyanorak,curated,0.33999999999999997,0.3464747672315942,0.15,0.11780142085874203,WP_011129454.1,cyanorak:CK_00000320
pro,304,PMT1559,Prochlorococcus MIT9313,,conserved hypothetical protein,Unknown,catch_all_only,1,6.0,2,20.0,2,cyanorak,curated,0.33999999999999997,0.3464747672315942,0.75,0.11780142085874203,WP_011130926.1,cyanorak:CK_00001476
pro,305,PMT1737,Prochlorococcus MIT9313,rplV,50S ribosomal protein L22,Translation,informative_multi,1,6.0,1,20.0,2,cyanorak,curated,0.33999999999999997,0.3464747672315942,0.15,0.11780142085874203,WP_011131104.1,cyanorak:CK_00000529
pro,306,PMT1744,Prochlorococcus MIT9313,rplE,50S ribosomal protein L5,Translation,informative_multi,1,6.0,1,20.0,2,cyanorak,curated,0.33999999999999997,0.3464747672315942,0.15,0.11780142085874203,WP_011131111.1,cyanorak:CK_00000523
pro,307,Pro0328,Prochlorococcus marinus subsp. marinus CCMP1375 (SS120),psbE,"cytochrome b559, alpha subunit",Photosynthesis,informative_multi,1,6.0,1,20.0,2,cyanorak,curated,0.33999999999999997,0.3464747672315942,0.15,0.11780142085874203,WP_011124483.1,cyanorak:CK_00000271
pro,308,Pro1757,Prochlorococcus marinus subsp. marinus CCMP1375 (SS120),mhpC,alpha/beta hydrolase fold family protein,Stress response and adaptation,informative_multi,1,6.0,1,20.0,2,cyanorak,curated,0.33999999999999997,0.3464747672315942,0.15,0.11780142085874203,WP_052039744.1,cyanorak:CK_00008106
pro,309,PMM0861,Prochlorococcus MED4,,conserved hypothetical protein,Unknown,catch_all_only,3,1.0,2,3.0,1,cyanorak,curated,0.72,0.16272615980190455,0.75,0.11716283505737127,WP_036930458.1,cyanorak:CK_00057401
pro,310,P9301_10631,Prochlorococcus MIT9301,,conserved hypothetical protein,Unknown,no_evidence,1,1.0,1,4.0,1,cyanorak,curated,0.64,0.17997677402838186,1.0,0.1151851353781644,,cyanorak:CK_00036889
pro,311,PMM1979,Prochlorococcus MED4,,Conserved hypothetical protein,Unknown,no_evidence,1,1.0,1,4.0,1,cyanorak,curated,0.64,0.17997677402838186,1.0,0.1151851353781644,,cyanorak:CK_00048666
pro,312,PMN2A_0592,Prochlorococcus NATL2A,PMN2A_RS06075,conserved hypothetical protein,Unknown,no_evidence,1,1.0,1,4.0,1,cyanorak,curated,0.64,0.17997677402838186,1.0,0.1151851353781644,WP_011294683.1,cyanorak:CK_00037547
pro,313,PMN2A_1971,Prochlorococcus NATL2A,,conserved hypothetical protein,Unknown,no_evidence,1,1.0,1,4.0,1,cyanorak,curated,0.64,0.17997677402838186,1.0,0.1151851353781644,,cyanorak:CK_00050066
pro,314,PMN2A_2003,Prochlorococcus NATL2A,PMN2A_RS10580,conserved hypothetical protein,Unknown,no_evidence,1,1.0,1,4.0,1,cyanorak,curated,0.64,0.17997677402838186,1.0,0.1151851353781644,WP_011295160.1,cyanorak:CK_00039126
pro,315,PMM0687,Prochlorococcus MED4,,conserved hypothetical protein,Unknown,catch_all_only,1,6.0,1,18.0,2,cyanorak,curated,0.33999999999999997,0.338737590316331,0.75,0.11517078070755253,WP_011132321.1,cyanorak:CK_00001269
pro,316,PMM0965,Prochlorococcus MED4,ureA,urease gamma subunit,Stress response and adaptation,informative_multi,1,6.0,1,17.0,2,cyanorak,curated,0.33999999999999997,0.33455780214437625,0.15,0.11374965272908791,WP_011132598.1,cyanorak:CK_00001360
pro,317,PMM0371,Prochlorococcus MED4,cynB,"cyanate ABC transporter, permease protein",Central intermediary metabolism,informative_multi,1,3.0,1,3.0,2,cyanorak,curated,0.52,0.2182817153574601,0.15,0.11350649198587925,WP_011132008.1,cyanorak:CK_00002166
pro,318,PMM0819,Prochlorococcus MED4,,conserved hypothetical protein,Unknown,informative_single,2,4.0,1,8.0,1,cyanorak,curated,0.5,0.22541694446564625,0.35,0.11270847223282313,WP_011132453.1,cyanorak:CK_00036022
pro,319,PMN2A_0713,Prochlorococcus NATL2A,PMN2A_RS06735,conserved hypothetical protein,Unknown,no_evidence,1,2.0,1,5.0,1,cyanorak,curated,0.5800000000000001,0.1940715521337754,1.0,0.11256150023758973,WP_225866300.1,cyanorak:CK_00004095
pro,320,P9301_15481,Prochlorococcus MIT9301,,NAD-dependent DNA ligase N-terminal adenylation domain,Replication and repair,informative_multi,1,3.0,1,7.0,1,cyanorak,curated,0.52,0.21631146192507905,0.15,0.1124819602010411,WP_011863474.1,cyanorak:CK_00056365
pro,321,PMM1392,Prochlorococcus MED4,,possible Heat-labile enterotoxin alpha chain,Unknown,catch_all_only,1,3.0,1,7.0,1,cyanorak,curated,0.52,0.21631146192507905,0.75,0.1124819602010411,WP_011133025.1,cyanorak:CK_00003575
pro,322,PMM1856,Prochlorococcus MED4,,Hypothetical protein,Unknown,no_evidence,3,4.0,1,6.0,1,cyanorak,curated,0.54,0.20598851722099326,1.0,0.11123379929933637,,cyanorak:CK_00044154
pro,323,PMM0004,Prochlorococcus MED4,purF,amidophosphoribosyltransferase,Nucleotide metabolism,informative_multi,2,7.0,1,20.0,2,cyanorak,curated,0.32,0.3464747672315942,0.15,0.11087192551411015,WP_011131642.1,cyanorak:CK_00000361
pro,324,PMM0769,Prochlorococcus MED4,glgC,glucose-1-phosphate adenylyltransferase,Carbohydrate metabolism,informative_multi,2,7.0,1,20.0,2,cyanorak,curated,0.32,0.3464747672315942,0.15,0.11087192551411015,WP_011132403.1,cyanorak:CK_00000876
pro,325,PMT9312_0661,Prochlorococcus MIT9312,nrdJ,ribonucleoside-diphosphate reductase,Coenzyme metabolism,informative_multi,2,7.0,1,20.0,2,cyanorak,curated,0.32,0.3464747672315942,0.15,0.11087192551411015,WP_011376217.1,cyanorak:CK_00000867
pro,326,PMT1906,Prochlorococcus MIT9313,,conserved hypothetical protein,Unknown,informative_single,1,5.0,1,7.0,2,cyanorak,curated,0.4,0.2718670174806346,0.35,0.10874680699225384,,cyanorak:CK_00035443
pro,327,PMM1830,Prochlorococcus MED4,,conserved hypothetical protein,Unknown,catch_all_only,1,4.0,1,9.0,1,cyanorak,curated,0.45999999999999996,0.23356207615155639,0.75,0.10743855502971593,WP_173027947.1,cyanorak:CK_00055945
pro,328,PMM1859,Prochlorococcus MED4,,uncharacterized conserved membrane protein,Unknown,catch_all_only,1,4.0,1,9.0,1,cyanorak,curated,0.45999999999999996,0.23356207615155639,0.75,0.10743855502971593,WP_036930846.1,cyanorak:CK_00054584
pro,329,PMM1949,Prochlorococcus MED4,,conserved hypothetical protein,Unknown,catch_all_only,1,4.0,1,9.0,1,cyanorak,curated,0.45999999999999996,0.23356207615155639,0.75,0.10743855502971593,WP_173028018.1,cyanorak:CK_00056366
pro,330,PMT9312_1821,Prochlorococcus MIT9312,,conserved hypothetical protein,Unknown,catch_all_only,1,4.0,1,9.0,1,cyanorak,curated,0.45999999999999996,0.23356207615155639,0.75,0.10743855502971593,WP_193741828.1,cyanorak:CK_00037710
pro,331,PMM2013,Prochlorococcus MED4,,conserved hypothetical protein,Unknown,catch_all_only,2,5.0,1,10.0,1,cyanorak,curated,0.44,0.24093024401469773,0.75,0.106009307366467,WP_173028060.1,cyanorak:CK_00044233
pro,332,A9601_12821,Prochlorococcus AS9601,,conserved hypothetical protein,Unknown,catch_all_only,1,5.0,1,14.0,1,cyanorak,curated,0.4,0.26490746848342717,0.75,0.10596298739337087,WP_011818710.1,cyanorak:CK_00053552
pro,333,PMM0316,Prochlorococcus MED4,petF,2Fe-2S ferredoxin,Stress response and adaptation,informative_multi,2,7.0,1,16.0,2,cyanorak,curated,0.32,0.33013904237675984,0.15,0.10564449356056316,WP_011131953.1,cyanorak:CK_00000571
pro,334,P9303_09681,Prochlorococcus MIT9303,,conserved hypothetical protein,Unknown,catch_all_only,1,5.0,1,6.0,2,cyanorak,curated,0.4,0.2615440727765488,0.75,0.10461762911061952,WP_011825625.1,cyanorak:CK_00043260
pro,335,P9303_29301,Prochlorococcus MIT9303,,uncharacterized conserved secreted protein,Unknown,catch_all_only,1,5.0,1,6.0,2,cyanorak,curated,0.4,0.2615440727765488,0.75,0.10461762911061952,WP_011827498.1,cyanorak:CK_00001439
pro,336,PMT0509,Prochlorococcus MIT9313,petJ2,cytochrome c553 (cytochrome c6),Carbohydrate metabolism,informative_multi,1,5.0,1,6.0,2,cyanorak,curated,0.4,0.2615440727765488,0.15,0.10461762911061952,WP_011129888.1,cyanorak:CK_00000063
pro,337,PMN2A_0581,Prochlorococcus NATL2A,PMN2A_RS06010,conserved hypothetical protein,Unknown,catch_all_only,1,2.0,1,4.0,1,cyanorak,curated,0.5800000000000001,0.17997677402838186,0.75,0.10438652893646148,WP_011294672.1,cyanorak:CK_00004221
pro,338,PMN2A_2004,Prochlorococcus NATL2A,,conserved hypothetical protein,Unknown,no_evidence,1,2.0,1,4.0,1,cyanorak,curated,0.5800000000000001,0.17997677402838186,1.0,0.10438652893646148,,cyanorak:CK_00043640
pro,339,PMT_1878,Prochlorococcus MIT9313,,Hemolysin-type calcium-binding protein,Secondary metabolites,informative_multi,1,2.0,1,4.0,1,cyanorak,curated,0.5800000000000001,0.17997677402838186,0.15,0.10438652893646148,WP_011131244.1,cyanorak:CK_00041295
pro,340,PMT0951,Prochlorococcus MIT9313,,conserved hypothetical protein (DUF3303),Unknown,informative_single,2,7.0,1,15.0,2,cyanorak,curated,0.32,0.3254523196038091,0.35,0.10414474227321892,WP_041385049.1,cyanorak:CK_00001433
pro,341,Pro0646,Prochlorococcus marinus subsp. marinus CCMP1375 (SS120),,Predicted protein family PM-6,Unknown,catch_all_only,1,4.0,1,8.0,1,cyanorak,curated,0.45999999999999996,0.22541694446564625,0.75,0.10369179445419727,WP_011124798.1,cyanorak:CK_00002355
pro,342,PMN2A_0995,Prochlorococcus NATL2A,PMN2A_RS08210,conserved hypothetical protein,Unknown,catch_all_only,1,6.0,1,11.0,2,cyanorak,curated,0.33999999999999997,0.3032124098125054,0.75,0.10309221933625183,WP_011295340.1,cyanorak:CK_00001523
pro,343,PMM1416,Prochlorococcus MED4,PsiP1,phosphate starvation inducible protein 1,Stress response and adaptation,informative_multi,1,3.0,1,2.0,2,cyanorak,curated,0.52,0.1960418055661564,0.15,0.10194173889440133,WP_011133045.1,cyanorak:CK_00002662
pro,344,PMM2065,Prochlorococcus MED4,,Hypothetical protein,Unknown,no_evidence,3,1.0,1,2.0,1,cyanorak,curated,0.72,0.1404862500106009,1.0,0.10115010000763264,WP_268741254.1,cyanorak:CK_00037035
pro,345,PMT_0990,Prochlorococcus MIT9313,hli,high light inducible protein,Stress response and adaptation,informative_multi,3,1.0,1,2.0,1,cyanorak,curated,0.72,0.1404862500106009,0.15,0.10115010000763264,WP_011130362.1,cyanorak:CK_00003763
pro,346,A9601_16241,Prochlorococcus AS9601,,conserved hypothetical protein,Unknown,no_evidence,1,3.0,1,5.0,1,cyanorak,curated,0.52,0.1940715521337754,1.0,0.1009172071095632,,cyanorak:CK_00051810
pro,347,PMN2A_0500,Prochlorococcus NATL2A,PMN2A_RS10100,conserved hypothetical protein,Unknown,no_evidence,2,2.0,1,3.0,1,cyanorak,curated,0.6200000000000001,0.16272615980190455,1.0,0.10089021907718083,WP_225866287.1,cyanorak:CK_00055242
pro,348,PMN2A_1997,Prochlorococcus NATL2A,PMN2A_RS05225,uncharacterized conserved lipoprotein,Unknown,informative_single,1,6.0,1,10.0,2,cyanorak,curated,0.33999999999999997,0.2964857995702533,0.35,0.10080517185388611,WP_011294986.1,cyanorak:CK_00045417
pro,349,PMM0372,Prochlorococcus MED4,cynD,cyanate ABC transporter ATP-binding protein,Central intermediary metabolism,informative_multi,1,4.0,1,3.0,2,cyanorak,curated,0.45999999999999996,0.2182817153574601,0.15,0.10040958906443163,WP_011132009.1,cyanorak:CK_00000003
pro,350,PMT2041,Prochlorococcus MIT9313,,putative dockerin type I repeat,Unknown,catch_all_only,1,4.0,1,3.0,2,cyanorak,curated,0.45999999999999996,0.2182817153574601,0.75,0.10040958906443163,WP_041384725.1,cyanorak:CK_00038643
pro,351,PMM1832,Prochlorococcus MED4,,Conserved hypothetical protein,Unknown,no_evidence,1,4.0,1,7.0,1,cyanorak,curated,0.45999999999999996,0.21631146192507905,1.0,0.09950327248553635,WP_173027949.1,cyanorak:CK_00055577
pro,352,PMM2012,Prochlorococcus MED4,,Hypothetical protein,Unknown,no_evidence,1,4.0,1,7.0,1,cyanorak,curated,0.45999999999999996,0.21631146192507905,1.0,0.09950327248553635,,cyanorak:CK_00055198
pro,353,PMM1820,Prochlorococcus MED4,,Conserved hypothetical protein,Unknown,no_evidence,2,5.0,1,8.0,1,cyanorak,curated,0.44,0.22541694446564625,1.0,0.09918345556488435,,cyanorak:CK_00043825
pro,354,PMM0590,Prochlorococcus MED4,proA,glutamate-5-semialdehyde dehydrogenase,Amino acid metabolism,informative_multi,1,7.0,1,22.0,2,cyanorak,curated,0.28,0.35350754519932437,0.15,0.09898211265581083,WP_011132224.1,cyanorak:CK_00000083
pro,355,NATL1_08021,Prochlorococcus NATL1A,lptG,"lipopolysaccharide export system, permease component",Transport,informative_multi,1,7.0,1,20.0,2,cyanorak,curated,0.28,0.3464747672315942,0.15,0.09701293482484638,WP_011823509.1,cyanorak:CK_00000881
pro,356,P9301_09331,Prochlorococcus MIT9301,psb28,photosystem II reaction centre Psb28 protein,Photosynthesis,informative_multi,1,7.0,1,20.0,2,cyanorak,curated,0.28,0.3464747672315942,0.15,0.09701293482484638,WP_011862904.1,cyanorak:CK_00000907
pro,357,P9303_09501,Prochlorococcus MIT9303,,conserved hypothetical protein,Unknown,informative_single,1,7.0,1,20.0,2,cyanorak,curated,0.28,0.3464747672315942,0.35,0.09701293482484638,WP_011825607.1,cyanorak:CK_00000742
pro,358,PMM0115,Prochlorococcus MED4,crtQ,"9,9^-di-cis-zeta-carotene desaturase",Coenzyme metabolism,informative_multi,1,7.0,1,20.0,2,cyanorak,curated,0.28,0.3464747672315942,0.15,0.09701293482484638,WP_011131754.1,cyanorak:CK_00000208
pro,359,PMM0501,Prochlorococcus MED4,,conserved hypothetical protein,Unknown,catch_all_only,1,7.0,1,20.0,2,cyanorak,curated,0.28,0.3464747672315942,0.75,0.09701293482484638,WP_011132136.1,cyanorak:CK_00046788
pro,360,PMM0540,Prochlorococcus MED4,psaM,photosystem I reaction centre subunit XII,Stress response and adaptation,informative_multi,1,7.0,2,20.0,2,cyanorak,curated,0.28,0.3464747672315942,0.15,0.09701293482484638,WP_011132175.1,cyanorak:CK_00003803
pro,361,PMM1264,Prochlorococcus MED4,ftsH4,cell division protein FtsH,Stress response and adaptation,informative_multi,1,7.0,1,20.0,2,cyanorak,curated,0.28,0.3464747672315942,0.15,0.09701293482484638,WP_011132898.1,cyanorak:CK_00008086
pro,362,PMM1520,Prochlorococcus MED4,psaI,photosystem I reaction center subunit VIII,Stress response and adaptation,informative_multi,1,7.0,1,20.0,2,cyanorak,curated,0.28,0.3464747672315942,0.15,0.09701293482484638,WP_011133148.1,cyanorak:CK_00001992
pro,363,PMN2A_1654,Prochlorococcus NATL2A,chlD,"protoporphyrin IX Mg-chelatase, subunit ChlD",Coenzyme metabolism,informative_multi,1,7.0,1,20.0,2,cyanorak,curated,0.28,0.3464747672315942,0.15,0.09701293482484638,WP_011294287.1,cyanorak:CK_00000114
pro,364,Pro0080,Prochlorococcus marinus subsp. marinus CCMP1375 (SS120),hit,histidine triad (HIT) family protein,Nucleotide metabolism,informative_multi,1,7.0,1,20.0,2,cyanorak,curated,0.28,0.3464747672315942,0.15,0.09701293482484638,WP_011124235.1,cyanorak:CK_00001138
pro,365,Pro0749,Prochlorococcus marinus subsp. marinus CCMP1375 (SS120),,uncharacterized conserved secreted protein (DUF1816),Signal transduction,informative_multi,1,7.0,1,20.0,2,cyanorak,curated,0.28,0.3464747672315942,0.15,0.09701293482484638,WP_011124901.1,cyanorak:CK_00000786
pro,366,Pro0757,Prochlorococcus marinus subsp. marinus CCMP1375 (SS120),dnaG,DNA primase,Replication and repair,informative_multi,1,7.0,1,20.0,2,cyanorak,curated,0.28,0.3464747672315942,0.15,0.09701293482484638,WP_011124909.1,cyanorak:CK_00000792
pro,367,PMM1894,Prochlorococcus MED4,,Conserved hypothetical protein,Unknown,no_evidence,2,5.0,1,7.0,1,cyanorak,curated,0.44,0.21631146192507905,1.0,0.09517704324703478,WP_036930765.1,cyanorak:CK_00042687
pro,368,PMN2A_2099,Prochlorococcus NATL2A,,conserved hypothetical protein,Unknown,no_evidence,1,2.0,1,3.0,1,cyanorak,curated,0.5800000000000001,0.16272615980190455,1.0,0.09438117268510465,,cyanorak:CK_00051671
pro,369,PMT_2051,Prochlorococcus MIT9313,,conserved hypothetical protein,Secondary metabolites,informative_multi,1,2.0,1,3.0,1,cyanorak,curated,0.5800000000000001,0.16272615980190455,0.15,0.09438117268510465,WP_011131416.1,cyanorak:CK_00003888
pro,370,PMT0551,Prochlorococcus MIT9313,gbmt2,dimethylglycine N-methyltransferase,Amino acid metabolism,informative_multi,1,5.0,1,4.0,2,cyanorak,curated,0.4,0.23553232958393738,0.15,0.09421293183357496,WP_011129930.1,cyanorak:CK_00001941
pro,371,NATL1_05681,Prochlorococcus NATL1A,,conserved hypothetical protein,Unknown,no_evidence,1,3.0,1,4.0,1,cyanorak,curated,0.52,0.17997677402838186,1.0,0.09358792249475857,WP_011823306.1,cyanorak:CK_00044057
pro,372,PMN2A_0546,Prochlorococcus NATL2A,psaJ2,photosystem I reaction centre subunit IX,Photosynthesis,informative_multi,1,3.0,1,4.0,1,cyanorak,curated,0.52,0.17997677402838186,0.15,0.09358792249475857,WP_011294643.1,cyanorak:CK_00050481
pro,373,PMN2A_1941,Prochlorococcus NATL2A,,conserved hypothetical protein,Unknown,no_evidence,1,3.0,1,4.0,1,cyanorak,curated,0.52,0.17997677402838186,1.0,0.09358792249475857,,cyanorak:CK_00035912
pro,374,P9301_04041,Prochlorococcus MIT9301,,Conserved hypothetical protein,Unknown,catch_all_only,1,5.0,2,9.0,1,cyanorak,curated,0.4,0.23356207615155639,0.75,0.09342483046062255,WP_011862409.1,cyanorak:CK_00047151
pro,375,PMM1983,Prochlorococcus MED4,,uncharacterized conserved membrane protein,Unknown,catch_all_only,1,5.0,1,9.0,1,cyanorak,curated,0.4,0.23356207615155639,0.75,0.09342483046062255,WP_036930494.1,cyanorak:CK_00050253
pro,376,PMT0991,Prochlorococcus MIT9313,,possible tRNA synthetase class I (E and Q),Unknown,informative_single,3,2.0,1,2.0,1,cyanorak,curated,0.66,0.1404862500106009,0.35,0.0927209250069966,WP_011130363.1,cyanorak:CK_00003764
pro,377,PMT_2925,Prochlorococcus MIT9313,,Hypothetical protein,Unknown,no_evidence,2,3.0,2,3.0,1,cyanorak,curated,0.56,0.16272615980190455,1.0,0.09112664948906656,,cyanorak:CK_00050095
pro,378,PMM1039,Prochlorococcus MED4,,A predicted alpha-helical domain with a conserved ER motif family protein,Unknown,informative_single,1,7.0,1,15.0,2,cyanorak,curated,0.28,0.3254523196038091,0.35,0.09112664948906656,WP_011132672.1,cyanorak:CK_00001555
pro,379,P9303_07141,Prochlorococcus MIT9303,,conserved hypothetical protein,Unknown,no_evidence,1,1.0,1,2.0,1,cyanorak,curated,0.64,0.1404862500106009,1.0,0.08991120000678457,WP_011825380.1,cyanorak:CK_00003807
pro,380,PMT0934,Prochlorococcus MIT9313,,conserved hypothetical protein,Unknown,no_evidence,1,1.0,1,2.0,1,cyanorak,curated,0.64,0.1404862500106009,1.0,0.08991120000678457,WP_011130311.1,cyanorak:CK_00003742
pro,381,PMT1387,Prochlorococcus MIT9313,,conserved hypothetical protein,Unknown,no_evidence,1,1.0,1,2.0,1,cyanorak,curated,0.64,0.1404862500106009,1.0,0.08991120000678457,,cyanorak:CK_00003818
pro,382,PMM0707,Prochlorococcus MED4,,uncharacterized conserved secreted protein,Unknown,catch_all_only,1,4.0,3,5.0,1,cyanorak,curated,0.45999999999999996,0.1940715521337754,0.75,0.08927291398153667,WP_011132341.1,cyanorak:CK_00003429
pro,383,P9303_RS06050,Prochlorococcus MIT9303,,hypothetical protein,Unknown,no_evidence,1,6.0,1,6.0,2,eggnog,Cyanobacteria,0.33999999999999997,0.2615440727765488,1.0,0.08892498474402658,WP_041374804.1,eggnog:1GGH2@1117
pro,384,PMT2262,Prochlorococcus MIT9313,,uncharacterized conserved membrane protein,Unknown,informative_single,1,6.0,1,6.0,2,cyanorak,curated,0.33999999999999997,0.2615440727765488,0.35,0.08892498474402658,WP_236069602.1,cyanorak:CK_00039131
pro,385,PMT9312_1938,Prochlorococcus MIT9312,,uncharacterized conserved membrane protein,Unknown,catch_all_only,2,6.0,1,9.0,1,cyanorak,curated,0.38,0.23356207615155639,0.75,0.08875358893759143,,cyanorak:CK_00052124
pro,386,PMM1999,Prochlorococcus MED4,,Conserved hypothetical protein,Unknown,no_evidence,2,2.0,1,2.0,1,cyanorak,curated,0.6200000000000001,0.1404862500106009,1.0,0.08710147500657256,,cyanorak:CK_00045509
pro,387,PMT2117,Prochlorococcus MIT9313,,possible D12 class N6 adenine-specific DNA met,Unknown,no_evidence,3,5.0,1,4.0,1,cyanorak,curated,0.48,0.17997677402838186,1.0,0.08638885153362329,WP_011131481.1,cyanorak:CK_00003895
pro,388,PMT0133,Prochlorococcus MIT9313,sdhB,"succinate dehydrogenase/fumarate reductase, Fe-S protein subunit",Stress response and adaptation,informative_multi,1,6.0,1,5.0,2,cyanorak,curated,0.33999999999999997,0.24962710768933094,0.15,0.08487321661437251,WP_011129512.1,cyanorak:CK_00001867
pro,389,NATL1_13941,Prochlorococcus NATL1A,,conserved hypothetical protein,Unknown,no_evidence,1,3.0,1,3.0,1,cyanorak,curated,0.52,0.16272615980190455,1.0,0.08461760309699037,,cyanorak:CK_00056428
pro,390,PMT1572,Prochlorococcus MIT9313,,hypothetical protein,Lipid metabolism,informative_multi,4,1.0,1,1.0,1,cyanorak,curated,0.76,0.10914085767873005,0.15,0.08294705183583484,WP_162009616.1,cyanorak:CK_00037649
pro,391,PMN2A_0348,Prochlorococcus NATL2A,PMN2A_RS04700,conserved hypothetical protein,Unknown,no_evidence,1,4.0,1,4.0,1,cyanorak,curated,0.45999999999999996,0.17997677402838186,1.0,0.08278931605305564,WP_011293882.1,cyanorak:CK_00040791
pro,392,PMN2A_2115,Prochlorococcus NATL2A,PMN2A_RS10310,conserved hypothetical protein,Unknown,no_evidence,1,4.0,1,4.0,1,cyanorak,curated,0.45999999999999996,0.17997677402838186,1.0,0.08278931605305564,WP_011295006.1,cyanorak:CK_00045474
pro,393,P9303_02901,Prochlorococcus MIT9303,,conserved hypothetical protein,Cellular processes,informative_multi,1,2.0,1,2.0,1,cyanorak,curated,0.5800000000000001,0.1404862500106009,0.15,0.08148202500614853,WP_011824970.1,cyanorak:CK_00004259
pro,394,PMT_0842,Prochlorococcus MIT9313,,Pyrimidine dimer DNA glycosylase,Replication and repair,informative_multi,2,4.0,1,3.0,1,cyanorak,curated,0.5,0.16272615980190455,0.15,0.08136307990095228,WP_041384997.1,cyanorak:CK_00002679
pro,395,PMM1826,Prochlorococcus MED4,,conserved hypothetical protein,Unknown,catch_all_only,1,6.0,1,9.0,1,cyanorak,curated,0.33999999999999997,0.23356207615155639,0.75,0.07941110589152917,WP_173027945.1,cyanorak:CK_00035425
pro,396,PMM1931,Prochlorococcus MED4,,uncharacterized conserved membrane protein,Unknown,catch_all_only,1,6.0,1,9.0,1,cyanorak,curated,0.33999999999999997,0.23356207615155639,0.75,0.07941110589152917,WP_173028011.1,cyanorak:CK_00046159
pro,397,PMT_2384,Prochlorococcus MIT9313,,Hypothetical protein,Unknown,no_evidence,2,3.0,1,2.0,1,cyanorak,curated,0.56,0.1404862500106009,1.0,0.0786723000059365,,cyanorak:CK_00048726
pro,398,P9303_RS02295,Prochlorococcus MIT9303,groES,co-chaperone GroES,Post-translational modification,informative_multi,1,7.0,1,17.0,1,eggnog,Prochloraceae,0.28,0.2790022465888207,0.15,0.07812062904486981,WP_011130818.1,eggnog:1MMN0@1212
pro,399,PMM0719,Prochlorococcus MED4,,conserved hypothetical protein (DUF3764),Unknown,informative_single,1,8.0,1,22.0,2,cyanorak,curated,0.22,0.35350754519932437,0.35,0.07777165994385137,WP_011132353.1,cyanorak:CK_00044628
pro,400,PMN2A_0921,Prochlorococcus NATL2A,PMN2A_RS07810,Secreted pentapeptide repeats protein,Unknown,informative_single,1,5.0,1,5.0,1,cyanorak,curated,0.4,0.1940715521337754,0.35,0.07762862085351016,WP_011295269.1,cyanorak:CK_00048265
pro,401,PMT9312_0894,Prochlorococcus MIT9312,psaK,photosystem I reaction center subunit X,Photosynthesis,informative_multi,1,8.0,2,21.0,2,cyanorak,curated,0.22,0.3500711016934278,0.15,0.07701564237255412,WP_011376448.1,cyanorak:CK_00000809
pro,402,PMM0092,Prochlorococcus MED4,,conserved hypothetical protein,Unknown,catch_all_only,1,8.0,1,20.0,2,cyanorak,curated,0.22,0.3464747672315942,0.75,0.07622444879095072,WP_042115974.1,cyanorak:CK_00001157
pro,403,PMM0461,Prochlorococcus MED4,petA,apocytochrome f,Photosynthesis,informative_multi,1,8.0,1,20.0,2,cyanorak,curated,0.22,0.3464747672315942,0.15,0.07622444879095072,WP_011132097.1,cyanorak:CK_00000623
pro,404,PMM0481,Prochlorococcus MED4,yajQ,cyclic-di-GMP-binding protein,Signal transduction,informative_multi,1,8.0,1,20.0,2,cyanorak,curated,0.22,0.3464747672315942,0.15,0.07622444879095072,WP_011132116.1,cyanorak:CK_00000636
pro,405,PMM0537,Prochlorococcus MED4,trpF,N-(5^phosphoribosyl)anthranilate isomerase,Amino acid metabolism,informative_multi,1,8.0,1,20.0,2,cyanorak,curated,0.22,0.3464747672315942,0.15,0.07622444879095072,WP_011132172.1,cyanorak:CK_00000672
pro,406,PMM0582,Prochlorococcus MED4,,short chain dehydrogenase family protein,Carbohydrate metabolism,informative_multi,1,8.0,1,20.0,2,cyanorak,curated,0.22,0.3464747672315942,0.15,0.07622444879095072,WP_011132216.1,cyanorak:CK_00000940
pro,407,PMM0723,Prochlorococcus MED4,pstC,ABC-type phosphate transport system permease component,Stress response and adaptation,informative_multi,1,8.0,1,20.0,2,cyanorak,curated,0.22,0.3464747672315942,0.15,0.07622444879095072,WP_011132357.1,cyanorak:CK_00000818
pro,408,PMM0936,Prochlorococcus MED4,umuD,"DNA polymerase V, subunit D",Replication and repair,informative_multi,1,8.0,1,20.0,2,cyanorak,curated,0.22,0.3464747672315942,0.15,0.07622444879095072,WP_011132569.1,cyanorak:CK_00000917
pro,409,PMM1284,Prochlorococcus MED4,phoH,phosphate starvation-inducible protein,Stress response and adaptation,informative_multi,1,8.0,1,20.0,2,cyanorak,curated,0.22,0.3464747672315942,0.15,0.07622444879095072,WP_011132918.1,cyanorak:CK_00000721
pro,410,PMM1438,Prochlorococcus MED4,atpB,ATP synthase beta chain,Photosynthesis,informative_multi,1,8.0,1,20.0,2,cyanorak,curated,0.22,0.3464747672315942,0.15,0.07622444879095072,WP_011133067.1,cyanorak:CK_00001107
pro,411,PMM1633,Prochlorococcus MED4,,conserved hypothetical protein,Unknown,catch_all_only,1,8.0,1,20.0,2,cyanorak,curated,0.22,0.3464747672315942,0.75,0.07622444879095072,WP_011133260.1,cyanorak:CK_00001345
pro,412,PMM1966,Prochlorococcus MED4,,conserved hypothetical protein,Unknown,catch_all_only,1,8.0,1,20.0,2,cyanorak,curated,0.22,0.3464747672315942,0.75,0.07622444879095072,WP_036930560.1,cyanorak:CK_00001506
pro,413,PMN2A_0641,Prochlorococcus NATL2A,plsC2,1-acyl-sn-glycerol-3-phosphate acyltransferase,Lipid metabolism,informative_multi,1,8.0,1,20.0,2,cyanorak,curated,0.22,0.3464747672315942,0.15,0.07622444879095072,WP_011294730.1,cyanorak:CK_00000746
pro,414,PMT0818,Prochlorococcus MIT9313,,S4 domain-containing protein,Unknown,informative_multi,1,8.0,1,20.0,2,cyanorak,curated,0.22,0.3464747672315942,0.15,0.07622444879095072,WP_041384988.1,cyanorak:CK_00001490
pro,415,PMT2081,Prochlorococcus MIT9313,,conserved hypothetical protein,Unknown,catch_all_only,1,8.0,1,20.0,2,cyanorak,curated,0.22,0.3464747672315942,0.75,0.07622444879095072,WP_011131445.1,cyanorak:CK_00056279
pro,416,Pro0262,Prochlorococcus marinus subsp. marinus CCMP1375 (SS120),pyrB,aspartate carbamoyltransferase,Nucleotide metabolism,informative_multi,1,8.0,1,20.0,2,cyanorak,curated,0.22,0.3464747672315942,0.15,0.07622444879095072,WP_011124417.1,cyanorak:CK_00000477
pro,417,Pro0335,Prochlorococcus marinus subsp. marinus CCMP1375 (SS120),uvrD,DNA-dependent ATPase I and helicase II,Replication and repair,informative_multi,1,8.0,1,20.0,2,cyanorak,curated,0.22,0.3464747672315942,0.15,0.07622444879095072,WP_011124490.1,cyanorak:CK_00000116
pro,418,Pro0740,Prochlorococcus marinus subsp. marinus CCMP1375 (SS120),msrA1,peptide methionine sulfoxide reductase,Stress response and adaptation,informative_multi,1,8.0,1,20.0,2,cyanorak,curated,0.22,0.3464747672315942,0.15,0.07622444879095072,WP_011124892.1,cyanorak:CK_00000160
pro,419,Pro1721,Prochlorococcus marinus subsp. marinus CCMP1375 (SS120),,putative fructosamine 3-kinase,Carbohydrate metabolism,informative_multi,1,8.0,1,20.0,2,cyanorak,curated,0.22,0.3464747672315942,0.15,0.07622444879095072,WP_011125870.1,cyanorak:CK_00000543
pro,420,PMT2189,Prochlorococcus MIT9313,evrB,"ATP-binding cassette-type viologen exporter, permease component",Stress response and adaptation,informative_multi,1,8.0,1,19.0,2,cyanorak,curated,0.22,0.3427029338302864,0.15,0.075394645442663,WP_011131553.1,cyanorak:CK_00001557
pro,421,P9303_03621,Prochlorococcus MIT9303,,conserved hypothetical protein,Unknown,no_evidence,1,4.0,1,3.0,1,cyanorak,curated,0.45999999999999996,0.16272615980190455,1.0,0.0748540335088761,WP_236069863.1,cyanorak:CK_00004168
pro,422,PMT0237,Prochlorococcus MIT9313,,possible (AF314193) Toutatis,Unknown,no_evidence,1,4.0,1,3.0,1,cyanorak,curated,0.45999999999999996,0.16272615980190455,1.0,0.0748540335088761,WP_011129616.1,cyanorak:CK_00052022
pro,423,PMT0328,Prochlorococcus MIT9313,,"possible bromodomain adjacent to zinc finger domain, 2B...",Unknown,no_evidence,2,1.0,1,1.0,1,cyanorak,curated,0.6799999999999999,0.10914085767873005,1.0,0.07421578322153644,WP_011129707.1,cyanorak:CK_00038200
pro,424,PMT1571,Prochlorococcus MIT9313,,hypothetical protein,Unknown,no_evidence,2,1.0,1,1.0,1,cyanorak,curated,0.6799999999999999,0.10914085767873005,1.0,0.07421578322153644,,cyanorak:CK_00037650
pro,425,PMT_2573,Prochlorococcus MIT9313,,Hypothetical protein,Unknown,no_evidence,2,1.0,1,1.0,1,cyanorak,curated,0.6799999999999999,0.10914085767873005,1.0,0.07421578322153644,,cyanorak:CK_00036974
pro,426,P9303_08931,Prochlorococcus MIT9303,,methyltransferase domain protein,Secondary metabolites,informative_multi,1,3.0,1,2.0,1,cyanorak,curated,0.52,0.1404862500106009,0.15,0.07305285000551247,WP_011825551.1,cyanorak:CK_00002696
pro,427,PMT0845,Prochlorococcus MIT9313,,"possible Histidine kinase-, DNA gyrase B-, phy",Carbohydrate metabolism,informative_single,1,3.0,1,2.0,1,cyanorak,curated,0.52,0.1404862500106009,0.35,0.07305285000551247,WP_041384352.1,cyanorak:CK_00003711
pro,428,PMT1684,Prochlorococcus MIT9313,,conserved hypothetical protein,Unknown,catch_all_only,1,3.0,1,2.0,1,cyanorak,curated,0.52,0.1404862500106009,0.75,0.07305285000551247,,cyanorak:CK_00003855
pro,429,PMT_2397,Prochlorococcus MIT9313,,Hypothetical protein,Unknown,no_evidence,1,3.0,1,2.0,1,cyanorak,curated,0.52,0.1404862500106009,1.0,0.07305285000551247,WP_157859795.1,cyanorak:CK_00048532
pro,430,PMM1829,Prochlorococcus MED4,,Conserved hypothetical protein,Unknown,no_evidence,1,5.0,1,4.0,1,cyanorak,curated,0.4,0.17997677402838186,1.0,0.07199070961135275,,cyanorak:CK_00050803
pro,431,PMM1984,Prochlorococcus MED4,,Hypothetical protein,Unknown,no_evidence,2,4.0,1,2.0,1,cyanorak,curated,0.5,0.1404862500106009,1.0,0.07024312500530044,,cyanorak:CK_00048516
pro,432,NATL1_17971,Prochlorococcus NATL1A,,conserved hypothetical protein,Unknown,no_evidence,1,6.0,1,6.0,1,cyanorak,curated,0.33999999999999997,0.20598851722099326,1.0,0.0700360958551377,WP_011824345.1,cyanorak:CK_00045273
pro,433,PMM2057,Prochlorococcus MED4,,Hypothetical protein,Unknown,no_evidence,1,1.0,1,1.0,1,cyanorak,curated,0.64,0.10914085767873005,1.0,0.06985014891438723,,cyanorak:CK_00037076
pro,434,PMT_2647,Prochlorococcus MIT9313,clcD,Hypothetical protein,Secondary metabolites,informative_multi,1,1.0,1,1.0,1,cyanorak,curated,0.64,0.10914085767873005,0.15,0.06985014891438723,WP_157859850.1,cyanorak:CK_00036963
pro,435,Pro0604,Prochlorococcus marinus subsp. marinus CCMP1375 (SS120),,conserved hypothetical protein,Unknown,no_evidence,1,1.0,1,1.0,1,cyanorak,curated,0.64,0.10914085767873005,1.0,0.06985014891438723,WP_011124756.1,cyanorak:CK_00043606
pro,436,Pro1520,Prochlorococcus marinus subsp. marinus CCMP1375 (SS120),,Predicted protein family PM-12,Unknown,informative_multi,1,1.0,1,1.0,1,cyanorak,curated,0.64,0.10914085767873005,0.15,0.06985014891438723,WP_036896479.1,cyanorak:CK_00053888
pro,437,PMT_1041,Prochlorococcus MIT9313,,conserved hypothetical protein,Unknown,catch_all_only,1,7.0,1,11.0,1,cyanorak,curated,0.28,0.2476568542569499,0.75,0.06934391919194598,WP_236069682.1,cyanorak:CK_00048870
pro,438,PMT1574,Prochlorococcus MIT9313,,"ABC transporter, permease component",Transport,informative_multi,2,2.0,1,1.0,1,cyanorak,curated,0.6200000000000001,0.10914085767873005,0.15,0.06766733176081265,WP_041384604.1,cyanorak:CK_00056838
pro,439,PMT1024,Prochlorococcus MIT9313,,ion transport family protein,Transport,informative_multi,1,8.0,1,11.0,2,cyanorak,curated,0.22,0.3032124098125054,0.15,0.06670673015875118,WP_041384440.1,cyanorak:CK_00034844
pro,440,PMM0365,Prochlorococcus MED4,,possible DsrE-like protein,Unknown,informative_single,1,6.0,1,5.0,1,cyanorak,curated,0.33999999999999997,0.1940715521337754,0.35,0.06598432772548363,WP_011132002.1,cyanorak:CK_00003380
pro,441,PMM1869,Prochlorococcus MED4,,uncharacterized conserved membrane protein,Unknown,catch_all_only,1,7.0,1,9.0,1,cyanorak,curated,0.28,0.23356207615155639,0.75,0.06539738132243579,,cyanorak:CK_00048479
pro,442,PMM1870,Prochlorococcus MED4,,conserved hypothetical protein,Unknown,catch_all_only,1,7.0,1,9.0,1,cyanorak,curated,0.28,0.23356207615155639,0.75,0.06539738132243579,WP_173027972.1,cyanorak:CK_00047426
pro,443,PMT0390,Prochlorococcus MIT9313,,possible Coproporphyrinogen III oxidase,Unknown,no_evidence,1,4.0,1,2.0,1,cyanorak,curated,0.45999999999999996,0.1404862500106009,1.0,0.06462367500487641,WP_157859786.1,cyanorak:CK_00003669
pro,444,PMT0892,Prochlorococcus MIT9313,,conserved hypothetical protein,Unknown,catch_all_only,1,4.0,1,2.0,1,cyanorak,curated,0.45999999999999996,0.1404862500106009,0.75,0.06462367500487641,WP_236069663.1,cyanorak:CK_00036087
pro,445,PMT1561,Prochlorococcus MIT9313,,conserved hypothetical protein,Unknown,catch_all_only,1,4.0,1,2.0,1,cyanorak,curated,0.45999999999999996,0.1404862500106009,0.75,0.06462367500487641,WP_011130928.1,cyanorak:CK_00003834
pro,446,PMT9312_1966,Prochlorococcus MIT9312,,conserved hypothetical protein,Unknown,no_evidence,1,4.0,1,2.0,1,cyanorak,curated,0.45999999999999996,0.1404862500106009,1.0,0.06462367500487641,WP_155105306.1,cyanorak:CK_00052083
pro,447,NATL1_14411,Prochlorococcus NATL1A,,conserved hypothetical protein,Unknown,catch_all_only,1,8.0,1,9.0,2,cyanorak,curated,0.22,0.2891176317071119,0.75,0.06360587897556462,WP_011824027.1,cyanorak:CK_00001927
pro,448,PMM1842,Prochlorococcus MED4,,Hypothetical protein,Unknown,no_evidence,1,2.0,1,1.0,1,cyanorak,curated,0.5800000000000001,0.10914085767873005,1.0,0.06330169745366344,,cyanorak:CK_00038563
pro,449,PMN2A_0576,Prochlorococcus NATL2A,PMN2A_RS05975,hypothetical protein,Unknown,catch_all_only,1,2.0,1,1.0,1,cyanorak,curated,0.5800000000000001,0.10914085767873005,0.75,0.06330169745366344,WP_011125327.1,cyanorak:CK_00049703
pro,450,PMT1223,Prochlorococcus MIT9313,,hypothetical protein,Unknown,no_evidence,1,2.0,1,1.0,1,cyanorak,curated,0.5800000000000001,0.10914085767873005,1.0,0.06330169745366344,WP_041384499.1,cyanorak:CK_00037772
pro,451,PMT_2330,Prochlorococcus MIT9313,,Hypothetical protein,Unknown,no_evidence,1,2.0,1,1.0,1,cyanorak,curated,0.5800000000000001,0.10914085767873005,1.0,0.06330169745366344,,cyanorak:CK_00037602
pro,452,A9601_11371,Prochlorococcus AS9601,,conserved hypothetical protein,Unknown,no_evidence,1,6.0,1,4.0,1,cyanorak,curated,0.33999999999999997,0.17997677402838186,1.0,0.06119210316964983,,cyanorak:CK_00046016
pro,453,PMM1240,Prochlorococcus MED4,,methyltransferase domain protein,Secondary metabolites,informative_multi,1,6.0,1,4.0,1,cyanorak,curated,0.33999999999999997,0.17997677402838186,0.15,0.06119210316964983,WP_011132874.1,cyanorak:CK_00047683
pro,454,PMM1256,Prochlorococcus MED4,wcaA,possible beta-glycosyltransferase,Cell wall and membrane,informative_multi,1,6.0,1,4.0,1,cyanorak,curated,0.33999999999999997,0.17997677402838186,0.15,0.06119210316964983,WP_011132890.1,cyanorak:CK_00002660
pro,455,PMN2A_1710,Prochlorococcus NATL2A,PMN2A_RS01985,conserved hypothetical protein,Unknown,no_evidence,1,6.0,1,4.0,1,cyanorak,curated,0.33999999999999997,0.17997677402838186,1.0,0.06119210316964983,WP_225866319.1,cyanorak:CK_00045983
pro,456,PMN2A_1994,Prochlorococcus NATL2A,PMN2A_RS10560,conserved hypothetical protein,Unknown,no_evidence,1,6.0,1,4.0,1,cyanorak,curated,0.33999999999999997,0.17997677402838186,1.0,0.06119210316964983,WP_011294966.1,cyanorak:CK_00038648
pro,457,PMN2A_2136,Prochlorococcus NATL2A,PMN2A_RS07090,conserved hypothetical protein,Unknown,no_evidence,1,6.0,1,4.0,1,cyanorak,curated,0.33999999999999997,0.17997677402838186,1.0,0.06119210316964983,WP_011295071.1,cyanorak:CK_00054364
pro,458,PMT0169,Prochlorococcus MIT9313,,possible Chitin synthase,Unknown,no_evidence,2,3.0,1,1.0,1,cyanorak,curated,0.56,0.10914085767873005,1.0,0.061118880300088836,,cyanorak:CK_00038217
pro,459,PMT1570,Prochlorococcus MIT9313,,hypothetical protein,Transcription,informative_single,2,3.0,1,1.0,1,cyanorak,curated,0.56,0.10914085767873005,0.35,0.061118880300088836,WP_041384600.1,cyanorak:CK_00037652
pro,460,PMT2138,Prochlorococcus MIT9313,,hypothetical protein,Unknown,no_evidence,2,3.0,1,1.0,1,cyanorak,curated,0.56,0.10914085767873005,1.0,0.061118880300088836,WP_011131502.1,cyanorak:CK_00037674
pro,461,PMN2A_0550,Prochlorococcus NATL2A,PMN2A_RS05835,uncharacterized conserved membrane protein,Unknown,catch_all_only,1,8.0,1,14.0,1,cyanorak,curated,0.22,0.26490746848342717,0.75,0.05827964306635398,WP_011294647.1,cyanorak:CK_00003940
pro,462,PMM1819,Prochlorococcus MED4,,Conserved hypothetical protein,Unknown,no_evidence,3,8.0,1,5.0,1,cyanorak,curated,0.3,0.1940715521337754,1.0,0.058221465640132614,,cyanorak:CK_00036849
pro,463,PMN2A_2046,Prochlorococcus NATL2A,PMN2A_RS05770,conserved hypothetical protein,Unknown,no_evidence,2,7.0,1,4.0,1,cyanorak,curated,0.32,0.17997677402838186,1.0,0.0575925676890822,WP_011295001.1,cyanorak:CK_00049555
pro,464,PMM1881,Prochlorococcus MED4,,Conserved hypothetical protein,Unknown,no_evidence,1,8.0,1,13.0,1,cyanorak,curated,0.22,0.2595738193441678,1.0,0.057106240255716915,WP_011820175.1,cyanorak:CK_00045915
pro,465,PMN2A_0728,Prochlorococcus NATL2A,PMN2A_RS06805,FAD binding domain of DNA photolyase,Stress response and adaptation,informative_multi,1,8.0,1,13.0,1,cyanorak,curated,0.22,0.2595738193441678,0.15,0.057106240255716915,WP_011294817.1,cyanorak:CK_00003563
pro,466,PMM2069,Prochlorococcus MED4,,Hypothetical protein,Unknown,no_evidence,1,3.0,1,1.0,1,cyanorak,curated,0.52,0.10914085767873005,1.0,0.05675324599293963,,cyanorak:CK_00043166
pro,467,PMT0168,Prochlorococcus MIT9313,,"possible Negative factor, (F-Protein) or Nef.",Unknown,no_evidence,1,3.0,1,1.0,1,cyanorak,curated,0.52,0.10914085767873005,1.0,0.05675324599293963,WP_011129546.1,cyanorak:CK_00038215
pro,468,PMT_2155,Prochlorococcus MIT9313,,possible MARCKS family,Lipid metabolism,informative_multi,1,3.0,1,1.0,1,cyanorak,curated,0.52,0.10914085767873005,0.15,0.05675324599293963,WP_011131519.1,cyanorak:CK_00037676
pro,469,PMN2A_2001,Prochlorococcus NATL2A,PMN2A_RS11005,conserved hypothetical protein,Unknown,no_evidence,1,5.0,1,2.0,1,cyanorak,curated,0.4,0.1404862500106009,1.0,0.05619450000424036,WP_263892330.1,cyanorak:CK_00047017
pro,470,PMT_0915,Prochlorococcus MIT9313,,Bacterial outer membrane protein,Cell wall and membrane,informative_multi,1,5.0,1,2.0,1,cyanorak,curated,0.4,0.1404862500106009,0.15,0.05619450000424036,WP_011130293.1,cyanorak:CK_00043009
pro,471,PMM1429,Prochlorococcus MED4,,conserved hypothetical protein (DUF2811),Unknown,informative_single,1,9.0,1,21.0,2,cyanorak,curated,0.16,0.3500711016934278,0.35,0.05601137627094845,WP_011133058.1,cyanorak:CK_00043382
pro,472,NATL1_05011,Prochlorococcus NATL1A,ctaA,cytochrome oxidase biogenesis protein,Coenzyme metabolism,informative_multi,1,9.0,1,20.0,2,cyanorak,curated,0.16,0.3464747672315942,0.15,0.05543596275705508,WP_011823246.1,cyanorak:CK_00000615
pro,473,PMM0014,Prochlorococcus MED4,dusA,tRNA dihydrouridine synthase,Translation,informative_multi,1,9.0,1,20.0,2,cyanorak,curated,0.16,0.3464747672315942,0.15,0.05543596275705508,WP_011131652.1,cyanorak:CK_00000353
pro,474,PMM0306,Prochlorococcus MED4,cpeS,phycoerythrobilin:Cys-82 beta-phycoerythrin lyase,Photosynthesis,informative_multi,1,9.0,1,20.0,2,cyanorak,curated,0.16,0.3464747672315942,0.15,0.05543596275705508,WP_011131943.1,cyanorak:CK_00001397
pro,475,PMN2A_1074,Prochlorococcus NATL2A,tuf,elongation factor EF-Tu,Translation,informative_multi,1,9.0,1,20.0,2,cyanorak,curated,0.16,0.3464747672315942,0.15,0.05543596275705508,WP_011295418.1,cyanorak:CK_00000494
pro,476,PMT0365,Prochlorococcus MIT9313,,conserved membrane protein,Unknown,informative_multi,1,9.0,1,20.0,2,cyanorak,curated,0.16,0.3464747672315942,0.15,0.05543596275705508,WP_011129744.1,cyanorak:CK_00000729
pro,477,PMT1290,Prochlorococcus MIT9313,,glycosyltransferase 2 family protein,Unknown,informative_multi,1,9.0,1,20.0,2,cyanorak,curated,0.16,0.3464747672315942,0.15,0.05543596275705508,WP_011130659.1,cyanorak:CK_00001223
pro,478,PMT2059,Prochlorococcus MIT9313,menA,"1,4-dihydroxy-2-naphthoate phytyltransferase",Coenzyme metabolism,informative_multi,1,9.0,1,20.0,2,cyanorak,curated,0.16,0.3464747672315942,0.15,0.05543596275705508,WP_011131424.1,cyanorak:CK_00000447
pro,479,Pro0247,Prochlorococcus marinus subsp. marinus CCMP1375 (SS120),,conserved hypothetical protein,Unknown,catch_all_only,1,9.0,1,20.0,2,cyanorak,curated,0.16,0.3464747672315942,0.75,0.05543596275705508,WP_011124402.1,cyanorak:CK_00001731
pro,480,Pro1521,Prochlorococcus marinus subsp. marinus CCMP1375 (SS120),ydiU,ACR YdiU/UPF0061 family protein,Unknown,informative_multi,1,9.0,1,20.0,2,cyanorak,curated,0.16,0.3464747672315942,0.15,0.05543596275705508,WP_011125671.1,cyanorak:CK_00000739
pro,481,Pro1703,Prochlorococcus marinus subsp. marinus CCMP1375 (SS120),rpsQ,30S ribosomal protein S17,Translation,informative_multi,1,9.0,1,20.0,2,cyanorak,curated,0.16,0.3464747672315942,0.15,0.05543596275705508,WP_011125852.1,cyanorak:CK_00000526
pro,482,PMN2A_0454,Prochlorococcus NATL2A,PMN2A_RS05290,conserved hypothetical protein,Unknown,no_evidence,1,6.0,1,3.0,1,cyanorak,curated,0.33999999999999997,0.16272615980190455,1.0,0.05532689433264754,WP_011823820.1,cyanorak:CK_00048035
pro,483,PMN2A_2000,Prochlorococcus NATL2A,PMN2A_RS11000,conserved hypothetical protein,Unknown,no_evidence,1,6.0,1,3.0,1,cyanorak,curated,0.33999999999999997,0.16272615980190455,1.0,0.05532689433264754,WP_011295021.1,cyanorak:CK_00047449
pro,484,PMT9312_1520,Prochlorococcus MIT9312,,conserved hypothetical protein,Unknown,catch_all_only,1,6.0,1,3.0,1,cyanorak,curated,0.33999999999999997,0.16272615980190455,0.75,0.05532689433264754,WP_011377063.1,cyanorak:CK_00003436
pro,485,PMT1576,Prochlorococcus MIT9313,,"ABC exporter ATP-binding subunit, DevA type",Transport,informative_multi,1,7.0,1,2.0,2,cyanorak,curated,0.28,0.1960418055661564,0.15,0.0548917055585238,WP_011130943.1,cyanorak:CK_00009134
pro,486,PMN2A_1451,Prochlorococcus NATL2A,PMN2A_RS00645,conserved hypothetical protein,Unknown,informative_multi,1,9.0,1,19.0,2,cyanorak,curated,0.16,0.3427029338302864,0.15,0.05483246941284582,WP_011294083.1,cyanorak:CK_00001153
pro,487,PMT1573,Prochlorococcus MIT9313,,"ABC exporter membrane fusion, DevB family",Transport,informative_multi,2,4.0,1,1.0,1,cyanorak,curated,0.5,0.10914085767873005,0.15,0.054570428839365026,WP_041384602.1,cyanorak:CK_00056739
pro,488,PMN2A_1393,Prochlorococcus NATL2A,PMN2A_RS00340,uncharacterized conserved membrane protein,Unknown,catch_all_only,1,7.0,1,5.0,1,cyanorak,curated,0.28,0.1940715521337754,0.75,0.054340034597457114,WP_041710887.1,cyanorak:CK_00004213
pro,489,PMM0265,Prochlorococcus MED4,,doxX family protein,Unknown,informative_multi,1,9.0,1,17.0,2,cyanorak,curated,0.16,0.33455780214437625,0.15,0.0535292483431002,WP_011131902.1,cyanorak:CK_00002325
pro,490,PMM0974,Prochlorococcus MED4,urtE,"ABC-type urea transporter, ATPase component UrtE",Stress response and adaptation,informative_multi,1,9.0,1,17.0,2,cyanorak,curated,0.16,0.33455780214437625,0.15,0.0535292483431002,WP_011132607.1,cyanorak:CK_00008074
pro,491,P9301_07601,Prochlorococcus MIT9301,,conserved hypothetical protein,Unknown,catch_all_only,1,8.0,1,9.0,1,cyanorak,curated,0.22,0.23356207615155639,0.75,0.0513836567533424,WP_011862745.1,cyanorak:CK_00009151
pro,492,PMN2A_0414,Prochlorococcus NATL2A,PMN2A_RS05070,conserved hypothetical protein,Unknown,no_evidence,1,7.0,1,4.0,1,cyanorak,curated,0.28,0.17997677402838186,1.0,0.05039349672794693,WP_011293948.1,cyanorak:CK_00047672
pro,493,PMN2A_1901,Prochlorococcus NATL2A,PMN2A_RS00350,conserved hypothetical protein,Unknown,no_evidence,1,7.0,1,4.0,1,cyanorak,curated,0.28,0.17997677402838186,1.0,0.05039349672794693,WP_041710890.1,cyanorak:CK_00038425
pro,494,A9601_04091,Prochlorococcus AS9601,,conserved hypothetical protein,Unknown,no_evidence,1,4.0,1,1.0,1,cyanorak,curated,0.45999999999999996,0.10914085767873005,1.0,0.05020479453221582,,cyanorak:CK_00040661
pro,495,PMM1405,Prochlorococcus MED4,,conserved hypothetical protein,Unknown,no_evidence,1,4.0,1,1.0,1,cyanorak,curated,0.45999999999999996,0.10914085767873005,1.0,0.05020479453221582,WP_011133034.1,cyanorak:CK_00043575
pro,496,PMT0870,Prochlorococcus MIT9313,,conserved hypothetical protein,Unknown,no_evidence,1,4.0,1,1.0,1,cyanorak,curated,0.45999999999999996,0.10914085767873005,1.0,0.05020479453221582,WP_157859814.1,cyanorak:CK_00053323
pro,497,PMT_1699,Prochlorococcus MIT9313,,site-specific recombinase,Replication and repair,informative_multi,1,4.0,1,1.0,1,cyanorak,curated,0.45999999999999996,0.10914085767873005,0.15,0.05020479453221582,WP_011131066.1,cyanorak:CK_00037636
pro,498,PMM1414,Prochlorococcus MED4,,conserved hypothetical protein (DUF3303),Unknown,informative_single,1,6.0,1,2.0,1,cyanorak,curated,0.33999999999999997,0.1404862500106009,0.35,0.047765325003604295,WP_011133043.1,cyanorak:CK_00056825
pro,499,PMT0884,Prochlorococcus MIT9313,,putative RIKEN cDNA 1200003J11; EST AA930106,Unknown,no_evidence,1,6.0,1,2.0,1,cyanorak,curated,0.33999999999999997,0.1404862500106009,1.0,0.047765325003604295,WP_011130262.1,cyanorak:CK_00003723
pro,500,PMN2A_0685,Prochlorococcus NATL2A,PMN2A_RS06595,conserved hypothetical protein,Unknown,catch_all_only,1,9.0,1,9.0,2,cyanorak,curated,0.16,0.2891176317071119,0.75,0.046258821073137904,WP_011294774.1,cyanorak:CK_00001859
pro,501,PMT1288,Prochlorococcus MIT9313,,2OG-Fe(II) oxygenase family protein,Unknown,informative_single,1,9.0,1,9.0,2,cyanorak,curated,0.16,0.2891176317071119,0.35,0.046258821073137904,WP_419177144.1,cyanorak:CK_00039750
pro,502,PMT_0307,Prochlorococcus MIT9313,,conserved hypothetical protein,Unknown,informative_multi,1,7.0,1,3.0,1,cyanorak,curated,0.28,0.16272615980190455,0.15,0.04556332474453328,WP_011129686.1,cyanorak:CK_00033188
pro,503,PMT9312_1169,Prochlorococcus MIT9312,,NADPH-dependent reductase,Carbohydrate metabolism,informative_multi,1,8.0,1,6.0,1,cyanorak,curated,0.22,0.20598851722099326,0.15,0.045317473788618515,WP_011376718.1,cyanorak:CK_00035052
pro,504,NATL1_08811,Prochlorococcus NATL1A,,hypothetical protein,Unknown,no_evidence,1,5.0,1,1.0,1,cyanorak,curated,0.4,0.10914085767873005,1.0,0.04365634307149202,WP_011823584.1,cyanorak:CK_00049443
pro,505,PMN2A_0941,Prochlorococcus NATL2A,PMN2A_RS07920,hypothetical protein,Unknown,catch_all_only,1,5.0,1,1.0,1,cyanorak,curated,0.4,0.10914085767873005,0.75,0.04365634307149202,WP_011125327.1,cyanorak:CK_00049696
pro,506,PMN2A_1226,Prochlorococcus NATL2A,PMN2A_RS09405,hypothetical protein,Intracellular trafficking,informative_single,1,5.0,1,1.0,1,cyanorak,curated,0.4,0.10914085767873005,0.35,0.04365634307149202,WP_011295570.1,cyanorak:CK_00049702
pro,507,PMT9312_1484,Prochlorococcus MIT9312,,conserved hypothetical protein,Unknown,catch_all_only,1,5.0,1,1.0,1,cyanorak,curated,0.4,0.10914085767873005,0.75,0.04365634307149202,WP_011377027.1,cyanorak:CK_00042930
pro,508,PMN2A_0238,Prochlorococcus NATL2A,PMN2A_RS04125,conserved hypothetical protein,Unknown,catch_all_only,1,9.0,1,14.0,1,cyanorak,curated,0.16,0.26490746848342717,0.75,0.04238519495734835,WP_011293772.1,cyanorak:CK_00049169
pro,509,PMT0624,Prochlorococcus MIT9313,,uncharacterised protein family UPF0102,Transport,informative_multi,1,9.0,1,6.0,2,cyanorak,curated,0.16,0.2615440727765488,0.15,0.041847051644247804,WP_011130003.1,cyanorak:CK_00001472
pro,510,PMM0684,Prochlorococcus MED4,,conserved hypothetical protein (DUF1651),Unknown,informative_single,1,9.0,1,13.0,1,cyanorak,curated,0.16,0.2595738193441678,0.35,0.041531811095066845,WP_036930839.1,cyanorak:CK_00053319
pro,511,PMT9312_1175,Prochlorococcus MIT9312,,conserved hypothetical protein,Unknown,catch_all_only,1,9.0,1,13.0,1,cyanorak,curated,0.16,0.2595738193441678,0.75,0.041531811095066845,WP_011376724.1,cyanorak:CK_00004186
pro,512,PMT9312_1843,Prochlorococcus MIT9312,,conserved hypothetical protein,Unknown,no_evidence,2,6.0,1,1.0,1,cyanorak,curated,0.38,0.10914085767873005,1.0,0.04147352591791742,WP_263891309.1,cyanorak:CK_00050158
pro,513,PMT1005,Prochlorococcus MIT9313,,possible Gamma-thionins family,Unknown,no_evidence,1,7.0,1,2.0,1,cyanorak,curated,0.28,0.1404862500106009,1.0,0.03933615000296825,WP_236069679.1,cyanorak:CK_00003768
pro,514,A9601_18411,Prochlorococcus AS9601,,conserved hypothetical protein,Cell cycle and division,informative_multi,1,9.0,1,9.0,1,cyanorak,curated,0.16,0.23356207615155639,0.15,0.03736993218424902,WP_011819243.1,cyanorak:CK_00003607
pro,515,PMM1003,Prochlorococcus MED4,,conserved hypothetical protein,Unknown,catch_all_only,1,9.0,1,9.0,1,cyanorak,curated,0.16,0.23356207615155639,0.75,0.03736993218424902,WP_173028013.1,cyanorak:CK_00003484
pro,516,PMN2A_1712,Prochlorococcus NATL2A,PMN2A_RS02005,"possible 7S seed storage protein, N-terminal doma",Unknown,informative_single,1,9.0,1,9.0,1,cyanorak,curated,0.16,0.23356207615155639,0.35,0.03736993218424902,WP_011294346.1,cyanorak:CK_00003772
pro,517,PMM1228,Prochlorococcus MED4,,conserved hypothetical protein,Unknown,no_evidence,1,6.0,1,1.0,1,cyanorak,curated,0.33999999999999997,0.10914085767873005,1.0,0.03710789161076822,WP_011132862.1,cyanorak:CK_00043661
pro,518,PMT0800,Prochlorococcus MIT9313,,hypothetical protein,Unknown,no_evidence,1,6.0,1,1.0,1,cyanorak,curated,0.33999999999999997,0.10914085767873005,1.0,0.03710789161076822,,cyanorak:CK_00037748
pro,519,PMT1563,Prochlorococcus MIT9313,,hypothetical protein,Unknown,no_evidence,1,6.0,1,1.0,1,cyanorak,curated,0.33999999999999997,0.10914085767873005,1.0,0.03710789161076822,WP_011130930.1,cyanorak:CK_00037656
pro,520,PMT1940,Prochlorococcus MIT9313,,possible Peptidase family C9,Unknown,no_evidence,1,6.0,1,1.0,1,cyanorak,curated,0.33999999999999997,0.10914085767873005,1.0,0.03710789161076822,WP_011131305.1,cyanorak:CK_00037705
pro,521,Pro0610,Prochlorococcus marinus subsp. marinus CCMP1375 (SS120),,conserved hypothetical protein,Unknown,no_evidence,1,6.0,1,1.0,1,cyanorak,curated,0.33999999999999997,0.10914085767873005,1.0,0.03710789161076822,WP_011124762.1,cyanorak:CK_00051841
pro,522,NATL1_12121,Prochlorococcus NATL1A,,conserved hypothetical protein,Unknown,no_evidence,1,8.0,1,3.0,1,cyanorak,curated,0.22,0.16272615980190455,1.0,0.035799755156419,WP_011823851.1,cyanorak:CK_00049888
pro,523,PMN2A_0442,Prochlorococcus NATL2A,PMN2A_RS05230,conserved hypothetical protein,Unknown,no_evidence,1,8.0,1,3.0,1,cyanorak,curated,0.22,0.16272615980190455,1.0,0.035799755156419,WP_011294541.1,cyanorak:CK_00042631
pro,524,PMT0279,Prochlorococcus MIT9313,,conserved hypothetical protein,Unknown,catch_all_only,1,8.0,1,3.0,1,cyanorak,curated,0.22,0.16272615980190455,0.75,0.035799755156419,,cyanorak:CK_00043588
pro,525,PMM0280,Prochlorococcus MED4,diox1,"apocarotenoid-15,15^-oxygenase",Coenzyme metabolism,informative_multi,1,10.0,1,23.0,2,cyanorak,curated,0.1,0.35679771193568,0.15,0.035679771193568,WP_036930996.1,cyanorak:CK_00000259
pro,526,PMT1181,Prochlorococcus MIT9313,maf,septum formation protein,Cell cycle and division,informative_multi,1,10.0,1,21.0,2,cyanorak,curated,0.1,0.3500711016934278,0.15,0.035007110169342784,WP_041385102.1,cyanorak:CK_00048442
pro,527,Pro1445,Prochlorococcus marinus subsp. marinus CCMP1375 (SS120),apt,adenine phosphoribosyltransferase,Nucleotide metabolism,informative_multi,1,10.0,1,21.0,2,cyanorak,curated,0.1,0.3500711016934278,0.15,0.035007110169342784,WP_011125596.1,cyanorak:CK_00000971
pro,528,NATL1_07981,Prochlorococcus NATL1A,typA,GTP-binding protein TypA/BipA,Translation,informative_multi,1,10.0,1,20.0,2,cyanorak,curated,0.1,0.3464747672315942,0.15,0.034647476723159425,WP_011823505.1,cyanorak:CK_00000883
pro,529,P9301_01871,Prochlorococcus MIT9301,purE,N5-carboxyaminoimidazole ribonucleotide mutase,Nucleotide metabolism,informative_multi,1,10.0,1,20.0,2,cyanorak,curated,0.1,0.3464747672315942,0.15,0.034647476723159425,WP_041484653.1,cyanorak:CK_00000452
pro,530,PMM0181,Prochlorococcus MED4,,conserved hypothetical protein,Unknown,informative_single,1,10.0,1,20.0,2,cyanorak,curated,0.1,0.3464747672315942,0.35,0.034647476723159425,WP_011131820.1,cyanorak:CK_00001190
pro,531,PMM0206,Prochlorococcus MED4,secE,Preprotein translocase SecE subunit,Post-translational modification,informative_multi,1,10.0,1,20.0,2,cyanorak,curated,0.1,0.3464747672315942,0.15,0.034647476723159425,WP_011131845.1,cyanorak:CK_00000424
pro,532,PMM0410,Prochlorococcus MED4,rpsD,30S ribosomal protein S4,Translation,informative_multi,1,10.0,1,20.0,2,cyanorak,curated,0.1,0.3464747672315942,0.15,0.034647476723159425,WP_011132046.1,cyanorak:CK_00000689
pro,533,PMM0785,Prochlorococcus MED4,prkB,phosphoribulokinase,Carbohydrate metabolism,informative_multi,1,10.0,1,20.0,2,cyanorak,curated,0.1,0.3464747672315942,0.15,0.034647476723159425,WP_011132419.1,cyanorak:CK_00000979
pro,534,PMM1529,Prochlorococcus MED4,prfA,peptide chain release factor 1,Translation,informative_multi,1,10.0,1,20.0,2,cyanorak,curated,0.1,0.3464747672315942,0.15,0.034647476723159425,WP_011133157.1,cyanorak:CK_00000507
pro,535,PMM1699,Prochlorococcus MED4,aroF,3-deoxy-7-phosphoheptulonate synthase,Amino acid metabolism,informative_multi,1,10.0,1,20.0,2,cyanorak,curated,0.1,0.3464747672315942,0.15,0.034647476723159425,WP_011133326.1,cyanorak:CK_00000381
pro,536,PMT1437,Prochlorococcus MIT9313,,AEC transporter family,Transport,informative_multi,1,10.0,1,20.0,2,cyanorak,curated,0.1,0.3464747672315942,0.15,0.034647476723159425,WP_011130805.1,cyanorak:CK_00001487
pro,537,PMT1735,Prochlorococcus MIT9313,rplB,50S ribosomal protein L2,Translation,informative_multi,1,10.0,1,20.0,2,cyanorak,curated,0.1,0.3464747672315942,0.15,0.034647476723159425,WP_011131102.1,cyanorak:CK_00000531
pro,538,Pro0567,Prochlorococcus marinus subsp. marinus CCMP1375 (SS120),dnaA,chromosomal replication initiator protein,Replication and repair,informative_multi,1,10.0,1,20.0,2,cyanorak,curated,0.1,0.3464747672315942,0.15,0.034647476723159425,WP_011124720.1,cyanorak:CK_00000950
pro,539,Pro1029,Prochlorococcus marinus subsp. marinus CCMP1375 (SS120),prfC,peptide chain release factor 3,Stress response and adaptation,informative_multi,1,10.0,1,20.0,2,cyanorak,curated,0.1,0.3464747672315942,0.15,0.034647476723159425,WP_011125181.1,cyanorak:CK_00000865
pro,540,TX50_RS09500,Prochlorococcus MED4,,hypothetical protein,Unknown,no_evidence,1,1.0,1,,0,,,0.64,0.0535853021231745,1.0,0.03429459335883168,WP_157859397.1,locus:TX50_RS09500
pro,541,PMM0961,Prochlorococcus MED4,gmgG,possible glucosyl(mannosyl)glycerate-glucosidase,Stress response and adaptation,informative_multi,1,10.0,1,18.0,2,cyanorak,curated,0.1,0.338737590316331,0.15,0.0338737590316331,WP_011132594.1,cyanorak:CK_00001369
pro,542,PMM0963,Prochlorococcus MED4,ureC,urease alpha subunit,Stress response and adaptation,informative_multi,1,10.0,1,17.0,2,cyanorak,curated,0.1,0.33455780214437625,0.15,0.033455780214437625,WP_011132596.1,cyanorak:CK_00001358
pro,543,PMM0972,Prochlorococcus MED4,urtC,"ABC-type urea transporter, membrane component",Stress response and adaptation,informative_multi,1,10.0,1,17.0,2,cyanorak,curated,0.1,0.33455780214437625,0.15,0.033455780214437625,WP_011132605.1,cyanorak:CK_00001366
pro,544,PMT2228,Prochlorococcus MIT9313,urtB,"ABC-type urea transporter, permease component",Stress response and adaptation,informative_multi,1,10.0,1,17.0,2,cyanorak,curated,0.1,0.33455780214437625,0.15,0.033455780214437625,WP_011131592.1,cyanorak:CK_00001365
pro,545,PMM0307,Prochlorococcus MED4,unk6,conserved hypothetical protein,Unknown,catch_all_only,1,10.0,1,16.0,2,cyanorak,curated,0.1,0.33013904237675984,0.75,0.03301390423767599,WP_011131944.1,cyanorak:CK_00005948
pro,546,PMT0924,Prochlorococcus MIT9313,,putative carbamoyl-phosphate synthase L chain,Unknown,informative_single,1,10.0,1,16.0,2,cyanorak,curated,0.1,0.33013904237675984,0.35,0.03301390423767599,WP_011130302.1,cyanorak:CK_00053668
pro,547,A9601_12911,Prochlorococcus AS9601,,conserved hypothetical protein,Unknown,no_evidence,1,9.0,1,6.0,1,cyanorak,curated,0.16,0.20598851722099326,1.0,0.03295816275535892,,cyanorak:CK_00050864
pro,548,PMM1424,Prochlorococcus MED4,,possible Uncharacterized protein family UPF003,Unknown,no_evidence,1,9.0,1,6.0,1,cyanorak,curated,0.16,0.20598851722099326,1.0,0.03295816275535892,WP_011133053.1,cyanorak:CK_00003591
pro,549,A9601_07811,Prochlorococcus AS9601,pdeM,"metallophosphoesterase, DNA ligase-associated",Replication and repair,informative_multi,1,10.0,1,13.0,2,cyanorak,curated,0.1,0.31512937489972337,0.15,0.03151293748997234,WP_011818228.1,cyanorak:CK_00001494
pro,550,P9303_RS01390,Prochlorococcus MIT9303,,tetratricopeptide repeat protein,Unknown,no_evidence,1,2.0,1,,0,,,0.5800000000000001,0.0535853021231745,1.0,0.031079475231441212,WP_041374669.1,locus:P9303_RS01390
pro,551,NATL1_09171,Prochlorococcus NATL1A,,conserved hypothetical protein,Unknown,informative_single,1,9.0,1,5.0,1,cyanorak,curated,0.16,0.1940715521337754,0.35,0.031051448341404064,WP_011823613.1,cyanorak:CK_00035008
pro,552,PMT9312_1919,Prochlorococcus MIT9312,,conserved hypothetical protein,Unknown,no_evidence,1,9.0,1,5.0,1,cyanorak,curated,0.16,0.1940715521337754,1.0,0.031051448341404064,,cyanorak:CK_00034744
pro,553,PMT0631,Prochlorococcus MIT9313,,conserved hypothetical protein,Unknown,no_evidence,1,8.0,1,2.0,1,cyanorak,curated,0.22,0.1404862500106009,1.0,0.030906975002332197,,cyanorak:CK_00003703
pro,554,PMT0916,Prochlorococcus MIT9313,,conserved hypothetical protein,Unknown,no_evidence,1,8.0,1,2.0,1,cyanorak,curated,0.22,0.1404862500106009,1.0,0.030906975002332197,,cyanorak:CK_00055596
pro,555,PMT1152,Prochlorococcus MIT9313,hli,high light inducible protein,Stress response and adaptation,informative_multi,1,8.0,1,2.0,1,cyanorak,curated,0.22,0.1404862500106009,0.15,0.030906975002332197,,cyanorak:CK_00003799
pro,556,NATL1_08641,Prochlorococcus NATL1A,wecC,nucleotide sugar dehydrogenase family protein,Carbohydrate metabolism,informative_multi,1,7.0,1,1.0,1,cyanorak,curated,0.28,0.10914085767873005,0.15,0.030559440150044418,WP_011823567.1,cyanorak:CK_00056842
pro,557,PMT2112,Prochlorococcus MIT9313,,possible Alanine racemase,Unknown,no_evidence,1,7.0,1,1.0,1,cyanorak,curated,0.28,0.10914085767873005,1.0,0.030559440150044418,,cyanorak:CK_00037697
pro,558,Pro1179,Prochlorococcus marinus subsp. marinus CCMP1375 (SS120),,conserved hypothetical protein,Unknown,no_evidence,2,8.0,1,1.0,1,cyanorak,curated,0.26,0.10914085767873005,1.0,0.028376622996469814,WP_011125331.1,cyanorak:CK_00004101
pro,559,PMN2A_0940,Prochlorococcus NATL2A,hli,high light inducible protein,Stress response and adaptation,informative_single,1,10.0,1,15.0,1,cyanorak,curated,0.1,0.2698967640482536,0.35,0.026989676404825358,WP_011295288.1,cyanorak:CK_00051839
pro,560,P9301_10611,Prochlorococcus MIT9301,,Conserved hypothetical protein,Unknown,catch_all_only,1,10.0,1,13.0,1,cyanorak,curated,0.1,0.2595738193441678,0.75,0.02595738193441678,WP_225866343.1,cyanorak:CK_00046483
pro,561,PMM1994,Prochlorococcus MED4,,conserved hypothetical protein,Unknown,catch_all_only,1,10.0,1,13.0,1,cyanorak,curated,0.1,0.2595738193441678,0.75,0.02595738193441678,WP_036930488.1,cyanorak:CK_00045409
pro,562,PMM1402,Prochlorococcus MED4,,conserved hypothetical protein,Unknown,no_evidence,1,10.0,1,10.0,1,cyanorak,curated,0.1,0.24093024401469773,1.0,0.024093024401469775,WP_011133031.1,cyanorak:CK_00044753
pro,563,PMT_2702,Prochlorococcus MIT9313,,Hypothetical protein,Unknown,no_evidence,1,8.0,1,1.0,1,cyanorak,curated,0.22,0.10914085767873005,1.0,0.02401098868932061,,cyanorak:CK_00037315
pro,564,PMM1868,Prochlorococcus MED4,,conserved hypothetical protein,Unknown,catch_all_only,1,10.0,1,9.0,1,cyanorak,curated,0.1,0.23356207615155639,0.75,0.02335620761515564,WP_036930830.1,cyanorak:CK_00052501
pro,565,PMM1811,Prochlorococcus MED4,,Conserved hypothetical protein,Unknown,no_evidence,1,10.0,1,5.0,1,cyanorak,curated,0.1,0.1940715521337754,1.0,0.01940715521337754,,cyanorak:CK_00050440
pro,566,PMT9312_1858,Prochlorococcus MIT9312,,conserved hypothetical protein,Unknown,no_evidence,1,10.0,1,5.0,1,cyanorak,curated,0.1,0.1940715521337754,1.0,0.01940715521337754,,cyanorak:CK_00049995
pro,567,PMT1021,Prochlorococcus MIT9313,,hypothetical protein,Unknown,catch_all_only,1,9.0,1,1.0,1,cyanorak,curated,0.16,0.10914085767873005,0.75,0.01746253722859681,,cyanorak:CK_00037806
pro,568,Pro1449,Prochlorococcus marinus subsp. marinus CCMP1375 (SS120),,Predicted protein family PM-20,Unknown,no_evidence,1,9.0,1,1.0,1,cyanorak,curated,0.16,0.10914085767873005,1.0,0.01746253722859681,WP_011125600.1,cyanorak:CK_00050166
pro,569,NATL1_08671,Prochlorococcus NATL1A,,beta-lactamase superfamily domain protein,Unknown,informative_multi,1,10.0,1,3.0,1,cyanorak,curated,0.1,0.16272615980190455,0.15,0.016272615980190457,WP_011823570.1,cyanorak:CK_00004123
pro,570,PMN2A_2181,Prochlorococcus NATL2A,PMN2A_RS09385,conserved hypothetical protein,Unknown,no_evidence,1,10.0,1,3.0,1,cyanorak,curated,0.1,0.16272615980190455,1.0,0.016272615980190457,WP_011295163.1,cyanorak:CK_00042414
pro,571,PMT1774,Prochlorococcus MIT9313,,possible Methanol dehydrogenase beta subunit,Unknown,catch_all_only,1,10.0,1,2.0,1,cyanorak,curated,0.1,0.1404862500106009,0.75,0.01404862500106009,WP_041384664.1,cyanorak:CK_00003860
pro,572,PMT_2662,Prochlorococcus MIT9313,,Conserved hypothetical protein,Unknown,no_evidence,1,10.0,1,2.0,1,cyanorak,curated,0.1,0.1404862500106009,1.0,0.01404862500106009,,cyanorak:CK_00053434
pro,573,PMM2034,Prochlorococcus MED4,,Hypothetical protein,Unknown,no_evidence,1,10.0,1,1.0,1,cyanorak,curated,0.1,0.10914085767873005,1.0,0.010914085767873005,WP_157859385.1,cyanorak:CK_00054323
pro,574,PMT_2050,Prochlorococcus MIT9313,,hypothetical protein,Unknown,no_evidence,1,10.0,1,1.0,1,cyanorak,curated,0.1,0.10914085767873005,1.0,0.010914085767873005,WP_011131415.1,cyanorak:CK_00037700
pro,575,PMT_0928,Prochlorococcus MIT9313,,hypothetical protein,Unknown,no_evidence,1,10.0,1,,0,,,0.1,0.0535853021231745,1.0,0.00535853021231745,WP_041384394.1,locus:PMT_0928
syn,1,SYNPCC7002_C0017,Synechococcus PCC 7002,resP,recombinase family protein,Replication and repair,informative_multi,2,3.0,1,73.0,8,eggnog,Bacteria,0.56,0.7771798790614344,0.15,0.4352207322744033,WP_012308477.1,eggnog:COG1961@2
syn,2,SynWH7803_2236,Synechococcus WH7803,,outer membrane porin,Stress response and adaptation,informative_multi,1,1.0,2,79.0,2,cyanorak,curated,0.64,0.4498735380766354,0.15,0.28791906436904663,WP_011934124.1,cyanorak:CK_00002330
syn,3,BL107_07454,Synechococcus sp. BL107,nusG,transcription termination/antitermination factor NusG,Transcription,informative_multi,4,1.0,2,20.0,2,cyanorak,curated,0.76,0.3464747672315942,0.15,0.2633208230960116,WP_009788712.1,cyanorak:CK_00000425
syn,4,BL107_11441,Synechococcus sp. BL107,cyabrB2,AbrB-like transcriptional regulator involved in photosynthesis regulation,Photosynthesis,informative_multi,2,1.0,2,25.0,2,cyanorak,curated,0.6799999999999999,0.36298559351947074,0.15,0.2468302035932401,WP_009789471.1,cyanorak:CK_00000010
syn,5,BL107_16040,Synechococcus sp. BL107,rpoB,"DNA-directed RNA polymerase, beta subunit",Transcription,informative_multi,4,2.0,1,20.0,2,cyanorak,curated,0.7000000000000001,0.3464747672315942,0.15,0.24253233706211597,WP_009790367.1,cyanorak:CK_00000181
syn,6,SYNW1812,Synechococcus WH8102,,nucleoside 2-deoxyribosyltransferase family protein,Nucleotide metabolism,informative_multi,3,1.0,1,17.0,2,cyanorak,curated,0.72,0.33455780214437625,0.15,0.24088161754395088,WP_011128672.1,cyanorak:CK_00001768
syn,7,BL107_08586,Synechococcus sp. BL107,rplN,50S ribosomal protein L14,Translation,informative_multi,2,1.0,1,20.0,2,cyanorak,curated,0.6799999999999999,0.3464747672315942,0.15,0.23560284171748405,WP_006169852.1,cyanorak:CK_00000525
syn,8,BL107_09756,Synechococcus sp. BL107,topA,"DNA topoisomerase I, omega subunit",Replication and repair,informative_multi,2,1.0,1,20.0,2,cyanorak,curated,0.6799999999999999,0.3464747672315942,0.15,0.23560284171748405,WP_009789155.1,cyanorak:CK_00000607
syn,9,SYNW1780,Synechococcus WH8102,argB,acetylglutamate kinase,Amino acid metabolism,informative_multi,2,1.0,1,20.0,2,cyanorak,curated,0.6799999999999999,0.3464747672315942,0.15,0.23560284171748405,WP_011128640.1,cyanorak:CK_00000645
syn,10,SynWH7803_0353,Synechococcus WH7803,psbO,photosystem II manganese-stabilizing protein PsbO,Photosynthesis,informative_multi,2,1.0,2,20.0,2,cyanorak,curated,0.6799999999999999,0.3464747672315942,0.15,0.23560284171748405,WP_011932278.1,cyanorak:CK_00000480
syn,11,SynWH7803_0582,Synechococcus WH7803,pdhC,"pyruvate dehydrogenase complex, dihydrolipoamide acyltransferase (E2) component",Carbohydrate metabolism,informative_multi,2,1.0,2,20.0,2,cyanorak,curated,0.6799999999999999,0.3464747672315942,0.15,0.23560284171748405,WP_011932494.1,cyanorak:CK_00001033
syn,12,SynWH7803_2418,Synechococcus WH7803,rplI,50S ribosomal protein L9,Translation,informative_multi,2,1.0,1,20.0,2,cyanorak,curated,0.6799999999999999,0.3464747672315942,0.15,0.23560284171748405,WP_011934304.1,cyanorak:CK_00000407
syn,13,SynWH7803_1045,Synechococcus WH7803,pstS,"phosphate ABC transporter, phosphate-binding protein PstS",Stress response and adaptation,informative_multi,2,2.0,3,28.0,2,cyanorak,curated,0.6200000000000001,0.37142749044366197,0.15,0.23028504407507047,WP_011932953.1,cyanorak:CK_00043821
syn,14,BL107_09306,Synechococcus sp. BL107,cp12,CP12 polypeptide,Photosynthesis,informative_multi,1,1.0,2,20.0,2,cyanorak,curated,0.64,0.3464747672315942,0.15,0.2217438510282203,WP_009789067.1,cyanorak:CK_00049420
syn,15,BL107_09846,Synechococcus sp. BL107,groL2,chaperonin GroEL,Stress response and adaptation,informative_multi,1,1.0,2,20.0,2,cyanorak,curated,0.64,0.3464747672315942,0.15,0.2217438510282203,WP_009789173.1,cyanorak:CK_00051364
syn,16,SYNW1226,Synechococcus WH8102,rpmG,50S ribosomal protein L33,Translation,informative_multi,1,1.0,1,20.0,2,cyanorak,curated,0.64,0.3464747672315942,0.15,0.2217438510282203,WP_011128090.1,cyanorak:CK_00000166
syn,17,SYNW1262,Synechococcus WH8102,argC,N-acetyl-gamma-glutamyl-phosphate reductase,Amino acid metabolism,informative_multi,1,1.0,1,20.0,2,cyanorak,curated,0.64,0.3464747672315942,0.15,0.2217438510282203,WP_011128126.1,cyanorak:CK_00000824
syn,18,SYNW2035,Synechococcus WH8102,,conserved hypothetical protein,Unknown,catch_all_only,1,1.0,1,20.0,2,cyanorak,curated,0.64,0.3464747672315942,0.75,0.2217438510282203,WP_011128893.1,cyanorak:CK_00001888
syn,19,SYNW2525,Synechococcus WH8102,,alpha/beta hydrolase of unknown function (DUF1400),Amino acid metabolism,informative_multi,1,1.0,1,20.0,2,cyanorak,curated,0.64,0.3464747672315942,0.15,0.2217438510282203,WP_011129378.1,cyanorak:CK_00000365
syn,20,SynWH7803_0032,Synechococcus WH7803,efp,translation elongation factor P,Translation,informative_multi,1,1.0,1,20.0,2,cyanorak,curated,0.64,0.3464747672315942,0.15,0.2217438510282203,WP_006042657.1,cyanorak:CK_00000343
syn,21,SynWH7803_0171,Synechococcus WH7803,ssb,single-stranded DNA-binding protein,Replication and repair,informative_multi,1,1.0,1,20.0,2,cyanorak,curated,0.64,0.3464747672315942,0.15,0.2217438510282203,WP_011932105.1,cyanorak:CK_00000301
syn,22,SynWH7803_0381,Synechococcus WH7803,rpsG,30S ribosomal protein S7,Translation,informative_multi,1,1.0,2,20.0,2,cyanorak,curated,0.64,0.3464747672315942,0.15,0.2217438510282203,WP_011932305.1,cyanorak:CK_00000496
syn,23,SynWH7803_0580,Synechococcus WH7803,fadD,long-chain acyl-CoA synthetase,Lipid metabolism,informative_multi,1,1.0,1,20.0,2,cyanorak,curated,0.64,0.3464747672315942,0.15,0.2217438510282203,WP_011932492.1,cyanorak:CK_00001035
syn,24,SynWH7803_0754,Synechococcus WH7803,,short chain dehydrogenase family protein,Carbohydrate metabolism,informative_multi,1,1.0,1,20.0,2,cyanorak,curated,0.64,0.3464747672315942,0.15,0.2217438510282203,WP_011932663.1,cyanorak:CK_00000940
syn,25,SynWH7803_1508,Synechococcus WH7803,recB,"exodeoxyribonuclease V (RecBCD complex), beta subunit",Replication and repair,informative_multi,1,1.0,1,20.0,2,cyanorak,curated,0.64,0.3464747672315942,0.15,0.2217438510282203,WP_011933411.1,cyanorak:CK_00000749
syn,26,SynWH7803_1733,Synechococcus WH7803,zipN,cell division protein ZipN,Cell cycle and division,informative_multi,1,1.0,1,20.0,2,cyanorak,curated,0.64,0.3464747672315942,0.15,0.2217438510282203,WP_011933631.1,cyanorak:CK_00000149
syn,27,sync_2793,Synechococcus CC9311,desC4,delta-9 fatty-acid desaturase DesC4,Stress response and adaptation,informative_multi,1,1.0,1,19.0,2,cyanorak,curated,0.64,0.3427029338302864,0.15,0.2193298776513833,WP_011620682.1,cyanorak:CK_00008117
syn,28,BL107_08514,Synechococcus sp. BL107,adk,adenylate kinase,Nucleotide metabolism,informative_multi,2,2.0,2,20.0,2,cyanorak,curated,0.6200000000000001,0.3464747672315942,0.15,0.21481435568358845,WP_009788917.1,cyanorak:CK_00000517
syn,29,SYNW0152,Synechococcus WH8102,rnc,ribonuclease III,Transcription,informative_multi,2,2.0,1,20.0,2,cyanorak,curated,0.6200000000000001,0.3464747672315942,0.15,0.21481435568358845,WP_011127028.1,cyanorak:CK_00000285
syn,30,SynWH7803_0196,Synechococcus WH7803,fabF,beta-ketoacyl-(acyl-carrier-protein) synthase II (KASII),Lipid metabolism,informative_multi,2,2.0,1,20.0,2,cyanorak,curated,0.6200000000000001,0.3464747672315942,0.15,0.21481435568358845,WP_011932128.1,cyanorak:CK_00000066
syn,31,SynWH7803_0408,Synechococcus WH7803,rplM,50S ribosomal protein L13,Translation,informative_multi,2,2.0,2,20.0,2,cyanorak,curated,0.6200000000000001,0.3464747672315942,0.15,0.21481435568358845,WP_011932330.1,cyanorak:CK_00000510
syn,32,BL107_10556,Synechococcus sp. BL107,csoS1A,carboxysome shell protein CsoS1A,Photosynthesis,informative_multi,2,2.0,2,20.0,2,cyanorak,curated,0.6200000000000001,0.3464747672315942,0.15,0.21481435568358845,WP_006169870.1,cyanorak:CK_00008056
syn,33,SYNW1443,Synechococcus WH8102,,uncharacterized conserved membrane protein,Unknown,informative_single,1,1.0,1,17.0,2,cyanorak,curated,0.64,0.33455780214437625,0.35,0.2141169933724008,WP_011128307.1,cyanorak:CK_00053712
syn,34,SynWH7803_1295,Synechococcus WH7803,,NADH:ubiquinone oxidoreductase complex I intermediate-associated CIA30-like protein,Carbohydrate metabolism,informative_multi,1,2.0,1,24.0,2,cyanorak,curated,0.5800000000000001,0.3599535480567637,0.15,0.20877305787292297,WP_011933200.1,cyanorak:CK_00000873
syn,35,SynWH7803_1093,Synechococcus WH7803,,conserved hypothetical protein,Unknown,catch_all_only,2,1.0,1,11.0,2,cyanorak,curated,0.6799999999999999,0.3032124098125054,0.75,0.20618443867250366,WP_041428473.1,cyanorak:CK_00001262
syn,36,SYNW0637,Synechococcus WH8102,fumC,"fumarate hydratase, class II",Amino acid metabolism,informative_multi,1,2.0,1,20.0,2,cyanorak,curated,0.5800000000000001,0.3464747672315942,0.15,0.20095536499432468,WP_042504173.1,cyanorak:CK_00001047
syn,37,SynWH7803_0151,Synechococcus WH7803,gpx,glutathione peroxidase,Coenzyme metabolism,informative_multi,1,2.0,1,20.0,2,cyanorak,curated,0.5800000000000001,0.3464747672315942,0.15,0.20095536499432468,WP_011932085.1,cyanorak:CK_00000308
syn,38,SynWH7803_1835,Synechococcus WH7803,,Prochlorococcus/marine Synechococcus Hyper-Conserved Protein (PSHCP),Photosynthesis,informative_multi,1,2.0,1,20.0,2,cyanorak,curated,0.5800000000000001,0.3464747672315942,0.15,0.20095536499432468,WP_011933733.1,cyanorak:CK_00000630
syn,39,SynWH7803_1967,Synechococcus WH7803,rplU,50S ribosomal protein L21,Translation,informative_multi,1,2.0,1,20.0,2,cyanorak,curated,0.5800000000000001,0.3464747672315942,0.15,0.20095536499432468,WP_011933863.1,cyanorak:CK_00001088
syn,40,SynWH7803_2157,Synechococcus WH7803,,conserved hypothetical protein,Transcription,informative_multi,1,2.0,1,20.0,2,cyanorak,curated,0.5800000000000001,0.3464747672315942,0.15,0.20095536499432468,WP_011934045.1,cyanorak:CK_00000188
syn,41,SynWH7803_2414,Synechococcus WH7803,metC,cystathionine beta-lyase family aluminum resistance protein,Stress response and adaptation,informative_multi,1,2.0,1,20.0,2,cyanorak,curated,0.5800000000000001,0.3464747672315942,0.15,0.20095536499432468,WP_011934300.1,cyanorak:CK_00000408
syn,42,SYNW0285,Synechococcus WH8102,trmB,tRNA (guanine-N(7)-)-methyltransferase,Translation,informative_multi,1,2.0,1,19.0,2,cyanorak,curated,0.5800000000000001,0.3427029338302864,0.15,0.19876770162156612,WP_011127159.1,cyanorak:CK_00000473
syn,43,SynWH7803_1970,Synechococcus WH7803,,possible S-adenosyl-L-methionine-dependent methyltransferase,Coenzyme metabolism,informative_multi,1,2.0,1,17.0,2,cyanorak,curated,0.5800000000000001,0.33455780214437625,0.15,0.19404352524373825,WP_011933866.1,cyanorak:CK_00001312
syn,44,SYNW0321,Synechococcus WH8102,sufD,"ABC transporter involved in Fe-S cluster assembly, permease component",Stress response and adaptation,informative_multi,2,3.0,1,20.0,2,cyanorak,curated,0.56,0.3464747672315942,0.15,0.19402586964969276,WP_011127195.1,cyanorak:CK_00001142
syn,45,SynWH7803_2164,Synechococcus WH7803,pgmA2,phosphoglucomutase,Carbohydrate metabolism,informative_multi,2,3.0,1,20.0,2,cyanorak,curated,0.56,0.3464747672315942,0.15,0.19402586964969276,WP_011934052.1,cyanorak:CK_00001145
syn,46,BL107_07694,Synechococcus sp. BL107,,beta-lactamase superfamily domain protein,Unknown,informative_multi,2,3.0,1,16.0,2,cyanorak,curated,0.56,0.33013904237675984,0.15,0.18487786373098553,WP_009788759.1,cyanorak:CK_00000440
syn,47,SynWH7803_0213,Synechococcus WH7803,galM,aldose 1-epimerase family protein,Stress response and adaptation,informative_multi,1,3.0,2,22.0,2,cyanorak,curated,0.52,0.35350754519932437,0.15,0.18382392350364868,WP_041428329.1,cyanorak:CK_00000282
syn,48,SynWH7803_1102,Synechococcus WH7803,cycI1,Mg-protoporphyrin IX monomethylester oxidative cyclase,Coenzyme metabolism,informative_multi,1,2.0,1,13.0,2,cyanorak,curated,0.5800000000000001,0.31512937489972337,0.15,0.18277503744183957,WP_011933010.1,cyanorak:CK_00000169
syn,49,BL107_10866,Synechococcus sp. BL107,petP,cytochrome b6-f complex subunit PetP,Photosynthesis,informative_multi,1,3.0,1,20.0,2,cyanorak,curated,0.52,0.3464747672315942,0.15,0.180166878960429,WP_009789358.1,cyanorak:CK_00033672
syn,50,SYNW1263,Synechococcus WH8102,ribBA,"3,4-dihydroxy 2-butanone 4-phosphate synthase / GTP cyclohydrolase II",Coenzyme metabolism,informative_multi,1,3.0,1,20.0,2,cyanorak,curated,0.52,0.3464747672315942,0.15,0.180166878960429,WP_071820871.1,cyanorak:CK_00000823
syn,51,SYNW1587,Synechococcus WH8102,ftsH4,cell division protein FtsH,Stress response and adaptation,informative_multi,1,3.0,1,20.0,2,cyanorak,curated,0.52,0.3464747672315942,0.15,0.180166878960429,WP_011128451.1,cyanorak:CK_00008086
syn,52,SYNW1599,Synechococcus WH8102,ppnK,ATP-NAD kinase family protein,Coenzyme metabolism,informative_multi,1,3.0,1,20.0,2,cyanorak,curated,0.52,0.3464747672315942,0.15,0.180166878960429,WP_011128463.1,cyanorak:CK_00000732
syn,53,SYNW1686,Synechococcus WH8102,mqoA,malate:quinone oxidoreductase,Carbohydrate metabolism,informative_multi,1,3.0,1,20.0,2,cyanorak,curated,0.52,0.3464747672315942,0.15,0.180166878960429,WP_011128548.1,cyanorak:CK_00001234
syn,54,SYNW2047,Synechococcus WH8102,ppc,phosphoenol pyruvate carboxylase,Carbohydrate metabolism,informative_multi,1,3.0,1,20.0,2,cyanorak,curated,0.52,0.3464747672315942,0.15,0.180166878960429,WP_011128905.1,cyanorak:CK_00000551
syn,55,SynWH7803_1022,Synechococcus WH7803,menB,naphthoate synthase,Coenzyme metabolism,informative_multi,1,3.0,1,20.0,2,cyanorak,curated,0.52,0.3464747672315942,0.15,0.180166878960429,WP_011932930.1,cyanorak:CK_00000769
syn,56,SynWH7803_1275,Synechococcus WH7803,cobN,"cobaltochelatase, CobN subunit",Coenzyme metabolism,informative_multi,1,3.0,1,20.0,2,cyanorak,curated,0.52,0.3464747672315942,0.15,0.180166878960429,WP_011933181.1,cyanorak:CK_00008103
syn,57,SynWH7803_1277,Synechococcus WH7803,metH,methionine synthase,Amino acid metabolism,informative_multi,1,3.0,2,20.0,2,cyanorak,curated,0.52,0.3464747672315942,0.15,0.180166878960429,WP_011933183.1,cyanorak:CK_00000838
syn,58,SynWH7803_1851,Synechococcus WH7803,petA,apocytochrome f,Photosynthesis,informative_multi,1,3.0,1,20.0,2,cyanorak,curated,0.52,0.3464747672315942,0.15,0.180166878960429,WP_011933749.1,cyanorak:CK_00000623
syn,59,SynWH7803_1930,Synechococcus WH7803,glgX,isoamylase,Carbohydrate metabolism,informative_multi,1,3.0,1,20.0,2,cyanorak,curated,0.52,0.3464747672315942,0.15,0.180166878960429,WP_041428660.1,cyanorak:CK_00034984
syn,60,SynWH7803_2122,Synechococcus WH7803,,"uncharacterized conserved inner membrane protein, YqjD/ElaB family",Unknown,informative_single,1,3.0,1,20.0,2,cyanorak,curated,0.52,0.3464747672315942,0.35,0.180166878960429,WP_041428951.1,cyanorak:CK_00044839
syn,61,SynWH7803_2231,Synechococcus WH7803,ndhO,NADH dehydrogenase I subunit NdhO,Carbohydrate metabolism,informative_multi,1,3.0,1,20.0,2,cyanorak,curated,0.52,0.3464747672315942,0.15,0.180166878960429,WP_011934119.1,cyanorak:CK_00000213
syn,62,SYNW2442,Synechococcus WH8102,urtA,"ABC-type urea transporter, substrate binding component",Stress response and adaptation,informative_multi,1,3.0,1,19.0,2,cyanorak,curated,0.52,0.3427029338302864,0.15,0.17820552559174893,WP_042504522.1,cyanorak:CK_00000076
syn,63,BL107_06309,Synechococcus sp. BL107,clpP2,"ATP-dependent Clp protease, protease subunit",Post-translational modification,informative_multi,2,4.0,1,20.0,2,cyanorak,curated,0.5,0.3464747672315942,0.15,0.1732373836157971,WP_009788487.1,cyanorak:CK_00008038
syn,64,SYNW2320,Synechococcus WH8102,nadC,nicotinate-nucleotide diphosphorylase,Coenzyme metabolism,informative_multi,2,4.0,1,20.0,2,cyanorak,curated,0.5,0.3464747672315942,0.15,0.1732373836157971,WP_042504493.1,cyanorak:CK_00000437
syn,65,BL107_08264,Synechococcus sp. BL107,fusA,elongation factor G,Translation,informative_multi,3,5.0,1,20.0,2,cyanorak,curated,0.48,0.3464747672315942,0.15,0.16630788827116522,WP_009788868.1,cyanorak:CK_00000495
syn,66,SynWH7803_1473,Synechococcus WH7803,,conserved hypothetical protein,Stress response and adaptation,informative_multi,1,2.0,1,8.0,2,cyanorak,curated,0.5800000000000001,0.2809725000212018,0.15,0.16296405001229705,WP_011933376.1,cyanorak:CK_00001850
syn,67,SynWH7803_0748,Synechococcus WH7803,clpB1,ATP-dependent Clp protease ATP-binding subunit ClpB,Stress response and adaptation,informative_multi,1,4.0,1,21.0,2,cyanorak,curated,0.45999999999999996,0.3500711016934278,0.15,0.16103270677897677,,cyanorak:CK_00000011
syn,68,SynWH7803_0866,Synechococcus WH7803,ggt,gamma-glutamyltranspeptidase,Coenzyme metabolism,informative_multi,2,1.0,1,4.0,2,cyanorak,curated,0.6799999999999999,0.23553232958393738,0.15,0.1601619841170774,WP_011932774.1,cyanorak:CK_00001625
syn,69,SynWH7803_1795,Synechococcus WH7803,pilA,type IV pilin PilA,Cell motility,informative_multi,1,1.0,2,5.0,2,cyanorak,curated,0.64,0.24962710768933094,0.15,0.1597613489211718,WP_011933693.1,cyanorak:CK_00002762
syn,70,BL107_08494,Synechococcus sp. BL107,rpoA,"DNA-directed RNA polymerase, alpha subunit",Transcription,informative_multi,1,4.0,1,20.0,2,cyanorak,curated,0.45999999999999996,0.3464747672315942,0.15,0.15937839292653333,WP_009788914.1,cyanorak:CK_00000513
syn,71,SYNW0136,Synechococcus WH8102,,TPR repeat family protein,Cell motility,informative_multi,1,4.0,1,20.0,2,cyanorak,curated,0.45999999999999996,0.3464747672315942,0.15,0.15937839292653333,WP_042504070.1,cyanorak:CK_00000293
syn,72,SYNW0790,Synechococcus WH8102,mviM,"oxidoreductase, NAD-binding Rossmann fold family protein",Unknown,informative_multi,1,4.0,1,20.0,2,cyanorak,curated,0.45999999999999996,0.3464747672315942,0.15,0.15937839292653333,WP_011127655.1,cyanorak:CK_00000977
syn,73,SYNW1230,Synechococcus WH8102,,DnaJ type IV chaperone protein,Post-translational modification,informative_multi,1,4.0,1,20.0,2,cyanorak,curated,0.45999999999999996,0.3464747672315942,0.15,0.15937839292653333,WP_011128094.1,cyanorak:CK_00000842
syn,74,SYNW1300,Synechococcus WH8102,ftsH2,photosystem II D1 repair protein FtsH2,Post-translational modification,informative_multi,1,4.0,1,20.0,2,cyanorak,curated,0.45999999999999996,0.3464747672315942,0.15,0.15937839292653333,WP_011128164.1,cyanorak:CK_00000007
syn,75,SYNW1479,Synechococcus WH8102,,conserved hypothetical protein,Unknown,informative_single,1,4.0,1,20.0,2,cyanorak,curated,0.45999999999999996,0.3464747672315942,0.35,0.15937839292653333,WP_011128343.1,cyanorak:CK_00000929
syn,76,SYNW2078,Synechococcus WH8102,rplX,50S ribosomal protein L24,Translation,informative_multi,1,4.0,1,20.0,2,cyanorak,curated,0.45999999999999996,0.3464747672315942,0.15,0.15937839292653333,WP_011128936.1,cyanorak:CK_00000524
syn,77,SYNW2496,Synechococcus WH8102,rpoD4,"RNA polymerase sigma factor, type II",Transcription,informative_multi,1,4.0,1,20.0,2,cyanorak,curated,0.45999999999999996,0.3464747672315942,0.15,0.15937839292653333,WP_011129349.1,cyanorak:CK_00009056
syn,78,SynWH7803_0036,Synechococcus WH7803,wcaG,uncharacterized conserved NADP-binding domain-containing protein,Carbohydrate metabolism,informative_multi,1,4.0,1,20.0,2,cyanorak,curated,0.45999999999999996,0.3464747672315942,0.15,0.15937839292653333,WP_011931970.1,cyanorak:CK_00000340
syn,79,SynWH7803_0088,Synechococcus WH7803,ribH,"6,7-dimethyl-8-ribityllumazine synthase",Coenzyme metabolism,informative_multi,1,4.0,1,20.0,2,cyanorak,curated,0.45999999999999996,0.3464747672315942,0.15,0.15937839292653333,WP_011932022.1,cyanorak:CK_00000314
syn,80,SynWH7803_0434,Synechococcus WH7803,rplC,50S ribosomal protein L3,Translation,informative_multi,1,4.0,1,20.0,2,cyanorak,curated,0.45999999999999996,0.3464747672315942,0.15,0.15937839292653333,WP_011932348.1,cyanorak:CK_00000534
syn,81,SynWH7803_1218,Synechococcus WH7803,pyk,pyruvate kinase,Carbohydrate metabolism,informative_multi,1,4.0,1,20.0,2,cyanorak,curated,0.45999999999999996,0.3464747672315942,0.15,0.15937839292653333,WP_011933125.1,cyanorak:CK_00000804
syn,82,SynWH7803_1472,Synechococcus WH7803,aspC,aspartate aminotransferase,Amino acid metabolism,informative_multi,1,4.0,1,20.0,2,cyanorak,curated,0.45999999999999996,0.3464747672315942,0.15,0.15937839292653333,WP_011933375.1,cyanorak:CK_00001409
syn,83,SynWH7803_1957,Synechococcus WH7803,fabZ,beta-hydroxy-acyl-(acyl-carrier-protein) dehydratase (DH),Lipid metabolism,informative_multi,1,4.0,1,20.0,2,cyanorak,curated,0.45999999999999996,0.3464747672315942,0.15,0.15937839292653333,WP_041428667.1,cyanorak:CK_00001081
syn,84,SynWH7803_2000,Synechococcus WH7803,atpB,ATP synthase beta chain,Photosynthesis,informative_multi,1,4.0,1,20.0,2,cyanorak,curated,0.45999999999999996,0.3464747672315942,0.15,0.15937839292653333,WP_011933893.1,cyanorak:CK_00001107
syn,85,SYNW0819,Synechococcus WH8102,dapB,4-hydroxy-tetrahydrodipicolinate reductase,Amino acid metabolism,informative_multi,2,5.0,1,20.0,2,cyanorak,curated,0.44,0.3464747672315942,0.15,0.15244889758190144,WP_011127684.1,cyanorak:CK_00000967
syn,86,SynWH7803_0410,Synechococcus WH7803,rplQ,50S ribosomal protein L17,Translation,informative_multi,2,5.0,1,20.0,2,cyanorak,curated,0.44,0.3464747672315942,0.15,0.15244889758190144,WP_006042229.1,cyanorak:CK_00000512
syn,87,SynWH7803_1959,Synechococcus WH7803,bamA,outer membrane protein insertion porin family,Cell wall and membrane,informative_multi,2,5.0,1,20.0,2,cyanorak,curated,0.44,0.3464747672315942,0.15,0.15244889758190144,WP_011933855.1,cyanorak:CK_00001083
syn,88,SYNW1914,Synechococcus WH8102,gbmt1,glycine/sarcosine N-methyltransferase,Amino acid metabolism,informative_multi,1,1.0,1,4.0,2,cyanorak,curated,0.64,0.23553232958393738,0.15,0.15074069093371992,WP_011128772.1,cyanorak:CK_00001942
syn,89,SYNW2151,Synechococcus WH8102,psbA,photosystem II protein D1.2,Stress response and adaptation,informative_multi,1,2.0,1,13.0,1,cyanorak,curated,0.5800000000000001,0.2595738193441678,0.15,0.15055281521961733,WP_011127848.1,cyanorak:CK_00000009
syn,90,M744_04015,Synechococcus elongatus UTEX 2973,sphX,PstS family phosphate ABC transporter substrate-binding protein,Inorganic ion transport,informative_multi,2,1.0,2,7.0,1,eggnog,Synechococcus,0.6799999999999999,0.21631146192507905,0.15,0.14709179410905374,WP_011243971.1,eggnog:1GZ49@1129
syn,91,SynWH7803_2086,Synechococcus WH7803,,uncharacterized conserved secreted protein,Unknown,catch_all_only,1,2.0,1,5.0,2,cyanorak,curated,0.5800000000000001,0.24962710768933094,0.75,0.14478372245981197,WP_011933976.1,cyanorak:CK_00045635
syn,92,SynWH7803_1706,Synechococcus WH7803,,uncharacterized conserved lipoprotein (DUF1254/DUF1214),Unknown,informative_single,3,2.0,1,3.0,2,cyanorak,curated,0.66,0.2182817153574601,0.35,0.14406593213592367,WP_011933604.1,cyanorak:CK_00007392
syn,93,BL107_06744,Synechococcus sp. BL107,dnaK3,chaperone protein DnaK,Stress response and adaptation,informative_multi,1,5.0,2,20.0,2,cyanorak,curated,0.4,0.3464747672315942,0.15,0.1385899068926377,WP_009788574.1,cyanorak:CK_00000029
syn,94,BL107_11261,Synechococcus sp. BL107,surE,5^-nucleotidase,Nucleotide metabolism,informative_multi,1,5.0,1,20.0,2,cyanorak,curated,0.4,0.3464747672315942,0.15,0.1385899068926377,WP_009789436.1,cyanorak:CK_00000730
syn,95,SYNW0626,Synechococcus WH8102,gidB,16S rRNA (guanine(527)-N(7))-methyltransferase GidB,Translation,informative_multi,1,5.0,1,20.0,2,cyanorak,curated,0.4,0.3464747672315942,0.15,0.1385899068926377,WP_042503069.1,cyanorak:CK_00001053
syn,96,SYNW1718,Synechococcus WH8102,rbcL,"ribulose bisphosphate carboxylase, large subunit",Photosynthesis,informative_multi,1,5.0,2,20.0,2,cyanorak,curated,0.4,0.3464747672315942,0.15,0.1385899068926377,WP_011128579.1,cyanorak:CK_00000681
syn,97,SynWH7803_0367,Synechococcus WH7803,,radical SAM superfamily protein,Energy production,informative_multi,1,5.0,1,20.0,2,cyanorak,curated,0.4,0.3464747672315942,0.15,0.1385899068926377,WP_011932291.1,cyanorak:CK_00000483
syn,98,SynWH7803_0370,Synechococcus WH7803,dapL,LL-diaminopimelate aminotransferase,Amino acid metabolism,informative_multi,1,5.0,1,20.0,2,cyanorak,curated,0.4,0.3464747672315942,0.15,0.1385899068926377,WP_041428752.1,cyanorak:CK_00000486
syn,99,SynWH7803_0379,Synechococcus WH7803,tuf,elongation factor EF-Tu,Translation,informative_multi,1,5.0,1,20.0,2,cyanorak,curated,0.4,0.3464747672315942,0.15,0.1385899068926377,WP_011932303.1,cyanorak:CK_00000494
syn,100,SynWH7803_0584,Synechococcus WH7803,queA,S-adenosylmethionine:tRNA ribosyltransferase-isomerase,Translation,informative_multi,1,5.0,1,20.0,2,cyanorak,curated,0.4,0.3464747672315942,0.15,0.1385899068926377,WP_011932496.1,cyanorak:CK_00001032
syn,101,SynWH7803_1823,Synechococcus WH7803,yajQ,cyclic-di-GMP-binding protein,Signal transduction,informative_multi,1,5.0,1,20.0,2,cyanorak,curated,0.4,0.3464747672315942,0.15,0.1385899068926377,WP_011933721.1,cyanorak:CK_00000636
syn,102,SYNW0759,Synechococcus WH8102,ppiA,peptidylprolyl isomerase,Post-translational modification,informative_multi,1,2.0,1,4.0,2,cyanorak,curated,0.5800000000000001,0.23553232958393738,0.15,0.1366087511586837,WP_011127624.1,cyanorak:CK_00005262
syn,103,SynWH7803_2075,Synechococcus WH7803,,conserved hypothetical protein,Unknown,catch_all_only,1,3.0,1,6.0,2,cyanorak,curated,0.52,0.2615440727765488,0.75,0.13600291784380536,WP_011933966.1,cyanorak:CK_00051494
syn,104,H6G84_05550,Synechococcus elongatus PCC 7942,H6G84_RS05550,ammonium transporter,Inorganic ion transport,informative_multi,1,2.0,1,9.0,1,eggnog,Synechococcus,0.5800000000000001,0.23356207615155639,0.15,0.13546600416790272,WP_011377582.1,eggnog:1GYV7@1129
syn,105,BL107_11096,Synechococcus sp. BL107,lpdA,dihydrolipoamide dehydrogenase,Amino acid metabolism,informative_multi,2,6.0,1,20.0,2,cyanorak,curated,0.38,0.3464747672315942,0.15,0.1316604115480058,WP_009789403.1,cyanorak:CK_00000102
syn,106,SynWH7803_2307,Synechococcus WH7803,,putative dockerin type I repeat,Unknown,catch_all_only,1,2.0,1,3.0,2,cyanorak,curated,0.5800000000000001,0.2182817153574601,0.75,0.1266033949073269,WP_041428693.1,cyanorak:CK_00038643
syn,107,H6G84_02990,Synechococcus elongatus PCC 7942,H6G84_RS02990,high light inducible protein,Unknown,informative_single,1,2.0,1,7.0,1,eggnog,Synechococcus,0.5800000000000001,0.21631146192507905,0.35,0.12546064791654588,WP_011244409.1,eggnog:1H11T@1129
syn,108,M744_03660,Synechococcus elongatus UTEX 2973,argF,ornithine carbamoyltransferase,Amino acid metabolism,informative_multi,1,2.0,1,7.0,1,eggnog,Synechococcus,0.5800000000000001,0.21631146192507905,0.15,0.12546064791654588,WP_011243902.1,eggnog:1GYP8@1129
syn,109,H6G84_02980,Synechococcus elongatus PCC 7942,H6G84_RS02980,RNA recognition motif domain-containing protein,Unknown,informative_multi,1,3.0,3,10.0,1,eggnog,Synechococcus,0.52,0.24093024401469773,0.15,0.12528372688764283,WP_011244407.1,eggnog:1H17G@1129
syn,110,M744_07055,Synechococcus elongatus UTEX 2973,,transglutaminase TgpA family protein,Amino acid metabolism,informative_multi,1,1.0,1,5.0,1,eggnog,Synechococcus,0.64,0.1940715521337754,0.15,0.12420579336561625,WP_011244527.1,eggnog:1GZT0@1129
syn,111,SynWH7803_0948,Synechococcus WH7803,,cupredoxin-like protein,Stress response and adaptation,informative_multi,2,2.0,1,2.0,2,cyanorak,curated,0.6200000000000001,0.1960418055661564,0.15,0.121545919451017,WP_011932856.1,cyanorak:CK_00003002
syn,112,H6G84_00360,Synechococcus elongatus PCC 7942,H6G84_RS00360,NAD(P)/FAD-dependent oxidoreductase,Energy production,informative_multi,1,3.0,1,9.0,1,eggnog,Synechococcus,0.52,0.23356207615155639,0.15,0.12145227959880932,WP_011243908.1,eggnog:1GZDB@1129
syn,113,M744_10450,Synechococcus elongatus UTEX 2973,ntrB,nitrate ABC transporter permease,Inorganic ion transport,informative_multi,1,2.0,1,6.0,1,eggnog,Synechococcus,0.5800000000000001,0.20598851722099326,0.15,0.11947333998817611,WP_011242626.1,eggnog:1GZDG@1129
syn,114,SynWH7803_2199,Synechococcus WH7803,tolC,"TolC-like outer membrane efflux protein, RND family",Stress response and adaptation,informative_multi,1,6.0,1,21.0,2,cyanorak,curated,0.33999999999999997,0.3500711016934278,0.15,0.11902417457576545,WP_011934087.1,cyanorak:CK_00052564
syn,115,SYNW0003,Synechococcus WH8102,purL,"phosphoribosylformylglycinamidine synthase, synthetase domain",Nucleotide metabolism,informative_multi,1,6.0,1,20.0,2,cyanorak,curated,0.33999999999999997,0.3464747672315942,0.15,0.11780142085874203,WP_011126884.1,cyanorak:CK_00000362
syn,116,SYNW0550,Synechococcus WH8102,kaiC,circadian clock protein KaiC,Cellular processes,informative_multi,1,6.0,1,20.0,2,cyanorak,curated,0.33999999999999997,0.3464747672315942,0.15,0.11780142085874203,WP_011127419.1,cyanorak:CK_00001086
syn,117,SYNW2135,Synechococcus WH8102,rpsL,30S ribosomal protein S12,Translation,informative_multi,1,6.0,1,20.0,2,cyanorak,curated,0.33999999999999997,0.3464747672315942,0.15,0.11780142085874203,WP_011128991.1,cyanorak:CK_00000497
syn,118,SYNW2273,Synechococcus WH8102,ndhI,NADH dehydrogenase I subunit NdhI,Carbohydrate metabolism,informative_multi,1,6.0,1,20.0,2,cyanorak,curated,0.33999999999999997,0.3464747672315942,0.15,0.11780142085874203,WP_011129126.1,cyanorak:CK_00000239
syn,119,SynWH7803_0001,Synechococcus WH7803,dnaN,"DNA polymerase III, beta subunit",Replication and repair,informative_multi,1,6.0,1,20.0,2,cyanorak,curated,0.33999999999999997,0.3464747672315942,0.15,0.11780142085874203,WP_011931936.1,cyanorak:CK_00000364
syn,120,SynWH7803_0195,Synechococcus WH7803,tktA,transketolase,Carbohydrate metabolism,informative_multi,1,6.0,1,20.0,2,cyanorak,curated,0.33999999999999997,0.3464747672315942,0.15,0.11780142085874203,WP_011932127.1,cyanorak:CK_00000291
syn,121,SynWH7803_1142,Synechococcus WH7803,purQ,"phosphoribosylformylglycinamidine (FGAM) synthase, glutamine amidotransferase domain",Nucleotide metabolism,informative_multi,1,6.0,1,20.0,2,cyanorak,curated,0.33999999999999997,0.3464747672315942,0.15,0.11780142085874203,WP_011933050.1,cyanorak:CK_00000975
syn,122,SynWH7803_1874,Synechococcus WH7803,,abrB-like transcriptional regulator family protein,Transcription,informative_multi,1,6.0,1,20.0,2,cyanorak,curated,0.33999999999999997,0.3464747672315942,0.15,0.11780142085874203,WP_011933772.1,cyanorak:CK_00008089
syn,123,SynWH7803_2099,Synechococcus WH7803,hemB,delta-aminolevulinic acid dehydratase,Coenzyme metabolism,informative_multi,1,6.0,1,20.0,2,cyanorak,curated,0.33999999999999997,0.3464747672315942,0.15,0.11780142085874203,WP_011933989.1,cyanorak:CK_00048448
syn,124,SYNPCC7002_D0014,Synechococcus PCC 7002,,ParM/StbA family protein,Unknown,informative_single,1,1.0,1,4.0,1,eggnog,Cyanobacteria,0.64,0.17997677402838186,0.35,0.1151851353781644,WP_012308491.1,eggnog:1G2HN@1117
syn,125,SynWH7803_0323,Synechococcus WH7803,thyx,thymidylate synthase,Nucleotide metabolism,informative_multi,1,1.0,1,4.0,1,cyanorak,curated,0.64,0.17997677402838186,0.15,0.1151851353781644,WP_011932249.1,cyanorak:CK_00001565
syn,126,SynWH7803_0845,Synechococcus WH7803,smtA,"metallothionein, family 14",Stress response and adaptation,informative_multi,1,1.0,1,4.0,1,cyanorak,curated,0.64,0.17997677402838186,0.15,0.1151851353781644,WP_011932753.1,cyanorak:CK_00049937
syn,127,SYNW0083,Synechococcus WH8102,,sulfotransferase,Secondary metabolites,informative_multi,1,3.0,1,3.0,2,cyanorak,curated,0.52,0.2182817153574601,0.15,0.11350649198587925,WP_011126961.1,cyanorak:CK_00057348
syn,128,H6G84_11345,Synechococcus elongatus PCC 7942,fldA,flavodoxin FldA,Energy production,informative_multi,1,2.0,1,5.0,1,eggnog,Synechococcus,0.5800000000000001,0.1940715521337754,0.15,0.11256150023758973,WP_011242314.1,eggnog:1GZNW@1129
syn,129,M744_07325,Synechococcus elongatus UTEX 2973,hisA,1-(5-phosphoribosyl)-5-[(5-phosphoribosylamino)methylideneamino]imidazole-4-carboxamide isomerase,Amino acid metabolism,informative_multi,1,3.0,1,7.0,1,eggnog,Synechococcus,0.52,0.21631146192507905,0.15,0.1124819602010411,WP_011244575.1,eggnog:1GYXA@1129
syn,130,SYNW2340,Synechococcus WH8102,rplL,50S ribosomal protein L7/L12,Stress response and adaptation,informative_multi,2,7.0,1,20.0,2,cyanorak,curated,0.32,0.3464747672315942,0.15,0.11087192551411015,WP_011129193.1,cyanorak:CK_00000429
syn,131,M744_01435,Synechococcus elongatus UTEX 2973,,hypothetical protein,Unknown,no_evidence,1,3.0,1,6.0,1,eggnog,Synechococcus,0.52,0.20598851722099326,1.0,0.1071140289549165,WP_011243509.1,eggnog:1H1NU@1129
syn,132,BL107_04827,Synechococcus sp. BL107,psbU,photosystem II 12 kDa extrinsic PsbU protein,Photosynthesis,informative_multi,1,5.0,1,6.0,2,cyanorak,curated,0.4,0.2615440727765488,0.15,0.10461762911061952,WP_009788195.1,cyanorak:CK_00001319
syn,133,SYNW1332,Synechococcus WH8102,,uncharacterized conserved secreted protein,Unknown,catch_all_only,1,2.0,1,4.0,1,cyanorak,curated,0.5800000000000001,0.17997677402838186,0.75,0.10438652893646148,WP_225867678.1,cyanorak:CK_00002132
syn,134,SynWH7803_0625,Synechococcus WH7803,petF,2Fe-2S ferredoxin,Stress response and adaptation,informative_multi,1,2.0,1,4.0,1,cyanorak,curated,0.5800000000000001,0.17997677402838186,0.15,0.10438652893646148,WP_011932537.1,cyanorak:CK_00001583
syn,135,SynWH7803_0946,Synechococcus WH7803,,conserved hypothetical protein,Unknown,catch_all_only,1,2.0,1,4.0,1,cyanorak,curated,0.5800000000000001,0.17997677402838186,0.75,0.10438652893646148,WP_011932854.1,cyanorak:CK_00001856
syn,136,SynWH7803_1274,Synechococcus WH7803,,conserved hypothetical protein,Unknown,catch_all_only,1,2.0,1,4.0,1,cyanorak,curated,0.5800000000000001,0.17997677402838186,0.75,0.10438652893646148,WP_011933180.1,cyanorak:CK_00001611
syn,137,H6G84_11350,Synechococcus elongatus PCC 7942,H6G84_RS11350,chlorophyll a/b binding light-harvesting protein,Unknown,informative_multi,1,1.0,1,3.0,1,eggnog,Synechococcus,0.64,0.16272615980190455,0.15,0.10414474227321892,WP_011242315.1,eggnog:1GZGP@1129
syn,138,H6G84_12445,Synechococcus elongatus PCC 7942,ppsA,phosphoenolpyruvate synthase,Coenzyme metabolism,informative_multi,1,1.0,1,3.0,1,eggnog,Synechococcus,0.64,0.16272615980190455,0.15,0.10414474227321892,WP_011377725.1,eggnog:1GYTG@1129
syn,139,SYNPCC7002_A2291,Synechococcus PCC 7002,,2TM domain-containing protein,Unknown,informative_single,1,1.0,1,3.0,1,eggnog,Synechococcus,0.64,0.16272615980190455,0.35,0.10414474227321892,WP_012307888.1,eggnog:1H1QT@1129
syn,140,H6G84_01150,Synechococcus elongatus PCC 7942,hpf,"ribosome hibernation-promoting factor, HPF/YfiA family",Translation,informative_multi,1,4.0,1,7.0,1,eggnog,Synechococcus,0.45999999999999996,0.21631146192507905,0.15,0.09950327248553635,WP_011378421.1,eggnog:1GZ5S@1129
syn,141,H6G84_03570,Synechococcus elongatus PCC 7942,psbU,photosystem II complex extrinsic protein PsbU,Replication and repair,informative_multi,1,4.0,1,7.0,1,eggnog,Synechococcus,0.45999999999999996,0.21631146192507905,0.15,0.09950327248553635,WP_011244523.1,eggnog:1H07J@1129
syn,142,M744_06105,Synechococcus elongatus UTEX 2973,plsY,glycerol-3-phosphate 1-O-acyltransferase PlsY,Lipid metabolism,informative_multi,1,4.0,1,7.0,1,eggnog,Synechococcus,0.45999999999999996,0.21631146192507905,0.15,0.09950327248553635,WP_011244346.1,eggnog:1GYXY@1129
syn,143,SYNW0239,Synechococcus WH8102,,CNNM domain-containing protein,Transport,informative_multi,1,7.0,1,20.0,2,cyanorak,curated,0.28,0.3464747672315942,0.15,0.09701293482484638,WP_011127115.1,cyanorak:CK_00000254
syn,144,SYNW0305,Synechococcus WH8102,ftsH1,cell division protein FtsH1,Cell cycle and division,informative_multi,1,7.0,1,20.0,2,cyanorak,curated,0.28,0.3464747672315942,0.15,0.09701293482484638,WP_011127179.1,cyanorak:CK_00008085
syn,145,SYNW1717,Synechococcus WH8102,rbcS,"ribulose bisphosphate carboxylase, small subunit",Photosynthesis,informative_multi,1,7.0,1,20.0,2,cyanorak,curated,0.28,0.3464747672315942,0.15,0.09701293482484638,WP_006043651.1,cyanorak:CK_00000682
syn,146,SYNW1824,Synechococcus WH8102,rplS,50S ribosomal protein L19,Translation,informative_multi,1,7.0,1,20.0,2,cyanorak,curated,0.28,0.3464747672315942,0.15,0.09701293482484638,WP_011128684.1,cyanorak:CK_00000631
syn,147,SYNW2367,Synechococcus WH8102,flv3,flavoprotein involved in Mehler reaction,Carbohydrate metabolism,informative_multi,1,7.0,1,20.0,2,cyanorak,curated,0.28,0.3464747672315942,0.15,0.09701293482484638,WP_011129220.1,cyanorak:CK_00000412
syn,148,SynWH7803_1317,Synechococcus WH7803,chlP,geranylgeranyl reductase,Coenzyme metabolism,informative_multi,1,7.0,1,20.0,2,cyanorak,curated,0.28,0.3464747672315942,0.15,0.09701293482484638,WP_011933222.1,cyanorak:CK_00000885
syn,149,SynWH7803_1734,Synechococcus WH7803,pdhA,pyruvate dehydrogenase E1 component complex alpha subunit,Carbohydrate metabolism,informative_multi,1,7.0,1,20.0,2,cyanorak,curated,0.28,0.3464747672315942,0.15,0.09701293482484638,WP_011933632.1,cyanorak:CK_00000153
syn,150,SynWH7803_1951,Synechococcus WH7803,pepA,leucine aminopeptidase,Amino acid metabolism,informative_multi,1,7.0,1,20.0,2,cyanorak,curated,0.28,0.3464747672315942,0.15,0.09701293482484638,WP_011933847.1,cyanorak:CK_00001077
syn,151,SynWH7803_2038,Synechococcus WH7803,purB,adenylosuccinate lyase,Nucleotide metabolism,informative_multi,1,7.0,1,20.0,2,cyanorak,curated,0.28,0.3464747672315942,0.15,0.09701293482484638,WP_011933929.1,cyanorak:CK_00001128
syn,152,SynWH7803_1703,Synechococcus WH7803,,uncharacterized conserved secreted protein,Cell wall and membrane,informative_multi,1,5.0,1,4.0,2,cyanorak,curated,0.4,0.23553232958393738,0.15,0.09421293183357496,WP_011933601.1,cyanorak:CK_00001681
syn,153,H6G84_04715,Synechococcus elongatus PCC 7942,katG,catalase/peroxidase HPI,Coenzyme metabolism,informative_multi,1,3.0,1,4.0,1,eggnog,Synechococcus,0.52,0.17997677402838186,0.15,0.09358792249475857,WP_011244741.1,eggnog:1GZK3@1129
syn,154,SynWH7803_1384,Synechococcus WH7803,,carbonic anhydrase-like protein,Photosynthesis,informative_multi,1,3.0,1,4.0,1,cyanorak,curated,0.52,0.17997677402838186,0.15,0.09358792249475857,WP_011933288.1,cyanorak:CK_00001699
syn,155,H6G84_02080,Synechococcus elongatus PCC 7942,dpsA,DNA starvation/stress protection protein DpsA,Inorganic ion transport,informative_multi,1,1.0,1,2.0,1,eggnog,Synechococcus,0.64,0.1404862500106009,0.15,0.08991120000678457,WP_011244234.1,eggnog:1H0D1@1129
syn,156,H6G84_04390,Synechococcus elongatus PCC 7942,H6G84_RS04390,hypothetical protein,Unknown,no_evidence,1,1.0,1,2.0,1,eggnog,Cyanobacteria,0.64,0.1404862500106009,1.0,0.08991120000678457,WP_039755663.1,eggnog:1GAHI@1117
syn,157,M744_08450,Synechococcus elongatus UTEX 2973,cmpD,nitrate ABC transporter ATP-binding protein,Inorganic ion transport,informative_multi,1,1.0,1,2.0,1,eggnog,Synechococcus,0.64,0.1404862500106009,0.15,0.08991120000678457,WP_011244787.1,eggnog:1H46R@1129
syn,158,SYNW1382,Synechococcus WH8102,,conserved hypothetical protein,Unknown,informative_single,1,1.0,1,2.0,1,cyanorak,curated,0.64,0.1404862500106009,0.35,0.08991120000678457,WP_011128246.1,cyanorak:CK_00043585
syn,159,SynWH7803_1705,Synechococcus WH7803,,uncharacterized conserved lipoprotein (DUF1254/DUF1214),Unknown,informative_single,1,1.0,1,2.0,1,cyanorak,curated,0.64,0.1404862500106009,0.35,0.08991120000678457,WP_041428623.1,cyanorak:CK_00057382
syn,160,SYNW2480,Synechococcus WH8102,znuB,"ABC zinc transport system, ATPase component",Stress response and adaptation,informative_multi,1,5.0,1,3.0,2,cyanorak,curated,0.4,0.2182817153574601,0.15,0.08731268614298404,WP_011129333.1,cyanorak:CK_00008084
syn,161,H6G84_06980,Synechococcus elongatus PCC 7942,H6G84_RS06980,asparaginase,Amino acid metabolism,informative_multi,1,5.0,1,7.0,1,eggnog,Synechococcus,0.4,0.21631146192507905,0.15,0.08652458477003162,WP_011243652.1,eggnog:1GYVZ@1129
syn,162,H6G84_08370,Synechococcus elongatus PCC 7942,H6G84_RS08370,photosystem I reaction center subunit IV,Unknown,informative_multi,1,5.0,1,7.0,1,eggnog,Synechococcus,0.4,0.21631146192507905,0.15,0.08652458477003162,WP_011242545.1,eggnog:1H14E@1129
syn,163,M744_10365,Synechococcus elongatus UTEX 2973,,cyclic nucleotide-binding domain-containing protein,Signal transduction,informative_multi,1,5.0,1,7.0,1,eggnog,Synechococcus,0.4,0.21631146192507905,0.15,0.08652458477003162,WP_039755728.1,eggnog:1H0PZ@1129
syn,164,M744_10785,Synechococcus elongatus UTEX 2973,lnt,apolipoprotein N-acyltransferase,Cell wall and membrane,informative_multi,1,5.0,1,7.0,1,eggnog,Synechococcus,0.4,0.21631146192507905,0.15,0.08652458477003162,WP_231621316.1,eggnog:1GYPS@1129
syn,165,M744_04025,Synechococcus elongatus UTEX 2973,pstC,phosphate ABC transporter permease subunit PstC,Inorganic ion transport,informative_multi,1,3.0,1,3.0,1,eggnog,Synechococcus,0.52,0.16272615980190455,0.15,0.08461760309699037,WP_011378465.1,eggnog:1H466@1129
syn,166,SYNW2365,Synechococcus WH8102,hspA,small heat shock protein (HSP20) family protein,Stress response and adaptation,informative_multi,1,4.0,2,4.0,1,cyanorak,curated,0.45999999999999996,0.17997677402838186,0.15,0.08278931605305564,WP_011129218.1,cyanorak:CK_00001561
syn,167,SynWH7803_0507,Synechococcus WH7803,unk4,conserved hypothetical protein,Unknown,catch_all_only,1,4.0,1,4.0,1,cyanorak,curated,0.45999999999999996,0.17997677402838186,0.75,0.08278931605305564,WP_011932421.1,cyanorak:CK_00001762
syn,168,M744_03840,Synechococcus elongatus UTEX 2973,,hypothetical protein,Unknown,no_evidence,1,2.0,1,2.0,1,eggnog,Synechococcus,0.5800000000000001,0.1404862500106009,1.0,0.08148202500614853,WP_039755541.1,eggnog:1H1GB@1129
syn,169,BL107_14060,Synechococcus sp. BL107,rbpD,nucleotide-binding alpha-beta plait domain-containing protein,Unknown,informative_multi,1,7.0,1,9.0,2,cyanorak,curated,0.28,0.2891176317071119,0.15,0.08095293687799135,WP_009789981.1,cyanorak:CK_00057408
syn,170,SYNW0044,Synechococcus WH8102,,conserved hypothetical protein,Unknown,catch_all_only,1,7.0,1,9.0,2,cyanorak,curated,0.28,0.2891176317071119,0.75,0.08095293687799135,,cyanorak:CK_00002104
syn,171,H6G84_10680,Synechococcus elongatus PCC 7942,H6G84_RS10680,Fe(3+) ABC transporter substrate-binding protein,Inorganic ion transport,informative_multi,1,6.0,1,9.0,1,eggnog,Synechococcus,0.33999999999999997,0.23356207615155639,0.15,0.07941110589152917,WP_011242460.1,eggnog:1GYC8@1129
syn,172,M744_04035,Synechococcus elongatus UTEX 2973,pstB,phosphate ABC transporter ATP-binding protein PstB,Inorganic ion transport,informative_multi,1,6.0,1,9.0,1,eggnog,Synechococcus,0.33999999999999997,0.23356207615155639,0.15,0.07941110589152917,WP_011378464.1,eggnog:1GYK5@1129
syn,173,SynWH7803_1841,Synechococcus WH7803,pilT2,twitching motility protein PilT,Cell wall and membrane,informative_multi,1,7.0,1,8.0,2,cyanorak,curated,0.28,0.2809725000212018,0.15,0.0786723000059365,WP_011933739.1,cyanorak:CK_00000126
syn,174,SYNW0156,Synechococcus WH8102,glgP,glycogen phosphorylase,Stress response and adaptation,informative_multi,1,8.0,1,20.0,2,cyanorak,curated,0.22,0.3464747672315942,0.15,0.07622444879095072,WP_011127032.1,cyanorak:CK_00000118
syn,175,SYNW2267,Synechococcus WH8102,metF,"5,10-methylenetetrahydrofolate reductase",Central intermediary metabolism,informative_multi,1,8.0,1,20.0,2,cyanorak,curated,0.22,0.3464747672315942,0.15,0.07622444879095072,WP_011129120.1,cyanorak:CK_00000233
syn,176,SYNW2375,Synechococcus WH8102,gcvH,glycine cleavage system H protein,Amino acid metabolism,informative_multi,1,8.0,1,20.0,2,cyanorak,curated,0.22,0.3464747672315942,0.15,0.07622444879095072,WP_011129228.1,cyanorak:CK_00000409
syn,177,SynWH7803_0296,Synechococcus WH7803,lytB,4-hydroxy-3-methylbut-2-enyl diphosphate reductase,Coenzyme metabolism,informative_multi,1,8.0,1,20.0,2,cyanorak,curated,0.22,0.3464747672315942,0.15,0.07622444879095072,WP_011932224.1,cyanorak:CK_00000245
syn,178,SynWH7803_0750,Synechococcus WH7803,,conserved hypothetical protein,Unknown,catch_all_only,1,8.0,1,20.0,2,cyanorak,curated,0.22,0.3464747672315942,0.75,0.07622444879095072,WP_011932659.1,cyanorak:CK_00050291
syn,179,SynWH7803_1407,Synechococcus WH7803,metY,O-acetylhomoserine aminocarboxypropyltransferase,Amino acid metabolism,informative_multi,1,8.0,1,20.0,2,cyanorak,curated,0.22,0.3464747672315942,0.15,0.07622444879095072,WP_011933311.1,cyanorak:CK_00001284
syn,180,SynWH7803_1592,Synechococcus WH7803,trxA,m-type thioredoxin,Stress response and adaptation,informative_multi,1,8.0,1,20.0,2,cyanorak,curated,0.22,0.3464747672315942,0.15,0.07622444879095072,WP_006041767.1,cyanorak:CK_00008028
syn,181,SYNW0765,Synechococcus WH8102,,glutaredoxin family protein,Energy production,informative_multi,1,8.0,1,19.0,2,cyanorak,curated,0.22,0.3427029338302864,0.15,0.075394645442663,WP_011127630.1,cyanorak:CK_00051584
syn,182,SYNW2515,Synechococcus WH8102,,conserved hypothetical protein,Unknown,informative_single,1,8.0,1,19.0,2,cyanorak,curated,0.22,0.3427029338302864,0.35,0.075394645442663,WP_011129368.1,cyanorak:CK_00000372
syn,183,H6G84_01725,Synechococcus elongatus PCC 7942,proA,glutamate-5-semialdehyde dehydrogenase,Amino acid metabolism,informative_multi,1,4.0,1,3.0,1,eggnog,Synechococcus,0.45999999999999996,0.16272615980190455,0.15,0.0748540335088761,WP_011378369.1,eggnog:1GZT4@1129
syn,184,M744_09635,Synechococcus elongatus UTEX 2973,,choice-of-anchor I family protein,Nucleotide metabolism,informative_multi,1,4.0,1,3.0,1,eggnog,Synechococcus,0.45999999999999996,0.16272615980190455,0.15,0.0748540335088761,WP_011242477.1,eggnog:1GYWT@1129
syn,185,SYNW2434,Synechococcus WH8102,gpgP,glucosyl-3-phosphoglycerate phosphatase,Stress response and adaptation,informative_multi,1,8.0,1,18.0,2,cyanorak,curated,0.22,0.338737590316331,0.15,0.07452226986959282,WP_011129287.1,cyanorak:CK_00001370
syn,186,SynWH7803_1090,Synechococcus WH7803,,nif11-like leader peptide domain protein,Cellular processes,informative_multi,1,6.0,1,3.0,2,cyanorak,curated,0.33999999999999997,0.2182817153574601,0.15,0.07421578322153644,WP_083833673.1,cyanorak:CK_00043199
syn,187,H6G84_00385,Synechococcus elongatus PCC 7942,H6G84_RS00385,protochlorophyllide reductase,Energy production,informative_multi,1,6.0,1,7.0,1,eggnog,Synechococcus,0.33999999999999997,0.21631146192507905,0.15,0.07354589705452687,WP_011378491.1,eggnog:1GZNS@1129
syn,188,H6G84_00775,Synechococcus elongatus PCC 7942,H6G84_RS00775,NAD(P)H-binding protein,Carbohydrate metabolism,informative_multi,1,6.0,1,7.0,1,eggnog,Synechococcus,0.33999999999999997,0.21631146192507905,0.15,0.07354589705452687,WP_011378457.1,eggnog:1GYT7@1129
syn,189,SYNPCC7002_A0754,Synechococcus PCC 7002,,YlxR family protein,Transcription,informative_multi,1,6.0,1,7.0,1,eggnog,Synechococcus,0.33999999999999997,0.21631146192507905,0.15,0.07354589705452687,WP_012306383.1,eggnog:1H1AW@1129
syn,190,H6G84_05960,Synechococcus elongatus PCC 7942,cpcS,phycobiliprotein lyase,Coenzyme metabolism,informative_multi,1,3.0,1,2.0,1,eggnog,Synechococcus,0.52,0.1404862500106009,0.15,0.07305285000551247,WP_011243461.1,eggnog:1H0X9@1129
syn,191,SYNW1950,Synechococcus WH8102,,conserved hypothetical protein,Unknown,informative_single,3,2.0,1,1.0,1,cyanorak,curated,0.66,0.10914085767873005,0.35,0.07203296606796183,WP_011128808.1,cyanorak:CK_00057095
syn,192,SYNW1444,Synechococcus WH8102,,uncharacterized conserved membrane protein,Stress response and adaptation,informative_single,1,5.0,1,4.0,1,cyanorak,curated,0.4,0.17997677402838186,0.35,0.07199070961135275,WP_011128308.1,cyanorak:CK_00048774
syn,193,SYNPCC7002_G0059,Synechococcus PCC 7002,kdpB,potassium-transporting ATPase subunit KdpB,Inorganic ion transport,informative_multi,2,5.0,1,3.0,1,eggnog,Cyanobacteria,0.44,0.16272615980190455,0.15,0.071599510312838,WP_012305536.1,eggnog:1G0XK@1117
syn,194,SYNPCC7002_A1666,Synechococcus PCC 7002,,Uma2 family endonuclease,Unknown,informative_single,2,4.0,1,2.0,1,eggnog,Synechococcus,0.5,0.1404862500106009,0.35,0.07024312500530044,WP_012307278.1,eggnog:1H0KC@1129
syn,195,M744_11220,Synechococcus elongatus UTEX 2973,clpB,ATP-dependent chaperone ClpB,Post-translational modification,informative_multi,1,6.0,1,6.0,1,eggnog,Synechococcus,0.33999999999999997,0.20598851722099326,0.15,0.0700360958551377,WP_039755993.1,eggnog:1GYV5@1129
syn,196,SynWH7803_1449,Synechococcus WH7803,ompR,two-component system response regulator RR class II (RRII)-OmpR,Regulatory functions,informative_multi,1,7.0,1,5.0,2,cyanorak,curated,0.28,0.24962710768933094,0.15,0.06989559015301267,WP_041428534.1,cyanorak:CK_00008017
syn,197,SynWH7803_2466,Synechococcus WH7803,,"type I secretion system ABC transporter, HlyB family",Cellular processes,informative_multi,1,7.0,1,5.0,2,cyanorak,curated,0.28,0.24962710768933094,0.15,0.06989559015301267,WP_041428709.1,cyanorak:CK_00056759
syn,198,sync_2757,Synechococcus CC9311,,conserved hypothetical protein,Unknown,catch_all_only,1,7.0,1,5.0,2,cyanorak,curated,0.28,0.24962710768933094,0.75,0.06989559015301267,WP_237699232.1,cyanorak:CK_00054191
syn,199,SYNW1414,Synechococcus WH8102,hypB,hydrogenase expression/formation protein HypB,Post-translational modification,informative_multi,1,1.0,1,1.0,1,cyanorak,curated,0.64,0.10914085767873005,0.15,0.06985014891438723,WP_011128278.1,cyanorak:CK_00002098
syn,200,SYNW2390,Synechococcus WH8102,,putative alkaline phosphatase/5^ nucleotidase,Stress response and adaptation,informative_multi,1,1.0,1,1.0,1,cyanorak,curated,0.64,0.10914085767873005,0.15,0.06985014891438723,WP_011129243.1,cyanorak:CK_00052500
syn,201,SynWH7803_0139,Synechococcus WH7803,,"possible alpha-glycosyltransferase, family 4",Cell wall and membrane,informative_multi,1,1.0,1,1.0,1,cyanorak,curated,0.64,0.10914085767873005,0.15,0.06985014891438723,WP_011932073.1,cyanorak:CK_00002970
syn,202,SynWH7803_1017,Synechococcus WH7803,,uncharacterized conserved secreted protein (DUF1254/DUF1214),Unknown,informative_single,1,1.0,1,1.0,1,cyanorak,curated,0.64,0.10914085767873005,0.35,0.06985014891438723,WP_011932925.1,cyanorak:CK_00057383
syn,203,sync_1494,Synechococcus CC9311,sigI,"RNA polymerase sigma factor, type III (ECF-like)",Transcription,informative_multi,1,1.0,1,1.0,1,cyanorak,curated,0.64,0.10914085767873005,0.15,0.06985014891438723,WP_049750336.1,cyanorak:CK_00006622
syn,204,SYNPCC7002_A1284,Synechococcus PCC 7002,,thioesterase family protein,Coenzyme metabolism,informative_multi,2,7.0,1,7.0,1,eggnog,Synechococcus,0.32,0.21631146192507905,0.15,0.0692196678160253,WP_012306904.1,eggnog:1H0H5@1129
syn,205,SYNPCC7002_A0224,Synechococcus PCC 7002,,M48 family metallopeptidase,Amino acid metabolism,informative_multi,2,2.0,1,1.0,1,eggnog,Synechococcus,0.6200000000000001,0.10914085767873005,0.15,0.06766733176081265,WP_012305860.1,eggnog:1GZ68@1129
syn,206,SynWH7803_0556,Synechococcus WH7803,,ABC multidrug efflux transporter,Transport,informative_multi,1,6.0,1,2.0,2,cyanorak,curated,0.33999999999999997,0.1960418055661564,0.15,0.06665421389249318,WP_011932468.1,cyanorak:CK_00008044
syn,207,SynWH7803_0982,Synechococcus WH7803,,uncharacterized conserved secreted protein (UCP028288),Unknown,catch_all_only,1,6.0,1,2.0,2,cyanorak,curated,0.33999999999999997,0.1960418055661564,0.75,0.06665421389249318,WP_011932890.1,cyanorak:CK_00033695
syn,208,H6G84_06720,Synechococcus elongatus PCC 7942,H6G84_RS06720,HAD family hydrolase,Unknown,informative_multi,1,5.0,1,3.0,1,eggnog,Synechococcus,0.4,0.16272615980190455,0.15,0.06509046392076183,WP_011377500.1,eggnog:1H0QX@1129
syn,209,H6G84_00820,Synechococcus elongatus PCC 7942,rpaB,response regulator transcription factor RpaB,Transcription,informative_multi,1,4.0,1,2.0,1,eggnog,Synechococcus,0.45999999999999996,0.1404862500106009,0.15,0.06462367500487641,WP_011244000.1,eggnog:1H4AR@1129
syn,210,M744_09255,Synechococcus elongatus UTEX 2973,,iron uptake porin,Lipid metabolism,informative_multi,1,4.0,1,2.0,1,eggnog,Synechococcus,0.45999999999999996,0.1404862500106009,0.15,0.06462367500487641,WP_039755710.1,eggnog:1H42D@1129
syn,211,SYNPCC7002_A0820,Synechococcus PCC 7002,,hypothetical protein,Unknown,no_evidence,1,2.0,1,1.0,1,eggnog,Synechococcus,0.5800000000000001,0.10914085767873005,1.0,0.06330169745366344,WP_041443377.1,eggnog:1H3VH@1129
syn,212,SYNW2102,Synechococcus WH8102,,conserved hypothetical protein,Unknown,catch_all_only,1,2.0,1,1.0,1,cyanorak,curated,0.5800000000000001,0.10914085767873005,0.75,0.06330169745366344,WP_011128959.1,cyanorak:CK_00005392
syn,213,SYNWH7803_RS10220,Synechococcus WH7803,,carbohydrate-binding protein (CBM2),Central intermediary metabolism,informative_multi,1,2.0,1,1.0,1,cyanorak,curated,0.5800000000000001,0.10914085767873005,0.15,0.06330169745366344,WP_011933960.1,cyanorak:CK_00057421
syn,214,sync_2421,Synechococcus CC9311,,conserved hypothetical protein,Unknown,catch_all_only,1,2.0,1,1.0,1,cyanorak,curated,0.5800000000000001,0.10914085767873005,0.75,0.06330169745366344,,cyanorak:CK_00043574
syn,215,sync_2758,Synechococcus CC9311,,hypothetical protein,Unknown,no_evidence,1,2.0,1,1.0,1,cyanorak,curated,0.5800000000000001,0.10914085767873005,1.0,0.06330169745366344,,cyanorak:CK_00054030
syn,216,BL107_08996,Synechococcus sp. BL107,cpeE,"rod linker polypeptide (Lr), C-phycoerythrin class I-associated (CpeE)",Photosynthesis,informative_multi,1,6.0,1,4.0,1,cyanorak,curated,0.33999999999999997,0.17997677402838186,0.15,0.06119210316964983,WP_009789005.1,cyanorak:CK_00008020
syn,217,SYNW2061,Synechococcus WH8102,,Conserved hypothetical protein (DUF1815),Unknown,informative_single,1,6.0,1,4.0,1,cyanorak,curated,0.33999999999999997,0.17997677402838186,0.35,0.06119210316964983,WP_011128919.1,cyanorak:CK_00001569
syn,218,SynWH7803_2026,Synechococcus WH7803,apcA,"allophycocyanin, alpha chain",Photosynthesis,informative_multi,1,6.0,1,4.0,1,cyanorak,curated,0.33999999999999997,0.17997677402838186,0.15,0.06119210316964983,WP_011933918.1,cyanorak:CK_00008006
syn,219,H6G84_11925,Synechococcus elongatus PCC 7942,H6G84_RS11925,LON peptidase substrate-binding domain-containing protein,Unknown,informative_multi,1,7.0,1,7.0,1,eggnog,Synechococcus,0.28,0.21631146192507905,0.15,0.06056720933902214,WP_011242970.1,eggnog:1GYPW@1129
syn,220,M744_12485,Synechococcus elongatus UTEX 2973,purM,phosphoribosylformylglycinamidine cyclo-ligase,Nucleotide metabolism,informative_multi,1,7.0,1,7.0,1,eggnog,Synechococcus,0.28,0.21631146192507905,0.15,0.06056720933902214,WP_011377763.1,eggnog:1GYQJ@1129
syn,221,SYNW0102,Synechococcus WH8102,rpoD8,"RNA polymerase sigma factor, type II",Stress response and adaptation,informative_multi,1,9.0,1,24.0,2,cyanorak,curated,0.16,0.3599535480567637,0.15,0.0575925676890822,WP_011126980.1,cyanorak:CK_00000001
syn,222,SynWH7803_1695,Synechococcus WH7803,,conserved hypothetical protein,Carbohydrate metabolism,informative_multi,1,8.0,1,6.0,2,cyanorak,curated,0.22,0.2615440727765488,0.15,0.05753969601084073,WP_011933593.1,cyanorak:CK_00041109
syn,223,SYNPCC7002_A0304,Synechococcus PCC 7002,,hypothetical protein,Unknown,no_evidence,1,3.0,1,1.0,1,eggnog,Synechococcus,0.52,0.10914085767873005,1.0,0.05675324599293963,WP_012305938.1,eggnog:1H1IA@1129
syn,224,SYNPCC7002_C0002,Synechococcus PCC 7002,,hypothetical protein,Unknown,no_evidence,1,3.0,1,1.0,1,eggnog,Cyanobacteria,0.52,0.10914085767873005,1.0,0.05675324599293963,WP_012308462.1,eggnog:1GADH@1117
syn,225,SYNW2391,Synechococcus WH8102,,putative alkaline phosphatase,Stress response and adaptation,informative_multi,1,3.0,1,1.0,1,cyanorak,curated,0.52,0.10914085767873005,0.15,0.05675324599293963,WP_011129244.1,cyanorak:CK_00040198
syn,226,SYNW2488,Synechococcus WH8102,tatB,twin-arginine translocation TatB-like protein,Post-translational modification,informative_multi,1,3.0,1,1.0,1,cyanorak,curated,0.52,0.10914085767873005,0.15,0.05675324599293963,WP_011129341.1,cyanorak:CK_00051556
syn,227,sync_1121,Synechococcus CC9311,,hypothetical protein,Unknown,no_evidence,1,3.0,1,1.0,1,cyanorak,curated,0.52,0.10914085767873005,1.0,0.05675324599293963,,cyanorak:CK_00054672
syn,228,H6G84_04720,Synechococcus elongatus PCC 7942,H6G84_RS04720,hypothetical protein,Unknown,no_evidence,1,5.0,1,2.0,1,eggnog,Bacteria,0.4,0.1404862500106009,1.0,0.05619450000424036,WP_011378129.1,eggnog:323H2@2
syn,229,SYNW0861,Synechococcus WH8102,,uncharacterized conserved secreted protein,Unknown,catch_all_only,1,5.0,1,2.0,1,cyanorak,curated,0.4,0.1404862500106009,0.75,0.05619450000424036,WP_011127726.1,cyanorak:CK_00043167
syn,230,SYNW0034,Synechococcus WH8102,accB,"acetyl-CoA carboxylase, biotin carboxyl carrier protein",Lipid metabolism,informative_multi,1,9.0,1,20.0,2,cyanorak,curated,0.16,0.3464747672315942,0.15,0.05543596275705508,WP_011126912.1,cyanorak:CK_00000342
syn,231,SYNW0928,Synechococcus WH8102,recR,recombination protein RecR,Replication and repair,informative_multi,1,9.0,1,20.0,2,cyanorak,curated,0.16,0.3464747672315942,0.15,0.05543596275705508,WP_011127793.1,cyanorak:CK_00000751
syn,232,SYNW1109,Synechococcus WH8102,typA,GTP-binding protein TypA/BipA,Translation,informative_multi,1,9.0,1,20.0,2,cyanorak,curated,0.16,0.3464747672315942,0.15,0.05543596275705508,WP_011127974.1,cyanorak:CK_00000883
syn,233,SYNW2213,Synechococcus WH8102,crtQ,"9,9^-di-cis-zeta-carotene desaturase",Coenzyme metabolism,informative_multi,1,9.0,1,20.0,2,cyanorak,curated,0.16,0.3464747672315942,0.15,0.05543596275705508,WP_011129069.1,cyanorak:CK_00000208
syn,234,SYNW2499,Synechococcus WH8102,aroF,3-deoxy-7-phosphoheptulonate synthase,Amino acid metabolism,informative_multi,1,9.0,1,20.0,2,cyanorak,curated,0.16,0.3464747672315942,0.15,0.05543596275705508,WP_011129352.1,cyanorak:CK_00000381
syn,235,SynWH7803_0014,Synechococcus WH7803,,RNA-binding domain RNP-1 (RNA recognition motif) containing protein,Regulatory functions,informative_multi,1,9.0,1,20.0,2,cyanorak,curated,0.16,0.3464747672315942,0.15,0.05543596275705508,WP_011931949.1,cyanorak:CK_00008100
syn,236,SynWH7803_0680,Synechococcus WH7803,csoS2,carboxysome shell protein CsoS2,Photosynthesis,informative_multi,1,9.0,1,20.0,2,cyanorak,curated,0.16,0.3464747672315942,0.15,0.05543596275705508,WP_011932589.1,cyanorak:CK_00000683
syn,237,SynWH7803_1032,Synechococcus WH7803,aroA,3-phosphoshikimate 1-carboxyvinyltransferase,Amino acid metabolism,informative_multi,1,9.0,1,20.0,2,cyanorak,curated,0.16,0.3464747672315942,0.15,0.05543596275705508,WP_011932940.1,cyanorak:CK_00000774
syn,238,SynWH7803_2325,Synechococcus WH7803,prfB,peptide chain release factor 2,Translation,informative_multi,1,9.0,1,20.0,2,cyanorak,curated,0.16,0.3464747672315942,0.15,0.05543596275705508,WP_011934212.1,cyanorak:CK_00000444
syn,239,SynWH7803_1371,Synechococcus WH7803,pdxJ,pyridoxine 5^-phosphate synthase,Coenzyme metabolism,informative_multi,1,9.0,1,19.0,2,cyanorak,curated,0.16,0.3427029338302864,0.15,0.05483246941284582,WP_011933275.1,cyanorak:CK_00000747
syn,240,SYNPCC7002_E0007,Synechococcus PCC 7002,,hypothetical protein,Unknown,no_evidence,2,4.0,1,1.0,1,eggnog,Synechococcus,0.5,0.10914085767873005,1.0,0.054570428839365026,WP_012308513.1,eggnog:1H3KX@1129
syn,241,SYNW1775,Synechococcus WH8102,cutA,periplasmic divalent cation tolerance protein,Cellular processes,informative_multi,1,9.0,1,18.0,2,cyanorak,curated,0.16,0.338737590316331,0.15,0.05419801445061296,WP_011128635.1,cyanorak:CK_00001695
syn,242,SYNW1413,Synechococcus WH8102,hypA,hydrogenase nickel insertion protein,Post-translational modification,informative_multi,1,4.0,1,1.0,1,cyanorak,curated,0.45999999999999996,0.10914085767873005,0.15,0.05020479453221582,WP_011128277.1,cyanorak:CK_00002248
syn,243,SYNW2100,Synechococcus WH8102,,conserved hypothetical protein,Unknown,catch_all_only,1,4.0,1,1.0,1,cyanorak,curated,0.45999999999999996,0.10914085767873005,0.75,0.05020479453221582,,cyanorak:CK_00005390
syn,244,SynWH7803_2068,Synechococcus WH7803,chiC,chitinase,Central intermediary metabolism,informative_multi,1,4.0,1,1.0,1,cyanorak,curated,0.45999999999999996,0.10914085767873005,0.15,0.05020479453221582,WP_011933959.1,cyanorak:CK_00051367
syn,245,sync_1293,Synechococcus CC9311,dnaK4,chaperone protein DnaK,Post-translational modification,informative_multi,1,4.0,1,1.0,1,cyanorak,curated,0.45999999999999996,0.10914085767873005,0.15,0.05020479453221582,WP_011619221.1,cyanorak:CK_00056929
syn,246,sync_1050,Synechococcus CC9311,,uncharacterized conserved secreted protein,Stress response and adaptation,informative_single,1,9.0,1,11.0,2,cyanorak,curated,0.16,0.3032124098125054,0.35,0.04851398557000087,WP_049750326.1,cyanorak:CK_00042431
syn,247,H6G84_10180,Synechococcus elongatus PCC 7942,H6G84_RS10180,dienelactone hydrolase family protein,Secondary metabolites,informative_multi,1,6.0,1,2.0,1,eggnog,Synechococcus,0.33999999999999997,0.1404862500106009,0.15,0.047765325003604295,WP_011242886.1,eggnog:1H3WH@1129
syn,248,SYNPCC7002_D0002,Synechococcus PCC 7002,,hypothetical protein,Unknown,no_evidence,1,6.0,1,2.0,1,eggnog,Cyanobacteria,0.33999999999999997,0.1404862500106009,1.0,0.047765325003604295,WP_012308479.1,eggnog:1GAE1@1117
syn,249,H6G84_04100,Synechococcus elongatus PCC 7942,H6G84_RS04100,ABC1 kinase family protein,Unknown,informative_multi,1,8.0,1,7.0,1,eggnog,Synechococcus,0.22,0.21631146192507905,0.15,0.04758852162351739,WP_011378187.1,eggnog:1GZN1@1129
syn,250,H6G84_05440,Synechococcus elongatus PCC 7942,H6G84_RS05440,YbaB/EbfC family nucleoid-associated protein,Unknown,informative_multi,1,8.0,1,7.0,1,eggnog,Synechococcus,0.22,0.21631146192507905,0.15,0.04758852162351739,WP_011243366.1,eggnog:1H0IT@1129
syn,251,H6G84_12875,Synechococcus elongatus PCC 7942,H6G84_RS12875,ABC1 kinase family protein,Unknown,informative_multi,1,8.0,1,7.0,1,eggnog,Synechococcus,0.22,0.21631146192507905,0.15,0.04758852162351739,WP_011243134.1,eggnog:1GZ7P@1129
syn,252,M744_10440,Synechococcus elongatus UTEX 2973,nirA,ferredoxin--nitrite reductase,Energy production,informative_multi,1,8.0,1,7.0,1,eggnog,Synechococcus,0.22,0.21631146192507905,0.15,0.04758852162351739,WP_011242624.1,eggnog:1GZSX@1129
syn,253,SynWH7803_0262,Synechococcus WH7803,phrA,deoxyribodipyrimidine photolyase (DNA photolyase) (photoreactivating enzyme),Stress response and adaptation,informative_multi,2,10.0,1,17.0,2,cyanorak,curated,0.14,0.33455780214437625,0.15,0.04683809230021268,WP_011932191.1,cyanorak:CK_00001330
syn,254,H6G84_06730,Synechococcus elongatus PCC 7942,H6G84_RS06730,slr1957 family protein,Replication and repair,informative_single,1,7.0,1,3.0,1,eggnog,Synechococcus,0.28,0.16272615980190455,0.35,0.04556332474453328,WP_011243609.1,eggnog:1H271@1129
syn,255,H6G84_06820,Synechococcus elongatus PCC 7942,fbt,folate/biopterin family MFS transporter,Carbohydrate metabolism,informative_multi,1,7.0,1,3.0,1,eggnog,Synechococcus,0.28,0.16272615980190455,0.15,0.04556332474453328,WP_011377487.1,eggnog:1GZXV@1129
syn,256,M744_04030,Synechococcus elongatus UTEX 2973,pstA,phosphate ABC transporter permease PstA,Inorganic ion transport,informative_multi,1,7.0,1,3.0,1,eggnog,Synechococcus,0.28,0.16272615980190455,0.15,0.04556332474453328,WP_011243974.1,eggnog:1H3WW@1129
syn,257,SYNW1139,Synechococcus WH8102,,conserved hypothetical protein,Unknown,informative_single,1,7.0,1,3.0,1,cyanorak,curated,0.28,0.16272615980190455,0.35,0.04556332474453328,,cyanorak:CK_00002006
syn,258,SYNPCC7002_E0008,Synechococcus PCC 7002,,DUF1071 domain-containing protein,Unknown,informative_single,1,5.0,1,1.0,1,eggnog,Synechococcus,0.4,0.10914085767873005,0.35,0.04365634307149202,WP_012308514.1,eggnog:1H1EC@1129
syn,259,SynWH7803_2356,Synechococcus WH7803,,uncharacterized conserved lipoprotein (DUF3604),Unknown,informative_single,2,6.0,1,1.0,1,cyanorak,curated,0.38,0.10914085767873005,0.35,0.04147352591791742,WP_011934243.1,cyanorak:CK_00003047
syn,260,SYNW0318,Synechococcus WH8102,ftrC,"ferredoxin-thioredoxin reductase, catalytic subunit",Carbohydrate metabolism,informative_multi,1,8.0,1,4.0,1,cyanorak,curated,0.22,0.17997677402838186,0.15,0.03959489028624401,WP_011127192.1,cyanorak:CK_00001648
syn,261,SynWH7803_1071,Synechococcus WH7803,,conserved hypothetical protein,Unknown,catch_all_only,1,8.0,1,4.0,1,cyanorak,curated,0.22,0.17997677402838186,0.75,0.03959489028624401,WP_011932979.1,cyanorak:CK_00001607
syn,262,M744_07860,Synechococcus elongatus UTEX 2973,,hypothetical protein,Unknown,no_evidence,1,7.0,1,2.0,1,eggnog,Cyanobacteria,0.28,0.1404862500106009,1.0,0.03933615000296825,WP_011244677.1,eggnog:1GAF6@1117
syn,263,SynWH7803_0125,Synechococcus WH7803,,O-linked beta-N-acetylglucosamine transferase,Post-translational modification,informative_multi,1,9.0,1,4.0,2,cyanorak,curated,0.16,0.23553232958393738,0.15,0.03768517273342998,WP_011932059.1,cyanorak:CK_00047121
syn,264,BL107_16150,Synechococcus sp. BL107,,conserved hypothetical protein,Unknown,catch_all_only,1,6.0,1,1.0,1,cyanorak,curated,0.33999999999999997,0.10914085767873005,0.75,0.03710789161076822,WP_009790388.1,cyanorak:CK_00003317
syn,265,SYNW0196,Synechococcus WH8102,phoD,hemolysin-type calcium-binding repeat family protein,Stress response and adaptation,informative_multi,1,6.0,1,1.0,1,cyanorak,curated,0.33999999999999997,0.10914085767873005,0.15,0.03710789161076822,WP_011127072.1,cyanorak:CK_00005181
syn,266,SYNW1412,Synechococcus WH8102,speB,agmatinase protein family,Carbohydrate metabolism,informative_multi,1,6.0,1,1.0,1,cyanorak,curated,0.33999999999999997,0.10914085767873005,0.15,0.03710789161076822,WP_042503589.1,cyanorak:CK_00002247
syn,267,sync_2681,Synechococcus CC9311,VBPO,vanadium-dependent bromoperoxidase,Stress response and adaptation,informative_multi,1,6.0,1,1.0,1,cyanorak,curated,0.33999999999999997,0.10914085767873005,0.15,0.03710789161076822,WP_011620573.1,cyanorak:CK_00008783
syn,268,SYNPCC7002_E0006,Synechococcus PCC 7002,,hypothetical protein,Unknown,no_evidence,2,1.0,1,,0,,,0.6799999999999999,0.0535853021231745,1.0,0.03643800544375866,WP_012308512.1,locus:SYNPCC7002_E0006
syn,269,SYNPCC7002_A1377,Synechococcus PCC 7002,,NAD(P)/FAD-dependent oxidoreductase,Unknown,informative_multi,1,8.0,1,3.0,1,eggnog,Synechococcus,0.22,0.16272615980190455,0.15,0.035799755156419,WP_012306996.1,eggnog:1GYXF@1129
syn,270,BL107_11121,Synechococcus sp. BL107,fkpA,FKBP-type peptidyl-prolyl cis-trans isomerase,Post-translational modification,informative_multi,1,10.0,1,20.0,2,cyanorak,curated,0.1,0.3464747672315942,0.15,0.034647476723159425,WP_009789408.1,cyanorak:CK_00000716
syn,271,SYNW1783,Synechococcus WH8102,rpoD1,"major RNA polymerase sigma factor, type I",Stress response and adaptation,informative_multi,1,10.0,1,20.0,2,cyanorak,curated,0.1,0.3464747672315942,0.15,0.034647476723159425,WP_011128643.1,cyanorak:CK_00008000
syn,272,SYNW2305,Synechococcus WH8102,menE,O-succinylbenzoic acid--CoA ligase (OSB-CoA synthetase),Coenzyme metabolism,informative_multi,1,10.0,1,20.0,2,cyanorak,curated,0.1,0.3464747672315942,0.15,0.034647476723159425,WP_011129158.1,cyanorak:CK_00037828
syn,273,SYNW2382,Synechococcus WH8102,gidA,tRNA uridine 5-carboxymethylaminomethyl modification enzyme GidA,Translation,informative_multi,1,10.0,1,20.0,2,cyanorak,curated,0.1,0.3464747672315942,0.15,0.034647476723159425,WP_011129235.1,cyanorak:CK_00000406
syn,274,SynWH7803_0269,Synechococcus WH7803,hisB,imidazoleglycerol-phosphate dehydratase family protein,Amino acid metabolism,informative_multi,1,10.0,1,20.0,2,cyanorak,curated,0.1,0.3464747672315942,0.15,0.034647476723159425,WP_011932198.1,cyanorak:CK_00000260
syn,275,SynWH7803_2142,Synechococcus WH7803,dap2,prolyl oligopeptidase/peptidase S9-like domain containing protein,Post-translational modification,informative_multi,1,10.0,1,20.0,2,cyanorak,curated,0.1,0.3464747672315942,0.15,0.034647476723159425,WP_011934030.1,cyanorak:CK_00001140
syn,276,H6G84_02920,Synechococcus elongatus PCC 7942,psbV,photosystem II cytochrome c-550,Energy production,informative_multi,1,9.0,1,7.0,1,eggnog,Synechococcus,0.16,0.21631146192507905,0.15,0.03460983390801265,WP_039755617.1,eggnog:1GZ80@1129
syn,277,M744_06705,Synechococcus elongatus UTEX 2973,pdhA,pyruvate dehydrogenase (acetyl-transferring) E1 component subunit alpha,Energy production,informative_multi,1,9.0,1,7.0,1,eggnog,Synechococcus,0.16,0.21631146192507905,0.15,0.03460983390801265,WP_011244460.1,eggnog:1GYK9@1129
syn,278,M744_13305,Synechococcus elongatus UTEX 2973,psbB,photosystem II chlorophyll-binding protein CP47,Inorganic ion transport,informative_multi,1,9.0,1,7.0,1,eggnog,Synechococcus,0.16,0.21631146192507905,0.15,0.03460983390801265,WP_011243145.1,eggnog:1GYUH@1129
syn,279,SYNPCC7002_A0228,Synechococcus PCC 7002,rub,rubredoxin,Energy production,informative_multi,1,9.0,1,7.0,1,eggnog,Synechococcus,0.16,0.21631146192507905,0.15,0.03460983390801265,WP_012305864.1,eggnog:1H0GP@1129
syn,280,H6G84_07385,Synechococcus elongatus PCC 7942,H6G84_RS07385,hypothetical protein,Unknown,no_evidence,1,2.0,1,,0,,,0.5800000000000001,0.0535853021231745,1.0,0.031079475231441212,WP_039755509.1,locus:H6G84_07385
syn,281,M744_10885,Synechococcus elongatus UTEX 2973,,GTPase family protein,Unknown,informative_multi,1,8.0,1,2.0,1,eggnog,Synechococcus,0.22,0.1404862500106009,0.15,0.030906975002332197,WP_011242709.1,eggnog:1H00X@1129
syn,282,M744_11295,Synechococcus elongatus UTEX 2973,,YbjN domain-containing protein,Unknown,informative_single,1,8.0,1,2.0,1,eggnog,Bacteria,0.22,0.1404862500106009,0.35,0.030906975002332197,WP_011242785.1,eggnog:2ZGYZ@2
syn,283,SYNW2380,Synechococcus WH8102,,conserved hypothetical protein,Unknown,catch_all_only,1,7.0,1,1.0,1,cyanorak,curated,0.28,0.10914085767873005,0.75,0.030559440150044418,WP_011129233.1,cyanorak:CK_00005414
syn,284,SYNPCC7002_A1946,Synechococcus PCC 7002,,hypothetical protein,Unknown,catch_all_only,2,10.0,1,7.0,1,eggnog,Synechococcus,0.14,0.21631146192507905,0.75,0.03028360466951107,WP_012307556.1,eggnog:1GZ4J@1129
syn,285,SYNW2152,Synechococcus WH8102,,conserved hypothetical protein,Unknown,catch_all_only,1,10.0,1,7.0,2,cyanorak,curated,0.1,0.2718670174806346,0.75,0.02718670174806346,WP_042503889.1,cyanorak:CK_00001650
syn,286,SynWH7803_2072,Synechococcus WH7803,grrP,"extracellular substrate-binding orphan, GRRM family protein",Transport,informative_multi,1,10.0,1,7.0,2,cyanorak,curated,0.1,0.2718670174806346,0.15,0.02718670174806346,WP_011933963.1,cyanorak:CK_00001309
syn,287,H6G84_11670,Synechococcus elongatus PCC 7942,H6G84_RS11670,PhzF family phenazine biosynthesis protein,Unknown,informative_multi,1,9.0,1,3.0,1,eggnog,Synechococcus,0.16,0.16272615980190455,0.15,0.02603618556830473,WP_011242368.1,eggnog:1H0JF@1129
syn,288,H6G84_09520,Synechococcus elongatus PCC 7942,H6G84_RS09520,HhoA/HhoB/HtrA family serine endopeptidase,Post-translational modification,informative_multi,1,10.0,1,11.0,1,eggnog,Synechococcus,0.1,0.2476568542569499,0.15,0.02476568542569499,WP_011242760.1,eggnog:1GYHE@1129
syn,289,SYNPCC7002_E0012,Synechococcus PCC 7002,,DNA cytosine methyltransferase,Replication and repair,informative_multi,1,8.0,1,1.0,1,eggnog,Synechococcus,0.22,0.10914085767873005,0.15,0.02401098868932061,WP_012308518.1,eggnog:1H34M@1129
syn,290,SYNW1416,Synechococcus WH8102,,"ABC-type nitrate/sulfonate/bicarbonate transport system, permease component",Transport,informative_multi,1,8.0,1,1.0,1,cyanorak,curated,0.22,0.10914085767873005,0.15,0.02401098868932061,WP_011128280.1,cyanorak:CK_00002250
syn,291,SYNW2244,Synechococcus WH8102,,conserved hypothetical protein,Unknown,catch_all_only,1,8.0,1,1.0,1,cyanorak,curated,0.22,0.10914085767873005,0.75,0.02401098868932061,WP_011129097.1,cyanorak:CK_00051150
syn,292,sync_0840,Synechococcus CC9311,,conserved hypothetical protein,Unknown,no_evidence,1,8.0,1,1.0,1,cyanorak,curated,0.22,0.10914085767873005,1.0,0.02401098868932061,,cyanorak:CK_00008337
syn,293,H6G84_01435,Synechococcus elongatus PCC 7942,glnT,type III glutamate--ammonia ligase,Amino acid metabolism,informative_multi,1,9.0,1,2.0,1,eggnog,Synechococcus,0.16,0.1404862500106009,0.15,0.022477800001696142,WP_011378394.1,eggnog:1GYUQ@1129
syn,294,H6G84_09265,Synechococcus elongatus PCC 7942,H6G84_RS09265,HD domain-containing phosphohydrolase,Signal transduction,informative_multi,1,9.0,1,2.0,1,eggnog,Synechococcus,0.16,0.1404862500106009,0.15,0.022477800001696142,WP_011242714.1,eggnog:1H42A@1129
syn,295,M744_07195,Synechococcus elongatus UTEX 2973,cobG,precorrin-3B synthase,Energy production,informative_multi,1,9.0,1,2.0,1,eggnog,Synechococcus,0.16,0.1404862500106009,0.15,0.022477800001696142,WP_011244553.1,eggnog:1H076@1129
syn,296,SynWH7803_0393,Synechococcus WH7803,,RmlC-like cupin domain-containing protein,Secondary metabolites,informative_multi,1,9.0,1,2.0,1,cyanorak,curated,0.16,0.1404862500106009,0.15,0.022477800001696142,WP_011932316.1,cyanorak:CK_00001964
syn,297,SynWH7803_1808,Synechococcus WH7803,idiA1,iron deficiency-induced protein A,Stress response and adaptation,informative_multi,1,9.0,1,2.0,1,cyanorak,curated,0.16,0.1404862500106009,0.15,0.022477800001696142,WP_011933706.1,cyanorak:CK_00057079
syn,298,H6G84_03040,Synechococcus elongatus PCC 7942,H6G84_RS03040,hypothetical protein,Unknown,no_evidence,1,10.0,1,7.0,1,eggnog,Synechococcus,0.1,0.21631146192507905,1.0,0.021631146192507906,WP_011378268.1,eggnog:1H13R@1129
syn,299,H6G84_10175,Synechococcus elongatus PCC 7942,crtD,"C-3^,4^ desaturase CrtD",Secondary metabolites,informative_multi,1,10.0,1,7.0,1,eggnog,Synechococcus,0.1,0.21631146192507905,0.15,0.021631146192507906,WP_011242885.1,eggnog:1GZAS@1129
syn,300,SYNPCC7002_A2281,Synechococcus PCC 7002,clpS,ATP-dependent Clp protease adapter ClpS,Unknown,informative_multi,1,10.0,1,7.0,1,eggnog,Synechococcus,0.1,0.21631146192507905,0.15,0.021631146192507906,WP_012307878.1,eggnog:1H0X1@1129
syn,301,M744_11635,Synechococcus elongatus UTEX 2973,phoB,response regulator transcription factor,Transcription,informative_multi,1,10.0,1,6.0,1,eggnog,Synechococcus,0.1,0.20598851722099326,0.15,0.020598851722099326,WP_011242845.1,eggnog:1GYW6@1129
syn,302,sync_2439,Synechococcus CC9311,hli,high light inducible protein,Stress response and adaptation,informative_multi,1,10.0,1,4.0,1,cyanorak,curated,0.1,0.17997677402838186,0.15,0.017997677402838187,WP_011620344.1,cyanorak:CK_00008051
syn,303,SYNPCC7002_A1877,Synechococcus PCC 7002,,hypothetical protein,Unknown,no_evidence,1,9.0,1,1.0,1,eggnog,Synechococcus,0.16,0.10914085767873005,1.0,0.01746253722859681,WP_012307488.1,eggnog:1H3CS@1129
syn,304,H6G84_11710,Synechococcus elongatus PCC 7942,H6G84_RS11710,fasciclin domain-containing protein,Cell wall and membrane,informative_multi,1,10.0,1,3.0,1,eggnog,Synechococcus,0.1,0.16272615980190455,0.15,0.016272615980190457,WP_011378109.1,eggnog:1H17A@1129
syn,305,SYNPCC7002_C0016,Synechococcus PCC 7002,,hypothetical protein,Unknown,no_evidence,1,7.0,1,,0,,,0.28,0.0535853021231745,1.0,0.015003884594488861,WP_012308476.1,locus:SYNPCC7002_C0016
syn,306,M744_RS14125,Synechococcus elongatus UTEX 2973,,hypothetical protein,Unknown,no_evidence,1,10.0,1,2.0,1,eggnog,Cyanobacteria,0.1,0.1404862500106009,1.0,0.01404862500106009,WP_173282536.1,eggnog:1GJHV@1117
syn,307,SYNW1376,Synechococcus WH8102,,conserved hypothetical protein,Unknown,catch_all_only,1,10.0,1,2.0,1,cyanorak,curated,0.1,0.1404862500106009,0.75,0.01404862500106009,,cyanorak:CK_00002243
syn,308,H6G84_01695,Synechococcus elongatus PCC 7942,H6G84_RS01695,hypothetical protein,Unknown,no_evidence,1,8.0,1,,0,,,0.22,0.0535853021231745,1.0,0.01178876646709839,WP_039755581.1,locus:H6G84_01695
